id,disc1,disc2,disc3,disc4,pattern,oe,result,pred_oe,confidence,bet
2057700380,W,R,W,W,WRWW,ODD,Not Predicted,,0.0,0
2057700381,W,W,R,R,WWRR,EVEN,Not Predicted,,0.0,0
2057700382,W,R,W,W,WRWW,ODD,Not Predicted,,0.0,0
2057700383,W,W,W,W,WWWW,EVEN,Not Predicted,,0.0,0
2057700384,R,W,W,W,RWWW,ODD,Not Predicted,,0.0,0
2057700385,R,W,R,W,RWRW,EVEN,Not Predicted,,0.0,0
2057700386,R,R,W,W,RRWW,EVEN,Not Predicted,,0.0,0
2057700387,W,W,R,R,WWRR,EVEN,Not Predicted,,0.0,0
2057700388,R,W,W,W,RWWW,ODD,Not Predicted,,0.0,0
2057700389,R,R,R,W,RRRW,ODD,Not Predicted,,0.0,0
2057700390,W,W,W,W,WWWW,EVEN,Not Predicted,,0.0,0
2057700391,W,W,W,W,WWWW,EVEN,Not Predicted,,0.0,0
2057700392,W,R,W,R,WRWR,EVEN,Not Predicted,,0.0,0
2057700393,R,R,W,W,RRWW,EVEN,Not Predicted,,0.0,0
2057700394,R,W,R,W,RWRW,EVEN,Not Predicted,,0.0,0
2057700395,W,R,R,R,WRRR,ODD,Not Predicted,,0.0,0
2057700396,R,R,R,W,RRRW,ODD,Not Predicted,,0.0,0
2057700397,W,R,W,R,WRWR,EVEN,Not Predicted,,0.0,0
2057700398,W,R,R,R,WRRR,ODD,Not Predicted,,0.0,0
2057700399,W,W,R,R,WWRR,EVEN,Not Predicted,,0.0,0
2057700400,W,W,R,W,WWRW,ODD,Not Predicted,,0.0,0
2057700401,W,R,W,W,WRWW,ODD,Not Predicted,,0.0,0
2057700402,W,R,W,W,WRWW,ODD,Not Predicted,,0.0,0
2057700403,R,W,R,R,RWRR,ODD,Not Predicted,,0.0,0
2057700404,R,R,R,R,RRRR,EVEN,Not Predicted,,0.0,0
2057700405,R,W,W,W,RWWW,ODD,Not Predicted,,0.0,0
2057700406,R,W,R,R,RWRR,ODD,Not Predicted,,0.0,0
2057700407,R,W,R,W,RWRW,EVEN,Not Predicted,,0.0,0
2057700408,W,W,W,W,WWWW,EVEN,Not Predicted,,0.0,0
2057700409,R,R,R,W,RRRW,ODD,Not Predicted,,0.0,0
2057700410,R,R,W,R,RRWR,ODD,Not Predicted,,0.0,0
2057700411,R,R,W,R,RRWR,ODD,Not Predicted,,0.0,0
2057700412,W,W,R,W,WWRW,ODD,Not Predicted,,0.0,0
2057700413,R,W,R,R,RWRR,ODD,Not Predicted,,0.0,0
2057700414,W,W,R,R,WWRR,EVEN,Not Predicted,,0.0,0
2057700415,W,W,R,W,WWRW,ODD,Not Predicted,,0.0,0
2057700416,W,W,W,R,WWWR,ODD,Not Predicted,,0.0,0
2057700417,R,W,R,R,RWRR,ODD,Not Predicted,,0.0,0
2057700418,R,R,R,R,RRRR,EVEN,Not Predicted,,0.0,0
2057700419,R,W,W,R,RWWR,EVEN,Not Predicted,,0.0,0
2057700420,W,W,R,R,WWRR,EVEN,Not Predicted,,0.0,0
2057700421,W,W,W,W,WWWW,EVEN,Not Predicted,,0.0,0
2057700422,W,R,W,W,WRWW,ODD,Not Predicted,,0.0,0
2057700423,R,R,R,W,RRRW,ODD,Not Predicted,,0.0,0
2057700424,W,R,R,W,WRRW,EVEN,Not Predicted,,0.0,0
2057700425,R,R,R,W,RRRW,ODD,Not Predicted,,0.0,0
2057700426,R,R,W,W,RRWW,EVEN,Not Predicted,,0.0,0
2057700427,R,W,W,R,RWWR,EVEN,Not Predicted,,0.0,0
2057700428,R,R,R,R,RRRR,EVEN,Not Predicted,,0.0,0
2057700429,R,R,W,R,RRWR,ODD,Not Predicted,,0.0,0
2057700430,R,W,R,R,RWRR,ODD,Not Predicted,,0.0,0
2057700431,W,W,R,R,WWRR,EVEN,Not Predicted,,0.0,0
2057700432,R,R,R,W,RRRW,ODD,Not Predicted,,0.0,0
2057700433,R,R,R,W,RRRW,ODD,Not Predicted,,0.0,0
2057700434,R,W,R,W,RWRW,EVEN,Not Predicted,,0.0,0
2057700435,R,W,W,R,RWWR,EVEN,Not Predicted,,0.0,0
2057700436,R,R,R,R,RRRR,EVEN,Not Predicted,,0.0,0
2057700437,W,W,R,W,WWRW,ODD,Not Predicted,,0.0,0
2057700438,R,R,R,R,RRRR,EVEN,Not Predicted,,0.0,0
2057700439,W,W,R,R,WWRR,EVEN,Not Predicted,,0.0,0
2057700440,R,R,R,R,RRRR,EVEN,Not Predicted,,0.0,0
2057700441,W,W,R,W,WWRW,ODD,Not Predicted,,0.0,0
2057700442,W,R,W,R,WRWR,EVEN,Not Predicted,,0.0,0
2057700443,W,W,W,R,WWWR,ODD,Not Predicted,,0.0,0
2057700444,W,R,R,W,WRRW,EVEN,Not Predicted,,0.0,0
2057700445,R,R,W,W,RRWW,EVEN,Not Predicted,,0.0,0
2057700446,W,W,W,W,WWWW,EVEN,Not Predicted,,0.0,0
2057700447,R,R,R,R,RRRR,EVEN,Not Predicted,,0.0,0
2057700448,R,W,W,W,RWWW,ODD,Not Predicted,,0.0,0
2057700449,W,W,W,R,WWWR,ODD,Not Predicted,,0.0,0
2057700450,W,W,R,R,WWRR,EVEN,Not Predicted,,0.0,0
2057700451,W,W,R,W,WWRW,ODD,Not Predicted,,0.0,0
2057700452,R,R,W,R,RRWR,ODD,Not Predicted,,0.0,0
2057700453,W,R,W,W,WRWW,ODD,Not Predicted,,0.0,0
2057700454,W,R,W,R,WRWR,EVEN,Not Predicted,,0.0,0
2057700455,R,R,W,R,RRWR,ODD,Not Predicted,,0.0,0
2057700456,W,W,R,R,WWRR,EVEN,Not Predicted,,0.0,0
2057700457,R,W,W,R,RWWR,EVEN,Not Predicted,,0.0,0
2057700458,W,R,W,R,WRWR,EVEN,Not Predicted,,0.0,0
2057700459,R,R,R,W,RRRW,ODD,Not Predicted,,0.0,0
2057700460,W,W,R,W,WWRW,ODD,Not Predicted,,0.0,0
2057700461,R,W,R,W,RWRW,EVEN,Not Predicted,,0.0,0
2057700462,R,R,W,R,RRWR,ODD,Not Predicted,,0.0,0
2057700463,W,W,W,W,WWWW,EVEN,Not Predicted,,0.0,0
2057700464,R,W,R,W,RWRW,EVEN,Not Predicted,,0.0,0
2057700465,W,R,R,W,WRRW,EVEN,Not Predicted,,0.0,0
2057700466,W,W,W,R,WWWR,ODD,Not Predicted,,0.0,0
2057700467,R,R,W,R,RRWR,ODD,Not Predicted,,0.0,0
2057700468,R,W,R,R,RWRR,ODD,Not Predicted,,0.0,0
2057700469,W,R,R,R,WRRR,ODD,Not Predicted,,0.0,0
2057700470,R,R,W,W,RRWW,EVEN,Not Predicted,,0.0,0
2057700471,R,R,R,R,RRRR,EVEN,Not Predicted,,0.0,0
2057700472,R,R,W,W,RRWW,EVEN,Not Predicted,,0.0,0
2057700473,W,R,R,W,WRRW,EVEN,Not Predicted,,0.0,0
2057700474,R,W,W,R,RWWR,EVEN,Not Predicted,,0.0,0
2057700475,W,W,R,R,WWRR,EVEN,Not Predicted,,0.0,0
2057700476,R,R,R,R,RRRR,EVEN,Not Predicted,,0.0,0
2057700477,R,R,W,W,RRWW,EVEN,Not Predicted,,0.0,0
2057700478,W,R,W,R,WRWR,EVEN,Not Predicted,,0.0,0
2057700479,W,R,R,R,WRRR,ODD,Not Predicted,,0.0,0
2057700480,W,W,W,W,WWWW,EVEN,Not Predicted,,0.0,0
2057800001,W,R,R,R,WRRR,ODD,Not Predicted,,0.0,0
2057800002,W,R,W,R,WRWR,EVEN,Not Predicted,,0.0,0
2057800003,R,R,R,W,RRRW,ODD,Not Predicted,,0.0,0
2057800004,W,W,R,W,WWRW,ODD,Not Predicted,,0.0,0
2057800005,W,W,R,W,WWRW,ODD,Not Predicted,,0.0,0
2057800006,R,R,W,W,RRWW,EVEN,Not Predicted,,0.0,0
2057800007,W,W,R,R,WWRR,EVEN,Not Predicted,,0.0,0
2057800008,W,R,W,W,WRWW,ODD,Not Predicted,,0.0,0
2057800009,R,R,R,R,RRRR,EVEN,Not Predicted,,0.0,0
2057800010,W,R,W,W,WRWW,ODD,Not Predicted,,0.0,0
2057800011,R,R,W,R,RRWR,ODD,Not Predicted,,0.0,0
2057800012,R,R,R,W,RRRW,ODD,Not Predicted,,0.0,0
2057800013,R,W,W,R,RWWR,EVEN,Not Predicted,,0.0,0
2057800014,W,W,W,R,WWWR,ODD,Not Predicted,,0.0,0
2057800015,R,R,W,W,RRWW,EVEN,Not Predicted,,0.0,0
2057800016,W,W,W,W,WWWW,EVEN,Not Predicted,,0.0,0
2057800017,R,R,R,R,RRRR,EVEN,Not Predicted,,0.0,0
2057800018,W,R,R,R,WRRR,ODD,Not Predicted,,0.0,0
2057800019,W,W,R,R,WWRR,EVEN,Not Predicted,,0.0,0
2057800020,R,W,R,W,RWRW,EVEN,Not Predicted,,0.0,0
2057800021,W,R,R,R,WRRR,ODD,Not Predicted,,0.0,0
2057800022,W,R,R,W,WRRW,EVEN,Not Predicted,,0.0,0
2057800023,R,W,R,W,RWRW,EVEN,Not Predicted,,0.0,0
2057800024,W,R,R,R,WRRR,ODD,Not Predicted,,0.0,0
2057800025,W,W,W,W,WWWW,EVEN,Not Predicted,,0.0,0
2057800026,R,W,W,R,RWWR,EVEN,Not Predicted,,0.0,0
2057800027,R,R,R,R,RRRR,EVEN,Not Predicted,,0.0,0
2057800028,W,W,R,W,WWRW,ODD,Not Predicted,,0.0,0
2057800029,R,R,W,W,RRWW,EVEN,Not Predicted,,0.0,0
2057800030,R,R,W,R,RRWR,ODD,Not Predicted,,0.0,0
2057800031,R,R,W,W,RRWW,EVEN,Not Predicted,,0.0,0
2057800032,R,R,R,R,RRRR,EVEN,Not Predicted,,0.0,0
2057800033,W,W,W,W,WWWW,EVEN,Not Predicted,,0.0,0
2057800034,R,R,W,R,RRWR,ODD,Not Predicted,,0.0,0
2057800035,R,W,R,W,RWRW,EVEN,Not Predicted,,0.0,0
2057800036,R,W,W,R,RWWR,EVEN,Not Predicted,,0.0,0
2057800037,W,R,R,W,WRRW,EVEN,Not Predicted,,0.0,0
2057800038,W,R,R,R,WRRR,ODD,Not Predicted,,0.0,0
2057800039,W,W,W,W,WWWW,EVEN,Not Predicted,,0.0,0
2057800040,W,W,R,W,WWRW,ODD,Not Predicted,,0.0,0
2057800041,W,W,R,R,WWRR,EVEN,Not Predicted,,0.0,0
2057800042,W,W,R,W,WWRW,ODD,Not Predicted,,0.0,0
2057800043,R,W,W,W,RWWW,ODD,Not Predicted,,0.0,0
2057800044,R,W,R,R,RWRR,ODD,Not Predicted,,0.0,0
2057800045,R,R,R,R,RRRR,EVEN,Not Predicted,,0.0,0
2057800046,R,W,W,R,RWWR,EVEN,Not Predicted,,0.0,0
2057800047,R,W,W,W,RWWW,ODD,Not Predicted,,0.0,0
2057800048,W,W,W,R,WWWR,ODD,Not Predicted,,0.0,0
2057800049,R,W,W,W,RWWW,ODD,Not Predicted,,0.0,0
2057800050,W,W,R,R,WWRR,EVEN,Not Predicted,,0.0,0
2057800051,W,W,W,W,WWWW,EVEN,Not Predicted,,0.0,0
2057800052,R,R,R,W,RRRW,ODD,Not Predicted,,0.0,0
2057800053,R,W,R,R,RWRR,ODD,Not Predicted,,0.0,0
2057800054,W,R,W,R,WRWR,EVEN,Not Predicted,,0.0,0
2057800055,W,W,W,R,WWWR,ODD,Not Predicted,,0.0,0
2057800056,R,W,W,R,RWWR,EVEN,Not Predicted,,0.0,0
2057800057,W,W,R,W,WWRW,ODD,Not Predicted,,0.0,0
2057800058,W,R,R,R,WRRR,ODD,Not Predicted,,0.0,0
2057800059,W,R,W,R,WRWR,EVEN,Not Predicted,,0.0,0
2057800060,R,R,W,R,RRWR,ODD,Not Predicted,,0.0,0
2057800061,W,R,R,R,WRRR,ODD,Not Predicted,,0.0,0
2057800062,R,W,W,R,RWWR,EVEN,Not Predicted,,0.0,0
2057800063,W,R,R,R,WRRR,ODD,Not Predicted,,0.0,0
2057800064,W,R,W,R,WRWR,EVEN,Not Predicted,,0.0,0
2057800065,W,R,W,R,WRWR,EVEN,Not Predicted,,0.0,0
2057800066,R,R,R,W,RRRW,ODD,Not Predicted,,0.0,0
2057800067,W,W,R,W,WWRW,ODD,Not Predicted,,0.0,0
2057800068,W,W,R,R,WWRR,EVEN,Not Predicted,,0.0,0
2057800069,R,W,W,W,RWWW,ODD,Not Predicted,,0.0,0
2057800070,W,R,W,W,WRWW,ODD,Not Predicted,,0.0,0
2057800071,R,W,R,W,RWRW,EVEN,Not Predicted,,0.0,0
2057800072,R,W,R,W,RWRW,EVEN,Not Predicted,,0.0,0
2057800073,R,R,W,R,RRWR,ODD,Not Predicted,,0.0,0
2057800074,R,R,R,R,RRRR,EVEN,Not Predicted,,0.0,0
2057800075,R,W,W,R,RWWR,EVEN,Not Predicted,,0.0,0
2057800076,W,R,R,W,WRRW,EVEN,Not Predicted,,0.0,0
2057800077,W,R,R,W,WRRW,EVEN,Not Predicted,,0.0,0
2057800078,R,W,W,W,RWWW,ODD,Not Predicted,,0.0,0
2057800079,R,W,R,W,RWRW,EVEN,Not Predicted,,0.0,0
2057800080,W,W,W,R,WWWR,ODD,Not Predicted,,0.0,0
2057800081,R,W,W,W,RWWW,ODD,Not Predicted,,0.0,0
2057800082,W,W,R,R,WWRR,EVEN,Not Predicted,,0.0,0
2057800083,R,R,R,R,RRRR,EVEN,Not Predicted,,0.0,0
2057800084,W,R,R,W,WRRW,EVEN,Not Predicted,,0.0,0
2057800085,R,W,R,W,RWRW,EVEN,Not Predicted,,0.0,0
2057800086,W,R,W,W,WRWW,ODD,Not Predicted,,0.0,0
2057800087,R,R,W,W,RRWW,EVEN,Not Predicted,,0.0,0
2057800088,W,R,R,R,WRRR,ODD,Not Predicted,,0.0,0
2057800089,R,R,R,W,RRRW,ODD,Not Predicted,,0.0,0
2057800090,R,W,W,W,RWWW,ODD,Not Predicted,,0.0,0
2057800091,W,R,W,R,WRWR,EVEN,Not Predicted,,0.0,0
2057800092,W,W,W,W,WWWW,EVEN,Not Predicted,,0.0,0
2057800093,R,R,R,W,RRRW,ODD,Not Predicted,,0.0,0
2057800094,W,W,R,R,WWRR,EVEN,Not Predicted,,0.0,0
2057800095,R,R,W,R,RRWR,ODD,Not Predicted,,0.0,0
2057800096,R,W,W,W,RWWW,ODD,Not Predicted,,0.0,0
2057800097,R,R,R,R,RRRR,EVEN,Not Predicted,,0.0,0
2057800098,R,R,R,R,RRRR,EVEN,Not Predicted,,0.0,0
2057800099,W,R,W,R,WRWR,EVEN,Not Predicted,,0.0,0
2057800100,R,W,R,W,RWRW,EVEN,Not Predicted,,0.0,0
2057800101,R,W,W,R,RWWR,EVEN,Not Predicted,,0.0,0
2057800102,W,W,R,W,WWRW,ODD,Not Predicted,,0.0,0
2057800103,R,R,R,R,RRRR,EVEN,Not Predicted,,0.0,0
2057800104,R,W,R,W,RWRW,EVEN,Not Predicted,,0.0,0
2057800105,R,R,W,R,RRWR,ODD,Not Predicted,,0.0,0
2057800106,W,R,W,R,WRWR,EVEN,Not Predicted,,0.0,0
2057800107,R,R,W,W,RRWW,EVEN,Not Predicted,,0.0,0
2057800108,W,W,R,W,WWRW,ODD,Not Predicted,,0.0,0
2057800109,W,R,R,W,WRRW,EVEN,Not Predicted,,0.0,0
2057800110,W,R,R,R,WRRR,ODD,Not Predicted,,0.0,0
2057800111,W,R,R,R,WRRR,ODD,Not Predicted,,0.0,0
2057800112,R,W,R,W,RWRW,EVEN,Not Predicted,,0.0,0
2057800113,W,R,R,R,WRRR,ODD,Not Predicted,,0.0,0
2057800114,W,W,R,W,WWRW,ODD,Not Predicted,,0.0,0
2057800115,W,W,W,R,WWWR,ODD,Not Predicted,,0.0,0
2057800116,W,R,W,W,WRWW,ODD,Not Predicted,,0.0,0
2057800117,W,W,W,W,WWWW,EVEN,Not Predicted,,0.0,0
2057800118,W,R,W,R,WRWR,EVEN,Not Predicted,,0.0,0
2057800119,R,W,W,W,RWWW,ODD,Not Predicted,,0.0,0
2057800120,W,W,R,R,WWRR,EVEN,Not Predicted,,0.0,0
2057800121,W,R,W,W,WRWW,ODD,Not Predicted,,0.0,0
2057800122,R,W,W,R,RWWR,EVEN,Not Predicted,,0.0,0
2057800123,R,R,W,W,RRWW,EVEN,Not Predicted,,0.0,0
2057800124,W,R,W,W,WRWW,ODD,Not Predicted,,0.0,0
2057800125,R,W,R,R,RWRR,ODD,Not Predicted,,0.0,0
2057800126,R,W,R,W,RWRW,EVEN,Not Predicted,,0.0,0
2057800127,R,W,R,W,RWRW,EVEN,Not Predicted,,0.0,0
2057800128,W,W,R,W,WWRW,ODD,Not Predicted,,0.0,0
2057800129,W,R,R,R,WRRR,ODD,Not Predicted,,0.0,0
2057800130,R,W,W,W,RWWW,ODD,Not Predicted,,0.0,0
2057800131,R,R,R,W,RRRW,ODD,Not Predicted,,0.0,0
2057800132,R,R,R,W,RRRW,ODD,Not Predicted,,0.0,0
2057800133,R,R,W,W,RRWW,EVEN,Not Predicted,,0.0,0
2057800134,R,R,R,W,RRRW,ODD,Not Predicted,,0.0,0
2057800135,R,R,W,W,RRWW,EVEN,Not Predicted,,0.0,0
2057800136,R,R,R,W,RRRW,ODD,Not Predicted,,0.0,0
2057800137,R,R,R,R,RRRR,EVEN,Not Predicted,,0.0,0
2057800138,W,W,R,W,WWRW,ODD,Not Predicted,,0.0,0
2057800139,R,R,W,W,RRWW,EVEN,Not Predicted,,0.0,0
2057800140,R,R,W,W,RRWW,EVEN,Not Predicted,,0.0,0
2057800141,R,W,W,R,RWWR,EVEN,Not Predicted,,0.0,0
2057800142,W,W,W,R,WWWR,ODD,Not Predicted,,0.0,0
2057800143,R,R,R,R,RRRR,EVEN,Not Predicted,,0.0,0
2057800144,R,R,R,R,RRRR,EVEN,Not Predicted,,0.0,0
2057800145,W,R,W,R,WRWR,EVEN,Not Predicted,,0.0,0
2057800146,R,R,R,R,RRRR,EVEN,Not Predicted,,0.0,0
2057800147,W,R,R,W,WRRW,EVEN,Not Predicted,,0.0,0
2057800148,R,W,W,R,RWWR,EVEN,Not Predicted,,0.0,0
2057800149,W,W,W,R,WWWR,ODD,Not Predicted,,0.0,0
2057800150,R,R,W,R,RRWR,ODD,Not Predicted,,0.0,0
2057800151,W,W,W,R,WWWR,ODD,Not Predicted,,0.0,0
2057800152,R,W,W,W,RWWW,ODD,Not Predicted,,0.0,0
2057800153,W,R,W,R,WRWR,EVEN,Not Predicted,,0.0,0
2057800154,W,W,R,W,WWRW,ODD,Not Predicted,,0.0,0
2057800155,R,W,W,W,RWWW,ODD,Not Predicted,,0.0,0
2057800156,W,W,R,R,WWRR,EVEN,Not Predicted,,0.0,0
2057800157,R,R,R,R,RRRR,EVEN,Not Predicted,,0.0,0
2057800158,W,W,R,R,WWRR,EVEN,Not Predicted,,0.0,0
2057800159,R,W,W,W,RWWW,ODD,Not Predicted,,0.0,0
2057800160,W,W,W,R,WWWR,ODD,Not Predicted,,0.0,0
2057800161,W,W,W,W,WWWW,EVEN,Not Predicted,,0.0,0
2057800162,R,R,R,R,RRRR,EVEN,Not Predicted,,0.0,0
2057800163,R,W,W,R,RWWR,EVEN,Not Predicted,,0.0,0
2057800164,R,W,W,W,RWWW,ODD,Not Predicted,,0.0,0
2057800165,R,W,W,R,RWWR,EVEN,Not Predicted,,0.0,0
2057800166,R,W,W,R,RWWR,EVEN,Not Predicted,,0.0,0
2057800167,W,W,W,R,WWWR,ODD,Not Predicted,,0.0,0
2057800168,W,R,R,R,WRRR,ODD,Not Predicted,,0.0,0
2057800169,W,R,R,W,WRRW,EVEN,Not Predicted,,0.0,0
2057800170,W,R,W,R,WRWR,EVEN,Not Predicted,,0.0,0
2057800171,R,R,W,R,RRWR,ODD,Not Predicted,,0.0,0
2057800172,R,W,W,R,RWWR,EVEN,Not Predicted,,0.0,0
2057800173,W,R,W,R,WRWR,EVEN,Not Predicted,,0.0,0
2057800174,R,R,W,W,RRWW,EVEN,Not Predicted,,0.0,0
2057800175,W,W,W,W,WWWW,EVEN,Not Predicted,,0.0,0
2057800176,R,R,R,R,RRRR,EVEN,Not Predicted,,0.0,0
2057800177,W,R,R,W,WRRW,EVEN,Not Predicted,,0.0,0
2057800178,R,W,W,R,RWWR,EVEN,Not Predicted,,0.0,0
2057800179,W,R,R,W,WRRW,EVEN,Not Predicted,,0.0,0
2057800180,W,R,W,W,WRWW,ODD,Not Predicted,,0.0,0
2057800181,W,R,W,R,WRWR,EVEN,Not Predicted,,0.0,0
2057800182,R,W,R,R,RWRR,ODD,Not Predicted,,0.0,0
2057800183,W,R,R,W,WRRW,EVEN,Not Predicted,,0.0,0
2057800184,R,W,W,R,RWWR,EVEN,Not Predicted,,0.0,0
2057800185,W,W,W,W,WWWW,EVEN,Not Predicted,,0.0,0
2057800186,W,W,W,W,WWWW,EVEN,Not Predicted,,0.0,0
2057800187,R,R,R,R,RRRR,EVEN,Not Predicted,,0.0,0
2057800188,W,R,W,R,WRWR,EVEN,Not Predicted,,0.0,0
2057800189,W,R,R,R,WRRR,ODD,Not Predicted,,0.0,0
2057800190,W,W,W,R,WWWR,ODD,Not Predicted,,0.0,0
2057800191,W,R,R,R,WRRR,ODD,Not Predicted,,0.0,0
2057800192,R,W,W,R,RWWR,EVEN,Not Predicted,,0.0,0
2057800193,R,R,W,R,RRWR,ODD,Not Predicted,,0.0,0
2057800194,W,R,R,W,WRRW,EVEN,Not Predicted,,0.0,0
2057800195,R,R,R,W,RRRW,ODD,Not Predicted,,0.0,0
2057800196,W,W,W,R,WWWR,ODD,Not Predicted,,0.0,0
2057800197,R,W,W,W,RWWW,ODD,Not Predicted,,0.0,0
2057800198,W,W,R,R,WWRR,EVEN,Not Predicted,,0.0,0
2057800199,R,W,W,W,RWWW,ODD,Not Predicted,,0.0,0
2057800200,R,W,R,R,RWRR,ODD,Not Predicted,,0.0,0
2057800201,W,W,W,W,WWWW,EVEN,Not Predicted,,0.0,0
2057800202,W,W,W,W,WWWW,EVEN,Not Predicted,,0.0,0
2057800203,W,W,R,R,WWRR,EVEN,Not Predicted,,0.0,0
2057800204,W,W,R,R,WWRR,EVEN,Not Predicted,,0.0,0
2057800205,W,R,R,R,WRRR,ODD,Not Predicted,,0.0,0
2057800206,W,W,R,W,WWRW,ODD,Not Predicted,,0.0,0
2057800207,R,R,W,R,RRWR,ODD,Not Predicted,,0.0,0
2057800208,W,R,R,W,WRRW,EVEN,Not Predicted,,0.0,0
2057800209,W,R,W,W,WRWW,ODD,Not Predicted,,0.0,0
2057800210,W,W,R,W,WWRW,ODD,Not Predicted,,0.0,0
2057800211,W,W,W,W,WWWW,EVEN,Not Predicted,,0.0,0
2057800212,R,W,R,R,RWRR,ODD,Not Predicted,,0.0,0
2057800213,W,W,W,W,WWWW,EVEN,Not Predicted,,0.0,0
2057800214,R,W,W,W,RWWW,ODD,Not Predicted,,0.0,0
2057800215,W,W,W,W,WWWW,EVEN,Not Predicted,,0.0,0
2057800216,R,R,W,W,RRWW,EVEN,Not Predicted,,0.0,0
2057800217,R,R,R,W,RRRW,ODD,Not Predicted,,0.0,0
2057800218,W,R,W,R,WRWR,EVEN,Not Predicted,,0.0,0
2057800219,R,R,W,W,RRWW,EVEN,Not Predicted,,0.0,0
2057800220,W,R,R,W,WRRW,EVEN,Not Predicted,,0.0,0
2057800221,W,R,W,R,WRWR,EVEN,Not Predicted,,0.0,0
2057800222,W,W,R,W,WWRW,ODD,Not Predicted,,0.0,0
2057800223,W,W,R,W,WWRW,ODD,Not Predicted,,0.0,0
2057800224,W,W,W,R,WWWR,ODD,Not Predicted,,0.0,0
2057800225,R,W,W,W,RWWW,ODD,Not Predicted,,0.0,0
2057800226,W,W,R,W,WWRW,ODD,Not Predicted,,0.0,0
2057800227,R,R,W,R,RRWR,ODD,Not Predicted,,0.0,0
2057800228,W,W,R,W,WWRW,ODD,Not Predicted,,0.0,0
2057800229,W,R,R,R,WRRR,ODD,Not Predicted,,0.0,0
2057800230,R,W,R,R,RWRR,ODD,Not Predicted,,0.0,0
2057800231,W,R,W,W,WRWW,ODD,Not Predicted,,0.0,0
2057800232,R,R,W,W,RRWW,EVEN,Not Predicted,,0.0,0
2057800233,R,W,R,W,RWRW,EVEN,Not Predicted,,0.0,0
2057800234,R,R,W,R,RRWR,ODD,Not Predicted,,0.0,0
2057800235,W,W,R,R,WWRR,EVEN,Not Predicted,,0.0,0
2057800236,R,R,W,R,RRWR,ODD,Not Predicted,,0.0,0
2057800237,R,R,R,W,RRRW,ODD,Not Predicted,,0.0,0
2057800238,R,R,R,W,RRRW,ODD,Not Predicted,,0.0,0
2057800239,R,W,W,R,RWWR,EVEN,Not Predicted,,0.0,0
2057800240,R,W,R,R,RWRR,ODD,Not Predicted,,0.0,0
2057800241,R,R,R,W,RRRW,ODD,Not Predicted,,0.0,0
2057800242,R,W,R,R,RWRR,ODD,Not Predicted,,0.0,0
2057800243,R,W,W,W,RWWW,ODD,Not Predicted,,0.0,0
2057800244,R,W,R,W,RWRW,EVEN,Not Predicted,,0.0,0
2057800245,R,W,W,W,RWWW,ODD,Not Predicted,,0.0,0
2057800246,W,R,W,W,WRWW,ODD,Not Predicted,,0.0,0
2057800247,R,R,R,R,RRRR,EVEN,Not Predicted,,0.0,0
2057800248,W,W,R,R,WWRR,EVEN,Not Predicted,,0.0,0
2057800249,W,R,R,R,WRRR,ODD,Not Predicted,,0.0,0
2057800250,W,R,R,W,WRRW,EVEN,Not Predicted,,0.0,0
2057800251,R,R,R,W,RRRW,ODD,Not Predicted,,0.0,0
2057800252,W,R,W,R,WRWR,EVEN,Not Predicted,,0.0,0
2057800253,R,W,R,R,RWRR,ODD,Not Predicted,,0.0,0
2057800254,W,R,W,R,WRWR,EVEN,Not Predicted,,0.0,0
2057800255,W,W,W,W,WWWW,EVEN,Not Predicted,,0.0,0
2057800256,W,W,W,W,WWWW,EVEN,Not Predicted,,0.0,0
2057800257,R,R,R,R,RRRR,EVEN,Not Predicted,,0.0,0
2057800258,R,W,R,W,RWRW,EVEN,Not Predicted,,0.0,0
2057800259,W,W,W,R,WWWR,ODD,Not Predicted,,0.0,0
2057800260,W,W,R,W,WWRW,ODD,Not Predicted,,0.0,0
2057800261,W,R,W,R,WRWR,EVEN,Not Predicted,,0.0,0
2057800262,W,R,W,W,WRWW,ODD,Not Predicted,,0.0,0
2057800263,R,R,W,W,RRWW,EVEN,Not Predicted,,0.0,0
2057800264,W,W,W,R,WWWR,ODD,Not Predicted,,0.0,0
2057800265,W,R,R,W,WRRW,EVEN,Not Predicted,,0.0,0
2057800266,W,R,R,R,WRRR,ODD,Not Predicted,,0.0,0
2057800267,W,R,W,R,WRWR,EVEN,Not Predicted,,0.0,0
2057800268,R,R,R,W,RRRW,ODD,Not Predicted,,0.0,0
2057800269,R,R,W,R,RRWR,ODD,Not Predicted,,0.0,0
2057800270,R,R,W,W,RRWW,EVEN,Not Predicted,,0.0,0
2057800271,R,W,W,W,RWWW,ODD,Not Predicted,,0.0,0
2057800272,R,W,W,W,RWWW,ODD,Not Predicted,,0.0,0
2057800273,W,W,R,W,WWRW,ODD,Not Predicted,,0.0,0
2057800274,R,R,W,R,RRWR,ODD,Not Predicted,,0.0,0
2057800275,R,R,R,W,RRRW,ODD,Not Predicted,,0.0,0
2057800276,R,W,W,W,RWWW,ODD,Not Predicted,,0.0,0
2057800277,R,W,W,R,RWWR,EVEN,Not Predicted,,0.0,0
2057800278,W,R,W,R,WRWR,EVEN,Not Predicted,,0.0,0
2057800279,R,R,R,R,RRRR,EVEN,Not Predicted,,0.0,0
2057800280,W,R,R,R,WRRR,ODD,Not Predicted,,0.0,0
2057800281,W,W,R,R,WWRR,EVEN,Not Predicted,,0.0,0
2057800282,R,R,R,R,RRRR,EVEN,Not Predicted,,0.0,0
2057800283,R,R,W,W,RRWW,EVEN,Not Predicted,,0.0,0
2057800284,W,W,W,R,WWWR,ODD,Not Predicted,,0.0,0
2057800285,W,R,W,W,WRWW,ODD,Not Predicted,,0.0,0
2057800286,W,W,W,W,WWWW,EVEN,Not Predicted,,0.0,0
2057800287,R,R,W,R,RRWR,ODD,Not Predicted,,0.0,0
2057800288,W,R,W,W,WRWW,ODD,Not Predicted,,0.0,0
2057800289,R,W,R,R,RWRR,ODD,Not Predicted,,0.0,0
2057800290,W,W,R,W,WWRW,ODD,Not Predicted,,0.0,0
2057800291,W,R,R,W,WRRW,EVEN,Not Predicted,,0.0,0
2057800292,R,R,W,W,RRWW,EVEN,Not Predicted,,0.0,0
2057800293,R,R,R,R,RRRR,EVEN,Not Predicted,,0.0,0
2057800294,W,R,W,W,WRWW,ODD,Not Predicted,,0.0,0
2057800295,W,W,W,W,WWWW,EVEN,Not Predicted,,0.0,0
2057800296,W,R,W,R,WRWR,EVEN,Not Predicted,,0.0,0
2057800297,R,W,W,W,RWWW,ODD,Not Predicted,,0.0,0
2057800298,R,R,R,R,RRRR,EVEN,Not Predicted,,0.0,0
2057800299,W,W,W,R,WWWR,ODD,Not Predicted,,0.0,0
2057800300,R,W,W,W,RWWW,ODD,Not Predicted,,0.0,0
2057800301,W,R,R,R,WRRR,ODD,Not Predicted,,0.0,0
2057800302,W,R,R,W,WRRW,EVEN,Not Predicted,,0.0,0
2057800303,W,W,W,W,WWWW,EVEN,Not Predicted,,0.0,0
2057800304,W,R,R,W,WRRW,EVEN,Not Predicted,,0.0,0
2057800305,R,R,W,W,RRWW,EVEN,Not Predicted,,0.0,0
2057800306,R,W,R,R,RWRR,ODD,Not Predicted,,0.0,0
2057800307,R,W,W,R,RWWR,EVEN,Not Predicted,,0.0,0
2057800308,W,W,R,R,WWRR,EVEN,Not Predicted,,0.0,0
2057800309,R,R,R,W,RRRW,ODD,Not Predicted,,0.0,0
2057800310,R,R,W,W,RRWW,EVEN,Not Predicted,,0.0,0
2057800311,R,W,R,R,RWRR,ODD,Not Predicted,,0.0,0
2057800312,W,R,R,W,WRRW,EVEN,Not Predicted,,0.0,0
2057800313,W,W,W,R,WWWR,ODD,Not Predicted,,0.0,0
2057800314,R,R,R,W,RRRW,ODD,Not Predicted,,0.0,0
2057800315,R,W,W,W,RWWW,ODD,Not Predicted,,0.0,0
2057800316,W,W,R,W,WWRW,ODD,Not Predicted,,0.0,0
2057800317,R,W,W,W,RWWW,ODD,Not Predicted,,0.0,0
2057800318,W,W,R,R,WWRR,EVEN,Not Predicted,,0.0,0
2057800319,W,R,W,R,WRWR,EVEN,Not Predicted,,0.0,0
2057800320,W,R,W,R,WRWR,EVEN,Not Predicted,,0.0,0
2057800321,W,W,R,W,WWRW,ODD,Not Predicted,,0.0,0
2057800322,W,R,R,R,WRRR,ODD,Not Predicted,,0.0,0
2057800323,W,R,W,W,WRWW,ODD,Not Predicted,,0.0,0
2057800324,R,W,R,R,RWRR,ODD,Not Predicted,,0.0,0
2057800325,W,R,W,W,WRWW,ODD,Not Predicted,,0.0,0
2057800326,R,W,W,W,RWWW,ODD,Not Predicted,,0.0,0
2057800327,R,R,W,R,RRWR,ODD,Not Predicted,,0.0,0
2057800328,R,W,W,R,RWWR,EVEN,Not Predicted,,0.0,0
2057800329,W,W,R,W,WWRW,ODD,Not Predicted,,0.0,0
2057800330,R,R,R,W,RRRW,ODD,Not Predicted,,0.0,0
2057800331,W,W,W,W,WWWW,EVEN,Not Predicted,,0.0,0
2057800332,W,W,W,R,WWWR,ODD,Not Predicted,,0.0,0
2057800333,R,R,R,W,RRRW,ODD,Not Predicted,,0.0,0
2057800334,W,R,R,W,WRRW,EVEN,Not Predicted,,0.0,0
2057800335,R,W,W,R,RWWR,EVEN,Not Predicted,,0.0,0
2057800336,R,W,R,W,RWRW,EVEN,Not Predicted,,0.0,0
2057800337,W,W,W,W,WWWW,EVEN,Not Predicted,,0.0,0
2057800338,R,R,R,R,RRRR,EVEN,Not Predicted,,0.0,0
2057800339,W,W,R,W,WWRW,ODD,Not Predicted,,0.0,0
2057800340,R,R,R,W,RRRW,ODD,Not Predicted,,0.0,0
2057800341,W,W,R,R,WWRR,EVEN,Not Predicted,,0.0,0
2057800342,W,R,W,W,WRWW,ODD,Not Predicted,,0.0,0
2057800343,W,W,R,R,WWRR,EVEN,Not Predicted,,0.0,0
2057800344,R,R,W,W,RRWW,EVEN,Not Predicted,,0.0,0
2057800345,R,R,R,W,RRRW,ODD,Not Predicted,,0.0,0
2057800346,R,R,R,W,RRRW,ODD,Not Predicted,,0.0,0
2057800347,W,W,R,R,WWRR,EVEN,Not Predicted,,0.0,0
2057800348,R,R,R,R,RRRR,EVEN,Not Predicted,,0.0,0
2057800349,W,W,W,R,WWWR,ODD,Not Predicted,,0.0,0
2057800350,W,W,W,W,WWWW,EVEN,Not Predicted,,0.0,0
2057800351,R,R,R,R,RRRR,EVEN,Not Predicted,,0.0,0
2057800352,W,W,W,R,WWWR,ODD,Not Predicted,,0.0,0
2057800353,R,W,W,W,RWWW,ODD,Not Predicted,,0.0,0
2057800354,W,W,R,R,WWRR,EVEN,Not Predicted,,0.0,0
2057800355,R,R,R,R,RRRR,EVEN,Not Predicted,,0.0,0
2057800356,R,R,W,W,RRWW,EVEN,Not Predicted,,0.0,0
2057800357,R,W,W,W,RWWW,ODD,Not Predicted,,0.0,0
2057800358,W,W,R,W,WWRW,ODD,Not Predicted,,0.0,0
2057800359,W,R,W,W,WRWW,ODD,Not Predicted,,0.0,0
2057800360,R,W,R,R,RWRR,ODD,Not Predicted,,0.0,0
2057800361,W,W,W,R,WWWR,ODD,Not Predicted,,0.0,0
2057800362,R,R,R,W,RRRW,ODD,Not Predicted,,0.0,0
2057800363,W,R,W,R,WRWR,EVEN,Not Predicted,,0.0,0
2057800364,W,W,R,R,WWRR,EVEN,Not Predicted,,0.0,0
2057800365,W,W,W,W,WWWW,EVEN,Not Predicted,,0.0,0
2057800366,W,R,R,R,WRRR,ODD,Not Predicted,,0.0,0
2057800367,R,R,W,W,RRWW,EVEN,Not Predicted,,0.0,0
2057800368,R,R,R,R,RRRR,EVEN,Not Predicted,,0.0,0
2057800369,W,W,R,R,WWRR,EVEN,Not Predicted,,0.0,0
2057800370,W,R,R,R,WRRR,ODD,Not Predicted,,0.0,0
2057800371,R,R,W,W,RRWW,EVEN,Not Predicted,,0.0,0
2057800372,R,R,R,R,RRRR,EVEN,Not Predicted,,0.0,0
2057800373,W,R,R,R,WRRR,ODD,Not Predicted,,0.0,0
2057800374,W,W,R,R,WWRR,EVEN,Not Predicted,,0.0,0
2057800375,W,R,W,R,WRWR,EVEN,Not Predicted,,0.0,0
2057800376,R,R,R,W,RRRW,ODD,Not Predicted,,0.0,0
2057800377,W,R,W,W,WRWW,ODD,Not Predicted,,0.0,0
2057800378,W,R,R,R,WRRR,ODD,Not Predicted,,0.0,0
2057800379,R,R,W,R,RRWR,ODD,Not Predicted,,0.0,0
2057800380,W,R,W,W,WRWW,ODD,Not Predicted,,0.0,0
2057800381,W,W,R,W,WWRW,ODD,Not Predicted,,0.0,0
2057800382,W,R,R,R,WRRR,ODD,Not Predicted,,0.0,0
2057800383,W,R,R,R,WRRR,ODD,Not Predicted,,0.0,0
2057800384,R,R,R,W,RRRW,ODD,Not Predicted,,0.0,0
2057800385,W,W,R,W,WWRW,ODD,Not Predicted,,0.0,0
2057800386,W,R,R,R,WRRR,ODD,Not Predicted,,0.0,0
2057800387,W,W,R,W,WWRW,ODD,Not Predicted,,0.0,0
2057800388,W,W,R,R,WWRR,EVEN,Not Predicted,,0.0,0
2057800389,W,W,R,W,WWRW,ODD,Not Predicted,,0.0,0
2057800390,W,W,R,R,WWRR,EVEN,Not Predicted,,0.0,0
2057800391,R,W,R,R,RWRR,ODD,Not Predicted,,0.0,0
2057800392,R,R,R,W,RRRW,ODD,Not Predicted,,0.0,0
2057800393,W,W,W,R,WWWR,ODD,Not Predicted,,0.0,0
2057800394,R,W,R,W,RWRW,EVEN,Not Predicted,,0.0,0
2057800395,W,W,W,W,WWWW,EVEN,Not Predicted,,0.0,0
2057800396,W,R,W,R,WRWR,EVEN,Not Predicted,,0.0,0
2057800397,R,W,W,W,RWWW,ODD,Not Predicted,,0.0,0
2057800398,R,W,W,R,RWWR,EVEN,Not Predicted,,0.0,0
2057800399,R,R,R,W,RRRW,ODD,Not Predicted,,0.0,0
2057800400,W,R,R,W,WRRW,EVEN,Not Predicted,,0.0,0
2057800401,W,W,R,R,WWRR,EVEN,Not Predicted,,0.0,0
2057800402,W,W,R,W,WWRW,ODD,Not Predicted,,0.0,0
2057800403,R,R,W,R,RRWR,ODD,Not Predicted,,0.0,0
2057800404,R,W,R,W,RWRW,EVEN,Not Predicted,,0.0,0
2057800405,W,W,R,W,WWRW,ODD,Not Predicted,,0.0,0
2057800406,W,W,R,W,WWRW,ODD,Not Predicted,,0.0,0
2057800407,R,W,W,W,RWWW,ODD,Not Predicted,,0.0,0
2057800408,W,R,R,R,WRRR,ODD,Not Predicted,,0.0,0
2057800409,R,R,W,W,RRWW,EVEN,Not Predicted,,0.0,0
2057800410,R,R,R,R,RRRR,EVEN,Not Predicted,,0.0,0
2057800411,W,R,W,R,WRWR,EVEN,Not Predicted,,0.0,0
2057800412,W,R,W,W,WRWW,ODD,Not Predicted,,0.0,0
2057800413,R,R,W,R,RRWR,ODD,Not Predicted,,0.0,0
2057800414,W,R,R,R,WRRR,ODD,Not Predicted,,0.0,0
2057800415,R,W,R,W,RWRW,EVEN,Not Predicted,,0.0,0
2057800416,W,W,R,R,WWRR,EVEN,Not Predicted,,0.0,0
2057800417,W,R,R,W,WRRW,EVEN,Not Predicted,,0.0,0
2057800418,R,R,R,W,RRRW,ODD,Not Predicted,,0.0,0
2057800419,R,R,W,W,RRWW,EVEN,Not Predicted,,0.0,0
2057800420,R,R,W,W,RRWW,EVEN,Not Predicted,,0.0,0
2057800421,W,R,R,W,WRRW,EVEN,Not Predicted,,0.0,0
2057800422,W,W,R,R,WWRR,EVEN,Not Predicted,,0.0,0
2057800423,W,W,W,W,WWWW,EVEN,Not Predicted,,0.0,0
2057800424,W,R,W,W,WRWW,ODD,Not Predicted,,0.0,0
2057800425,W,R,R,R,WRRR,ODD,Not Predicted,,0.0,0
2057800426,W,R,R,W,WRRW,EVEN,Not Predicted,,0.0,0
2057800427,R,R,W,R,RRWR,ODD,Not Predicted,,0.0,0
2057800428,R,R,W,W,RRWW,EVEN,Not Predicted,,0.0,0
2057800429,R,R,W,W,RRWW,EVEN,Not Predicted,,0.0,0
2057800430,W,W,W,R,WWWR,ODD,Not Predicted,,0.0,0
2057800431,W,W,W,R,WWWR,ODD,Not Predicted,,0.0,0
2057800432,R,W,R,W,RWRW,EVEN,Not Predicted,,0.0,0
2057800433,W,W,R,R,WWRR,EVEN,Not Predicted,,0.0,0
2057800434,R,R,W,W,RRWW,EVEN,Not Predicted,,0.0,0
2057800435,R,W,W,R,RWWR,EVEN,Not Predicted,,0.0,0
2057800436,R,W,R,W,RWRW,EVEN,Not Predicted,,0.0,0
2057800437,R,R,W,R,RRWR,ODD,Not Predicted,,0.0,0
2057800438,R,W,R,W,RWRW,EVEN,Not Predicted,,0.0,0
2057800439,W,W,W,W,WWWW,EVEN,Not Predicted,,0.0,0
2057800440,R,W,W,W,RWWW,ODD,Not Predicted,,0.0,0
2057800441,R,R,W,R,RRWR,ODD,Not Predicted,,0.0,0
2057800442,W,W,R,W,WWRW,ODD,Not Predicted,,0.0,0
2057800443,W,R,W,R,WRWR,EVEN,Not Predicted,,0.0,0
2057800444,R,W,W,R,RWWR,EVEN,Not Predicted,,0.0,0
2057800445,W,W,W,W,WWWW,EVEN,Not Predicted,,0.0,0
2057800446,R,W,W,R,RWWR,EVEN,Not Predicted,,0.0,0
2057800447,R,W,W,W,RWWW,ODD,Not Predicted,,0.0,0
2057800448,W,W,W,W,WWWW,EVEN,Not Predicted,,0.0,0
2057800449,W,R,W,R,WRWR,EVEN,Not Predicted,,0.0,0
2057800450,R,W,R,W,RWRW,EVEN,Not Predicted,,0.0,0
2057800451,W,W,W,W,WWWW,EVEN,Not Predicted,,0.0,0
2057800452,R,W,W,W,RWWW,ODD,Not Predicted,,0.0,0
2057800453,W,R,W,R,WRWR,EVEN,Not Predicted,,0.0,0
2057800454,W,R,R,R,WRRR,ODD,Not Predicted,,0.0,0
2057800455,W,R,R,W,WRRW,EVEN,Not Predicted,,0.0,0
2057800456,R,W,W,W,RWWW,ODD,Not Predicted,,0.0,0
2057800457,R,W,W,R,RWWR,EVEN,Not Predicted,,0.0,0
2057800458,R,R,R,W,RRRW,ODD,Not Predicted,,0.0,0
2057800459,R,R,W,R,RRWR,ODD,Not Predicted,,0.0,0
2057800460,R,W,R,W,RWRW,EVEN,Not Predicted,,0.0,0
2057800461,W,R,W,W,WRWW,ODD,Not Predicted,,0.0,0
2057800462,W,W,W,R,WWWR,ODD,Not Predicted,,0.0,0
2057800463,R,W,W,R,RWWR,EVEN,Not Predicted,,0.0,0
2057800464,W,W,W,R,WWWR,ODD,Not Predicted,,0.0,0
2057800465,R,R,W,W,RRWW,EVEN,Not Predicted,,0.0,0
2057800466,W,W,R,W,WWRW,ODD,Not Predicted,,0.0,0
2057800467,W,R,W,W,WRWW,ODD,Not Predicted,,0.0,0
2057800468,W,W,W,R,WWWR,ODD,Not Predicted,,0.0,0
2057800469,W,W,R,R,WWRR,EVEN,Not Predicted,,0.0,0
2057800470,W,R,R,R,WRRR,ODD,Not Predicted,,0.0,0
2057800471,W,R,W,W,WRWW,ODD,Not Predicted,,0.0,0
2057800472,W,R,R,R,WRRR,ODD,Not Predicted,,0.0,0
2057800473,W,R,R,R,WRRR,ODD,Not Predicted,,0.0,0
2057800474,R,R,W,W,RRWW,EVEN,Not Predicted,,0.0,0
2057800475,W,W,R,R,WWRR,EVEN,Not Predicted,,0.0,0
2057800476,R,W,R,R,RWRR,ODD,Not Predicted,,0.0,0
2057800477,W,R,W,R,WRWR,EVEN,Not Predicted,,0.0,0
2057800478,W,R,R,W,WRRW,EVEN,Not Predicted,,0.0,0
2057800479,R,W,R,W,RWRW,EVEN,Not Predicted,,0.0,0
2057800480,R,R,R,R,RRRR,EVEN,Not Predicted,,0.0,0
2057900001,R,R,W,W,RRWW,EVEN,Not Predicted,,0.0,0
2057900002,W,W,R,W,WWRW,ODD,Not Predicted,,0.0,0
2057900003,W,W,R,R,WWRR,EVEN,Not Predicted,,0.0,0
2057900004,W,R,R,R,WRRR,ODD,Not Predicted,,0.0,0
2057900005,W,W,R,W,WWRW,ODD,Not Predicted,,0.0,0
2057900006,W,R,W,W,WRWW,ODD,Not Predicted,,0.0,0
2057900007,R,W,R,R,RWRR,ODD,Not Predicted,,0.0,0
2057900008,R,W,W,R,RWWR,EVEN,Not Predicted,,0.0,0
2057900009,R,R,R,R,RRRR,EVEN,Not Predicted,,0.0,0
2057900010,R,W,R,W,RWRW,EVEN,Not Predicted,,0.0,0
2057900011,W,R,R,W,WRRW,EVEN,Not Predicted,,0.0,0
2057900012,R,R,R,R,RRRR,EVEN,Not Predicted,,0.0,0
2057900013,W,R,W,W,WRWW,ODD,Not Predicted,,0.0,0
2057900014,W,W,W,R,WWWR,ODD,Not Predicted,,0.0,0
2057900015,R,W,W,W,RWWW,ODD,Not Predicted,,0.0,0
2057900016,W,R,R,W,WRRW,EVEN,Not Predicted,,0.0,0
2057900017,R,W,W,R,RWWR,EVEN,Not Predicted,,0.0,0
2057900018,R,R,R,R,RRRR,EVEN,Not Predicted,,0.0,0
2057900019,R,R,W,W,RRWW,EVEN,Not Predicted,,0.0,0
2057900020,W,R,W,R,WRWR,EVEN,Not Predicted,,0.0,0
2057900021,W,W,R,W,WWRW,ODD,Not Predicted,,0.0,0
2057900022,R,R,R,R,RRRR,EVEN,Not Predicted,,0.0,0
2057900023,W,R,R,W,WRRW,EVEN,Not Predicted,,0.0,0
2057900024,R,W,R,W,RWRW,EVEN,Not Predicted,,0.0,0
2057900025,R,W,W,R,RWWR,EVEN,Not Predicted,,0.0,0
2057900026,R,R,W,W,RRWW,EVEN,Not Predicted,,0.0,0
2057900027,R,R,W,R,RRWR,ODD,Not Predicted,,0.0,0
2057900028,W,W,R,W,WWRW,ODD,Not Predicted,,0.0,0
2057900029,W,W,R,W,WWRW,ODD,Not Predicted,,0.0,0
2057900030,W,R,W,W,WRWW,ODD,Not Predicted,,0.0,0
2057900031,W,W,R,W,WWRW,ODD,Not Predicted,,0.0,0
2057900032,W,R,W,W,WRWW,ODD,Not Predicted,,0.0,0
2057900033,W,R,W,R,WRWR,EVEN,Not Predicted,,0.0,0
2057900034,R,W,W,R,RWWR,EVEN,Not Predicted,,0.0,0
2057900035,R,W,W,R,RWWR,EVEN,Not Predicted,,0.0,0
2057900036,R,W,W,W,RWWW,ODD,Not Predicted,,0.0,0
2057900037,R,R,W,W,RRWW,EVEN,Not Predicted,,0.0,0
2057900038,W,W,W,R,WWWR,ODD,Not Predicted,,0.0,0
2057900039,R,W,W,R,RWWR,EVEN,Not Predicted,,0.0,0
2057900040,R,R,W,W,RRWW,EVEN,Not Predicted,,0.0,0
2057900041,R,R,R,R,RRRR,EVEN,Not Predicted,,0.0,0
2057900042,W,W,R,W,WWRW,ODD,Not Predicted,,0.0,0
2057900043,W,R,R,W,WRRW,EVEN,Not Predicted,,0.0,0
2057900044,R,W,R,R,RWRR,ODD,Not Predicted,,0.0,0
2057900045,R,W,R,R,RWRR,ODD,Not Predicted,,0.0,0
2057900046,R,W,R,W,RWRW,EVEN,Not Predicted,,0.0,0
2057900047,W,W,R,W,WWRW,ODD,Not Predicted,,0.0,0
2057900048,R,W,R,R,RWRR,ODD,Not Predicted,,0.0,0
2057900049,R,W,R,W,RWRW,EVEN,Not Predicted,,0.0,0
2057900050,W,R,W,R,WRWR,EVEN,Not Predicted,,0.0,0
2057900051,R,W,R,R,RWRR,ODD,Not Predicted,,0.0,0
2057900052,W,W,W,W,WWWW,EVEN,Not Predicted,,0.0,0
2057900053,R,R,R,R,RRRR,EVEN,Not Predicted,,0.0,0
2057900054,R,R,R,W,RRRW,ODD,Not Predicted,,0.0,0
2057900055,R,W,R,R,RWRR,ODD,Not Predicted,,0.0,0
2057900056,W,R,R,R,WRRR,ODD,Not Predicted,,0.0,0
2057900057,R,R,W,W,RRWW,EVEN,Not Predicted,,0.0,0
2057900058,R,W,W,R,RWWR,EVEN,Not Predicted,,0.0,0
2057900059,W,W,R,W,WWRW,ODD,Not Predicted,,0.0,0
2057900060,R,W,R,W,RWRW,EVEN,Not Predicted,,0.0,0
2057900061,W,R,R,R,WRRR,ODD,Not Predicted,,0.0,0
2057900062,R,R,W,W,RRWW,EVEN,Not Predicted,,0.0,0
2057900063,R,R,W,R,RRWR,ODD,Not Predicted,,0.0,0
2057900064,W,W,R,R,WWRR,EVEN,Not Predicted,,0.0,0
2057900065,R,R,W,W,RRWW,EVEN,Not Predicted,,0.0,0
2057900066,W,W,W,W,WWWW,EVEN,Not Predicted,,0.0,0
2057900067,R,R,W,W,RRWW,EVEN,Not Predicted,,0.0,0
2057900068,W,W,W,W,WWWW,EVEN,Not Predicted,,0.0,0
2057900069,R,R,R,W,RRRW,ODD,Not Predicted,,0.0,0
2057900070,W,R,W,R,WRWR,EVEN,Not Predicted,,0.0,0
2057900071,R,R,R,W,RRRW,ODD,Not Predicted,,0.0,0
2057900072,R,W,R,W,RWRW,EVEN,Not Predicted,,0.0,0
2057900073,R,R,R,R,RRRR,EVEN,Not Predicted,,0.0,0
2057900074,R,W,W,R,RWWR,EVEN,Not Predicted,,0.0,0
2057900075,W,R,R,R,WRRR,ODD,Not Predicted,,0.0,0
2057900076,R,R,R,R,RRRR,EVEN,Not Predicted,,0.0,0
2057900077,W,R,R,W,WRRW,EVEN,Not Predicted,,0.0,0
2057900078,W,W,R,R,WWRR,EVEN,Not Predicted,,0.0,0
2057900079,W,R,W,W,WRWW,ODD,Not Predicted,,0.0,0
2057900080,W,W,R,W,WWRW,ODD,Not Predicted,,0.0,0
2057900081,R,W,W,W,RWWW,ODD,Not Predicted,,0.0,0
2057900082,W,R,W,R,WRWR,EVEN,Not Predicted,,0.0,0
2057900083,R,R,W,W,RRWW,EVEN,Not Predicted,,0.0,0
2057900084,W,R,W,W,WRWW,ODD,Not Predicted,,0.0,0
2057900085,W,W,R,W,WWRW,ODD,Not Predicted,,0.0,0
2057900086,R,R,R,W,RRRW,ODD,Not Predicted,,0.0,0
2057900087,R,W,R,W,RWRW,EVEN,Not Predicted,,0.0,0
2057900088,W,R,R,R,WRRR,ODD,Not Predicted,,0.0,0
2057900089,W,W,R,W,WWRW,ODD,Not Predicted,,0.0,0
2057900090,R,R,W,R,RRWR,ODD,Not Predicted,,0.0,0
2057900091,W,R,R,W,WRRW,EVEN,Not Predicted,,0.0,0
2057900092,W,W,R,R,WWRR,EVEN,Not Predicted,,0.0,0
2057900093,W,R,W,W,WRWW,ODD,Not Predicted,,0.0,0
2057900094,W,W,W,R,WWWR,ODD,Not Predicted,,0.0,0
2057900095,R,R,R,R,RRRR,EVEN,Not Predicted,,0.0,0
2057900096,W,R,W,R,WRWR,EVEN,Not Predicted,,0.0,0
2057900097,W,R,W,R,WRWR,EVEN,Not Predicted,,0.0,0
2057900098,R,R,R,R,RRRR,EVEN,Not Predicted,,0.0,0
2057900099,R,R,R,W,RRRW,ODD,Not Predicted,,0.0,0
2057900100,R,R,R,R,RRRR,EVEN,Not Predicted,,0.0,0
2057900101,R,R,R,W,RRRW,ODD,Not Predicted,,0.0,0
2057900102,W,W,R,W,WWRW,ODD,Not Predicted,,0.0,0
2057900103,R,W,R,W,RWRW,EVEN,Not Predicted,,0.0,0
2057900104,R,W,R,W,RWRW,EVEN,Not Predicted,,0.0,0
2057900105,R,W,R,W,RWRW,EVEN,Not Predicted,,0.0,0
2057900106,W,W,W,R,WWWR,ODD,Not Predicted,,0.0,0
2057900107,R,W,W,W,RWWW,ODD,Not Predicted,,0.0,0
2057900108,W,R,R,W,WRRW,EVEN,Not Predicted,,0.0,0
2057900109,R,W,W,R,RWWR,EVEN,Not Predicted,,0.0,0
2057900110,R,W,R,R,RWRR,ODD,Not Predicted,,0.0,0
2057900111,R,R,R,W,RRRW,ODD,Not Predicted,,0.0,0
2057900112,W,R,W,R,WRWR,EVEN,Not Predicted,,0.0,0
2057900113,R,W,R,R,RWRR,ODD,Not Predicted,,0.0,0
2057900114,W,R,R,W,WRRW,EVEN,Not Predicted,,0.0,0
2057900115,R,R,R,W,RRRW,ODD,Not Predicted,,0.0,0
2057900116,R,R,R,R,RRRR,EVEN,Not Predicted,,0.0,0
2057900117,W,R,R,R,WRRR,ODD,Not Predicted,,0.0,0
2057900118,W,R,W,R,WRWR,EVEN,Not Predicted,,0.0,0
2057900119,R,W,W,R,RWWR,EVEN,Not Predicted,,0.0,0
2057900120,R,R,W,W,RRWW,EVEN,Not Predicted,,0.0,0
2057900121,W,W,R,R,WWRR,EVEN,Not Predicted,,0.0,0
2057900122,W,W,W,W,WWWW,EVEN,Not Predicted,,0.0,0
2057900123,W,W,R,W,WWRW,ODD,Not Predicted,,0.0,0
2057900124,W,W,R,W,WWRW,ODD,Not Predicted,,0.0,0
2057900125,R,W,W,R,RWWR,EVEN,Not Predicted,,0.0,0
2057900126,W,R,R,W,WRRW,EVEN,Not Predicted,,0.0,0
2057900127,R,R,W,W,RRWW,EVEN,Not Predicted,,0.0,0
2057900128,W,W,R,W,WWRW,ODD,Not Predicted,,0.0,0
2057900129,R,R,W,W,RRWW,EVEN,Not Predicted,,0.0,0
2057900130,R,W,W,W,RWWW,ODD,Not Predicted,,0.0,0
2057900131,W,R,W,R,WRWR,EVEN,Not Predicted,,0.0,0
2057900132,R,R,R,R,RRRR,EVEN,Not Predicted,,0.0,0
2057900133,W,W,W,R,WWWR,ODD,Not Predicted,,0.0,0
2057900134,R,W,W,W,RWWW,ODD,Not Predicted,,0.0,0
2057900135,W,R,W,W,WRWW,ODD,Not Predicted,,0.0,0
2057900136,R,R,R,R,RRRR,EVEN,Not Predicted,,0.0,0
2057900137,R,W,R,W,RWRW,EVEN,Not Predicted,,0.0,0
2057900138,W,W,W,W,WWWW,EVEN,Not Predicted,,0.0,0
2057900139,R,R,W,W,RRWW,EVEN,Not Predicted,,0.0,0
2057900140,W,R,W,R,WRWR,EVEN,Not Predicted,,0.0,0
2057900141,W,W,W,R,WWWR,ODD,Not Predicted,,0.0,0
2057900142,W,W,R,W,WWRW,ODD,Not Predicted,,0.0,0
2057900143,W,R,W,W,WRWW,ODD,Not Predicted,,0.0,0
2057900144,W,W,W,W,WWWW,EVEN,Not Predicted,,0.0,0
2057900145,W,W,W,R,WWWR,ODD,Not Predicted,,0.0,0
2057900146,R,R,R,R,RRRR,EVEN,Not Predicted,,0.0,0
2057900147,R,R,W,R,RRWR,ODD,Not Predicted,,0.0,0
2057900148,R,R,R,W,RRRW,ODD,Not Predicted,,0.0,0
2057900149,R,R,R,W,RRRW,ODD,Not Predicted,,0.0,0
2057900150,W,R,R,W,WRRW,EVEN,Not Predicted,,0.0,0
2057900151,W,R,R,W,WRRW,EVEN,Not Predicted,,0.0,0
2057900152,R,R,R,R,RRRR,EVEN,Not Predicted,,0.0,0
2057900153,R,R,W,R,RRWR,ODD,Not Predicted,,0.0,0
2057900154,R,W,R,R,RWRR,ODD,Not Predicted,,0.0,0
2057900155,R,W,R,R,RWRR,ODD,Not Predicted,,0.0,0
2057900156,R,W,R,R,RWRR,ODD,Not Predicted,,0.0,0
2057900157,W,W,W,W,WWWW,EVEN,Not Predicted,,0.0,0
2057900158,W,R,R,W,WRRW,EVEN,Not Predicted,,0.0,0
2057900159,R,R,W,R,RRWR,ODD,Not Predicted,,0.0,0
2057900160,R,R,W,W,RRWW,EVEN,Not Predicted,,0.0,0
2057900161,W,R,W,R,WRWR,EVEN,Not Predicted,,0.0,0
2057900162,R,R,W,R,RRWR,ODD,Not Predicted,,0.0,0
2057900163,W,W,W,R,WWWR,ODD,Not Predicted,,0.0,0
2057900164,W,R,W,W,WRWW,ODD,Not Predicted,,0.0,0
2057900165,W,W,W,W,WWWW,EVEN,Not Predicted,,0.0,0
2057900166,W,R,W,W,WRWW,ODD,Not Predicted,,0.0,0
2057900167,R,W,W,W,RWWW,ODD,Not Predicted,,0.0,0
2057900168,R,W,W,W,RWWW,ODD,Not Predicted,,0.0,0
2057900169,W,R,R,R,WRRR,ODD,Not Predicted,,0.0,0
2057900170,W,W,W,W,WWWW,EVEN,Not Predicted,,0.0,0
2057900171,R,R,W,W,RRWW,EVEN,Not Predicted,,0.0,0
2057900172,W,W,W,R,WWWR,ODD,Not Predicted,,0.0,0
2057900173,R,R,R,R,RRRR,EVEN,Not Predicted,,0.0,0
2057900174,R,W,W,W,RWWW,ODD,Not Predicted,,0.0,0
2057900175,R,W,R,W,RWRW,EVEN,Not Predicted,,0.0,0
2057900176,R,R,W,R,RRWR,ODD,Not Predicted,,0.0,0
2057900177,W,R,R,R,WRRR,ODD,Not Predicted,,0.0,0
2057900178,W,W,W,W,WWWW,EVEN,Not Predicted,,0.0,0
2057900179,R,W,W,R,RWWR,EVEN,Not Predicted,,0.0,0
2057900180,W,R,R,R,WRRR,ODD,Not Predicted,,0.0,0
2057900181,R,W,R,R,RWRR,ODD,Not Predicted,,0.0,0
2057900182,W,R,W,R,WRWR,EVEN,Not Predicted,,0.0,0
2057900183,R,W,W,W,RWWW,ODD,Not Predicted,,0.0,0
2057900184,R,W,W,W,RWWW,ODD,Not Predicted,,0.0,0
2057900185,W,W,R,W,WWRW,ODD,Not Predicted,,0.0,0
2057900186,R,R,W,R,RRWR,ODD,Not Predicted,,0.0,0
2057900187,W,W,W,W,WWWW,EVEN,Not Predicted,,0.0,0
2057900188,W,W,R,W,WWRW,ODD,Not Predicted,,0.0,0
2057900189,W,R,R,R,WRRR,ODD,Not Predicted,,0.0,0
2057900190,R,R,R,R,RRRR,EVEN,Not Predicted,,0.0,0
2057900191,W,R,R,W,WRRW,EVEN,Not Predicted,,0.0,0
2057900192,W,R,W,W,WRWW,ODD,Not Predicted,,0.0,0
2057900193,R,R,W,R,RRWR,ODD,Not Predicted,,0.0,0
2057900194,W,R,W,W,WRWW,ODD,Not Predicted,,0.0,0
2057900195,R,W,W,W,RWWW,ODD,Not Predicted,,0.0,0
2057900196,W,W,R,W,WWRW,ODD,Not Predicted,,0.0,0
2057900197,W,W,W,W,WWWW,EVEN,Not Predicted,,0.0,0
2057900198,W,R,W,W,WRWW,ODD,Not Predicted,,0.0,0
2057900199,W,W,W,W,WWWW,EVEN,Not Predicted,,0.0,0
2057900200,W,R,R,R,WRRR,ODD,Not Predicted,,0.0,0
2057900201,W,W,W,R,WWWR,ODD,Not Predicted,,0.0,0
2057900202,R,W,R,R,RWRR,ODD,Not Predicted,,0.0,0
2057900203,R,R,W,W,RRWW,EVEN,Not Predicted,,0.0,0
2057900204,R,W,W,W,RWWW,ODD,Not Predicted,,0.0,0
2057900205,R,R,W,W,RRWW,EVEN,Not Predicted,,0.0,0
2057900206,W,W,R,W,WWRW,ODD,Not Predicted,,0.0,0
2057900207,W,W,R,W,WWRW,ODD,Not Predicted,,0.0,0
2057900208,W,R,W,W,WRWW,ODD,Not Predicted,,0.0,0
2057900209,W,R,R,R,WRRR,ODD,Not Predicted,,0.0,0
2057900210,R,W,R,R,RWRR,ODD,Not Predicted,,0.0,0
2057900211,W,R,R,R,WRRR,ODD,Not Predicted,,0.0,0
2057900212,W,R,W,W,WRWW,ODD,Not Predicted,,0.0,0
2057900213,R,R,R,W,RRRW,ODD,Not Predicted,,0.0,0
2057900214,W,R,R,W,WRRW,EVEN,Not Predicted,,0.0,0
2057900215,R,R,R,R,RRRR,EVEN,Not Predicted,,0.0,0
2057900216,W,R,W,W,WRWW,ODD,Not Predicted,,0.0,0
2057900217,R,R,W,W,RRWW,EVEN,Not Predicted,,0.0,0
2057900218,R,W,R,R,RWRR,ODD,Not Predicted,,0.0,0
2057900219,R,R,W,W,RRWW,EVEN,Not Predicted,,0.0,0
2057900220,W,W,W,W,WWWW,EVEN,Not Predicted,,0.0,0
2057900221,W,R,R,R,WRRR,ODD,Not Predicted,,0.0,0
2057900222,R,R,R,R,RRRR,EVEN,Not Predicted,,0.0,0
2057900223,R,R,W,W,RRWW,EVEN,Not Predicted,,0.0,0
2057900224,W,W,W,R,WWWR,ODD,Not Predicted,,0.0,0
2057900225,W,R,W,W,WRWW,ODD,Not Predicted,,0.0,0
2057900226,R,R,W,W,RRWW,EVEN,Not Predicted,,0.0,0
2057900227,W,R,W,W,WRWW,ODD,Not Predicted,,0.0,0
2057900228,R,R,W,W,RRWW,EVEN,Not Predicted,,0.0,0
2057900229,W,W,W,R,WWWR,ODD,Not Predicted,,0.0,0
2057900230,W,R,R,W,WRRW,EVEN,Not Predicted,,0.0,0
2057900231,R,R,W,W,RRWW,EVEN,Not Predicted,,0.0,0
2057900232,R,R,W,W,RRWW,EVEN,Not Predicted,,0.0,0
2057900233,R,R,W,R,RRWR,ODD,Not Predicted,,0.0,0
2057900234,R,R,R,W,RRRW,ODD,Not Predicted,,0.0,0
2057900235,R,R,R,W,RRRW,ODD,Not Predicted,,0.0,0
2057900236,R,R,W,W,RRWW,EVEN,Not Predicted,,0.0,0
2057900237,R,R,R,W,RRRW,ODD,Not Predicted,,0.0,0
2057900238,W,R,R,R,WRRR,ODD,Not Predicted,,0.0,0
2057900239,R,R,R,W,RRRW,ODD,Not Predicted,,0.0,0
2057900240,R,R,W,R,RRWR,ODD,Not Predicted,,0.0,0
2057900241,W,W,R,R,WWRR,EVEN,Not Predicted,,0.0,0
2057900242,W,W,R,R,WWRR,EVEN,Not Predicted,,0.0,0
2057900243,W,W,W,R,WWWR,ODD,Not Predicted,,0.0,0
2057900244,R,R,W,R,RRWR,ODD,Not Predicted,,0.0,0
2057900245,W,R,W,R,WRWR,EVEN,Not Predicted,,0.0,0
2057900246,R,W,R,R,RWRR,ODD,Not Predicted,,0.0,0
2057900247,W,W,R,R,WWRR,EVEN,Not Predicted,,0.0,0
2057900248,W,W,W,R,WWWR,ODD,Not Predicted,,0.0,0
2057900249,W,W,R,W,WWRW,ODD,Not Predicted,,0.0,0
2057900250,W,W,W,R,WWWR,ODD,Not Predicted,,0.0,0
2057900251,W,W,R,W,WWRW,ODD,Not Predicted,,0.0,0
2057900252,W,W,W,R,WWWR,ODD,Not Predicted,,0.0,0
2057900253,W,R,R,R,WRRR,ODD,Not Predicted,,0.0,0
2057900254,R,R,W,R,RRWR,ODD,Not Predicted,,0.0,0
2057900255,W,W,R,R,WWRR,EVEN,Not Predicted,,0.0,0
2057900256,R,R,R,R,RRRR,EVEN,Not Predicted,,0.0,0
2057900257,W,W,R,W,WWRW,ODD,Not Predicted,,0.0,0
2057900258,W,R,R,R,WRRR,ODD,Not Predicted,,0.0,0
2057900259,W,W,R,R,WWRR,EVEN,Not Predicted,,0.0,0
2057900260,R,W,R,W,RWRW,EVEN,Not Predicted,,0.0,0
2057900261,R,R,R,R,RRRR,EVEN,Not Predicted,,0.0,0
2057900262,W,W,R,R,WWRR,EVEN,Not Predicted,,0.0,0
2057900263,W,R,R,R,WRRR,ODD,Not Predicted,,0.0,0
2057900264,W,W,W,W,WWWW,EVEN,Not Predicted,,0.0,0
2057900265,W,R,W,W,WRWW,ODD,Not Predicted,,0.0,0
2057900266,W,W,W,W,WWWW,EVEN,Not Predicted,,0.0,0
2057900267,R,W,W,W,RWWW,ODD,Not Predicted,,0.0,0
2057900268,R,R,W,R,RRWR,ODD,Not Predicted,,0.0,0
2057900269,R,R,R,W,RRRW,ODD,Not Predicted,,0.0,0
2057900270,W,R,W,R,WRWR,EVEN,Not Predicted,,0.0,0
2057900271,W,R,R,R,WRRR,ODD,Not Predicted,,0.0,0
2057900272,R,W,W,W,RWWW,ODD,Not Predicted,,0.0,0
2057900273,R,R,R,R,RRRR,EVEN,Not Predicted,,0.0,0
2057900274,W,R,W,R,WRWR,EVEN,Not Predicted,,0.0,0
2057900275,R,W,W,R,RWWR,EVEN,Not Predicted,,0.0,0
2057900276,R,R,R,R,RRRR,EVEN,Not Predicted,,0.0,0
2057900277,W,W,W,R,WWWR,ODD,Not Predicted,,0.0,0
2057900278,R,R,W,R,RRWR,ODD,Not Predicted,,0.0,0
2057900279,R,R,R,R,RRRR,EVEN,Not Predicted,,0.0,0
2057900280,W,R,R,W,WRRW,EVEN,Not Predicted,,0.0,0
2057900281,W,W,R,W,WWRW,ODD,Not Predicted,,0.0,0
2057900282,R,R,W,R,RRWR,ODD,Not Predicted,,0.0,0
2057900283,R,R,R,W,RRRW,ODD,Not Predicted,,0.0,0
2057900284,W,W,R,R,WWRR,EVEN,Not Predicted,,0.0,0
2057900285,W,W,R,W,WWRW,ODD,Not Predicted,,0.0,0
2057900286,W,W,R,R,WWRR,EVEN,Not Predicted,,0.0,0
2057900287,W,W,W,R,WWWR,ODD,Not Predicted,,0.0,0
2057900288,W,W,W,W,WWWW,EVEN,Not Predicted,,0.0,0
2057900289,R,R,W,W,RRWW,EVEN,Not Predicted,,0.0,0
2057900290,W,R,R,W,WRRW,EVEN,Not Predicted,,0.0,0
2057900291,W,W,W,W,WWWW,EVEN,Not Predicted,,0.0,0
2057900292,R,W,W,R,RWWR,EVEN,Not Predicted,,0.0,0
2057900293,R,W,R,R,RWRR,ODD,Not Predicted,,0.0,0
2057900294,W,W,R,W,WWRW,ODD,Not Predicted,,0.0,0
2057900295,R,R,W,W,RRWW,EVEN,Not Predicted,,0.0,0
2057900296,R,W,R,R,RWRR,ODD,Not Predicted,,0.0,0
2057900297,R,W,W,W,RWWW,ODD,Not Predicted,,0.0,0
2057900298,R,W,R,W,RWRW,EVEN,Not Predicted,,0.0,0
2057900299,W,R,R,W,WRRW,EVEN,Not Predicted,,0.0,0
2057900300,R,W,R,W,RWRW,EVEN,Not Predicted,,0.0,0
2057900301,R,R,R,W,RRRW,ODD,Not Predicted,,0.0,0
2057900302,R,R,W,R,RRWR,ODD,Not Predicted,,0.0,0
2057900303,W,W,R,R,WWRR,EVEN,Not Predicted,,0.0,0
2057900304,R,R,W,R,RRWR,ODD,Not Predicted,,0.0,0
2057900305,W,R,W,W,WRWW,ODD,Not Predicted,,0.0,0
2057900306,W,W,R,R,WWRR,EVEN,Not Predicted,,0.0,0
2057900307,R,W,R,R,RWRR,ODD,Not Predicted,,0.0,0
2057900308,R,R,R,R,RRRR,EVEN,Not Predicted,,0.0,0
2057900309,R,W,R,W,RWRW,EVEN,Not Predicted,,0.0,0
2057900310,R,R,W,W,RRWW,EVEN,Not Predicted,,0.0,0
2057900311,R,R,W,W,RRWW,EVEN,Not Predicted,,0.0,0
2057900312,R,R,R,R,RRRR,EVEN,Not Predicted,,0.0,0
2057900313,R,W,W,R,RWWR,EVEN,Not Predicted,,0.0,0
2057900314,R,W,W,W,RWWW,ODD,Not Predicted,,0.0,0
2057900315,R,W,R,W,RWRW,EVEN,Not Predicted,,0.0,0
2057900316,W,R,R,R,WRRR,ODD,Not Predicted,,0.0,0
2057900317,R,W,R,W,RWRW,EVEN,Not Predicted,,0.0,0
2057900318,W,R,R,W,WRRW,EVEN,Not Predicted,,0.0,0
2057900319,R,W,W,W,RWWW,ODD,Not Predicted,,0.0,0
2057900320,R,W,W,R,RWWR,EVEN,Not Predicted,,0.0,0
2057900321,W,W,W,W,WWWW,EVEN,Not Predicted,,0.0,0
2057900322,W,R,W,R,WRWR,EVEN,Not Predicted,,0.0,0
2057900323,R,R,R,W,RRRW,ODD,Not Predicted,,0.0,0
2057900324,R,W,R,R,RWRR,ODD,Not Predicted,,0.0,0
2057900325,R,R,W,W,RRWW,EVEN,Not Predicted,,0.0,0
2057900326,W,R,W,R,WRWR,EVEN,Not Predicted,,0.0,0
2057900327,R,R,W,R,RRWR,ODD,Not Predicted,,0.0,0
2057900328,W,W,W,W,WWWW,EVEN,Not Predicted,,0.0,0
2057900329,R,W,W,W,RWWW,ODD,Not Predicted,,0.0,0
2057900330,W,R,W,W,WRWW,ODD,Not Predicted,,0.0,0
2057900331,R,R,R,W,RRRW,ODD,Not Predicted,,0.0,0
2057900332,W,W,R,R,WWRR,EVEN,Not Predicted,,0.0,0
2057900333,R,R,W,R,RRWR,ODD,Not Predicted,,0.0,0
2057900334,W,W,W,W,WWWW,EVEN,Not Predicted,,0.0,0
2057900335,W,R,R,R,WRRR,ODD,Not Predicted,,0.0,0
2057900336,R,R,R,W,RRRW,ODD,Not Predicted,,0.0,0
2057900337,R,R,W,R,RRWR,ODD,Not Predicted,,0.0,0
2057900338,R,W,W,R,RWWR,EVEN,Not Predicted,,0.0,0
2057900339,R,R,R,W,RRRW,ODD,Not Predicted,,0.0,0
2057900340,R,R,W,R,RRWR,ODD,Not Predicted,,0.0,0
2057900341,W,R,R,R,WRRR,ODD,Not Predicted,,0.0,0
2057900342,W,R,W,R,WRWR,EVEN,Not Predicted,,0.0,0
2057900343,W,R,R,R,WRRR,ODD,Not Predicted,,0.0,0
2057900344,W,R,R,W,WRRW,EVEN,Not Predicted,,0.0,0
2057900345,W,W,W,W,WWWW,EVEN,Not Predicted,,0.0,0
2057900346,R,R,W,R,RRWR,ODD,Not Predicted,,0.0,0
2057900347,W,R,R,R,WRRR,ODD,Not Predicted,,0.0,0
2057900348,W,R,W,R,WRWR,EVEN,Not Predicted,,0.0,0
2057900349,R,R,R,R,RRRR,EVEN,Not Predicted,,0.0,0
2057900350,W,W,R,W,WWRW,ODD,Not Predicted,,0.0,0
2057900351,R,R,R,W,RRRW,ODD,Not Predicted,,0.0,0
2057900352,W,R,W,W,WRWW,ODD,Not Predicted,,0.0,0
2057900353,R,R,R,W,RRRW,ODD,Not Predicted,,0.0,0
2057900354,W,W,W,R,WWWR,ODD,Not Predicted,,0.0,0
2057900355,W,W,R,R,WWRR,EVEN,Not Predicted,,0.0,0
2057900356,W,W,R,R,WWRR,EVEN,Not Predicted,,0.0,0
2057900357,W,W,W,R,WWWR,ODD,Not Predicted,,0.0,0
2057900358,R,R,W,R,RRWR,ODD,Not Predicted,,0.0,0
2057900359,R,W,R,R,RWRR,ODD,Not Predicted,,0.0,0
2057900360,R,R,R,W,RRRW,ODD,Not Predicted,,0.0,0
2057900361,R,R,R,W,RRRW,ODD,Not Predicted,,0.0,0
2057900362,R,W,W,R,RWWR,EVEN,Not Predicted,,0.0,0
2057900363,W,W,R,W,WWRW,ODD,Not Predicted,,0.0,0
2057900364,W,W,R,R,WWRR,EVEN,Not Predicted,,0.0,0
2057900365,W,R,R,R,WRRR,ODD,Not Predicted,,0.0,0
2057900366,R,R,R,R,RRRR,EVEN,Not Predicted,,0.0,0
2057900367,R,R,W,W,RRWW,EVEN,Not Predicted,,0.0,0
2057900368,R,W,R,W,RWRW,EVEN,Not Predicted,,0.0,0
2057900369,W,W,W,W,WWWW,EVEN,Not Predicted,,0.0,0
2057900370,W,R,W,W,WRWW,ODD,Not Predicted,,0.0,0
2057900371,W,R,R,W,WRRW,EVEN,Not Predicted,,0.0,0
2057900372,R,W,R,R,RWRR,ODD,Not Predicted,,0.0,0
2057900373,W,R,R,R,WRRR,ODD,Not Predicted,,0.0,0
2057900374,W,R,W,R,WRWR,EVEN,Not Predicted,,0.0,0
2057900375,R,W,W,W,RWWW,ODD,Not Predicted,,0.0,0
2057900376,R,W,R,W,RWRW,EVEN,Not Predicted,,0.0,0
2057900377,R,R,W,R,RRWR,ODD,Not Predicted,,0.0,0
2057900378,W,W,R,W,WWRW,ODD,Not Predicted,,0.0,0
2057900379,R,W,R,R,RWRR,ODD,Not Predicted,,0.0,0
2057900380,W,W,W,W,WWWW,EVEN,Not Predicted,,0.0,0
2057900381,R,R,W,R,RRWR,ODD,Not Predicted,,0.0,0
2057900382,W,W,R,W,WWRW,ODD,Not Predicted,,0.0,0
2057900383,R,W,R,R,RWRR,ODD,Not Predicted,,0.0,0
2057900384,R,R,W,R,RRWR,ODD,Not Predicted,,0.0,0
2057900385,R,W,W,W,RWWW,ODD,Not Predicted,,0.0,0
2057900386,W,R,W,W,WRWW,ODD,Not Predicted,,0.0,0
2057900387,R,W,R,R,RWRR,ODD,Not Predicted,,0.0,0
2057900388,R,R,W,W,RRWW,EVEN,Not Predicted,,0.0,0
2057900389,R,W,W,R,RWWR,EVEN,Not Predicted,,0.0,0
2057900390,R,W,W,R,RWWR,EVEN,Not Predicted,,0.0,0
2057900391,W,W,R,W,WWRW,ODD,Not Predicted,,0.0,0
2057900392,R,W,R,R,RWRR,ODD,Not Predicted,,0.0,0
2057900393,W,W,R,W,WWRW,ODD,Not Predicted,,0.0,0
2057900394,W,R,R,W,WRRW,EVEN,Not Predicted,,0.0,0
2057900395,R,W,W,R,RWWR,EVEN,Not Predicted,,0.0,0
2057900396,R,R,R,R,RRRR,EVEN,Not Predicted,,0.0,0
2057900397,R,W,W,W,RWWW,ODD,Not Predicted,,0.0,0
2057900398,R,W,R,W,RWRW,EVEN,Not Predicted,,0.0,0
2057900399,W,W,R,R,WWRR,EVEN,Not Predicted,,0.0,0
2057900400,R,W,W,W,RWWW,ODD,Not Predicted,,0.0,0
2057900401,R,W,R,W,RWRW,EVEN,Not Predicted,,0.0,0
2057900402,W,R,R,R,WRRR,ODD,Not Predicted,,0.0,0
2057900403,R,W,R,W,RWRW,EVEN,Not Predicted,,0.0,0
2057900404,W,W,W,W,WWWW,EVEN,Not Predicted,,0.0,0
2057900405,W,R,R,W,WRRW,EVEN,Not Predicted,,0.0,0
2057900406,R,R,R,W,RRRW,ODD,Not Predicted,,0.0,0
2057900407,R,R,R,R,RRRR,EVEN,Not Predicted,,0.0,0
2057900408,W,W,W,W,WWWW,EVEN,Not Predicted,,0.0,0
2057900409,R,R,R,R,RRRR,EVEN,Not Predicted,,0.0,0
2057900410,W,R,R,R,WRRR,ODD,Not Predicted,,0.0,0
2057900411,R,W,W,W,RWWW,ODD,Not Predicted,,0.0,0
2057900412,W,R,W,R,WRWR,EVEN,Not Predicted,,0.0,0
2057900413,W,W,W,R,WWWR,ODD,Not Predicted,,0.0,0
2057900414,W,R,W,R,WRWR,EVEN,Not Predicted,,0.0,0
2057900415,R,W,R,W,RWRW,EVEN,Not Predicted,,0.0,0
2057900416,W,R,R,W,WRRW,EVEN,Not Predicted,,0.0,0
2057900417,W,W,W,W,WWWW,EVEN,Not Predicted,,0.0,0
2057900418,W,W,R,R,WWRR,EVEN,Not Predicted,,0.0,0
2057900419,R,W,W,W,RWWW,ODD,Not Predicted,,0.0,0
2057900420,W,W,W,R,WWWR,ODD,Not Predicted,,0.0,0
2057900421,W,W,R,R,WWRR,EVEN,Not Predicted,,0.0,0
2057900422,R,R,R,W,RRRW,ODD,Not Predicted,,0.0,0
2057900423,W,W,R,R,WWRR,EVEN,Not Predicted,,0.0,0
2057900424,R,W,R,W,RWRW,EVEN,Not Predicted,,0.0,0
2057900425,R,W,W,W,RWWW,ODD,Not Predicted,,0.0,0
2057900426,W,W,R,R,WWRR,EVEN,Not Predicted,,0.0,0
2057900427,W,W,R,W,WWRW,ODD,Not Predicted,,0.0,0
2057900428,W,R,R,R,WRRR,ODD,Not Predicted,,0.0,0
2057900429,W,W,W,W,WWWW,EVEN,Not Predicted,,0.0,0
2057900430,R,R,W,R,RRWR,ODD,Not Predicted,,0.0,0
2057900431,W,R,R,R,WRRR,ODD,Not Predicted,,0.0,0
2057900432,W,W,W,R,WWWR,ODD,Not Predicted,,0.0,0
2057900433,R,W,R,W,RWRW,EVEN,Not Predicted,,0.0,0
2057900434,W,W,R,R,WWRR,EVEN,Not Predicted,,0.0,0
2057900435,R,W,R,W,RWRW,EVEN,Not Predicted,,0.0,0
2057900436,R,W,W,R,RWWR,EVEN,Not Predicted,,0.0,0
2057900437,W,W,R,R,WWRR,EVEN,Not Predicted,,0.0,0
2057900438,R,W,W,R,RWWR,EVEN,Not Predicted,,0.0,0
2057900439,W,R,R,W,WRRW,EVEN,Not Predicted,,0.0,0
2057900440,W,W,R,W,WWRW,ODD,Not Predicted,,0.0,0
2057900441,W,W,W,R,WWWR,ODD,Not Predicted,,0.0,0
2057900442,R,W,R,W,RWRW,EVEN,Not Predicted,,0.0,0
2057900443,R,R,W,W,RRWW,EVEN,Not Predicted,,0.0,0
2057900444,W,W,R,W,WWRW,ODD,Not Predicted,,0.0,0
2057900445,W,W,W,R,WWWR,ODD,Not Predicted,,0.0,0
2057900446,W,R,R,R,WRRR,ODD,Not Predicted,,0.0,0
2057900447,W,R,R,R,WRRR,ODD,Not Predicted,,0.0,0
2057900448,R,W,W,R,RWWR,EVEN,Not Predicted,,0.0,0
2057900449,W,W,R,R,WWRR,EVEN,Not Predicted,,0.0,0
2057900450,R,R,W,W,RRWW,EVEN,Not Predicted,,0.0,0
2057900451,W,W,R,R,WWRR,EVEN,Not Predicted,,0.0,0
2057900452,R,W,R,W,RWRW,EVEN,Not Predicted,,0.0,0
2057900453,W,W,W,W,WWWW,EVEN,Not Predicted,,0.0,0
2057900454,R,W,W,W,RWWW,ODD,Not Predicted,,0.0,0
2057900455,R,W,W,R,RWWR,EVEN,Not Predicted,,0.0,0
2057900456,W,W,R,W,WWRW,ODD,Not Predicted,,0.0,0
2057900457,R,R,R,W,RRRW,ODD,Not Predicted,,0.0,0
2057900458,R,W,R,W,RWRW,EVEN,Not Predicted,,0.0,0
2057900459,R,W,W,W,RWWW,ODD,Not Predicted,,0.0,0
2057900460,W,R,R,W,WRRW,EVEN,Not Predicted,,0.0,0
2057900461,W,W,R,W,WWRW,ODD,Not Predicted,,0.0,0
2057900462,W,W,R,W,WWRW,ODD,Not Predicted,,0.0,0
2057900463,R,R,R,W,RRRW,ODD,Not Predicted,,0.0,0
2057900464,W,R,W,R,WRWR,EVEN,Not Predicted,,0.0,0
2057900465,R,W,R,W,RWRW,EVEN,Not Predicted,,0.0,0
2057900466,R,R,R,W,RRRW,ODD,Not Predicted,,0.0,0
2057900467,R,W,W,W,RWWW,ODD,Not Predicted,,0.0,0
2057900468,W,W,W,R,WWWR,ODD,Not Predicted,,0.0,0
2057900469,W,W,R,R,WWRR,EVEN,Not Predicted,,0.0,0
2057900470,W,W,R,R,WWRR,EVEN,Not Predicted,,0.0,0
2057900471,W,R,R,W,WRRW,EVEN,Not Predicted,,0.0,0
2057900472,W,W,W,W,WWWW,EVEN,Not Predicted,,0.0,0
2057900473,W,R,W,R,WRWR,EVEN,Not Predicted,,0.0,0
2057900474,W,R,R,W,WRRW,EVEN,Not Predicted,,0.0,0
2057900475,R,R,W,R,RRWR,ODD,Not Predicted,,0.0,0
2057900476,R,R,W,W,RRWW,EVEN,Not Predicted,,0.0,0
2057900477,R,R,R,R,RRRR,EVEN,Not Predicted,,0.0,0
2057900478,W,R,W,W,WRWW,ODD,Not Predicted,,0.0,0
2057900479,R,R,W,W,RRWW,EVEN,Not Predicted,,0.0,0
2057900480,W,W,R,R,WWRR,EVEN,Not Predicted,,0.0,0
2058000001,W,W,W,W,WWWW,EVEN,Not Predicted,,0.0,0
2058000002,W,W,R,R,WWRR,EVEN,Not Predicted,,0.0,0
2058000003,R,W,R,R,RWRR,ODD,Not Predicted,,0.0,0
2058000004,W,W,W,R,WWWR,ODD,Not Predicted,,0.0,0
2058000005,W,R,W,R,WRWR,EVEN,Not Predicted,,0.0,0
2058000006,W,R,R,R,WRRR,ODD,Not Predicted,,0.0,0
2058000007,W,W,R,W,WWRW,ODD,Not Predicted,,0.0,0
2058000008,R,W,W,W,RWWW,ODD,Not Predicted,,0.0,0
2058000009,W,W,R,R,WWRR,EVEN,Not Predicted,,0.0,0
2058000010,W,W,R,R,WWRR,EVEN,Not Predicted,,0.0,0
2058000011,W,W,W,W,WWWW,EVEN,Not Predicted,,0.0,0
2058000012,R,W,R,R,RWRR,ODD,Not Predicted,,0.0,0
2058000013,R,W,R,R,RWRR,ODD,Not Predicted,,0.0,0
2058000014,R,R,W,R,RRWR,ODD,Not Predicted,,0.0,0
2058000015,R,R,R,W,RRRW,ODD,Not Predicted,,0.0,0
2058000016,W,R,W,R,WRWR,EVEN,Not Predicted,,0.0,0
2058000017,W,R,R,R,WRRR,ODD,Not Predicted,,0.0,0
2058000018,R,R,R,R,RRRR,EVEN,Not Predicted,,0.0,0
2058000019,R,R,R,R,RRRR,EVEN,Not Predicted,,0.0,0
2058000020,W,R,W,W,WRWW,ODD,Not Predicted,,0.0,0
2058000021,W,R,W,W,WRWW,ODD,Not Predicted,,0.0,0
2058000022,W,W,W,R,WWWR,ODD,Not Predicted,,0.0,0
2058000023,R,W,R,R,RWRR,ODD,Not Predicted,,0.0,0
2058000024,R,R,R,W,RRRW,ODD,Not Predicted,,0.0,0
2058000025,W,W,W,R,WWWR,ODD,Not Predicted,,0.0,0
2058000026,W,R,R,W,WRRW,EVEN,Not Predicted,,0.0,0
2058000027,R,W,R,W,RWRW,EVEN,Not Predicted,,0.0,0
2058000028,W,R,R,R,WRRR,ODD,Not Predicted,,0.0,0
2058000029,R,R,W,R,RRWR,ODD,Not Predicted,,0.0,0
2058000030,R,R,R,R,RRRR,EVEN,Not Predicted,,0.0,0
2058000031,W,W,R,R,WWRR,EVEN,Not Predicted,,0.0,0
2058000032,W,W,W,W,WWWW,EVEN,Not Predicted,,0.0,0
2058000033,W,W,W,R,WWWR,ODD,Not Predicted,,0.0,0
2058000034,W,W,W,R,WWWR,ODD,Not Predicted,,0.0,0
2058000035,R,W,R,W,RWRW,EVEN,Not Predicted,,0.0,0
2058000036,R,R,W,R,RRWR,ODD,Not Predicted,,0.0,0
2058000037,R,R,R,R,RRRR,EVEN,Not Predicted,,0.0,0
2058000038,W,R,W,R,WRWR,EVEN,Not Predicted,,0.0,0
2058000039,W,R,W,R,WRWR,EVEN,Not Predicted,,0.0,0
2058000040,W,R,R,R,WRRR,ODD,Not Predicted,,0.0,0
2058000041,R,R,R,R,RRRR,EVEN,Not Predicted,,0.0,0
2058000042,R,R,W,R,RRWR,ODD,Not Predicted,,0.0,0
2058000043,W,R,W,R,WRWR,EVEN,Not Predicted,,0.0,0
2058000044,W,W,R,W,WWRW,ODD,Not Predicted,,0.0,0
2058000045,R,W,R,R,RWRR,ODD,Not Predicted,,0.0,0
2058000046,R,R,R,W,RRRW,ODD,Not Predicted,,0.0,0
2058000047,R,W,W,W,RWWW,ODD,Not Predicted,,0.0,0
2058000048,W,W,R,R,WWRR,EVEN,Not Predicted,,0.0,0
2058000049,W,W,W,W,WWWW,EVEN,Not Predicted,,0.0,0
2058000050,W,R,R,R,WRRR,ODD,Not Predicted,,0.0,0
2058000051,R,R,R,R,RRRR,EVEN,Not Predicted,,0.0,0
2058000052,W,W,W,W,WWWW,EVEN,Not Predicted,,0.0,0
2058000053,R,W,R,W,RWRW,EVEN,Not Predicted,,0.0,0
2058000054,W,W,R,W,WWRW,ODD,Not Predicted,,0.0,0
2058000055,R,W,W,R,RWWR,EVEN,Not Predicted,,0.0,0
2058000056,W,R,R,W,WRRW,EVEN,Not Predicted,,0.0,0
2058000057,W,R,W,R,WRWR,EVEN,Not Predicted,,0.0,0
2058000058,R,W,R,W,RWRW,EVEN,Not Predicted,,0.0,0
2058000059,R,R,R,W,RRRW,ODD,Not Predicted,,0.0,0
2058000060,W,W,R,W,WWRW,ODD,Not Predicted,,0.0,0
2058000061,W,W,W,R,WWWR,ODD,Not Predicted,,0.0,0
2058000062,W,W,R,W,WWRW,ODD,Not Predicted,,0.0,0
2058000063,R,W,W,R,RWWR,EVEN,Not Predicted,,0.0,0
2058000064,R,W,W,R,RWWR,EVEN,Not Predicted,,0.0,0
2058000065,R,W,W,W,RWWW,ODD,Not Predicted,,0.0,0
2058000066,R,R,R,W,RRRW,ODD,Not Predicted,,0.0,0
2058000067,R,R,W,R,RRWR,ODD,Not Predicted,,0.0,0
2058000068,R,W,W,R,RWWR,EVEN,Not Predicted,,0.0,0
2058000069,W,R,W,W,WRWW,ODD,Not Predicted,,0.0,0
2058000070,R,R,W,W,RRWW,EVEN,Not Predicted,,0.0,0
2058000071,R,W,W,R,RWWR,EVEN,Not Predicted,,0.0,0
2058000072,R,W,W,R,RWWR,EVEN,Not Predicted,,0.0,0
2058000073,R,R,W,W,RRWW,EVEN,Not Predicted,,0.0,0
2058000074,R,R,R,W,RRRW,ODD,Not Predicted,,0.0,0
2058000075,R,W,W,R,RWWR,EVEN,Not Predicted,,0.0,0
2058000076,R,R,R,R,RRRR,EVEN,Not Predicted,,0.0,0
2058000077,R,R,W,W,RRWW,EVEN,Not Predicted,,0.0,0
2058000078,W,R,W,W,WRWW,ODD,Not Predicted,,0.0,0
2058000079,R,W,W,R,RWWR,EVEN,Not Predicted,,0.0,0
2058000080,W,R,R,R,WRRR,ODD,Not Predicted,,0.0,0
2058000081,W,W,W,R,WWWR,ODD,Not Predicted,,0.0,0
2058000082,W,W,W,W,WWWW,EVEN,Not Predicted,,0.0,0
2058000083,R,W,R,W,RWRW,EVEN,Not Predicted,,0.0,0
2058000084,R,R,R,R,RRRR,EVEN,Not Predicted,,0.0,0
2058000085,R,R,W,R,RRWR,ODD,Not Predicted,,0.0,0
2058000086,R,W,W,R,RWWR,EVEN,Not Predicted,,0.0,0
2058000087,W,R,W,W,WRWW,ODD,Not Predicted,,0.0,0
2058000088,R,R,W,W,RRWW,EVEN,Not Predicted,,0.0,0
2058000089,W,R,R,W,WRRW,EVEN,Not Predicted,,0.0,0
2058000090,W,W,R,R,WWRR,EVEN,Not Predicted,,0.0,0
2058000091,W,W,R,R,WWRR,EVEN,Not Predicted,,0.0,0
2058000092,W,R,W,W,WRWW,ODD,Not Predicted,,0.0,0
2058000093,R,R,W,R,RRWR,ODD,Not Predicted,,0.0,0
2058000094,R,R,R,W,RRRW,ODD,Not Predicted,,0.0,0
2058000095,W,R,R,R,WRRR,ODD,Not Predicted,,0.0,0
2058000096,R,R,R,R,RRRR,EVEN,Not Predicted,,0.0,0
2058000097,W,W,R,W,WWRW,ODD,Not Predicted,,0.0,0
2058000098,R,W,W,W,RWWW,ODD,Not Predicted,,0.0,0
2058000099,W,R,R,R,WRRR,ODD,Not Predicted,,0.0,0
2058000100,R,W,W,R,RWWR,EVEN,Not Predicted,,0.0,0
2058000101,W,W,R,W,WWRW,ODD,Not Predicted,,0.0,0
2058000102,W,W,W,W,WWWW,EVEN,Not Predicted,,0.0,0
2058000103,R,R,R,R,RRRR,EVEN,Not Predicted,,0.0,0
2058000104,R,R,R,R,RRRR,EVEN,Not Predicted,,0.0,0
2058000105,R,W,R,W,RWRW,EVEN,Not Predicted,,0.0,0
2058000106,R,W,W,R,RWWR,EVEN,Not Predicted,,0.0,0
2058000107,W,W,R,R,WWRR,EVEN,Not Predicted,,0.0,0
2058000108,W,W,R,R,WWRR,EVEN,Not Predicted,,0.0,0
2058000109,R,R,R,R,RRRR,EVEN,Not Predicted,,0.0,0
2058000110,R,R,W,W,RRWW,EVEN,Not Predicted,,0.0,0
2058000111,W,W,R,R,WWRR,EVEN,Not Predicted,,0.0,0
2058000112,R,R,W,W,RRWW,EVEN,Not Predicted,,0.0,0
2058000113,W,R,W,R,WRWR,EVEN,Not Predicted,,0.0,0
2058000114,R,W,R,R,RWRR,ODD,Not Predicted,,0.0,0
2058000115,W,R,R,W,WRRW,EVEN,Not Predicted,,0.0,0
2058000116,W,R,R,W,WRRW,EVEN,Not Predicted,,0.0,0
2058000117,W,R,W,R,WRWR,EVEN,Not Predicted,,0.0,0
2058000118,R,R,W,R,RRWR,ODD,Not Predicted,,0.0,0
2058000119,R,W,W,R,RWWR,EVEN,Not Predicted,,0.0,0
2058000120,R,R,R,W,RRRW,ODD,Not Predicted,,0.0,0
2058000121,W,R,R,W,WRRW,EVEN,Not Predicted,,0.0,0
2058000122,R,W,W,R,RWWR,EVEN,Not Predicted,,0.0,0
2058000123,W,R,R,W,WRRW,EVEN,Not Predicted,,0.0,0
2058000124,W,W,R,W,WWRW,ODD,Not Predicted,,0.0,0
2058000125,W,W,W,W,WWWW,EVEN,Not Predicted,,0.0,0
2058000126,W,W,R,W,WWRW,ODD,Not Predicted,,0.0,0
2058000127,R,W,W,R,RWWR,EVEN,Not Predicted,,0.0,0
2058000128,R,W,W,R,RWWR,EVEN,Not Predicted,,0.0,0
2058000129,R,W,R,R,RWRR,ODD,Not Predicted,,0.0,0
2058000130,R,R,R,W,RRRW,ODD,Not Predicted,,0.0,0
2058000131,W,R,R,W,WRRW,EVEN,Not Predicted,,0.0,0
2058000132,W,R,R,W,WRRW,EVEN,Not Predicted,,0.0,0
2058000133,W,R,R,W,WRRW,EVEN,Not Predicted,,0.0,0
2058000134,W,R,W,W,WRWW,ODD,Not Predicted,,0.0,0
2058000135,R,R,W,R,RRWR,ODD,Not Predicted,,0.0,0
2058000136,W,R,W,W,WRWW,ODD,Not Predicted,,0.0,0
2058000137,W,W,R,W,WWRW,ODD,Not Predicted,,0.0,0
2058000138,R,W,R,W,RWRW,EVEN,Not Predicted,,0.0,0
2058000139,R,W,R,W,RWRW,EVEN,Not Predicted,,0.0,0
2058000140,W,R,W,W,WRWW,ODD,Not Predicted,,0.0,0
2058000141,R,W,W,W,RWWW,ODD,Not Predicted,,0.0,0
2058000142,W,R,R,W,WRRW,EVEN,Not Predicted,,0.0,0
2058000143,W,R,R,W,WRRW,EVEN,Not Predicted,,0.0,0
2058000144,R,W,W,W,RWWW,ODD,Not Predicted,,0.0,0
2058000145,W,R,R,W,WRRW,EVEN,Not Predicted,,0.0,0
2058000146,R,W,W,R,RWWR,EVEN,Not Predicted,,0.0,0
2058000147,R,W,R,W,RWRW,EVEN,Not Predicted,,0.0,0
2058000148,W,W,R,W,WWRW,ODD,Not Predicted,,0.0,0
2058000149,W,W,W,R,WWWR,ODD,Not Predicted,,0.0,0
2058000150,R,R,W,R,RRWR,ODD,Not Predicted,,0.0,0
2058000151,R,R,W,W,RRWW,EVEN,Not Predicted,,0.0,0
2058000152,R,W,W,R,RWWR,EVEN,Not Predicted,,0.0,0
2058000153,W,W,W,R,WWWR,ODD,Not Predicted,,0.0,0
2058000154,W,R,R,W,WRRW,EVEN,Not Predicted,,0.0,0
2058000155,W,R,W,R,WRWR,EVEN,Not Predicted,,0.0,0
2058000156,W,R,W,W,WRWW,ODD,Not Predicted,,0.0,0
2058000157,R,R,W,R,RRWR,ODD,Not Predicted,,0.0,0
2058000158,R,R,W,W,RRWW,EVEN,Not Predicted,,0.0,0
2058000159,R,R,R,W,RRRW,ODD,Not Predicted,,0.0,0
2058000160,R,R,R,W,RRRW,ODD,Not Predicted,,0.0,0
2058000161,W,R,W,R,WRWR,EVEN,Not Predicted,,0.0,0
2058000162,R,W,W,W,RWWW,ODD,Not Predicted,,0.0,0
2058000163,R,W,R,R,RWRR,ODD,Not Predicted,,0.0,0
2058000164,R,W,W,R,RWWR,EVEN,Not Predicted,,0.0,0
2058000165,W,W,R,W,WWRW,ODD,Not Predicted,,0.0,0
2058000166,W,W,R,R,WWRR,EVEN,Not Predicted,,0.0,0
2058000167,R,W,R,W,RWRW,EVEN,Not Predicted,,0.0,0
2058000168,R,W,W,W,RWWW,ODD,Not Predicted,,0.0,0
2058000169,W,R,R,W,WRRW,EVEN,Not Predicted,,0.0,0
2058000170,R,W,W,R,RWWR,EVEN,Not Predicted,,0.0,0
2058000171,W,R,W,W,WRWW,ODD,Not Predicted,,0.0,0
2058000172,R,W,W,W,RWWW,ODD,Not Predicted,,0.0,0
2058000173,W,W,W,W,WWWW,EVEN,Not Predicted,,0.0,0
2058000174,R,R,R,R,RRRR,EVEN,Not Predicted,,0.0,0
2058000175,R,W,R,W,RWRW,EVEN,Not Predicted,,0.0,0
2058000176,W,R,R,W,WRRW,EVEN,Not Predicted,,0.0,0
2058000177,R,R,R,W,RRRW,ODD,Not Predicted,,0.0,0
2058000178,R,R,R,R,RRRR,EVEN,Not Predicted,,0.0,0
2058000179,R,R,R,R,RRRR,EVEN,Not Predicted,,0.0,0
2058000180,W,W,W,W,WWWW,EVEN,Not Predicted,,0.0,0
2058000181,R,W,W,R,RWWR,EVEN,Not Predicted,,0.0,0
2058000182,W,W,R,W,WWRW,ODD,Not Predicted,,0.0,0
2058000183,R,W,R,W,RWRW,EVEN,Not Predicted,,0.0,0
2058000184,W,R,W,R,WRWR,EVEN,Not Predicted,,0.0,0
2058000185,R,W,R,W,RWRW,EVEN,Not Predicted,,0.0,0
2058000186,R,W,R,W,RWRW,EVEN,Not Predicted,,0.0,0
2058000187,W,W,W,W,WWWW,EVEN,Not Predicted,,0.0,0
2058000188,W,R,W,R,WRWR,EVEN,Not Predicted,,0.0,0
2058000189,R,W,R,R,RWRR,ODD,Not Predicted,,0.0,0
2058000190,W,R,R,W,WRRW,EVEN,Not Predicted,,0.0,0
2058000191,R,W,W,R,RWWR,EVEN,Not Predicted,,0.0,0
2058000192,R,W,R,W,RWRW,EVEN,Not Predicted,,0.0,0
2058000193,R,R,W,R,RRWR,ODD,Not Predicted,,0.0,0
2058000194,W,W,R,R,WWRR,EVEN,Not Predicted,,0.0,0
2058000195,R,R,W,W,RRWW,EVEN,Not Predicted,,0.0,0
2058000196,W,R,W,R,WRWR,EVEN,Not Predicted,,0.0,0
2058000197,W,W,W,R,WWWR,ODD,Not Predicted,,0.0,0
2058000198,W,W,R,R,WWRR,EVEN,Not Predicted,,0.0,0
2058000199,W,W,W,W,WWWW,EVEN,Not Predicted,,0.0,0
2058000200,W,R,W,W,WRWW,ODD,Not Predicted,,0.0,0
2058000201,R,R,W,R,RRWR,ODD,Not Predicted,,0.0,0
2058000202,R,W,W,R,RWWR,EVEN,Not Predicted,,0.0,0
2058000203,W,R,W,R,WRWR,EVEN,Not Predicted,,0.0,0
2058000204,W,R,R,R,WRRR,ODD,Not Predicted,,0.0,0
2058000205,R,W,W,W,RWWW,ODD,Not Predicted,,0.0,0
2058000206,W,W,R,R,WWRR,EVEN,Not Predicted,,0.0,0
2058000207,W,R,W,W,WRWW,ODD,Not Predicted,,0.0,0
2058000208,W,W,W,R,WWWR,ODD,Not Predicted,,0.0,0
2058000209,W,W,R,W,WWRW,ODD,Not Predicted,,0.0,0
2058000210,W,W,W,R,WWWR,ODD,Not Predicted,,0.0,0
2058000211,R,R,W,R,RRWR,ODD,Not Predicted,,0.0,0
2058000212,W,W,R,W,WWRW,ODD,Not Predicted,,0.0,0
2058000213,W,R,W,R,WRWR,EVEN,Not Predicted,,0.0,0
2058000214,R,W,W,W,RWWW,ODD,Not Predicted,,0.0,0
2058000215,R,R,R,R,RRRR,EVEN,Not Predicted,,0.0,0
2058000216,R,R,R,W,RRRW,ODD,Not Predicted,,0.0,0
2058000217,R,R,R,W,RRRW,ODD,Not Predicted,,0.0,0
2058000218,W,W,R,W,WWRW,ODD,Not Predicted,,0.0,0
2058000219,W,W,W,W,WWWW,EVEN,Not Predicted,,0.0,0
2058000220,R,R,W,W,RRWW,EVEN,Not Predicted,,0.0,0
2058000221,R,R,R,W,RRRW,ODD,Not Predicted,,0.0,0
2058000222,R,R,R,R,RRRR,EVEN,Not Predicted,,0.0,0
2058000223,W,W,W,R,WWWR,ODD,Not Predicted,,0.0,0
2058000224,W,R,R,R,WRRR,ODD,Not Predicted,,0.0,0
2058000225,W,W,W,R,WWWR,ODD,Not Predicted,,0.0,0
2058000226,R,R,R,R,RRRR,EVEN,Not Predicted,,0.0,0
2058000227,W,W,R,W,WWRW,ODD,Not Predicted,,0.0,0
2058000228,R,R,W,R,RRWR,ODD,Not Predicted,,0.0,0
2058000229,R,R,R,R,RRRR,EVEN,Not Predicted,,0.0,0
2058000230,W,W,R,R,WWRR,EVEN,Not Predicted,,0.0,0
2058000231,W,R,W,W,WRWW,ODD,Not Predicted,,0.0,0
2058000232,W,R,R,W,WRRW,EVEN,Not Predicted,,0.0,0
2058000233,R,R,R,R,RRRR,EVEN,Not Predicted,,0.0,0
2058000234,R,W,R,W,RWRW,EVEN,Not Predicted,,0.0,0
2058000235,R,W,R,R,RWRR,ODD,Not Predicted,,0.0,0
2058000236,R,R,R,R,RRRR,EVEN,Not Predicted,,0.0,0
2058000237,R,R,R,R,RRRR,EVEN,Not Predicted,,0.0,0
2058000238,W,W,W,R,WWWR,ODD,Not Predicted,,0.0,0
2058000239,R,R,R,R,RRRR,EVEN,Not Predicted,,0.0,0
2058000240,R,R,W,R,RRWR,ODD,Not Predicted,,0.0,0
2058000241,R,R,W,R,RRWR,ODD,Not Predicted,,0.0,0
2058000242,W,R,R,W,WRRW,EVEN,Not Predicted,,0.0,0
2058000243,R,W,W,R,RWWR,EVEN,Not Predicted,,0.0,0
2058000244,W,R,W,W,WRWW,ODD,Not Predicted,,0.0,0
2058000245,R,W,W,W,RWWW,ODD,Not Predicted,,0.0,0
2058000246,R,R,W,R,RRWR,ODD,Not Predicted,,0.0,0
2058000247,R,R,W,W,RRWW,EVEN,Not Predicted,,0.0,0
2058000248,W,R,W,W,WRWW,ODD,Not Predicted,,0.0,0
2058000249,W,W,R,R,WWRR,EVEN,Not Predicted,,0.0,0
2058000250,R,W,R,R,RWRR,ODD,Not Predicted,,0.0,0
2058000251,R,R,W,R,RRWR,ODD,Not Predicted,,0.0,0
2058000252,R,W,R,W,RWRW,EVEN,Not Predicted,,0.0,0
2058000253,W,R,W,W,WRWW,ODD,Not Predicted,,0.0,0
2058000254,R,W,W,W,RWWW,ODD,Not Predicted,,0.0,0
2058000255,W,R,W,R,WRWR,EVEN,Not Predicted,,0.0,0
2058000256,R,W,W,W,RWWW,ODD,Not Predicted,,0.0,0
2058000257,W,W,R,W,WWRW,ODD,Not Predicted,,0.0,0
2058000258,R,R,R,R,RRRR,EVEN,Not Predicted,,0.0,0
2058000259,R,R,R,W,RRRW,ODD,Not Predicted,,0.0,0
2058000260,W,W,W,W,WWWW,EVEN,Not Predicted,,0.0,0
2058000261,W,W,R,R,WWRR,EVEN,Not Predicted,,0.0,0
2058000262,R,W,W,R,RWWR,EVEN,Not Predicted,,0.0,0
2058000263,R,R,W,R,RRWR,ODD,Not Predicted,,0.0,0
2058000264,W,R,R,W,WRRW,EVEN,Not Predicted,,0.0,0
2058000265,W,R,R,W,WRRW,EVEN,Not Predicted,,0.0,0
2058000266,R,W,R,R,RWRR,ODD,Not Predicted,,0.0,0
2058000267,R,R,W,R,RRWR,ODD,Not Predicted,,0.0,0
2058000268,W,W,W,W,WWWW,EVEN,Not Predicted,,0.0,0
2058000269,R,W,W,R,RWWR,EVEN,Not Predicted,,0.0,0
2058000270,R,R,W,R,RRWR,ODD,Not Predicted,,0.0,0
2058000271,R,W,W,W,RWWW,ODD,Not Predicted,,0.0,0
2058000272,W,R,W,W,WRWW,ODD,Not Predicted,,0.0,0
2058000273,W,W,R,R,WWRR,EVEN,Not Predicted,,0.0,0
2058000274,R,W,W,W,RWWW,ODD,Not Predicted,,0.0,0
2058000275,W,R,W,R,WRWR,EVEN,Not Predicted,,0.0,0
2058000276,R,W,W,R,RWWR,EVEN,Not Predicted,,0.0,0
2058000277,W,W,R,W,WWRW,ODD,Not Predicted,,0.0,0
2058000278,W,W,R,R,WWRR,EVEN,Not Predicted,,0.0,0
2058000279,W,R,R,R,WRRR,ODD,Not Predicted,,0.0,0
2058000280,R,R,R,W,RRRW,ODD,Not Predicted,,0.0,0
2058000281,R,R,W,W,RRWW,EVEN,Not Predicted,,0.0,0
2058000282,W,R,W,W,WRWW,ODD,Not Predicted,,0.0,0
2058000283,W,R,W,R,WRWR,EVEN,Not Predicted,,0.0,0
2058000284,W,R,R,W,WRRW,EVEN,Not Predicted,,0.0,0
2058000285,R,R,R,W,RRRW,ODD,Not Predicted,,0.0,0
2058000286,R,R,W,W,RRWW,EVEN,Not Predicted,,0.0,0
2058000287,W,R,R,R,WRRR,ODD,Not Predicted,,0.0,0
2058000288,W,W,R,W,WWRW,ODD,Not Predicted,,0.0,0
2058000289,W,W,W,R,WWWR,ODD,Not Predicted,,0.0,0
2058000290,W,R,W,W,WRWW,ODD,Not Predicted,,0.0,0
2058000291,R,R,W,R,RRWR,ODD,Not Predicted,,0.0,0
2058000292,R,W,W,R,RWWR,EVEN,Not Predicted,,0.0,0
2058000293,W,W,W,W,WWWW,EVEN,Not Predicted,,0.0,0
2058000294,W,W,W,R,WWWR,ODD,Not Predicted,,0.0,0
2058000295,R,W,R,W,RWRW,EVEN,Not Predicted,,0.0,0
2058000296,R,W,R,R,RWRR,ODD,Not Predicted,,0.0,0
2058000297,W,R,W,W,WRWW,ODD,Not Predicted,,0.0,0
2058000298,R,R,W,W,RRWW,EVEN,Not Predicted,,0.0,0
2058000299,R,R,R,W,RRRW,ODD,Not Predicted,,0.0,0
2058000300,W,R,W,R,WRWR,EVEN,Not Predicted,,0.0,0
2058000301,R,R,W,W,RRWW,EVEN,Not Predicted,,0.0,0
2058000302,R,R,W,R,RRWR,ODD,Not Predicted,,0.0,0
2058000303,W,R,R,W,WRRW,EVEN,Not Predicted,,0.0,0
2058000304,R,W,W,W,RWWW,ODD,Not Predicted,,0.0,0
2058000305,W,W,R,R,WWRR,EVEN,Not Predicted,,0.0,0
2058000306,W,R,R,W,WRRW,EVEN,Not Predicted,,0.0,0
2058000307,W,R,R,R,WRRR,ODD,Not Predicted,,0.0,0
2058000308,W,R,R,R,WRRR,ODD,Not Predicted,,0.0,0
2058000309,R,W,R,W,RWRW,EVEN,Not Predicted,,0.0,0
2058000310,R,R,R,W,RRRW,ODD,Not Predicted,,0.0,0
2058000311,W,R,W,R,WRWR,EVEN,Not Predicted,,0.0,0
2058000312,R,R,R,W,RRRW,ODD,Not Predicted,,0.0,0
2058000313,W,R,W,R,WRWR,EVEN,Not Predicted,,0.0,0
2058000314,W,W,R,W,WWRW,ODD,Not Predicted,,0.0,0
2058000315,W,R,W,W,WRWW,ODD,Not Predicted,,0.0,0
2058000316,R,R,W,R,RRWR,ODD,Not Predicted,,0.0,0
2058000317,R,W,W,W,RWWW,ODD,Not Predicted,,0.0,0
2058000318,W,W,W,R,WWWR,ODD,Not Predicted,,0.0,0
2058000319,R,R,R,W,RRRW,ODD,Not Predicted,,0.0,0
2058000320,W,R,R,R,WRRR,ODD,Not Predicted,,0.0,0
2058000321,R,W,R,R,RWRR,ODD,Not Predicted,,0.0,0
2058000322,W,W,R,W,WWRW,ODD,Not Predicted,,0.0,0
2058000323,W,R,R,R,WRRR,ODD,Not Predicted,,0.0,0
2058000324,W,R,W,W,WRWW,ODD,Not Predicted,,0.0,0
2058000325,W,W,R,W,WWRW,ODD,Not Predicted,,0.0,0
2058000326,R,R,R,R,RRRR,EVEN,Not Predicted,,0.0,0
2058000327,W,W,W,W,WWWW,EVEN,Not Predicted,,0.0,0
2058000328,W,W,W,R,WWWR,ODD,Not Predicted,,0.0,0
2058000329,R,W,W,R,RWWR,EVEN,Not Predicted,,0.0,0
2058000330,W,W,R,R,WWRR,EVEN,Not Predicted,,0.0,0
2058000331,R,W,R,W,RWRW,EVEN,Not Predicted,,0.0,0
2058000332,R,R,W,R,RRWR,ODD,Not Predicted,,0.0,0
2058000333,R,R,W,W,RRWW,EVEN,Not Predicted,,0.0,0
2058000334,W,R,R,W,WRRW,EVEN,Not Predicted,,0.0,0
2058000335,W,W,W,W,WWWW,EVEN,Not Predicted,,0.0,0
2058000336,R,R,W,R,RRWR,ODD,Not Predicted,,0.0,0
2058000337,R,W,R,W,RWRW,EVEN,Not Predicted,,0.0,0
2058000338,W,R,W,R,WRWR,EVEN,Not Predicted,,0.0,0
2058000339,W,R,R,R,WRRR,ODD,Not Predicted,,0.0,0
2058000340,R,R,W,R,RRWR,ODD,Not Predicted,,0.0,0
2058000341,R,W,W,R,RWWR,EVEN,Not Predicted,,0.0,0
2058000342,W,R,R,W,WRRW,EVEN,Not Predicted,,0.0,0
2058000343,W,W,W,W,WWWW,EVEN,Not Predicted,,0.0,0
2058000344,W,W,W,W,WWWW,EVEN,Not Predicted,,0.0,0
2058000345,W,R,W,W,WRWW,ODD,Not Predicted,,0.0,0
2058000346,W,R,W,W,WRWW,ODD,Not Predicted,,0.0,0
2058000347,R,W,R,R,RWRR,ODD,Not Predicted,,0.0,0
2058000348,R,R,W,R,RRWR,ODD,Not Predicted,,0.0,0
2058000349,W,W,R,R,WWRR,EVEN,Not Predicted,,0.0,0
2058000350,W,W,R,R,WWRR,EVEN,Not Predicted,,0.0,0
2058000351,W,W,W,W,WWWW,EVEN,Not Predicted,,0.0,0
2058000352,R,R,R,W,RRRW,ODD,Not Predicted,,0.0,0
2058000353,R,R,W,R,RRWR,ODD,Not Predicted,,0.0,0
2058000354,W,R,R,W,WRRW,EVEN,Not Predicted,,0.0,0
2058000355,W,R,W,W,WRWW,ODD,Not Predicted,,0.0,0
2058000356,W,W,R,W,WWRW,ODD,Not Predicted,,0.0,0
2058000357,W,W,W,R,WWWR,ODD,Not Predicted,,0.0,0
2058000358,W,W,R,R,WWRR,EVEN,Not Predicted,,0.0,0
2058000359,R,R,R,W,RRRW,ODD,Not Predicted,,0.0,0
2058000360,W,W,R,R,WWRR,EVEN,Not Predicted,,0.0,0
2058000361,W,R,R,R,WRRR,ODD,Not Predicted,,0.0,0
2058000362,R,R,R,R,RRRR,EVEN,Not Predicted,,0.0,0
2058000363,R,W,W,W,RWWW,ODD,Not Predicted,,0.0,0
2058000364,R,R,R,R,RRRR,EVEN,Not Predicted,,0.0,0
2058000365,W,W,W,W,WWWW,EVEN,Not Predicted,,0.0,0
2058000366,W,W,R,W,WWRW,ODD,Not Predicted,,0.0,0
2058000367,R,W,W,R,RWWR,EVEN,Not Predicted,,0.0,0
2058000368,R,R,W,R,RRWR,ODD,Not Predicted,,0.0,0
2058000369,R,R,W,W,RRWW,EVEN,Not Predicted,,0.0,0
2058000370,W,R,R,W,WRRW,EVEN,Not Predicted,,0.0,0
2058000371,R,W,W,R,RWWR,EVEN,Not Predicted,,0.0,0
2058000372,W,R,W,R,WRWR,EVEN,Not Predicted,,0.0,0
2058000373,R,R,R,R,RRRR,EVEN,Not Predicted,,0.0,0
2058000374,W,W,R,R,WWRR,EVEN,Not Predicted,,0.0,0
2058000375,W,R,R,W,WRRW,EVEN,Not Predicted,,0.0,0
2058000376,R,W,R,R,RWRR,ODD,Not Predicted,,0.0,0
2058000377,W,R,W,W,WRWW,ODD,Not Predicted,,0.0,0
2058000378,R,W,W,R,RWWR,EVEN,Not Predicted,,0.0,0
2058000379,R,W,W,W,RWWW,ODD,Not Predicted,,0.0,0
2058000380,R,R,R,W,RRRW,ODD,Not Predicted,,0.0,0
2058000381,W,R,W,R,WRWR,EVEN,Not Predicted,,0.0,0
2058000382,R,W,W,W,RWWW,ODD,Not Predicted,,0.0,0
2058000383,W,W,W,W,WWWW,EVEN,Not Predicted,,0.0,0
2058000384,R,R,W,W,RRWW,EVEN,Not Predicted,,0.0,0
2058000385,R,W,W,W,RWWW,ODD,Not Predicted,,0.0,0
2058000386,W,W,R,W,WWRW,ODD,Not Predicted,,0.0,0
2058000387,R,W,W,R,RWWR,EVEN,Not Predicted,,0.0,0
2058000388,W,W,W,R,WWWR,ODD,Not Predicted,,0.0,0
2058000389,W,R,W,R,WRWR,EVEN,Not Predicted,,0.0,0
2058000390,W,R,W,W,WRWW,ODD,Not Predicted,,0.0,0
2058000391,W,W,W,R,WWWR,ODD,Not Predicted,,0.0,0
2058000392,W,R,W,R,WRWR,EVEN,Not Predicted,,0.0,0
2058000393,W,W,R,W,WWRW,ODD,Not Predicted,,0.0,0
2058000394,R,R,R,R,RRRR,EVEN,Not Predicted,,0.0,0
2058000395,R,W,R,R,RWRR,ODD,Not Predicted,,0.0,0
2058000396,R,W,W,R,RWWR,EVEN,Not Predicted,,0.0,0
2058000397,W,W,R,R,WWRR,EVEN,Not Predicted,,0.0,0
2058000398,W,W,R,R,WWRR,EVEN,Not Predicted,,0.0,0
2058000399,W,W,R,W,WWRW,ODD,Not Predicted,,0.0,0
2058000400,W,R,R,R,WRRR,ODD,Not Predicted,,0.0,0
2058000401,R,W,W,R,RWWR,EVEN,Not Predicted,,0.0,0
2058000402,W,R,W,W,WRWW,ODD,Not Predicted,,0.0,0
2058000403,R,W,R,W,RWRW,EVEN,Not Predicted,,0.0,0
2058000404,R,R,W,W,RRWW,EVEN,Not Predicted,,0.0,0
2058000405,R,W,R,R,RWRR,ODD,Not Predicted,,0.0,0
2058000406,R,W,R,R,RWRR,ODD,Not Predicted,,0.0,0
2058000407,R,R,R,W,RRRW,ODD,Not Predicted,,0.0,0
2058000408,R,W,R,W,RWRW,EVEN,Not Predicted,,0.0,0
2058000409,R,W,W,W,RWWW,ODD,Not Predicted,,0.0,0
2058000410,R,R,R,W,RRRW,ODD,Not Predicted,,0.0,0
2058000411,R,W,R,R,RWRR,ODD,Not Predicted,,0.0,0
2058000412,W,W,W,W,WWWW,EVEN,Not Predicted,,0.0,0
2058000413,W,R,R,W,WRRW,EVEN,Not Predicted,,0.0,0
2058000414,W,W,R,W,WWRW,ODD,Not Predicted,,0.0,0
2058000415,W,R,W,R,WRWR,EVEN,Not Predicted,,0.0,0
2058000416,W,R,R,R,WRRR,ODD,Not Predicted,,0.0,0
2058000417,W,R,W,R,WRWR,EVEN,Not Predicted,,0.0,0
2058000418,R,R,R,R,RRRR,EVEN,Not Predicted,,0.0,0
2058000419,W,R,W,R,WRWR,EVEN,Not Predicted,,0.0,0
2058000420,R,R,W,W,RRWW,EVEN,Not Predicted,,0.0,0
2058000421,R,W,R,R,RWRR,ODD,Not Predicted,,0.0,0
2058000422,W,R,R,W,WRRW,EVEN,Not Predicted,,0.0,0
2058000423,R,R,W,W,RRWW,EVEN,Not Predicted,,0.0,0
2058000424,R,R,R,W,RRRW,ODD,Not Predicted,,0.0,0
2058000425,R,R,W,W,RRWW,EVEN,Not Predicted,,0.0,0
2058000426,W,R,W,W,WRWW,ODD,Not Predicted,,0.0,0
2058000427,W,R,R,R,WRRR,ODD,Not Predicted,,0.0,0
2058000428,W,R,R,W,WRRW,EVEN,Not Predicted,,0.0,0
2058000429,W,W,W,W,WWWW,EVEN,Not Predicted,,0.0,0
2058000430,W,W,W,W,WWWW,EVEN,Not Predicted,,0.0,0
2058000431,W,R,W,R,WRWR,EVEN,Not Predicted,,0.0,0
2058000432,R,R,W,W,RRWW,EVEN,Not Predicted,,0.0,0
2058000433,R,W,R,W,RWRW,EVEN,Not Predicted,,0.0,0
2058000434,W,W,W,R,WWWR,ODD,Not Predicted,,0.0,0
2058000435,W,W,R,W,WWRW,ODD,Not Predicted,,0.0,0
2058000436,R,R,W,W,RRWW,EVEN,Not Predicted,,0.0,0
2058000437,R,R,W,R,RRWR,ODD,Not Predicted,,0.0,0
2058000438,R,R,R,W,RRRW,ODD,Not Predicted,,0.0,0
2058000439,W,W,R,W,WWRW,ODD,Not Predicted,,0.0,0
2058000440,R,W,W,R,RWWR,EVEN,Not Predicted,,0.0,0
2058000441,R,W,W,W,RWWW,ODD,Not Predicted,,0.0,0
2058000442,R,W,W,R,RWWR,EVEN,Not Predicted,,0.0,0
2058000443,W,R,W,R,WRWR,EVEN,Not Predicted,,0.0,0
2058000444,W,R,R,R,WRRR,ODD,Not Predicted,,0.0,0
2058000445,W,R,W,R,WRWR,EVEN,Not Predicted,,0.0,0
2058000446,R,R,R,R,RRRR,EVEN,Not Predicted,,0.0,0
2058000447,R,W,W,R,RWWR,EVEN,Not Predicted,,0.0,0
2058000448,W,W,W,W,WWWW,EVEN,Not Predicted,,0.0,0
2058000449,R,W,R,W,RWRW,EVEN,Not Predicted,,0.0,0
2058000450,R,R,R,W,RRRW,ODD,Not Predicted,,0.0,0
2058000451,R,R,W,W,RRWW,EVEN,Not Predicted,,0.0,0
2058000452,W,W,R,W,WWRW,ODD,Not Predicted,,0.0,0
2058000453,W,R,R,R,WRRR,ODD,Not Predicted,,0.0,0
2058000454,R,R,W,R,RRWR,ODD,Not Predicted,,0.0,0
2058000455,R,W,W,W,RWWW,ODD,Not Predicted,,0.0,0
2058000456,R,R,W,R,RRWR,ODD,Not Predicted,,0.0,0
2058000457,W,W,W,W,WWWW,EVEN,Not Predicted,,0.0,0
2058000458,W,W,R,R,WWRR,EVEN,Not Predicted,,0.0,0
2058000459,W,W,W,R,WWWR,ODD,Not Predicted,,0.0,0
2058000460,W,R,W,R,WRWR,EVEN,Not Predicted,,0.0,0
2058000461,W,W,W,R,WWWR,ODD,Not Predicted,,0.0,0
2058000462,W,W,R,W,WWRW,ODD,Not Predicted,,0.0,0
2058000463,R,R,R,R,RRRR,EVEN,Not Predicted,,0.0,0
2058000464,W,W,W,R,WWWR,ODD,Not Predicted,,0.0,0
2058000465,R,W,R,W,RWRW,EVEN,Not Predicted,,0.0,0
2058000466,R,W,W,W,RWWW,ODD,Not Predicted,,0.0,0
2058000467,R,R,W,W,RRWW,EVEN,Not Predicted,,0.0,0
2058000468,R,R,W,W,RRWW,EVEN,Not Predicted,,0.0,0
2058000469,R,W,R,R,RWRR,ODD,Not Predicted,,0.0,0
2058000470,W,R,R,W,WRRW,EVEN,Not Predicted,,0.0,0
2058000471,W,W,W,W,WWWW,EVEN,Not Predicted,,0.0,0
2058000472,R,R,W,R,RRWR,ODD,Not Predicted,,0.0,0
2058000473,W,W,R,R,WWRR,EVEN,Not Predicted,,0.0,0
2058000474,R,W,R,W,RWRW,EVEN,Not Predicted,,0.0,0
2058000475,R,W,R,W,RWRW,EVEN,Not Predicted,,0.0,0
2058000476,R,W,R,R,RWRR,ODD,Not Predicted,,0.0,0
2058000477,W,R,W,R,WRWR,EVEN,Not Predicted,,0.0,0
2058000478,W,W,R,R,WWRR,EVEN,Not Predicted,,0.0,0
2058000479,R,R,R,W,RRRW,ODD,Not Predicted,,0.0,0
2058000480,W,W,W,R,WWWR,ODD,Not Predicted,,0.0,0
2058100001,R,R,R,W,RRRW,ODD,Not Predicted,,0.0,0
2058100002,R,R,R,R,RRRR,EVEN,Not Predicted,,0.0,0
2058100003,R,W,R,R,RWRR,ODD,Not Predicted,,0.0,0
2058100004,R,W,R,W,RWRW,EVEN,Not Predicted,,0.0,0
2058100005,R,W,W,R,RWWR,EVEN,Not Predicted,,0.0,0
2058100006,W,W,W,R,WWWR,ODD,Not Predicted,,0.0,0
2058100007,R,W,R,W,RWRW,EVEN,Not Predicted,,0.0,0
2058100008,R,W,W,R,RWWR,EVEN,Not Predicted,,0.0,0
2058100009,W,W,R,W,WWRW,ODD,Not Predicted,,0.0,0
2058100010,W,W,R,W,WWRW,ODD,Not Predicted,,0.0,0
2058100011,R,W,W,R,RWWR,EVEN,Not Predicted,,0.0,0
2058100012,R,W,W,W,RWWW,ODD,Not Predicted,,0.0,0
2058100013,W,W,R,R,WWRR,EVEN,Not Predicted,,0.0,0
2058100014,R,W,W,W,RWWW,ODD,Not Predicted,,0.0,0
2058100015,R,R,R,R,RRRR,EVEN,Not Predicted,,0.0,0
2058100016,W,W,W,W,WWWW,EVEN,Not Predicted,,0.0,0
2058100017,W,W,R,R,WWRR,EVEN,Not Predicted,,0.0,0
2058100018,R,W,R,W,RWRW,EVEN,Not Predicted,,0.0,0
2058100019,R,R,W,R,RRWR,ODD,Not Predicted,,0.0,0
2058100020,W,W,W,W,WWWW,EVEN,Not Predicted,,0.0,0
2058100021,R,R,R,R,RRRR,EVEN,Not Predicted,,0.0,0
2058100022,R,R,R,R,RRRR,EVEN,Not Predicted,,0.0,0
2058100023,W,R,W,W,WRWW,ODD,Not Predicted,,0.0,0
2058100024,R,W,R,W,RWRW,EVEN,Not Predicted,,0.0,0
2058100025,R,W,W,W,RWWW,ODD,Not Predicted,,0.0,0
2058100026,W,W,R,R,WWRR,EVEN,Not Predicted,,0.0,0
2058100027,R,W,R,W,RWRW,EVEN,Not Predicted,,0.0,0
2058100028,R,R,W,R,RRWR,ODD,Not Predicted,,0.0,0
2058100029,R,W,W,W,RWWW,ODD,Not Predicted,,0.0,0
2058100030,W,W,W,W,WWWW,EVEN,Not Predicted,,0.0,0
2058100031,W,W,R,W,WWRW,ODD,Not Predicted,,0.0,0
2058100032,R,R,W,R,RRWR,ODD,Not Predicted,,0.0,0
2058100033,R,W,W,W,RWWW,ODD,Not Predicted,,0.0,0
2058100034,R,R,W,W,RRWW,EVEN,Not Predicted,,0.0,0
2058100035,R,R,R,W,RRRW,ODD,Not Predicted,,0.0,0
2058100036,R,W,W,W,RWWW,ODD,Not Predicted,,0.0,0
2058100037,W,W,R,R,WWRR,EVEN,Not Predicted,,0.0,0
2058100038,R,R,W,R,RRWR,ODD,Not Predicted,,0.0,0
2058100039,W,W,R,W,WWRW,ODD,Not Predicted,,0.0,0
2058100040,R,R,W,W,RRWW,EVEN,Not Predicted,,0.0,0
2058100041,W,R,R,R,WRRR,ODD,Not Predicted,,0.0,0
2058100042,R,W,W,R,RWWR,EVEN,Not Predicted,,0.0,0
2058100043,R,W,R,W,RWRW,EVEN,Not Predicted,,0.0,0
2058100044,W,W,W,W,WWWW,EVEN,Not Predicted,,0.0,0
2058100045,R,R,R,W,RRRW,ODD,Not Predicted,,0.0,0
2058100046,R,W,W,W,RWWW,ODD,Not Predicted,,0.0,0
2058100047,W,R,R,W,WRRW,EVEN,Not Predicted,,0.0,0
2058100048,R,R,W,R,RRWR,ODD,Not Predicted,,0.0,0
2058100049,R,W,W,R,RWWR,EVEN,Not Predicted,,0.0,0
2058100050,W,R,W,R,WRWR,EVEN,Not Predicted,,0.0,0
2058100051,W,W,R,R,WWRR,EVEN,Not Predicted,,0.0,0
2058100052,R,W,W,W,RWWW,ODD,Not Predicted,,0.0,0
2058100053,W,W,R,W,WWRW,ODD,Not Predicted,,0.0,0
2058100054,W,W,W,W,WWWW,EVEN,Not Predicted,,0.0,0
2058100055,W,W,R,W,WWRW,ODD,Not Predicted,,0.0,0
2058100056,R,R,R,R,RRRR,EVEN,Not Predicted,,0.0,0
2058100057,R,R,W,W,RRWW,EVEN,Not Predicted,,0.0,0
2058100058,W,R,R,W,WRRW,EVEN,Not Predicted,,0.0,0
2058100059,R,W,R,W,RWRW,EVEN,Not Predicted,,0.0,0
2058100060,W,W,W,W,WWWW,EVEN,Not Predicted,,0.0,0
2058100061,R,R,R,W,RRRW,ODD,Not Predicted,,0.0,0
2058100062,R,R,W,W,RRWW,EVEN,Not Predicted,,0.0,0
2058100063,R,R,R,R,RRRR,EVEN,Not Predicted,,0.0,0
2058100064,W,W,R,W,WWRW,ODD,Not Predicted,,0.0,0
2058100065,R,R,W,W,RRWW,EVEN,Not Predicted,,0.0,0
2058100066,R,W,W,W,RWWW,ODD,Not Predicted,,0.0,0
2058100067,R,W,W,R,RWWR,EVEN,Not Predicted,,0.0,0
2058100068,W,W,W,W,WWWW,EVEN,Not Predicted,,0.0,0
2058100069,W,W,W,R,WWWR,ODD,Not Predicted,,0.0,0
2058100070,R,R,W,W,RRWW,EVEN,Not Predicted,,0.0,0
2058100071,W,R,R,W,WRRW,EVEN,Not Predicted,,0.0,0
2058100072,W,W,R,R,WWRR,EVEN,Not Predicted,,0.0,0
2058100073,R,W,W,R,RWWR,EVEN,Not Predicted,,0.0,0
2058100074,R,R,R,R,RRRR,EVEN,Not Predicted,,0.0,0
2058100075,W,W,R,R,WWRR,EVEN,Not Predicted,,0.0,0
2058100076,R,R,W,W,RRWW,EVEN,Not Predicted,,0.0,0
2058100077,R,W,R,R,RWRR,ODD,Not Predicted,,0.0,0
2058100078,R,W,W,R,RWWR,EVEN,Not Predicted,,0.0,0
2058100079,R,W,R,R,RWRR,ODD,Not Predicted,,0.0,0
2058100080,W,W,R,W,WWRW,ODD,Not Predicted,,0.0,0
2058100081,R,W,R,R,RWRR,ODD,Not Predicted,,0.0,0
2058100082,W,W,W,W,WWWW,EVEN,Not Predicted,,0.0,0
2058100083,R,W,R,R,RWRR,ODD,Not Predicted,,0.0,0
2058100084,W,W,W,W,WWWW,EVEN,Not Predicted,,0.0,0
2058100085,R,W,R,R,RWRR,ODD,Not Predicted,,0.0,0
2058100086,W,W,W,W,WWWW,EVEN,Not Predicted,,0.0,0
2058100087,W,W,R,R,WWRR,EVEN,Not Predicted,,0.0,0
2058100088,R,W,W,R,RWWR,EVEN,Not Predicted,,0.0,0
2058100089,R,W,W,W,RWWW,ODD,Not Predicted,,0.0,0
2058100090,W,W,W,W,WWWW,EVEN,Not Predicted,,0.0,0
2058100091,R,W,R,R,RWRR,ODD,Not Predicted,,0.0,0
2058100092,W,R,W,R,WRWR,EVEN,Not Predicted,,0.0,0
2058100093,R,R,R,W,RRRW,ODD,Not Predicted,,0.0,0
2058100094,R,R,R,W,RRRW,ODD,Not Predicted,,0.0,0
2058100095,W,R,R,R,WRRR,ODD,Not Predicted,,0.0,0
2058100096,W,R,W,R,WRWR,EVEN,Not Predicted,,0.0,0
2058100097,W,R,R,W,WRRW,EVEN,Not Predicted,,0.0,0
2058100098,W,W,W,W,WWWW,EVEN,Not Predicted,,0.0,0
2058100099,W,W,W,R,WWWR,ODD,Not Predicted,,0.0,0
2058100100,R,W,W,W,RWWW,ODD,Not Predicted,,0.0,0
2058100101,R,W,R,W,RWRW,EVEN,Not Predicted,,0.0,0
2058100102,W,R,W,W,WRWW,ODD,Not Predicted,,0.0,0
2058100103,W,W,R,W,WWRW,ODD,Not Predicted,,0.0,0
2058100104,R,R,W,W,RRWW,EVEN,Not Predicted,,0.0,0
2058100105,W,W,R,R,WWRR,EVEN,Not Predicted,,0.0,0
2058100106,R,W,W,W,RWWW,ODD,Not Predicted,,0.0,0
2058100107,W,R,R,W,WRRW,EVEN,Not Predicted,,0.0,0
2058100108,R,R,R,W,RRRW,ODD,Not Predicted,,0.0,0
2058100109,R,W,R,W,RWRW,EVEN,Not Predicted,,0.0,0
2058100110,R,R,R,R,RRRR,EVEN,Not Predicted,,0.0,0
2058100111,W,R,W,R,WRWR,EVEN,Not Predicted,,0.0,0
2058100112,W,R,W,R,WRWR,EVEN,Not Predicted,,0.0,0
2058100113,W,R,R,R,WRRR,ODD,Not Predicted,,0.0,0
2058100114,R,W,W,W,RWWW,ODD,Not Predicted,,0.0,0
2058100115,R,W,R,R,RWRR,ODD,Not Predicted,,0.0,0
2058100116,R,R,R,W,RRRW,ODD,Not Predicted,,0.0,0
2058100117,W,W,R,W,WWRW,ODD,Not Predicted,,0.0,0
2058100118,W,W,W,W,WWWW,EVEN,Not Predicted,,0.0,0
2058100119,R,W,R,R,RWRR,ODD,Not Predicted,,0.0,0
2058100120,W,W,W,R,WWWR,ODD,Not Predicted,,0.0,0
2058100121,W,R,W,W,WRWW,ODD,Not Predicted,,0.0,0
2058100122,R,W,R,W,RWRW,EVEN,Not Predicted,,0.0,0
2058100123,W,R,W,W,WRWW,ODD,Not Predicted,,0.0,0
2058100124,W,W,R,R,WWRR,EVEN,Not Predicted,,0.0,0
2058100125,R,W,R,R,RWRR,ODD,Not Predicted,,0.0,0
2058100126,W,R,R,R,WRRR,ODD,Not Predicted,,0.0,0
2058100127,R,R,W,R,RRWR,ODD,Not Predicted,,0.0,0
2058100128,W,W,R,R,WWRR,EVEN,Not Predicted,,0.0,0
2058100129,W,W,W,W,WWWW,EVEN,Not Predicted,,0.0,0
2058100130,W,W,R,R,WWRR,EVEN,Not Predicted,,0.0,0
2058100131,R,R,W,W,RRWW,EVEN,Not Predicted,,0.0,0
2058100132,W,R,W,W,WRWW,ODD,Not Predicted,,0.0,0
2058100133,W,R,W,W,WRWW,ODD,Not Predicted,,0.0,0
2058100134,R,W,W,R,RWWR,EVEN,Not Predicted,,0.0,0
2058100135,W,W,R,R,WWRR,EVEN,Not Predicted,,0.0,0
2058100136,W,W,R,R,WWRR,EVEN,Not Predicted,,0.0,0
2058100137,R,W,W,R,RWWR,EVEN,Not Predicted,,0.0,0
2058100138,R,W,W,W,RWWW,ODD,Not Predicted,,0.0,0
2058100139,W,R,W,W,WRWW,ODD,Not Predicted,,0.0,0
2058100140,W,R,R,R,WRRR,ODD,Not Predicted,,0.0,0
2058100141,R,R,R,W,RRRW,ODD,Not Predicted,,0.0,0
2058100142,R,W,W,W,RWWW,ODD,Not Predicted,,0.0,0
2058100143,R,R,R,R,RRRR,EVEN,Not Predicted,,0.0,0
2058100144,W,W,W,W,WWWW,EVEN,Not Predicted,,0.0,0
2058100145,R,R,W,W,RRWW,EVEN,Not Predicted,,0.0,0
2058100146,R,W,R,W,RWRW,EVEN,Not Predicted,,0.0,0
2058100147,W,W,R,W,WWRW,ODD,Not Predicted,,0.0,0
2058100148,R,R,W,W,RRWW,EVEN,Not Predicted,,0.0,0
2058100149,R,R,W,R,RRWR,ODD,Not Predicted,,0.0,0
2058100150,W,W,R,W,WWRW,ODD,Not Predicted,,0.0,0
2058100151,R,R,W,W,RRWW,EVEN,Not Predicted,,0.0,0
2058100152,W,W,W,R,WWWR,ODD,Not Predicted,,0.0,0
2058100153,W,R,W,W,WRWW,ODD,Not Predicted,,0.0,0
2058100154,W,R,W,W,WRWW,ODD,Not Predicted,,0.0,0
2058100155,W,W,R,W,WWRW,ODD,Not Predicted,,0.0,0
2058100156,W,R,W,R,WRWR,EVEN,Not Predicted,,0.0,0
2058100157,R,R,W,R,RRWR,ODD,Not Predicted,,0.0,0
2058100158,W,R,R,R,WRRR,ODD,Not Predicted,,0.0,0
2058100159,W,W,W,W,WWWW,EVEN,Not Predicted,,0.0,0
2058100160,R,W,R,W,RWRW,EVEN,Not Predicted,,0.0,0
2058100161,W,R,R,W,WRRW,EVEN,Not Predicted,,0.0,0
2058100162,W,W,R,R,WWRR,EVEN,Not Predicted,,0.0,0
2058100163,R,R,W,W,RRWW,EVEN,Not Predicted,,0.0,0
2058100164,R,R,W,W,RRWW,EVEN,Not Predicted,,0.0,0
2058100165,W,R,R,R,WRRR,ODD,Not Predicted,,0.0,0
2058100166,R,W,R,R,RWRR,ODD,Not Predicted,,0.0,0
2058100167,W,R,W,R,WRWR,EVEN,Not Predicted,,0.0,0
2058100168,W,W,R,W,WWRW,ODD,Not Predicted,,0.0,0
2058100169,W,W,W,W,WWWW,EVEN,Not Predicted,,0.0,0
2058100170,W,W,R,W,WWRW,ODD,Not Predicted,,0.0,0
2058100171,R,W,R,R,RWRR,ODD,Not Predicted,,0.0,0
2058100172,R,R,W,W,RRWW,EVEN,Not Predicted,,0.0,0
2058100173,R,R,R,R,RRRR,EVEN,Not Predicted,,0.0,0
2058100174,R,W,R,W,RWRW,EVEN,Not Predicted,,0.0,0
2058100175,W,W,W,W,WWWW,EVEN,Not Predicted,,0.0,0
2058100176,R,R,W,W,RRWW,EVEN,Not Predicted,,0.0,0
2058100177,W,W,W,R,WWWR,ODD,Not Predicted,,0.0,0
2058100178,W,W,W,W,WWWW,EVEN,Not Predicted,,0.0,0
2058100179,W,R,W,W,WRWW,ODD,Not Predicted,,0.0,0
2058100180,W,R,R,R,WRRR,ODD,Not Predicted,,0.0,0
2058100181,W,W,R,R,WWRR,EVEN,Not Predicted,,0.0,0
2058100182,R,R,W,W,RRWW,EVEN,Not Predicted,,0.0,0
2058100183,R,W,W,W,RWWW,ODD,Not Predicted,,0.0,0
2058100184,R,R,R,W,RRRW,ODD,Not Predicted,,0.0,0
2058100185,W,W,R,W,WWRW,ODD,Not Predicted,,0.0,0
2058100186,R,W,R,W,RWRW,EVEN,Not Predicted,,0.0,0
2058100187,R,R,W,W,RRWW,EVEN,Not Predicted,,0.0,0
2058100188,R,W,R,W,RWRW,EVEN,Not Predicted,,0.0,0
2058100189,W,R,R,R,WRRR,ODD,Not Predicted,,0.0,0
2058100190,W,W,W,R,WWWR,ODD,Not Predicted,,0.0,0
2058100191,R,W,R,W,RWRW,EVEN,Not Predicted,,0.0,0
2058100192,W,R,R,W,WRRW,EVEN,Not Predicted,,0.0,0
2058100193,R,W,W,W,RWWW,ODD,Not Predicted,,0.0,0
2058100194,R,R,R,W,RRRW,ODD,Not Predicted,,0.0,0
2058100195,W,R,W,W,WRWW,ODD,Not Predicted,,0.0,0
2058100196,W,W,R,R,WWRR,EVEN,Not Predicted,,0.0,0
2058100197,W,R,R,W,WRRW,EVEN,Not Predicted,,0.0,0
2058100198,W,R,W,W,WRWW,ODD,Not Predicted,,0.0,0
2058100199,R,R,W,R,RRWR,ODD,Not Predicted,,0.0,0
2058100200,R,R,R,W,RRRW,ODD,Not Predicted,,0.0,0
2058100201,R,R,W,W,RRWW,EVEN,Not Predicted,,0.0,0
2058100202,R,R,R,R,RRRR,EVEN,Not Predicted,,0.0,0
2058100203,W,R,R,R,WRRR,ODD,Not Predicted,,0.0,0
2058100204,R,W,R,R,RWRR,ODD,Not Predicted,,0.0,0
2058100205,R,W,W,W,RWWW,ODD,Not Predicted,,0.0,0
2058100206,W,W,W,W,WWWW,EVEN,Not Predicted,,0.0,0
2058100207,R,R,W,R,RRWR,ODD,Not Predicted,,0.0,0
2058100208,R,W,R,W,RWRW,EVEN,Not Predicted,,0.0,0
2058100209,W,W,R,W,WWRW,ODD,Not Predicted,,0.0,0
2058100210,W,W,R,W,WWRW,ODD,Not Predicted,,0.0,0
2058100211,W,R,W,W,WRWW,ODD,Not Predicted,,0.0,0
2058100212,W,W,R,W,WWRW,ODD,Not Predicted,,0.0,0
2058100213,W,W,R,R,WWRR,EVEN,Not Predicted,,0.0,0
2058100214,W,R,W,W,WRWW,ODD,Not Predicted,,0.0,0
2058100215,R,R,R,R,RRRR,EVEN,Not Predicted,,0.0,0
2058100216,R,W,R,W,RWRW,EVEN,Not Predicted,,0.0,0
2058100217,W,R,R,R,WRRR,ODD,Not Predicted,,0.0,0
2058100218,W,W,R,W,WWRW,ODD,Not Predicted,,0.0,0
2058100219,W,W,W,R,WWWR,ODD,Not Predicted,,0.0,0
2058100220,R,W,W,R,RWWR,EVEN,Not Predicted,,0.0,0
2058100221,R,W,R,W,RWRW,EVEN,Not Predicted,,0.0,0
2058100222,R,R,W,W,RRWW,EVEN,Not Predicted,,0.0,0
2058100223,R,R,R,R,RRRR,EVEN,Not Predicted,,0.0,0
2058100224,R,R,W,W,RRWW,EVEN,Not Predicted,,0.0,0
2058100225,W,W,R,R,WWRR,EVEN,Not Predicted,,0.0,0
2058100226,R,R,W,R,RRWR,ODD,Not Predicted,,0.0,0
2058100227,W,W,W,R,WWWR,ODD,Not Predicted,,0.0,0
2058100228,W,R,R,W,WRRW,EVEN,Not Predicted,,0.0,0
2058100229,R,R,R,R,RRRR,EVEN,Not Predicted,,0.0,0
2058100230,W,R,R,R,WRRR,ODD,Not Predicted,,0.0,0
2058100231,W,W,R,R,WWRR,EVEN,Not Predicted,,0.0,0
2058100232,R,W,W,R,RWWR,EVEN,Not Predicted,,0.0,0
2058100233,R,R,R,R,RRRR,EVEN,Not Predicted,,0.0,0
2058100234,W,W,W,R,WWWR,ODD,Not Predicted,,0.0,0
2058100235,R,W,R,R,RWRR,ODD,Not Predicted,,0.0,0
2058100236,R,R,R,R,RRRR,EVEN,Not Predicted,,0.0,0
2058100237,W,R,R,R,WRRR,ODD,Not Predicted,,0.0,0
2058100238,W,W,R,W,WWRW,ODD,Not Predicted,,0.0,0
2058100239,W,R,R,W,WRRW,EVEN,Not Predicted,,0.0,0
2058100240,R,W,R,W,RWRW,EVEN,Not Predicted,,0.0,0
2058100241,W,R,W,R,WRWR,EVEN,Not Predicted,,0.0,0
2058100242,R,R,W,W,RRWW,EVEN,Not Predicted,,0.0,0
2058100243,R,R,R,R,RRRR,EVEN,Not Predicted,,0.0,0
2058100244,W,W,W,W,WWWW,EVEN,Not Predicted,,0.0,0
2058100245,R,R,W,R,RRWR,ODD,Not Predicted,,0.0,0
2058100246,R,R,W,R,RRWR,ODD,Not Predicted,,0.0,0
2058100247,R,W,R,R,RWRR,ODD,Not Predicted,,0.0,0
2058100248,R,R,W,W,RRWW,EVEN,Not Predicted,,0.0,0
2058100249,R,W,W,R,RWWR,EVEN,Not Predicted,,0.0,0
2058100250,W,W,R,W,WWRW,ODD,Not Predicted,,0.0,0
2058100251,W,W,W,W,WWWW,EVEN,Not Predicted,,0.0,0
2058100252,W,R,R,W,WRRW,EVEN,Not Predicted,,0.0,0
2058100253,W,R,R,R,WRRR,ODD,Not Predicted,,0.0,0
2058100254,W,R,W,W,WRWW,ODD,Not Predicted,,0.0,0
2058100255,W,R,W,W,WRWW,ODD,Not Predicted,,0.0,0
2058100256,W,W,W,R,WWWR,ODD,Not Predicted,,0.0,0
2058100257,R,W,R,R,RWRR,ODD,Not Predicted,,0.0,0
2058100258,R,R,W,R,RRWR,ODD,Not Predicted,,0.0,0
2058100259,W,W,R,W,WWRW,ODD,Not Predicted,,0.0,0
2058100260,W,R,W,R,WRWR,EVEN,Not Predicted,,0.0,0
2058100261,R,R,W,W,RRWW,EVEN,Not Predicted,,0.0,0
2058100262,R,W,W,W,RWWW,ODD,Not Predicted,,0.0,0
2058100263,R,W,R,W,RWRW,EVEN,Not Predicted,,0.0,0
2058100264,R,R,W,W,RRWW,EVEN,Not Predicted,,0.0,0
2058100265,W,R,R,R,WRRR,ODD,Not Predicted,,0.0,0
2058100266,W,W,W,R,WWWR,ODD,Not Predicted,,0.0,0
2058100267,R,W,W,W,RWWW,ODD,Not Predicted,,0.0,0
2058100268,R,R,W,W,RRWW,EVEN,Not Predicted,,0.0,0
2058100269,R,R,R,R,RRRR,EVEN,Not Predicted,,0.0,0
2058100270,W,R,R,W,WRRW,EVEN,Not Predicted,,0.0,0
2058100271,W,W,R,R,WWRR,EVEN,Not Predicted,,0.0,0
2058100272,R,R,R,W,RRRW,ODD,Not Predicted,,0.0,0
2058100273,R,R,W,W,RRWW,EVEN,Not Predicted,,0.0,0
2058100274,R,R,W,W,RRWW,EVEN,Not Predicted,,0.0,0
2058100275,W,R,W,W,WRWW,ODD,Not Predicted,,0.0,0
2058100276,R,W,W,W,RWWW,ODD,Not Predicted,,0.0,0
2058100277,W,W,W,W,WWWW,EVEN,Not Predicted,,0.0,0
2058100278,W,R,R,W,WRRW,EVEN,Not Predicted,,0.0,0
2058100279,W,W,W,R,WWWR,ODD,Not Predicted,,0.0,0
2058100280,R,R,R,R,RRRR,EVEN,Not Predicted,,0.0,0
2058100281,R,W,R,R,RWRR,ODD,Not Predicted,,0.0,0
2058100282,W,R,W,R,WRWR,EVEN,Not Predicted,,0.0,0
2058100283,R,W,R,W,RWRW,EVEN,Not Predicted,,0.0,0
2058100284,R,W,R,R,RWRR,ODD,Not Predicted,,0.0,0
2058100285,R,W,R,R,RWRR,ODD,Not Predicted,,0.0,0
2058100286,R,R,R,W,RRRW,ODD,Not Predicted,,0.0,0
2058100287,R,W,W,R,RWWR,EVEN,Not Predicted,,0.0,0
2058100288,R,W,R,R,RWRR,ODD,Not Predicted,,0.0,0
2058100289,W,W,W,R,WWWR,ODD,Not Predicted,,0.0,0
2058100290,R,W,W,W,RWWW,ODD,Not Predicted,,0.0,0
2058100291,W,W,W,W,WWWW,EVEN,Not Predicted,,0.0,0
2058100292,W,W,W,R,WWWR,ODD,Not Predicted,,0.0,0
2058100293,W,W,W,R,WWWR,ODD,Not Predicted,,0.0,0
2058100294,R,W,R,W,RWRW,EVEN,Not Predicted,,0.0,0
2058100295,W,W,W,W,WWWW,EVEN,Not Predicted,,0.0,0
2058100296,R,R,R,R,RRRR,EVEN,Not Predicted,,0.0,0
2058100297,R,W,R,R,RWRR,ODD,Not Predicted,,0.0,0
2058100298,W,R,R,R,WRRR,ODD,Not Predicted,,0.0,0
2058100299,R,R,R,W,RRRW,ODD,Not Predicted,,0.0,0
2058100300,W,R,W,R,WRWR,EVEN,Not Predicted,,0.0,0
2058100301,W,R,W,W,WRWW,ODD,Not Predicted,,0.0,0
2058100302,W,W,W,R,WWWR,ODD,Not Predicted,,0.0,0
2058100303,R,R,W,R,RRWR,ODD,Not Predicted,,0.0,0
2058100304,W,R,W,R,WRWR,EVEN,Not Predicted,,0.0,0
2058100305,R,W,W,R,RWWR,EVEN,Not Predicted,,0.0,0
2058100306,W,R,W,R,WRWR,EVEN,Not Predicted,,0.0,0
2058100307,W,W,R,R,WWRR,EVEN,Not Predicted,,0.0,0
2058100308,W,W,R,R,WWRR,EVEN,Not Predicted,,0.0,0
2058100309,W,R,W,W,WRWW,ODD,Not Predicted,,0.0,0
2058100310,R,R,R,W,RRRW,ODD,Not Predicted,,0.0,0
2058100311,W,W,R,W,WWRW,ODD,Not Predicted,,0.0,0
2058100312,W,R,W,R,WRWR,EVEN,Not Predicted,,0.0,0
2058100313,W,W,W,R,WWWR,ODD,Not Predicted,,0.0,0
2058100314,R,R,R,R,RRRR,EVEN,Not Predicted,,0.0,0
2058100315,W,R,R,W,WRRW,EVEN,Not Predicted,,0.0,0
2058100316,W,R,R,W,WRRW,EVEN,Not Predicted,,0.0,0
2058100317,R,W,R,R,RWRR,ODD,Not Predicted,,0.0,0
2058100318,R,R,R,R,RRRR,EVEN,Not Predicted,,0.0,0
2058100319,R,W,W,R,RWWR,EVEN,Not Predicted,,0.0,0
2058100320,R,R,W,R,RRWR,ODD,Not Predicted,,0.0,0
2058100321,W,W,W,W,WWWW,EVEN,Not Predicted,,0.0,0
2058100322,W,W,R,W,WWRW,ODD,Not Predicted,,0.0,0
2058100323,W,R,R,R,WRRR,ODD,Not Predicted,,0.0,0
2058100324,W,W,R,R,WWRR,EVEN,Not Predicted,,0.0,0
2058100325,R,R,W,R,RRWR,ODD,Not Predicted,,0.0,0
2058100326,W,R,W,R,WRWR,EVEN,Not Predicted,,0.0,0
2058100327,W,R,R,R,WRRR,ODD,Not Predicted,,0.0,0
2058100328,R,R,W,W,RRWW,EVEN,Not Predicted,,0.0,0
2058100329,W,W,R,R,WWRR,EVEN,Not Predicted,,0.0,0
2058100330,W,W,R,W,WWRW,ODD,Not Predicted,,0.0,0
2058100331,W,R,W,R,WRWR,EVEN,Not Predicted,,0.0,0
2058100332,W,W,R,R,WWRR,EVEN,Not Predicted,,0.0,0
2058100333,R,W,R,W,RWRW,EVEN,Not Predicted,,0.0,0
2058100334,R,R,R,R,RRRR,EVEN,Not Predicted,,0.0,0
2058100335,R,R,R,R,RRRR,EVEN,Not Predicted,,0.0,0
2058100336,R,R,R,R,RRRR,EVEN,Not Predicted,,0.0,0
2058100337,W,R,R,W,WRRW,EVEN,Not Predicted,,0.0,0
2058100338,W,R,W,W,WRWW,ODD,Not Predicted,,0.0,0
2058100339,W,W,R,W,WWRW,ODD,Not Predicted,,0.0,0
2058100340,W,R,W,R,WRWR,EVEN,Not Predicted,,0.0,0
2058100341,R,R,R,W,RRRW,ODD,Not Predicted,,0.0,0
2058100342,W,R,W,W,WRWW,ODD,Not Predicted,,0.0,0
2058100343,W,R,R,W,WRRW,EVEN,Not Predicted,,0.0,0
2058100344,W,R,W,W,WRWW,ODD,Not Predicted,,0.0,0
2058100345,R,W,R,W,RWRW,EVEN,Not Predicted,,0.0,0
2058100346,W,W,R,R,WWRR,EVEN,Not Predicted,,0.0,0
2058100347,W,R,W,R,WRWR,EVEN,Not Predicted,,0.0,0
2058100348,R,R,W,R,RRWR,ODD,Not Predicted,,0.0,0
2058100349,R,W,W,W,RWWW,ODD,Not Predicted,,0.0,0
2058100350,R,R,R,R,RRRR,EVEN,Not Predicted,,0.0,0
2058100351,W,R,R,R,WRRR,ODD,Not Predicted,,0.0,0
2058100352,R,W,W,W,RWWW,ODD,Not Predicted,,0.0,0
2058100353,R,W,R,R,RWRR,ODD,Not Predicted,,0.0,0
2058100354,R,R,R,R,RRRR,EVEN,Not Predicted,,0.0,0
2058100355,R,W,W,R,RWWR,EVEN,Not Predicted,,0.0,0
2058100356,R,R,W,W,RRWW,EVEN,Not Predicted,,0.0,0
2058100357,R,R,W,R,RRWR,ODD,Not Predicted,,0.0,0
2058100358,W,W,R,W,WWRW,ODD,Not Predicted,,0.0,0
2058100359,R,W,R,W,RWRW,EVEN,Not Predicted,,0.0,0
2058100360,R,R,R,R,RRRR,EVEN,Not Predicted,,0.0,0
2058100361,R,R,R,R,RRRR,EVEN,Not Predicted,,0.0,0
2058100362,R,W,W,W,RWWW,ODD,Not Predicted,,0.0,0
2058100363,W,W,W,W,WWWW,EVEN,Not Predicted,,0.0,0
2058100364,R,W,W,R,RWWR,EVEN,Not Predicted,,0.0,0
2058100365,W,W,R,R,WWRR,EVEN,Not Predicted,,0.0,0
2058100366,R,R,W,R,RRWR,ODD,Not Predicted,,0.0,0
2058100367,R,W,W,W,RWWW,ODD,Not Predicted,,0.0,0
2058100368,R,W,W,W,RWWW,ODD,Not Predicted,,0.0,0
2058100369,R,W,R,R,RWRR,ODD,Not Predicted,,0.0,0
2058100370,W,R,W,W,WRWW,ODD,Not Predicted,,0.0,0
2058100371,R,W,R,R,RWRR,ODD,Not Predicted,,0.0,0
2058100372,W,W,W,R,WWWR,ODD,Not Predicted,,0.0,0
2058100373,R,W,R,R,RWRR,ODD,Not Predicted,,0.0,0
2058100374,R,W,W,W,RWWW,ODD,Not Predicted,,0.0,0
2058100375,R,R,R,R,RRRR,EVEN,Not Predicted,,0.0,0
2058100376,R,W,R,R,RWRR,ODD,Not Predicted,,0.0,0
2058100377,R,W,W,W,RWWW,ODD,Not Predicted,,0.0,0
2058100378,W,R,W,R,WRWR,EVEN,Not Predicted,,0.0,0
2058100379,R,R,R,R,RRRR,EVEN,Not Predicted,,0.0,0
2058100380,R,W,W,R,RWWR,EVEN,Not Predicted,,0.0,0
2058100381,R,W,W,R,RWWR,EVEN,Not Predicted,,0.0,0
2058100382,W,R,R,R,WRRR,ODD,Not Predicted,,0.0,0
2058100383,R,W,W,W,RWWW,ODD,Not Predicted,,0.0,0
2058100384,W,R,R,W,WRRW,EVEN,Not Predicted,,0.0,0
2058100385,W,W,R,W,WWRW,ODD,Not Predicted,,0.0,0
2058100386,W,R,W,R,WRWR,EVEN,Not Predicted,,0.0,0
2058100387,R,W,W,R,RWWR,EVEN,Not Predicted,,0.0,0
2058100388,W,W,W,W,WWWW,EVEN,Not Predicted,,0.0,0
2058100389,W,R,W,R,WRWR,EVEN,Not Predicted,,0.0,0
2058100390,R,R,R,W,RRRW,ODD,Not Predicted,,0.0,0
2058100391,W,R,W,R,WRWR,EVEN,Not Predicted,,0.0,0
2058100392,R,R,W,W,RRWW,EVEN,Not Predicted,,0.0,0
2058100393,R,W,R,W,RWRW,EVEN,Not Predicted,,0.0,0
2058100394,W,W,W,W,WWWW,EVEN,Not Predicted,,0.0,0
2058100395,W,W,R,W,WWRW,ODD,Not Predicted,,0.0,0
2058100396,W,R,W,R,WRWR,EVEN,Not Predicted,,0.0,0
2058100397,W,R,R,W,WRRW,EVEN,Not Predicted,,0.0,0
2058100398,W,W,R,W,WWRW,ODD,Not Predicted,,0.0,0
2058100399,W,W,R,R,WWRR,EVEN,Not Predicted,,0.0,0
2058100400,R,R,W,R,RRWR,ODD,Not Predicted,,0.0,0
2058100401,R,R,W,W,RRWW,EVEN,Not Predicted,,0.0,0
2058100402,R,W,W,R,RWWR,EVEN,Not Predicted,,0.0,0
2058100403,R,R,W,R,RRWR,ODD,Not Predicted,,0.0,0
2058100404,W,R,R,W,WRRW,EVEN,Not Predicted,,0.0,0
2058100405,W,W,R,W,WWRW,ODD,Not Predicted,,0.0,0
2058100406,R,W,R,W,RWRW,EVEN,Not Predicted,,0.0,0
2058100407,R,W,W,W,RWWW,ODD,Not Predicted,,0.0,0
2058100408,W,W,W,W,WWWW,EVEN,Not Predicted,,0.0,0
2058100409,W,R,W,R,WRWR,EVEN,Not Predicted,,0.0,0
2058100410,R,W,R,W,RWRW,EVEN,Not Predicted,,0.0,0
2058100411,W,W,R,R,WWRR,EVEN,Not Predicted,,0.0,0
2058100412,W,R,W,W,WRWW,ODD,Not Predicted,,0.0,0
2058100413,W,W,W,R,WWWR,ODD,Not Predicted,,0.0,0
2058100414,R,R,R,W,RRRW,ODD,Not Predicted,,0.0,0
2058100415,R,W,R,W,RWRW,EVEN,Not Predicted,,0.0,0
2058100416,W,W,R,W,WWRW,ODD,Not Predicted,,0.0,0
2058100417,W,R,W,W,WRWW,ODD,Not Predicted,,0.0,0
2058100418,R,R,W,R,RRWR,ODD,Not Predicted,,0.0,0
2058100419,W,W,W,R,WWWR,ODD,Not Predicted,,0.0,0
2058100420,W,R,R,R,WRRR,ODD,Not Predicted,,0.0,0
2058100421,R,R,R,R,RRRR,EVEN,Not Predicted,,0.0,0
2058100422,W,W,W,W,WWWW,EVEN,Not Predicted,,0.0,0
2058100423,R,R,W,W,RRWW,EVEN,Not Predicted,,0.0,0
2058100424,W,R,R,R,WRRR,ODD,Not Predicted,,0.0,0
2058100425,R,R,W,R,RRWR,ODD,Not Predicted,,0.0,0
2058100426,W,W,R,W,WWRW,ODD,Not Predicted,,0.0,0
2058100427,W,R,W,W,WRWW,ODD,Not Predicted,,0.0,0
2058100428,R,R,W,R,RRWR,ODD,Not Predicted,,0.0,0
2058100429,W,W,W,R,WWWR,ODD,Not Predicted,,0.0,0
2058100430,W,W,R,R,WWRR,EVEN,Not Predicted,,0.0,0
2058100431,R,W,W,R,RWWR,EVEN,Not Predicted,,0.0,0
2058100432,W,R,W,R,WRWR,EVEN,Not Predicted,,0.0,0
2058100433,R,W,W,W,RWWW,ODD,Not Predicted,,0.0,0
2058100434,R,W,R,R,RWRR,ODD,Not Predicted,,0.0,0
2058100435,W,R,R,R,WRRR,ODD,Not Predicted,,0.0,0
2058100436,W,R,W,R,WRWR,EVEN,Not Predicted,,0.0,0
2058100437,W,R,R,R,WRRR,ODD,Not Predicted,,0.0,0
2058100438,R,W,W,R,RWWR,EVEN,Not Predicted,,0.0,0
2058100439,W,W,R,R,WWRR,EVEN,Not Predicted,,0.0,0
2058100440,R,W,W,W,RWWW,ODD,Not Predicted,,0.0,0
2058100441,W,R,R,W,WRRW,EVEN,Not Predicted,,0.0,0
2058100442,R,R,R,R,RRRR,EVEN,Not Predicted,,0.0,0
2058100443,W,W,W,R,WWWR,ODD,Not Predicted,,0.0,0
2058100444,W,W,R,R,WWRR,EVEN,Not Predicted,,0.0,0
2058100445,R,W,W,R,RWWR,EVEN,Not Predicted,,0.0,0
2058100446,R,W,R,R,RWRR,ODD,Not Predicted,,0.0,0
2058100447,R,R,R,W,RRRW,ODD,Not Predicted,,0.0,0
2058100448,R,W,R,W,RWRW,EVEN,Not Predicted,,0.0,0
2058100449,R,W,W,W,RWWW,ODD,Not Predicted,,0.0,0
2058100450,R,R,W,R,RRWR,ODD,Not Predicted,,0.0,0
2058100451,R,W,R,W,RWRW,EVEN,Not Predicted,,0.0,0
2058100452,R,W,W,R,RWWR,EVEN,Not Predicted,,0.0,0
2058100453,R,W,W,R,RWWR,EVEN,Not Predicted,,0.0,0
2058100454,R,W,W,R,RWWR,EVEN,Not Predicted,,0.0,0
2058100455,R,R,R,R,RRRR,EVEN,Not Predicted,,0.0,0
2058100456,W,R,R,R,WRRR,ODD,Not Predicted,,0.0,0
2058100457,W,W,W,R,WWWR,ODD,Not Predicted,,0.0,0
2058100458,W,R,R,R,WRRR,ODD,Not Predicted,,0.0,0
2058100459,R,R,W,R,RRWR,ODD,Not Predicted,,0.0,0
2058100460,R,W,R,R,RWRR,ODD,Not Predicted,,0.0,0
2058100461,W,R,W,R,WRWR,EVEN,Not Predicted,,0.0,0
2058100462,W,W,W,W,WWWW,EVEN,Not Predicted,,0.0,0
2058100463,R,R,W,W,RRWW,EVEN,Not Predicted,,0.0,0
2058100464,R,R,W,R,RRWR,ODD,Not Predicted,,0.0,0
2058100465,W,R,R,W,WRRW,EVEN,Not Predicted,,0.0,0
2058100466,W,W,R,W,WWRW,ODD,Not Predicted,,0.0,0
2058100467,R,R,W,R,RRWR,ODD,Not Predicted,,0.0,0
2058100468,R,R,R,R,RRRR,EVEN,Not Predicted,,0.0,0
2058100469,W,R,R,R,WRRR,ODD,Not Predicted,,0.0,0
2058100470,W,R,R,W,WRRW,EVEN,Not Predicted,,0.0,0
2058100471,W,R,R,R,WRRR,ODD,Not Predicted,,0.0,0
2058100472,R,W,R,R,RWRR,ODD,Not Predicted,,0.0,0
2058100473,W,W,W,R,WWWR,ODD,Not Predicted,,0.0,0
2058100474,W,W,R,R,WWRR,EVEN,Not Predicted,,0.0,0
2058100475,W,W,R,W,WWRW,ODD,Not Predicted,,0.0,0
2058100476,R,W,W,W,RWWW,ODD,Not Predicted,,0.0,0
2058100477,R,R,W,W,RRWW,EVEN,Not Predicted,,0.0,0
2058100478,W,R,R,W,WRRW,EVEN,Not Predicted,,0.0,0
2058100479,W,W,W,W,WWWW,EVEN,Not Predicted,,0.0,0
2058100480,W,R,W,W,WRWW,ODD,Not Predicted,,0.0,0
2058200001,W,R,R,R,WRRR,ODD,Not Predicted,,0.0,0
2058200002,W,W,W,R,WWWR,ODD,Not Predicted,,0.0,0
2058200003,R,R,R,W,RRRW,ODD,Not Predicted,,0.0,0
2058200004,R,R,R,W,RRRW,ODD,Not Predicted,,0.0,0
2058200005,W,R,W,W,WRWW,ODD,Not Predicted,,0.0,0
2058200006,W,R,R,R,WRRR,ODD,Not Predicted,,0.0,0
2058200007,R,R,R,R,RRRR,EVEN,Not Predicted,,0.0,0
2058200008,W,W,R,R,WWRR,EVEN,Not Predicted,,0.0,0
2058200009,R,W,R,R,RWRR,ODD,Not Predicted,,0.0,0
2058200010,R,W,W,R,RWWR,EVEN,Not Predicted,,0.0,0
2058200011,R,R,R,R,RRRR,EVEN,Not Predicted,,0.0,0
2058200012,R,W,R,W,RWRW,EVEN,Not Predicted,,0.0,0
2058200013,R,R,R,W,RRRW,ODD,Not Predicted,,0.0,0
2058200014,R,R,W,R,RRWR,ODD,Not Predicted,,0.0,0
2058200015,W,W,R,R,WWRR,EVEN,Not Predicted,,0.0,0
2058200016,W,W,R,R,WWRR,EVEN,Not Predicted,,0.0,0
2058200017,R,W,W,R,RWWR,EVEN,Not Predicted,,0.0,0
2058200018,R,R,W,W,RRWW,EVEN,Not Predicted,,0.0,0
2058200019,W,W,R,R,WWRR,EVEN,Not Predicted,,0.0,0
2058200020,W,W,W,W,WWWW,EVEN,Not Predicted,,0.0,0
2058200021,W,R,W,W,WRWW,ODD,Not Predicted,,0.0,0
2058200022,R,R,W,W,RRWW,EVEN,Not Predicted,,0.0,0
2058200023,R,R,W,W,RRWW,EVEN,Not Predicted,,0.0,0
2058200024,R,R,R,R,RRRR,EVEN,Not Predicted,,0.0,0
2058200025,W,W,W,W,WWWW,EVEN,Not Predicted,,0.0,0
2058200026,W,R,R,R,WRRR,ODD,Not Predicted,,0.0,0
2058200027,W,W,W,W,WWWW,EVEN,Not Predicted,,0.0,0
2058200028,R,R,R,R,RRRR,EVEN,Not Predicted,,0.0,0
2058200029,W,R,W,R,WRWR,EVEN,Not Predicted,,0.0,0
2058200030,R,W,W,R,RWWR,EVEN,Not Predicted,,0.0,0
2058200031,R,W,W,R,RWWR,EVEN,Not Predicted,,0.0,0
2058200032,R,R,R,W,RRRW,ODD,Not Predicted,,0.0,0
2058200033,R,R,R,R,RRRR,EVEN,Not Predicted,,0.0,0
2058200034,R,W,R,W,RWRW,EVEN,Not Predicted,,0.0,0
2058200035,W,R,W,W,WRWW,ODD,Not Predicted,,0.0,0
2058200036,W,W,R,W,WWRW,ODD,Not Predicted,,0.0,0
2058200037,R,W,R,R,RWRR,ODD,Not Predicted,,0.0,0
2058200038,W,W,R,R,WWRR,EVEN,Not Predicted,,0.0,0
2058200039,R,R,W,R,RRWR,ODD,Not Predicted,,0.0,0
2058200040,W,R,R,R,WRRR,ODD,Not Predicted,,0.0,0
2058200041,W,R,W,R,WRWR,EVEN,Not Predicted,,0.0,0
2058200042,W,W,R,R,WWRR,EVEN,Not Predicted,,0.0,0
2058200043,W,R,R,W,WRRW,EVEN,Not Predicted,,0.0,0
2058200044,R,W,R,R,RWRR,ODD,Not Predicted,,0.0,0
2058200045,R,W,R,R,RWRR,ODD,Not Predicted,,0.0,0
2058200046,R,W,W,R,RWWR,EVEN,Not Predicted,,0.0,0
2058200047,R,R,W,W,RRWW,EVEN,Not Predicted,,0.0,0
2058200048,R,R,R,W,RRRW,ODD,Not Predicted,,0.0,0
2058200049,R,R,W,R,RRWR,ODD,Not Predicted,,0.0,0
2058200050,R,R,W,R,RRWR,ODD,Not Predicted,,0.0,0
2058200051,R,W,R,R,RWRR,ODD,Not Predicted,,0.0,0
2058200052,W,W,W,R,WWWR,ODD,Not Predicted,,0.0,0
2058200053,W,W,W,W,WWWW,EVEN,Not Predicted,,0.0,0
2058200054,R,R,R,R,RRRR,EVEN,Not Predicted,,0.0,0
2058200055,R,W,W,R,RWWR,EVEN,Not Predicted,,0.0,0
2058200056,W,W,R,R,WWRR,EVEN,Not Predicted,,0.0,0
2058200057,W,R,W,R,WRWR,EVEN,Not Predicted,,0.0,0
2058200058,R,W,R,W,RWRW,EVEN,Not Predicted,,0.0,0
2058200059,R,R,W,W,RRWW,EVEN,Not Predicted,,0.0,0
2058200060,W,W,R,R,WWRR,EVEN,Not Predicted,,0.0,0
2058200061,W,R,R,R,WRRR,ODD,Not Predicted,,0.0,0
2058200062,R,W,R,W,RWRW,EVEN,Not Predicted,,0.0,0
2058200063,R,W,R,W,RWRW,EVEN,Not Predicted,,0.0,0
2058200064,W,R,R,R,WRRR,ODD,Not Predicted,,0.0,0
2058200065,W,R,R,W,WRRW,EVEN,Not Predicted,,0.0,0
2058200066,W,W,R,W,WWRW,ODD,Not Predicted,,0.0,0
2058200067,R,R,W,W,RRWW,EVEN,Not Predicted,,0.0,0
2058200068,R,R,W,R,RRWR,ODD,Not Predicted,,0.0,0
2058200069,R,W,R,W,RWRW,EVEN,Not Predicted,,0.0,0
2058200070,W,R,R,R,WRRR,ODD,Not Predicted,,0.0,0
2058200071,R,W,R,W,RWRW,EVEN,Not Predicted,,0.0,0
2058200072,R,R,R,R,RRRR,EVEN,Not Predicted,,0.0,0
2058200073,R,W,W,R,RWWR,EVEN,Not Predicted,,0.0,0
2058200074,W,W,W,R,WWWR,ODD,Not Predicted,,0.0,0
2058200075,R,W,R,R,RWRR,ODD,Not Predicted,,0.0,0
2058200076,W,R,R,R,WRRR,ODD,Not Predicted,,0.0,0
2058200077,W,W,W,R,WWWR,ODD,Not Predicted,,0.0,0
2058200078,W,R,R,R,WRRR,ODD,Not Predicted,,0.0,0
2058200079,W,R,R,R,WRRR,ODD,Not Predicted,,0.0,0
2058200080,R,W,R,W,RWRW,EVEN,Not Predicted,,0.0,0
2058200081,W,R,R,W,WRRW,EVEN,Not Predicted,,0.0,0
2058200082,R,W,W,R,RWWR,EVEN,Not Predicted,,0.0,0
2058200083,W,R,W,W,WRWW,ODD,Not Predicted,,0.0,0
2058200084,R,R,W,R,RRWR,ODD,Not Predicted,,0.0,0
2058200085,R,R,W,R,RRWR,ODD,Not Predicted,,0.0,0
2058200086,R,W,W,R,RWWR,EVEN,Not Predicted,,0.0,0
2058200087,R,R,R,W,RRRW,ODD,Not Predicted,,0.0,0
2058200088,R,R,R,R,RRRR,EVEN,Not Predicted,,0.0,0
2058200089,W,R,R,R,WRRR,ODD,Not Predicted,,0.0,0
2058200090,R,R,R,W,RRRW,ODD,Not Predicted,,0.0,0
2058200091,W,W,W,W,WWWW,EVEN,Not Predicted,,0.0,0
2058200092,R,R,W,R,RRWR,ODD,Not Predicted,,0.0,0
2058200093,R,R,W,R,RRWR,ODD,Not Predicted,,0.0,0
2058200094,R,R,W,W,RRWW,EVEN,Not Predicted,,0.0,0
2058200095,W,R,W,R,WRWR,EVEN,Not Predicted,,0.0,0
2058200096,W,R,R,R,WRRR,ODD,Not Predicted,,0.0,0
2058200097,R,W,R,W,RWRW,EVEN,Not Predicted,,0.0,0
2058200098,R,R,W,R,RRWR,ODD,Not Predicted,,0.0,0
2058200099,W,W,R,R,WWRR,EVEN,Not Predicted,,0.0,0
2058200100,W,R,W,W,WRWW,ODD,Not Predicted,,0.0,0
2058200101,R,R,W,R,RRWR,ODD,Not Predicted,,0.0,0
2058200102,W,W,R,R,WWRR,EVEN,Not Predicted,,0.0,0
2058200103,R,W,W,R,RWWR,EVEN,Not Predicted,,0.0,0
2058200104,R,R,W,R,RRWR,ODD,Not Predicted,,0.0,0
2058200105,W,W,R,W,WWRW,ODD,Not Predicted,,0.0,0
2058200106,W,R,R,W,WRRW,EVEN,Not Predicted,,0.0,0
2058200107,R,R,W,W,RRWW,EVEN,Not Predicted,,0.0,0
2058200108,R,W,R,R,RWRR,ODD,Not Predicted,,0.0,0
2058200109,W,W,W,W,WWWW,EVEN,Not Predicted,,0.0,0
2058200110,W,W,R,W,WWRW,ODD,Not Predicted,,0.0,0
2058200111,W,W,R,W,WWRW,ODD,Not Predicted,,0.0,0
2058200112,R,R,W,R,RRWR,ODD,Not Predicted,,0.0,0
2058200113,R,W,W,R,RWWR,EVEN,Not Predicted,,0.0,0
2058200114,W,R,R,W,WRRW,EVEN,Not Predicted,,0.0,0
2058200115,W,W,W,W,WWWW,EVEN,Not Predicted,,0.0,0
2058200116,W,R,W,R,WRWR,EVEN,Not Predicted,,0.0,0
2058200117,W,W,W,R,WWWR,ODD,Not Predicted,,0.0,0
2058200118,W,R,R,W,WRRW,EVEN,Not Predicted,,0.0,0
2058200119,W,W,W,R,WWWR,ODD,Not Predicted,,0.0,0
2058200120,W,W,W,R,WWWR,ODD,Not Predicted,,0.0,0
2058200121,W,W,W,W,WWWW,EVEN,Not Predicted,,0.0,0
2058200122,R,R,W,R,RRWR,ODD,Not Predicted,,0.0,0
2058200123,R,W,R,W,RWRW,EVEN,Not Predicted,,0.0,0
2058200124,R,R,R,W,RRRW,ODD,Not Predicted,,0.0,0
2058200125,R,R,W,W,RRWW,EVEN,Not Predicted,,0.0,0
2058200126,W,R,W,R,WRWR,EVEN,Not Predicted,,0.0,0
2058200127,W,W,W,W,WWWW,EVEN,Not Predicted,,0.0,0
2058200128,W,W,W,W,WWWW,EVEN,Not Predicted,,0.0,0
2058200129,W,W,W,R,WWWR,ODD,Not Predicted,,0.0,0
2058200130,R,R,W,R,RRWR,ODD,Not Predicted,,0.0,0
2058200131,R,R,W,R,RRWR,ODD,Not Predicted,,0.0,0
2058200132,R,R,W,W,RRWW,EVEN,Not Predicted,,0.0,0
2058200133,W,R,W,W,WRWW,ODD,Not Predicted,,0.0,0
2058200134,W,W,W,W,WWWW,EVEN,Not Predicted,,0.0,0
2058200135,W,R,R,R,WRRR,ODD,Not Predicted,,0.0,0
2058200136,W,W,W,W,WWWW,EVEN,Not Predicted,,0.0,0
2058200137,W,R,R,R,WRRR,ODD,Not Predicted,,0.0,0
2058200138,W,R,R,R,WRRR,ODD,Not Predicted,,0.0,0
2058200139,R,W,W,R,RWWR,EVEN,Not Predicted,,0.0,0
2058200140,R,W,W,W,RWWW,ODD,Not Predicted,,0.0,0
2058200141,R,W,W,W,RWWW,ODD,Not Predicted,,0.0,0
2058200142,R,R,W,R,RRWR,ODD,Not Predicted,,0.0,0
2058200143,R,W,W,R,RWWR,EVEN,Not Predicted,,0.0,0
2058200144,W,W,W,R,WWWR,ODD,Not Predicted,,0.0,0
2058200145,R,W,R,W,RWRW,EVEN,Not Predicted,,0.0,0
2058200146,W,R,R,R,WRRR,ODD,Not Predicted,,0.0,0
2058200147,R,W,W,R,RWWR,EVEN,Not Predicted,,0.0,0
2058200148,W,W,R,R,WWRR,EVEN,Not Predicted,,0.0,0
2058200149,R,R,R,W,RRRW,ODD,Not Predicted,,0.0,0
2058200150,W,W,R,R,WWRR,EVEN,Not Predicted,,0.0,0
2058200151,R,R,R,R,RRRR,EVEN,Not Predicted,,0.0,0
2058200152,R,W,R,W,RWRW,EVEN,Not Predicted,,0.0,0
2058200153,W,W,W,W,WWWW,EVEN,Not Predicted,,0.0,0
2058200154,W,W,W,R,WWWR,ODD,Not Predicted,,0.0,0
2058200155,R,R,W,W,RRWW,EVEN,Not Predicted,,0.0,0
2058200156,W,R,W,R,WRWR,EVEN,Not Predicted,,0.0,0
2058200157,W,W,W,W,WWWW,EVEN,Not Predicted,,0.0,0
2058200158,R,W,R,W,RWRW,EVEN,Not Predicted,,0.0,0
2058200159,R,W,W,W,RWWW,ODD,Not Predicted,,0.0,0
2058200160,R,R,W,W,RRWW,EVEN,Not Predicted,,0.0,0
2058200161,R,R,W,W,RRWW,EVEN,Not Predicted,,0.0,0
2058200162,W,W,W,R,WWWR,ODD,Not Predicted,,0.0,0
2058200163,R,R,W,R,RRWR,ODD,Not Predicted,,0.0,0
2058200164,W,W,R,R,WWRR,EVEN,Not Predicted,,0.0,0
2058200165,R,W,R,W,RWRW,EVEN,Not Predicted,,0.0,0
2058200166,W,W,W,R,WWWR,ODD,Not Predicted,,0.0,0
2058200167,W,R,W,R,WRWR,EVEN,Not Predicted,,0.0,0
2058200168,R,W,R,W,RWRW,EVEN,Not Predicted,,0.0,0
2058200169,R,W,W,R,RWWR,EVEN,Not Predicted,,0.0,0
2058200170,W,R,R,R,WRRR,ODD,Not Predicted,,0.0,0
2058200171,W,W,R,R,WWRR,EVEN,Not Predicted,,0.0,0
2058200172,W,R,R,W,WRRW,EVEN,Not Predicted,,0.0,0
2058200173,W,R,R,W,WRRW,EVEN,Not Predicted,,0.0,0
2058200174,R,R,R,R,RRRR,EVEN,Not Predicted,,0.0,0
2058200175,W,R,R,R,WRRR,ODD,Not Predicted,,0.0,0
2058200176,R,R,W,W,RRWW,EVEN,Not Predicted,,0.0,0
2058200177,R,W,R,W,RWRW,EVEN,Not Predicted,,0.0,0
2058200178,W,W,R,R,WWRR,EVEN,Not Predicted,,0.0,0
2058200179,W,R,R,R,WRRR,ODD,Not Predicted,,0.0,0
2058200180,W,R,R,R,WRRR,ODD,Not Predicted,,0.0,0
2058200181,W,W,R,W,WWRW,ODD,Not Predicted,,0.0,0
2058200182,W,R,R,W,WRRW,EVEN,Not Predicted,,0.0,0
2058200183,W,W,W,R,WWWR,ODD,Not Predicted,,0.0,0
2058200184,W,R,W,R,WRWR,EVEN,Not Predicted,,0.0,0
2058200185,W,R,W,R,WRWR,EVEN,Not Predicted,,0.0,0
2058200186,R,W,W,R,RWWR,EVEN,Not Predicted,,0.0,0
2058200187,W,R,R,W,WRRW,EVEN,Not Predicted,,0.0,0
2058200188,W,R,W,W,WRWW,ODD,Not Predicted,,0.0,0
2058200189,W,W,W,R,WWWR,ODD,Not Predicted,,0.0,0
2058200190,R,R,R,W,RRRW,ODD,Not Predicted,,0.0,0
2058200191,R,W,W,W,RWWW,ODD,Not Predicted,,0.0,0
2058200192,W,R,W,R,WRWR,EVEN,Not Predicted,,0.0,0
2058200193,W,R,W,R,WRWR,EVEN,Not Predicted,,0.0,0
2058200194,R,R,W,R,RRWR,ODD,Not Predicted,,0.0,0
2058200195,W,R,W,R,WRWR,EVEN,Not Predicted,,0.0,0
2058200196,W,W,W,R,WWWR,ODD,Not Predicted,,0.0,0
2058200197,W,R,W,R,WRWR,EVEN,Not Predicted,,0.0,0
2058200198,W,W,W,W,WWWW,EVEN,Not Predicted,,0.0,0
2058200199,R,R,W,W,RRWW,EVEN,Not Predicted,,0.0,0
2058200200,W,W,W,W,WWWW,EVEN,Not Predicted,,0.0,0
2058200201,W,W,W,R,WWWR,ODD,Not Predicted,,0.0,0
2058200202,W,W,W,R,WWWR,ODD,Not Predicted,,0.0,0
2058200203,W,W,W,W,WWWW,EVEN,Not Predicted,,0.0,0
2058200204,R,W,R,R,RWRR,ODD,Not Predicted,,0.0,0
2058200205,W,W,R,W,WWRW,ODD,Not Predicted,,0.0,0
2058200206,W,R,W,W,WRWW,ODD,Not Predicted,,0.0,0
2058200207,R,R,R,R,RRRR,EVEN,Not Predicted,,0.0,0
2058200208,W,W,W,R,WWWR,ODD,Not Predicted,,0.0,0
2058200209,W,W,W,R,WWWR,ODD,Not Predicted,,0.0,0
2058200210,R,R,W,R,RRWR,ODD,Not Predicted,,0.0,0
2058200211,W,W,R,W,WWRW,ODD,Not Predicted,,0.0,0
2058200212,W,W,W,W,WWWW,EVEN,Not Predicted,,0.0,0
2058200213,W,R,W,R,WRWR,EVEN,Not Predicted,,0.0,0
2058200214,W,R,R,W,WRRW,EVEN,Not Predicted,,0.0,0
2058200215,R,R,W,W,RRWW,EVEN,Not Predicted,,0.0,0
2058200216,R,W,W,W,RWWW,ODD,Not Predicted,,0.0,0
2058200217,W,R,R,W,WRRW,EVEN,Not Predicted,,0.0,0
2058200218,R,R,W,W,RRWW,EVEN,Not Predicted,,0.0,0
2058200219,R,W,R,R,RWRR,ODD,Not Predicted,,0.0,0
2058200220,R,R,R,R,RRRR,EVEN,Not Predicted,,0.0,0
2058200221,W,R,R,W,WRRW,EVEN,Not Predicted,,0.0,0
2058200222,W,R,W,W,WRWW,ODD,Not Predicted,,0.0,0
2058200223,R,R,W,W,RRWW,EVEN,Not Predicted,,0.0,0
2058200224,W,R,R,W,WRRW,EVEN,Not Predicted,,0.0,0
2058200225,R,W,W,W,RWWW,ODD,Not Predicted,,0.0,0
2058200226,R,R,R,R,RRRR,EVEN,Not Predicted,,0.0,0
2058200227,R,R,W,R,RRWR,ODD,Not Predicted,,0.0,0
2058200228,R,W,W,W,RWWW,ODD,Not Predicted,,0.0,0
2058200229,W,R,W,R,WRWR,EVEN,Not Predicted,,0.0,0
2058200230,W,W,W,W,WWWW,EVEN,Not Predicted,,0.0,0
2058200231,R,R,R,R,RRRR,EVEN,Not Predicted,,0.0,0
2058200232,W,W,W,W,WWWW,EVEN,Not Predicted,,0.0,0
2058200233,W,R,R,R,WRRR,ODD,Not Predicted,,0.0,0
2058200234,W,W,W,R,WWWR,ODD,Not Predicted,,0.0,0
2058200235,R,R,W,R,RRWR,ODD,Not Predicted,,0.0,0
2058200236,W,R,W,W,WRWW,ODD,Not Predicted,,0.0,0
2058200237,R,W,W,W,RWWW,ODD,Not Predicted,,0.0,0
2058200238,R,R,R,R,RRRR,EVEN,Not Predicted,,0.0,0
2058200239,W,R,W,R,WRWR,EVEN,Not Predicted,,0.0,0
2058200240,W,R,W,R,WRWR,EVEN,Not Predicted,,0.0,0
2058200241,R,R,W,W,RRWW,EVEN,Not Predicted,,0.0,0
2058200242,W,W,R,R,WWRR,EVEN,Not Predicted,,0.0,0
2058200243,R,W,W,R,RWWR,EVEN,Not Predicted,,0.0,0
2058200244,W,R,R,R,WRRR,ODD,Not Predicted,,0.0,0
2058200245,R,W,W,R,RWWR,EVEN,Not Predicted,,0.0,0
2058200246,R,R,W,W,RRWW,EVEN,Not Predicted,,0.0,0
2058200247,W,W,W,R,WWWR,ODD,Not Predicted,,0.0,0
2058200248,W,R,R,R,WRRR,ODD,Not Predicted,,0.0,0
2058200249,R,W,R,W,RWRW,EVEN,Not Predicted,,0.0,0
2058200250,W,R,W,W,WRWW,ODD,Not Predicted,,0.0,0
2058200251,W,W,W,R,WWWR,ODD,Not Predicted,,0.0,0
2058200252,R,R,R,W,RRRW,ODD,Not Predicted,,0.0,0
2058200253,W,W,R,W,WWRW,ODD,Not Predicted,,0.0,0
2058200254,R,R,R,W,RRRW,ODD,Not Predicted,,0.0,0
2058200255,R,R,R,W,RRRW,ODD,Not Predicted,,0.0,0
2058200256,W,W,R,R,WWRR,EVEN,Not Predicted,,0.0,0
2058200257,R,R,W,R,RRWR,ODD,Not Predicted,,0.0,0
2058200258,W,R,W,W,WRWW,ODD,Not Predicted,,0.0,0
2058200259,R,R,W,R,RRWR,ODD,Not Predicted,,0.0,0
2058200260,W,W,W,W,WWWW,EVEN,Not Predicted,,0.0,0
2058200261,W,R,W,W,WRWW,ODD,Not Predicted,,0.0,0
2058200262,W,R,R,R,WRRR,ODD,Not Predicted,,0.0,0
2058200263,R,R,R,W,RRRW,ODD,Not Predicted,,0.0,0
2058200264,R,R,W,R,RRWR,ODD,Not Predicted,,0.0,0
2058200265,R,W,R,W,RWRW,EVEN,Not Predicted,,0.0,0
2058200266,W,R,R,R,WRRR,ODD,Not Predicted,,0.0,0
2058200267,W,W,R,R,WWRR,EVEN,Not Predicted,,0.0,0
2058200268,R,R,W,W,RRWW,EVEN,Not Predicted,,0.0,0
2058200269,R,W,W,R,RWWR,EVEN,Not Predicted,,0.0,0
2058200270,R,R,R,W,RRRW,ODD,Not Predicted,,0.0,0
2058200271,R,W,R,R,RWRR,ODD,Not Predicted,,0.0,0
2058200272,R,W,W,R,RWWR,EVEN,Not Predicted,,0.0,0
2058200273,R,R,R,W,RRRW,ODD,Not Predicted,,0.0,0
2058200274,R,R,R,W,RRRW,ODD,Not Predicted,,0.0,0
2058200275,R,R,W,W,RRWW,EVEN,Not Predicted,,0.0,0
2058200276,W,R,R,R,WRRR,ODD,Not Predicted,,0.0,0
2058200277,R,R,R,R,RRRR,EVEN,Not Predicted,,0.0,0
2058200278,R,W,R,W,RWRW,EVEN,Not Predicted,,0.0,0
2058200279,R,R,W,W,RRWW,EVEN,Not Predicted,,0.0,0
2058200280,R,W,R,R,RWRR,ODD,Not Predicted,,0.0,0
2058200281,R,W,W,W,RWWW,ODD,Not Predicted,,0.0,0
2058200282,R,W,W,W,RWWW,ODD,Not Predicted,,0.0,0
2058200283,R,R,W,R,RRWR,ODD,Not Predicted,,0.0,0
2058200284,R,W,R,W,RWRW,EVEN,Not Predicted,,0.0,0
2058200285,R,W,W,R,RWWR,EVEN,Not Predicted,,0.0,0
2058200286,R,W,W,W,RWWW,ODD,Not Predicted,,0.0,0
2058200287,R,W,R,W,RWRW,EVEN,Not Predicted,,0.0,0
2058200288,R,R,W,R,RRWR,ODD,Not Predicted,,0.0,0
2058200289,W,R,R,R,WRRR,ODD,Not Predicted,,0.0,0
2058200290,W,W,R,R,WWRR,EVEN,Not Predicted,,0.0,0
2058200291,R,R,R,W,RRRW,ODD,Not Predicted,,0.0,0
2058200292,W,W,R,R,WWRR,EVEN,Not Predicted,,0.0,0
2058200293,W,R,W,W,WRWW,ODD,Not Predicted,,0.0,0
2058200294,W,W,R,W,WWRW,ODD,Not Predicted,,0.0,0
2058200295,R,W,R,W,RWRW,EVEN,Not Predicted,,0.0,0
2058200296,W,W,W,W,WWWW,EVEN,Not Predicted,,0.0,0
2058200297,W,R,W,W,WRWW,ODD,Not Predicted,,0.0,0
2058200298,W,W,W,W,WWWW,EVEN,Not Predicted,,0.0,0
2058200299,R,W,R,W,RWRW,EVEN,Not Predicted,,0.0,0
2058200300,W,R,R,R,WRRR,ODD,Not Predicted,,0.0,0
2058200301,W,W,R,W,WWRW,ODD,Not Predicted,,0.0,0
2058200302,W,R,W,R,WRWR,EVEN,Not Predicted,,0.0,0
2058200303,W,W,W,R,WWWR,ODD,Not Predicted,,0.0,0
2058200304,W,W,W,W,WWWW,EVEN,Not Predicted,,0.0,0
2058200305,R,R,W,R,RRWR,ODD,Not Predicted,,0.0,0
2058200306,W,R,W,R,WRWR,EVEN,Not Predicted,,0.0,0
2058200307,W,W,R,R,WWRR,EVEN,Not Predicted,,0.0,0
2058200308,W,W,R,R,WWRR,EVEN,Not Predicted,,0.0,0
2058200309,R,R,W,R,RRWR,ODD,Not Predicted,,0.0,0
2058200310,W,W,W,W,WWWW,EVEN,Not Predicted,,0.0,0
2058200311,R,R,W,R,RRWR,ODD,Not Predicted,,0.0,0
2058200312,R,R,R,W,RRRW,ODD,Not Predicted,,0.0,0
2058200313,R,W,R,W,RWRW,EVEN,Not Predicted,,0.0,0
2058200314,R,W,R,W,RWRW,EVEN,Not Predicted,,0.0,0
2058200315,W,W,R,W,WWRW,ODD,Not Predicted,,0.0,0
2058200316,W,R,R,W,WRRW,EVEN,Not Predicted,,0.0,0
2058200317,W,R,R,R,WRRR,ODD,Not Predicted,,0.0,0
2058200318,W,R,R,R,WRRR,ODD,Not Predicted,,0.0,0
2058200319,W,R,W,W,WRWW,ODD,Not Predicted,,0.0,0
2058200320,W,W,R,R,WWRR,EVEN,Not Predicted,,0.0,0
2058200321,R,W,W,R,RWWR,EVEN,Not Predicted,,0.0,0
2058200322,W,W,R,W,WWRW,ODD,Not Predicted,,0.0,0
2058200323,W,W,W,R,WWWR,ODD,Not Predicted,,0.0,0
2058200324,W,R,W,R,WRWR,EVEN,Not Predicted,,0.0,0
2058200325,R,R,W,W,RRWW,EVEN,Not Predicted,,0.0,0
2058200326,R,W,R,W,RWRW,EVEN,Not Predicted,,0.0,0
2058200327,R,W,W,R,RWWR,EVEN,Not Predicted,,0.0,0
2058200328,R,W,W,W,RWWW,ODD,Not Predicted,,0.0,0
2058200329,R,R,W,W,RRWW,EVEN,Not Predicted,,0.0,0
2058200330,R,R,R,W,RRRW,ODD,Not Predicted,,0.0,0
2058200331,R,R,W,W,RRWW,EVEN,Not Predicted,,0.0,0
2058200332,R,R,W,R,RRWR,ODD,Not Predicted,,0.0,0
2058200333,R,R,R,W,RRRW,ODD,Not Predicted,,0.0,0
2058200334,R,R,W,W,RRWW,EVEN,Not Predicted,,0.0,0
2058200335,R,R,R,W,RRRW,ODD,Not Predicted,,0.0,0
2058200336,W,R,R,W,WRRW,EVEN,Not Predicted,,0.0,0
2058200337,W,R,W,R,WRWR,EVEN,Not Predicted,,0.0,0
2058200338,R,W,W,R,RWWR,EVEN,Not Predicted,,0.0,0
2058200339,R,W,W,R,RWWR,EVEN,Not Predicted,,0.0,0
2058200340,R,W,W,R,RWWR,EVEN,Not Predicted,,0.0,0
2058200341,W,W,R,W,WWRW,ODD,Not Predicted,,0.0,0
2058200342,W,R,R,R,WRRR,ODD,Not Predicted,,0.0,0
2058200343,R,W,W,R,RWWR,EVEN,Not Predicted,,0.0,0
2058200344,R,R,W,R,RRWR,ODD,Not Predicted,,0.0,0
2058200345,W,W,R,R,WWRR,EVEN,Not Predicted,,0.0,0
2058200346,W,R,W,R,WRWR,EVEN,Not Predicted,,0.0,0
2058200347,W,R,R,W,WRRW,EVEN,Not Predicted,,0.0,0
2058200348,R,R,W,W,RRWW,EVEN,Not Predicted,,0.0,0
2058200349,R,R,W,W,RRWW,EVEN,Not Predicted,,0.0,0
2058200350,W,W,R,W,WWRW,ODD,Not Predicted,,0.0,0
2058200351,R,W,W,R,RWWR,EVEN,Not Predicted,,0.0,0
2058200352,R,R,R,R,RRRR,EVEN,Not Predicted,,0.0,0
2058200353,W,R,R,R,WRRR,ODD,Not Predicted,,0.0,0
2058200354,W,W,R,W,WWRW,ODD,Not Predicted,,0.0,0
2058200355,R,W,W,R,RWWR,EVEN,Not Predicted,,0.0,0
2058200356,R,W,W,W,RWWW,ODD,Not Predicted,,0.0,0
2058200357,W,R,R,W,WRRW,EVEN,Not Predicted,,0.0,0
2058200358,W,W,W,W,WWWW,EVEN,Not Predicted,,0.0,0
2058200359,W,R,W,W,WRWW,ODD,Not Predicted,,0.0,0
2058200360,W,W,W,W,WWWW,EVEN,Not Predicted,,0.0,0
2058200361,R,W,W,R,RWWR,EVEN,Not Predicted,,0.0,0
2058200362,R,W,R,R,RWRR,ODD,Not Predicted,,0.0,0
2058200363,W,R,R,W,WRRW,EVEN,Not Predicted,,0.0,0
2058200364,W,W,W,R,WWWR,ODD,Not Predicted,,0.0,0
2058200365,W,R,R,R,WRRR,ODD,Not Predicted,,0.0,0
2058200366,W,R,R,W,WRRW,EVEN,Not Predicted,,0.0,0
2058200367,R,W,R,R,RWRR,ODD,Not Predicted,,0.0,0
2058200368,R,R,W,W,RRWW,EVEN,Not Predicted,,0.0,0
2058200369,R,W,W,R,RWWR,EVEN,Not Predicted,,0.0,0
2058200370,W,W,W,W,WWWW,EVEN,Not Predicted,,0.0,0
2058200371,R,R,W,W,RRWW,EVEN,Not Predicted,,0.0,0
2058200372,W,W,R,R,WWRR,EVEN,Not Predicted,,0.0,0
2058200373,R,R,R,W,RRRW,ODD,Not Predicted,,0.0,0
2058200374,R,W,W,R,RWWR,EVEN,Not Predicted,,0.0,0
2058200375,W,R,R,W,WRRW,EVEN,Not Predicted,,0.0,0
2058200376,R,W,W,W,RWWW,ODD,Not Predicted,,0.0,0
2058200377,R,R,W,R,RRWR,ODD,Not Predicted,,0.0,0
2058200378,W,R,R,R,WRRR,ODD,Not Predicted,,0.0,0
2058200379,W,W,W,W,WWWW,EVEN,Not Predicted,,0.0,0
2058200380,R,W,R,R,RWRR,ODD,Not Predicted,,0.0,0
2058200381,R,R,R,R,RRRR,EVEN,Not Predicted,,0.0,0
2058200382,W,W,R,R,WWRR,EVEN,Not Predicted,,0.0,0
2058200383,W,W,W,R,WWWR,ODD,Not Predicted,,0.0,0
2058200384,W,W,W,W,WWWW,EVEN,Not Predicted,,0.0,0
2058200385,R,W,R,W,RWRW,EVEN,Not Predicted,,0.0,0
2058200386,W,W,R,R,WWRR,EVEN,Not Predicted,,0.0,0
2058200387,R,W,W,W,RWWW,ODD,Not Predicted,,0.0,0
2058200388,W,R,R,R,WRRR,ODD,Not Predicted,,0.0,0
2058200389,W,R,R,R,WRRR,ODD,Not Predicted,,0.0,0
2058200390,W,R,W,R,WRWR,EVEN,Not Predicted,,0.0,0
2058200391,W,W,R,W,WWRW,ODD,Not Predicted,,0.0,0
2058200392,W,W,W,R,WWWR,ODD,Not Predicted,,0.0,0
2058200393,W,W,W,R,WWWR,ODD,Not Predicted,,0.0,0
2058200394,W,W,W,W,WWWW,EVEN,Not Predicted,,0.0,0
2058200395,W,W,W,W,WWWW,EVEN,Not Predicted,,0.0,0
2058200396,W,R,R,W,WRRW,EVEN,Not Predicted,,0.0,0
2058200397,W,R,W,R,WRWR,EVEN,Not Predicted,,0.0,0
2058200398,R,W,W,R,RWWR,EVEN,Not Predicted,,0.0,0
2058200399,R,R,R,W,RRRW,ODD,Not Predicted,,0.0,0
2058200400,W,W,W,R,WWWR,ODD,Not Predicted,,0.0,0
2058200401,W,W,R,W,WWRW,ODD,Not Predicted,,0.0,0
2058200402,R,R,W,R,RRWR,ODD,Not Predicted,,0.0,0
2058200403,W,W,W,W,WWWW,EVEN,Not Predicted,,0.0,0
2058200404,R,W,W,R,RWWR,EVEN,Not Predicted,,0.0,0
2058200405,W,R,W,W,WRWW,ODD,Not Predicted,,0.0,0
2058200406,R,W,R,W,RWRW,EVEN,Not Predicted,,0.0,0
2058200407,R,W,W,W,RWWW,ODD,Not Predicted,,0.0,0
2058200408,W,R,W,R,WRWR,EVEN,Not Predicted,,0.0,0
2058200409,R,W,W,W,RWWW,ODD,Not Predicted,,0.0,0
2058200410,R,R,W,W,RRWW,EVEN,Not Predicted,,0.0,0
2058200411,W,R,R,R,WRRR,ODD,Not Predicted,,0.0,0
2058200412,W,R,R,R,WRRR,ODD,Not Predicted,,0.0,0
2058200413,R,R,R,W,RRRW,ODD,Not Predicted,,0.0,0
2058200414,W,R,R,R,WRRR,ODD,Not Predicted,,0.0,0
2058200415,W,W,W,W,WWWW,EVEN,Not Predicted,,0.0,0
2058200416,R,R,R,W,RRRW,ODD,Not Predicted,,0.0,0
2058200417,R,R,W,W,RRWW,EVEN,Not Predicted,,0.0,0
2058200418,W,W,W,R,WWWR,ODD,Not Predicted,,0.0,0
2058200419,R,R,R,W,RRRW,ODD,Not Predicted,,0.0,0
2058200420,R,W,W,W,RWWW,ODD,Not Predicted,,0.0,0
2058200421,W,W,W,W,WWWW,EVEN,Not Predicted,,0.0,0
2058200422,W,W,W,W,WWWW,EVEN,Not Predicted,,0.0,0
2058200423,W,W,R,R,WWRR,EVEN,Not Predicted,,0.0,0
2058200424,W,R,W,W,WRWW,ODD,Not Predicted,,0.0,0
2058200425,R,W,R,W,RWRW,EVEN,Not Predicted,,0.0,0
2058200426,R,W,W,R,RWWR,EVEN,Not Predicted,,0.0,0
2058200427,R,R,W,R,RRWR,ODD,Not Predicted,,0.0,0
2058200428,W,R,R,W,WRRW,EVEN,Not Predicted,,0.0,0
2058200429,R,W,R,R,RWRR,ODD,Not Predicted,,0.0,0
2058200430,W,R,R,R,WRRR,ODD,Not Predicted,,0.0,0
2058200431,W,R,W,R,WRWR,EVEN,Not Predicted,,0.0,0
2058200432,R,W,W,R,RWWR,EVEN,Not Predicted,,0.0,0
2058200433,W,R,R,R,WRRR,ODD,Not Predicted,,0.0,0
2058200434,W,W,R,R,WWRR,EVEN,Not Predicted,,0.0,0
2058200435,W,W,W,W,WWWW,EVEN,Not Predicted,,0.0,0
2058200436,W,W,W,W,WWWW,EVEN,Not Predicted,,0.0,0
2058200437,W,R,W,W,WRWW,ODD,Not Predicted,,0.0,0
2058200438,W,W,W,R,WWWR,ODD,Not Predicted,,0.0,0
2058200439,R,R,W,R,RRWR,ODD,Not Predicted,,0.0,0
2058200440,W,W,R,W,WWRW,ODD,Not Predicted,,0.0,0
2058200441,W,W,W,R,WWWR,ODD,Not Predicted,,0.0,0
2058200442,W,W,R,R,WWRR,EVEN,Not Predicted,,0.0,0
2058200443,R,W,R,R,RWRR,ODD,Not Predicted,,0.0,0
2058200444,R,R,R,W,RRRW,ODD,Not Predicted,,0.0,0
2058200445,W,W,W,W,WWWW,EVEN,Not Predicted,,0.0,0
2058200446,W,R,W,W,WRWW,ODD,Not Predicted,,0.0,0
2058200447,R,R,R,R,RRRR,EVEN,Not Predicted,,0.0,0
2058200448,W,W,R,W,WWRW,ODD,Not Predicted,,0.0,0
2058200449,W,R,R,W,WRRW,EVEN,Not Predicted,,0.0,0
2058200450,R,W,W,W,RWWW,ODD,Not Predicted,,0.0,0
2058200451,W,W,R,R,WWRR,EVEN,Not Predicted,,0.0,0
2058200452,W,W,W,R,WWWR,ODD,Not Predicted,,0.0,0
2058200453,W,W,R,R,WWRR,EVEN,Not Predicted,,0.0,0
2058200454,R,R,W,R,RRWR,ODD,Not Predicted,,0.0,0
2058200455,R,R,W,R,RRWR,ODD,Not Predicted,,0.0,0
2058200456,R,W,W,R,RWWR,EVEN,Not Predicted,,0.0,0
2058200457,R,W,W,W,RWWW,ODD,Not Predicted,,0.0,0
2058200458,R,R,W,W,RRWW,EVEN,Not Predicted,,0.0,0
2058200459,R,W,R,R,RWRR,ODD,Not Predicted,,0.0,0
2058200460,W,W,R,R,WWRR,EVEN,Not Predicted,,0.0,0
2058200461,W,R,R,R,WRRR,ODD,Not Predicted,,0.0,0
2058200462,W,R,W,R,WRWR,EVEN,Not Predicted,,0.0,0
2058200463,W,R,R,R,WRRR,ODD,Not Predicted,,0.0,0
2058200464,R,R,W,R,RRWR,ODD,Not Predicted,,0.0,0
2058200465,R,R,R,W,RRRW,ODD,Not Predicted,,0.0,0
2058200466,R,W,W,R,RWWR,EVEN,Not Predicted,,0.0,0
2058200467,W,W,R,R,WWRR,EVEN,Not Predicted,,0.0,0
2058200468,W,R,R,W,WRRW,EVEN,Not Predicted,,0.0,0
2058200469,W,R,W,W,WRWW,ODD,Not Predicted,,0.0,0
2058200470,W,R,W,R,WRWR,EVEN,Not Predicted,,0.0,0
2058200471,W,R,R,R,WRRR,ODD,Not Predicted,,0.0,0
2058200472,W,R,W,W,WRWW,ODD,Not Predicted,,0.0,0
2058200473,R,R,R,R,RRRR,EVEN,Not Predicted,,0.0,0
2058200474,R,R,W,R,RRWR,ODD,Not Predicted,,0.0,0
2058200475,W,W,W,R,WWWR,ODD,Not Predicted,,0.0,0
2058200476,R,W,W,R,RWWR,EVEN,Not Predicted,,0.0,0
2058200477,W,W,R,W,WWRW,ODD,Not Predicted,,0.0,0
2058200478,W,R,R,R,WRRR,ODD,Not Predicted,,0.0,0
2058200479,R,R,R,R,RRRR,EVEN,Not Predicted,,0.0,0
2058200480,W,W,W,W,WWWW,EVEN,Not Predicted,,0.0,0
2058300001,W,R,W,R,WRWR,EVEN,Not Predicted,,0.0,0
2058300002,W,R,R,W,WRRW,EVEN,Not Predicted,,0.0,0
2058300003,W,R,W,R,WRWR,EVEN,Not Predicted,,0.0,0
2058300004,R,R,R,W,RRRW,ODD,Not Predicted,,0.0,0
2058300005,W,W,W,R,WWWR,ODD,Not Predicted,,0.0,0
2058300006,R,W,W,R,RWWR,EVEN,Not Predicted,,0.0,0
2058300007,R,R,R,W,RRRW,ODD,Not Predicted,,0.0,0
2058300008,R,W,W,R,RWWR,EVEN,Not Predicted,,0.0,0
2058300009,W,R,R,W,WRRW,EVEN,Not Predicted,,0.0,0
2058300010,R,R,R,R,RRRR,EVEN,Not Predicted,,0.0,0
2058300011,R,W,W,R,RWWR,EVEN,Not Predicted,,0.0,0
2058300012,R,R,W,W,RRWW,EVEN,Not Predicted,,0.0,0
2058300013,R,R,R,R,RRRR,EVEN,Not Predicted,,0.0,0
2058300014,R,R,W,R,RRWR,ODD,Not Predicted,,0.0,0
2058300015,W,R,W,W,WRWW,ODD,Not Predicted,,0.0,0
2058300016,R,R,W,W,RRWW,EVEN,Not Predicted,,0.0,0
2058300017,W,R,R,W,WRRW,EVEN,Not Predicted,,0.0,0
2058300018,W,W,R,W,WWRW,ODD,Not Predicted,,0.0,0
2058300019,R,W,W,W,RWWW,ODD,Not Predicted,,0.0,0
2058300020,W,W,R,W,WWRW,ODD,Not Predicted,,0.0,0
2058300021,R,W,W,R,RWWR,EVEN,Not Predicted,,0.0,0
2058300022,R,W,W,R,RWWR,EVEN,Not Predicted,,0.0,0
2058300023,W,W,R,R,WWRR,EVEN,Not Predicted,,0.0,0
2058300024,R,W,R,W,RWRW,EVEN,Not Predicted,,0.0,0
2058300025,W,R,R,R,WRRR,ODD,Not Predicted,,0.0,0
2058300026,R,R,R,R,RRRR,EVEN,Not Predicted,,0.0,0
2058300027,R,W,W,W,RWWW,ODD,Not Predicted,,0.0,0
2058300028,R,W,R,W,RWRW,EVEN,Not Predicted,,0.0,0
2058300029,W,W,W,W,WWWW,EVEN,Not Predicted,,0.0,0
2058300030,R,R,R,W,RRRW,ODD,Not Predicted,,0.0,0
2058300031,R,W,W,W,RWWW,ODD,Not Predicted,,0.0,0
2058300032,R,W,W,R,RWWR,EVEN,Not Predicted,,0.0,0
2058300033,R,R,W,W,RRWW,EVEN,Not Predicted,,0.0,0
2058300034,W,R,W,W,WRWW,ODD,Not Predicted,,0.0,0
2058300035,R,W,W,R,RWWR,EVEN,Not Predicted,,0.0,0
2058300036,R,R,W,R,RRWR,ODD,Not Predicted,,0.0,0
2058300037,W,R,R,R,WRRR,ODD,Not Predicted,,0.0,0
2058300038,R,R,R,R,RRRR,EVEN,Not Predicted,,0.0,0
2058300039,W,W,R,R,WWRR,EVEN,Not Predicted,,0.0,0
2058300040,R,W,R,W,RWRW,EVEN,Not Predicted,,0.0,0
2058300041,W,R,R,R,WRRR,ODD,Not Predicted,,0.0,0
2058300042,W,R,R,R,WRRR,ODD,Not Predicted,,0.0,0
2058300043,W,W,R,R,WWRR,EVEN,Not Predicted,,0.0,0
2058300044,R,R,W,W,RRWW,EVEN,Not Predicted,,0.0,0
2058300045,R,R,R,R,RRRR,EVEN,Not Predicted,,0.0,0
2058300046,R,R,R,R,RRRR,EVEN,Not Predicted,,0.0,0
2058300047,W,R,W,R,WRWR,EVEN,Not Predicted,,0.0,0
2058300048,R,W,R,W,RWRW,EVEN,Not Predicted,,0.0,0
2058300049,R,W,W,W,RWWW,ODD,Not Predicted,,0.0,0
2058300050,R,R,R,W,RRRW,ODD,Not Predicted,,0.0,0
2058300051,W,W,W,R,WWWR,ODD,Not Predicted,,0.0,0
2058300052,W,R,R,W,WRRW,EVEN,Not Predicted,,0.0,0
2058300053,W,R,R,R,WRRR,ODD,Not Predicted,,0.0,0
2058300054,W,R,W,R,WRWR,EVEN,Not Predicted,,0.0,0
2058300055,W,R,R,W,WRRW,EVEN,Not Predicted,,0.0,0
2058300056,R,R,R,R,RRRR,EVEN,Not Predicted,,0.0,0
2058300057,R,R,W,W,RRWW,EVEN,Not Predicted,,0.0,0
2058300058,W,R,R,W,WRRW,EVEN,Not Predicted,,0.0,0
2058300059,R,R,W,W,RRWW,EVEN,Not Predicted,,0.0,0
2058300060,R,R,R,W,RRRW,ODD,Not Predicted,,0.0,0
2058300061,R,W,R,R,RWRR,ODD,Not Predicted,,0.0,0
2058300062,W,W,W,R,WWWR,ODD,Not Predicted,,0.0,0
2058300063,W,W,W,R,WWWR,ODD,Not Predicted,,0.0,0
2058300064,R,R,W,R,RRWR,ODD,Not Predicted,,0.0,0
2058300065,W,R,W,W,WRWW,ODD,Not Predicted,,0.0,0
2058300066,R,W,W,W,RWWW,ODD,Not Predicted,,0.0,0
2058300067,R,W,R,W,RWRW,EVEN,Not Predicted,,0.0,0
2058300068,W,R,R,W,WRRW,EVEN,Not Predicted,,0.0,0
2058300069,W,R,W,W,WRWW,ODD,Not Predicted,,0.0,0
2058300070,W,R,R,W,WRRW,EVEN,Not Predicted,,0.0,0
2058300071,W,R,W,W,WRWW,ODD,Not Predicted,,0.0,0
2058300072,W,W,W,R,WWWR,ODD,Not Predicted,,0.0,0
2058300073,R,W,W,R,RWWR,EVEN,Not Predicted,,0.0,0
2058300074,R,W,W,W,RWWW,ODD,Not Predicted,,0.0,0
2058300075,R,R,R,W,RRRW,ODD,Not Predicted,,0.0,0
2058300076,W,W,W,R,WWWR,ODD,Not Predicted,,0.0,0
2058300077,W,R,W,W,WRWW,ODD,Not Predicted,,0.0,0
2058300078,W,W,R,W,WWRW,ODD,Not Predicted,,0.0,0
2058300079,W,R,W,R,WRWR,EVEN,Not Predicted,,0.0,0
2058300080,R,W,W,R,RWWR,EVEN,Not Predicted,,0.0,0
2058300081,R,W,W,R,RWWR,EVEN,Not Predicted,,0.0,0
2058300082,R,W,R,R,RWRR,ODD,Not Predicted,,0.0,0
2058300083,W,R,W,W,WRWW,ODD,Not Predicted,,0.0,0
2058300084,W,R,R,R,WRRR,ODD,Not Predicted,,0.0,0
2058300085,W,W,R,R,WWRR,EVEN,Not Predicted,,0.0,0
2058300086,W,R,W,W,WRWW,ODD,Not Predicted,,0.0,0
2058300087,W,W,W,R,WWWR,ODD,Not Predicted,,0.0,0
2058300088,W,W,R,W,WWRW,ODD,Not Predicted,,0.0,0
2058300089,R,R,R,W,RRRW,ODD,Not Predicted,,0.0,0
2058300090,R,W,W,R,RWWR,EVEN,Not Predicted,,0.0,0
2058300091,W,R,R,W,WRRW,EVEN,Not Predicted,,0.0,0
2058300092,W,W,W,W,WWWW,EVEN,Not Predicted,,0.0,0
2058300093,W,W,R,W,WWRW,ODD,Not Predicted,,0.0,0
2058300094,W,W,R,W,WWRW,ODD,Not Predicted,,0.0,0
2058300095,R,W,W,R,RWWR,EVEN,Not Predicted,,0.0,0
2058300096,R,R,R,W,RRRW,ODD,Not Predicted,,0.0,0
2058300097,R,R,R,W,RRRW,ODD,Not Predicted,,0.0,0
2058300098,W,R,W,W,WRWW,ODD,Not Predicted,,0.0,0
2058300099,W,W,W,R,WWWR,ODD,Not Predicted,,0.0,0
2058300100,W,R,W,R,WRWR,EVEN,Not Predicted,,0.0,0
2058300101,R,R,W,R,RRWR,ODD,Not Predicted,,0.0,0
2058300102,R,R,R,R,RRRR,EVEN,Not Predicted,,0.0,0
2058300103,R,W,R,R,RWRR,ODD,Not Predicted,,0.0,0
2058300104,R,R,W,R,RRWR,ODD,Not Predicted,,0.0,0
2058300105,W,R,W,W,WRWW,ODD,Not Predicted,,0.0,0
2058300106,R,R,W,R,RRWR,ODD,Not Predicted,,0.0,0
2058300107,W,R,R,R,WRRR,ODD,Not Predicted,,0.0,0
2058300108,W,W,R,R,WWRR,EVEN,Not Predicted,,0.0,0
2058300109,R,W,R,R,RWRR,ODD,Not Predicted,,0.0,0
2058300110,W,R,W,W,WRWW,ODD,Not Predicted,,0.0,0
2058300111,W,W,W,W,WWWW,EVEN,Not Predicted,,0.0,0
2058300112,R,W,W,R,RWWR,EVEN,Not Predicted,,0.0,0
2058300113,R,W,R,R,RWRR,ODD,Not Predicted,,0.0,0
2058300114,W,R,R,R,WRRR,ODD,Not Predicted,,0.0,0
2058300115,W,R,W,R,WRWR,EVEN,Not Predicted,,0.0,0
2058300116,W,W,W,W,WWWW,EVEN,Not Predicted,,0.0,0
2058300117,W,R,R,W,WRRW,EVEN,Not Predicted,,0.0,0
2058300118,W,W,R,W,WWRW,ODD,Not Predicted,,0.0,0
2058300119,R,W,W,W,RWWW,ODD,Not Predicted,,0.0,0
2058300120,W,W,W,W,WWWW,EVEN,Not Predicted,,0.0,0
2058300121,W,R,W,R,WRWR,EVEN,Not Predicted,,0.0,0
2058300122,R,W,W,R,RWWR,EVEN,Not Predicted,,0.0,0
2058300123,R,W,W,W,RWWW,ODD,Not Predicted,,0.0,0
2058300124,W,R,W,R,WRWR,EVEN,Not Predicted,,0.0,0
2058300125,R,R,R,R,RRRR,EVEN,Not Predicted,,0.0,0
2058300126,R,R,R,W,RRRW,ODD,Not Predicted,,0.0,0
2058300127,R,R,W,R,RRWR,ODD,Not Predicted,,0.0,0
2058300128,R,R,R,R,RRRR,EVEN,Not Predicted,,0.0,0
2058300129,W,R,R,W,WRRW,EVEN,Not Predicted,,0.0,0
2058300130,R,W,R,W,RWRW,EVEN,Not Predicted,,0.0,0
2058300131,W,W,R,W,WWRW,ODD,Not Predicted,,0.0,0
2058300132,W,W,W,W,WWWW,EVEN,Not Predicted,,0.0,0
2058300133,W,R,R,R,WRRR,ODD,Not Predicted,,0.0,0
2058300134,R,W,W,W,RWWW,ODD,Not Predicted,,0.0,0
2058300135,R,W,W,W,RWWW,ODD,Not Predicted,,0.0,0
2058300136,R,R,R,R,RRRR,EVEN,Not Predicted,,0.0,0
2058300137,R,R,W,R,RRWR,ODD,Not Predicted,,0.0,0
2058300138,R,R,R,W,RRRW,ODD,Not Predicted,,0.0,0
2058300139,W,W,W,R,WWWR,ODD,Not Predicted,,0.0,0
2058300140,W,W,W,R,WWWR,ODD,Not Predicted,,0.0,0
2058300141,W,W,R,W,WWRW,ODD,Not Predicted,,0.0,0
2058300142,R,W,R,R,RWRR,ODD,Not Predicted,,0.0,0
2058300143,W,W,W,W,WWWW,EVEN,Not Predicted,,0.0,0
2058300144,R,R,R,W,RRRW,ODD,Not Predicted,,0.0,0
2058300145,W,R,R,W,WRRW,EVEN,Not Predicted,,0.0,0
2058300146,W,R,W,R,WRWR,EVEN,Not Predicted,,0.0,0
2058300147,R,R,R,R,RRRR,EVEN,Not Predicted,,0.0,0
2058300148,R,W,R,W,RWRW,EVEN,Not Predicted,,0.0,0
2058300149,R,W,R,W,RWRW,EVEN,Not Predicted,,0.0,0
2058300150,W,R,W,W,WRWW,ODD,Not Predicted,,0.0,0
2058300151,R,R,W,W,RRWW,EVEN,Not Predicted,,0.0,0
2058300152,R,R,W,R,RRWR,ODD,Not Predicted,,0.0,0
2058300153,R,W,W,W,RWWW,ODD,Not Predicted,,0.0,0
2058300154,W,R,W,W,WRWW,ODD,Not Predicted,,0.0,0
2058300155,R,R,W,W,RRWW,EVEN,Not Predicted,,0.0,0
2058300156,W,W,R,R,WWRR,EVEN,Not Predicted,,0.0,0
2058300157,W,R,W,R,WRWR,EVEN,Not Predicted,,0.0,0
2058300158,R,W,R,R,RWRR,ODD,Not Predicted,,0.0,0
2058300159,R,R,R,W,RRRW,ODD,Not Predicted,,0.0,0
2058300160,R,W,R,R,RWRR,ODD,Not Predicted,,0.0,0
2058300161,R,R,W,W,RRWW,EVEN,Not Predicted,,0.0,0
2058300162,R,W,W,W,RWWW,ODD,Not Predicted,,0.0,0
2058300163,R,W,W,R,RWWR,EVEN,Not Predicted,,0.0,0
2058300164,W,R,R,R,WRRR,ODD,Not Predicted,,0.0,0
2058300165,W,W,R,W,WWRW,ODD,Not Predicted,,0.0,0
2058300166,R,R,W,R,RRWR,ODD,Not Predicted,,0.0,0
2058300167,W,R,W,W,WRWW,ODD,Not Predicted,,0.0,0
2058300168,R,W,R,R,RWRR,ODD,Not Predicted,,0.0,0
2058300169,R,R,R,W,RRRW,ODD,Not Predicted,,0.0,0
2058300170,R,W,R,R,RWRR,ODD,Not Predicted,,0.0,0
2058300171,W,R,R,W,WRRW,EVEN,Not Predicted,,0.0,0
2058300172,R,R,W,W,RRWW,EVEN,Not Predicted,,0.0,0
2058300173,W,R,W,R,WRWR,EVEN,Not Predicted,,0.0,0
2058300174,W,R,W,R,WRWR,EVEN,Not Predicted,,0.0,0
2058300175,W,W,R,W,WWRW,ODD,Not Predicted,,0.0,0
2058300176,W,R,W,R,WRWR,EVEN,Not Predicted,,0.0,0
2058300177,W,W,R,R,WWRR,EVEN,Not Predicted,,0.0,0
2058300178,R,R,W,W,RRWW,EVEN,Not Predicted,,0.0,0
2058300179,W,W,W,R,WWWR,ODD,Not Predicted,,0.0,0
2058300180,W,R,R,R,WRRR,ODD,Not Predicted,,0.0,0
2058300181,R,R,W,R,RRWR,ODD,Not Predicted,,0.0,0
2058300182,R,W,W,W,RWWW,ODD,Not Predicted,,0.0,0
2058300183,W,R,W,R,WRWR,EVEN,Not Predicted,,0.0,0
2058300184,W,R,R,R,WRRR,ODD,Not Predicted,,0.0,0
2058300185,R,R,R,W,RRRW,ODD,Not Predicted,,0.0,0
2058300186,R,R,W,W,RRWW,EVEN,Not Predicted,,0.0,0
2058300187,R,W,W,W,RWWW,ODD,Not Predicted,,0.0,0
2058300188,W,R,W,R,WRWR,EVEN,Not Predicted,,0.0,0
2058300189,W,W,R,R,WWRR,EVEN,Not Predicted,,0.0,0
2058300190,R,R,R,W,RRRW,ODD,Not Predicted,,0.0,0
2058300191,W,W,R,R,WWRR,EVEN,Not Predicted,,0.0,0
2058300192,R,W,W,R,RWWR,EVEN,Not Predicted,,0.0,0
2058300193,R,R,R,W,RRRW,ODD,Not Predicted,,0.0,0
2058300194,W,W,W,R,WWWR,ODD,Not Predicted,,0.0,0
2058300195,R,R,W,R,RRWR,ODD,Not Predicted,,0.0,0
2058300196,W,R,W,R,WRWR,EVEN,Not Predicted,,0.0,0
2058300197,W,R,R,R,WRRR,ODD,Not Predicted,,0.0,0
2058300198,R,R,R,R,RRRR,EVEN,Not Predicted,,0.0,0
2058300199,R,R,R,W,RRRW,ODD,Not Predicted,,0.0,0
2058300200,R,R,W,W,RRWW,EVEN,Not Predicted,,0.0,0
2058300201,W,W,W,W,WWWW,EVEN,Not Predicted,,0.0,0
2058300202,R,R,R,R,RRRR,EVEN,Not Predicted,,0.0,0
2058300203,R,R,R,R,RRRR,EVEN,Not Predicted,,0.0,0
2058300204,R,R,R,R,RRRR,EVEN,Not Predicted,,0.0,0
2058300205,W,W,W,R,WWWR,ODD,Not Predicted,,0.0,0
2058300206,R,W,W,W,RWWW,ODD,Not Predicted,,0.0,0
2058300207,R,R,R,W,RRRW,ODD,Not Predicted,,0.0,0
2058300208,W,R,R,W,WRRW,EVEN,Not Predicted,,0.0,0
2058300209,R,R,W,R,RRWR,ODD,Not Predicted,,0.0,0
2058300210,W,R,W,R,WRWR,EVEN,Not Predicted,,0.0,0
2058300211,R,R,R,W,RRRW,ODD,Not Predicted,,0.0,0
2058300212,W,R,W,W,WRWW,ODD,Not Predicted,,0.0,0
2058300213,R,R,R,R,RRRR,EVEN,Not Predicted,,0.0,0
2058300214,R,R,W,R,RRWR,ODD,Not Predicted,,0.0,0
2058300215,W,W,R,W,WWRW,ODD,Not Predicted,,0.0,0
2058300216,R,R,W,W,RRWW,EVEN,Not Predicted,,0.0,0
2058300217,R,R,W,W,RRWW,EVEN,Not Predicted,,0.0,0
2058300218,R,R,W,R,RRWR,ODD,Not Predicted,,0.0,0
2058300219,W,R,W,W,WRWW,ODD,Not Predicted,,0.0,0
2058300220,W,W,R,W,WWRW,ODD,Not Predicted,,0.0,0
2058300221,W,R,W,R,WRWR,EVEN,Not Predicted,,0.0,0
2058300222,W,W,W,R,WWWR,ODD,Not Predicted,,0.0,0
2058300223,R,W,R,R,RWRR,ODD,Not Predicted,,0.0,0
2058300224,R,W,R,R,RWRR,ODD,Not Predicted,,0.0,0
2058300225,W,W,R,R,WWRR,EVEN,Not Predicted,,0.0,0
2058300226,W,W,R,W,WWRW,ODD,Not Predicted,,0.0,0
2058300227,W,W,R,R,WWRR,EVEN,Not Predicted,,0.0,0
2058300228,W,W,R,W,WWRW,ODD,Not Predicted,,0.0,0
2058300229,R,W,W,W,RWWW,ODD,Not Predicted,,0.0,0
2058300230,R,W,R,R,RWRR,ODD,Not Predicted,,0.0,0
2058300231,R,R,R,W,RRRW,ODD,Not Predicted,,0.0,0
2058300232,W,W,R,R,WWRR,EVEN,Not Predicted,,0.0,0
2058300233,W,W,R,R,WWRR,EVEN,Not Predicted,,0.0,0
2058300234,W,R,W,R,WRWR,EVEN,Not Predicted,,0.0,0
2058300235,R,R,R,W,RRRW,ODD,Not Predicted,,0.0,0
2058300236,W,W,W,W,WWWW,EVEN,Not Predicted,,0.0,0
2058300237,R,R,W,R,RRWR,ODD,Not Predicted,,0.0,0
2058300238,W,W,W,W,WWWW,EVEN,Not Predicted,,0.0,0
2058300239,R,W,R,R,RWRR,ODD,Not Predicted,,0.0,0
2058300240,W,R,R,W,WRRW,EVEN,Not Predicted,,0.0,0
2058300241,W,R,W,R,WRWR,EVEN,Not Predicted,,0.0,0
2058300242,R,W,W,R,RWWR,EVEN,Not Predicted,,0.0,0
2058300243,R,W,W,W,RWWW,ODD,Not Predicted,,0.0,0
2058300244,R,W,R,W,RWRW,EVEN,Not Predicted,,0.0,0
2058300245,W,R,W,W,WRWW,ODD,Not Predicted,,0.0,0
2058300246,W,R,W,R,WRWR,EVEN,Not Predicted,,0.0,0
2058300247,W,R,W,W,WRWW,ODD,Not Predicted,,0.0,0
2058300248,R,W,W,W,RWWW,ODD,Not Predicted,,0.0,0
2058300249,R,R,R,W,RRRW,ODD,Not Predicted,,0.0,0
2058300250,W,R,R,W,WRRW,EVEN,Not Predicted,,0.0,0
2058300251,W,R,R,W,WRRW,EVEN,Not Predicted,,0.0,0
2058300252,R,R,R,R,RRRR,EVEN,Not Predicted,,0.0,0
2058300253,R,W,R,W,RWRW,EVEN,Not Predicted,,0.0,0
2058300254,R,W,R,W,RWRW,EVEN,Not Predicted,,0.0,0
2058300255,R,R,R,W,RRRW,ODD,Not Predicted,,0.0,0
2058300256,R,W,R,W,RWRW,EVEN,Not Predicted,,0.0,0
2058300257,R,R,R,R,RRRR,EVEN,Not Predicted,,0.0,0
2058300258,R,W,R,W,RWRW,EVEN,Not Predicted,,0.0,0
2058300259,W,W,R,R,WWRR,EVEN,Not Predicted,,0.0,0
2058300260,R,W,W,W,RWWW,ODD,Not Predicted,,0.0,0
2058300261,R,R,R,W,RRRW,ODD,Not Predicted,,0.0,0
2058300262,W,W,R,R,WWRR,EVEN,Not Predicted,,0.0,0
2058300263,W,R,R,R,WRRR,ODD,Not Predicted,,0.0,0
2058300264,R,R,W,W,RRWW,EVEN,Not Predicted,,0.0,0
2058300265,R,W,R,R,RWRR,ODD,Not Predicted,,0.0,0
2058300266,R,R,W,W,RRWW,EVEN,Not Predicted,,0.0,0
2058300267,R,R,R,R,RRRR,EVEN,Not Predicted,,0.0,0
2058300268,R,W,W,R,RWWR,EVEN,Not Predicted,,0.0,0
2058300269,R,W,R,R,RWRR,ODD,Not Predicted,,0.0,0
2058300270,W,R,R,R,WRRR,ODD,Not Predicted,,0.0,0
2058300271,W,R,R,W,WRRW,EVEN,Not Predicted,,0.0,0
2058300272,R,W,R,R,RWRR,ODD,Not Predicted,,0.0,0
2058300273,R,R,R,W,RRRW,ODD,Not Predicted,,0.0,0
2058300274,W,W,R,R,WWRR,EVEN,Not Predicted,,0.0,0
2058300275,R,R,W,W,RRWW,EVEN,Not Predicted,,0.0,0
2058300276,R,W,R,W,RWRW,EVEN,Not Predicted,,0.0,0
2058300277,W,W,W,R,WWWR,ODD,Not Predicted,,0.0,0
2058300278,W,W,W,W,WWWW,EVEN,Not Predicted,,0.0,0
2058300279,W,W,R,W,WWRW,ODD,Not Predicted,,0.0,0
2058300280,R,W,R,W,RWRW,EVEN,Not Predicted,,0.0,0
2058300281,W,W,R,W,WWRW,ODD,Not Predicted,,0.0,0
2058300282,R,R,W,W,RRWW,EVEN,Not Predicted,,0.0,0
2058300283,R,R,W,R,RRWR,ODD,Not Predicted,,0.0,0
2058300284,R,W,R,W,RWRW,EVEN,Not Predicted,,0.0,0
2058300285,R,W,W,R,RWWR,EVEN,Not Predicted,,0.0,0
2058300286,W,R,W,R,WRWR,EVEN,Not Predicted,,0.0,0
2058300287,W,R,W,W,WRWW,ODD,Not Predicted,,0.0,0
2058300288,W,R,W,W,WRWW,ODD,Not Predicted,,0.0,0
2058300289,R,R,W,W,RRWW,EVEN,Not Predicted,,0.0,0
2058300290,W,R,R,W,WRRW,EVEN,Not Predicted,,0.0,0
2058300291,W,R,W,R,WRWR,EVEN,Not Predicted,,0.0,0
2058300292,W,R,W,R,WRWR,EVEN,Not Predicted,,0.0,0
2058300293,R,W,R,W,RWRW,EVEN,Not Predicted,,0.0,0
2058300294,R,W,W,R,RWWR,EVEN,Not Predicted,,0.0,0
2058300295,R,W,W,R,RWWR,EVEN,Not Predicted,,0.0,0
2058300296,W,W,W,R,WWWR,ODD,Not Predicted,,0.0,0
2058300297,W,W,R,W,WWRW,ODD,Not Predicted,,0.0,0
2058300298,R,R,R,W,RRRW,ODD,Not Predicted,,0.0,0
2058300299,R,R,W,R,RRWR,ODD,Not Predicted,,0.0,0
2058300300,R,W,W,W,RWWW,ODD,Not Predicted,,0.0,0
2058300301,W,R,W,W,WRWW,ODD,Not Predicted,,0.0,0
2058300302,W,W,W,R,WWWR,ODD,Not Predicted,,0.0,0
2058300303,W,W,W,R,WWWR,ODD,Not Predicted,,0.0,0
2058300304,W,R,R,R,WRRR,ODD,Not Predicted,,0.0,0
2058300305,R,R,W,R,RRWR,ODD,Not Predicted,,0.0,0
2058300306,R,W,R,W,RWRW,EVEN,Not Predicted,,0.0,0
2058300307,W,W,W,W,WWWW,EVEN,Not Predicted,,0.0,0
2058300308,R,W,R,W,RWRW,EVEN,Not Predicted,,0.0,0
2058300309,W,W,W,R,WWWR,ODD,Not Predicted,,0.0,0
2058300310,R,W,R,R,RWRR,ODD,Not Predicted,,0.0,0
2058300311,W,W,R,R,WWRR,EVEN,Not Predicted,,0.0,0
2058300312,W,W,W,W,WWWW,EVEN,Not Predicted,,0.0,0
2058300313,R,W,R,R,RWRR,ODD,Not Predicted,,0.0,0
2058300314,W,R,W,R,WRWR,EVEN,Not Predicted,,0.0,0
2058300315,R,W,W,W,RWWW,ODD,Not Predicted,,0.0,0
2058300316,R,R,R,W,RRRW,ODD,Not Predicted,,0.0,0
2058300317,R,R,R,R,RRRR,EVEN,Not Predicted,,0.0,0
2058300318,R,W,R,W,RWRW,EVEN,Not Predicted,,0.0,0
2058300319,R,R,W,W,RRWW,EVEN,Not Predicted,,0.0,0
2058300320,W,R,R,R,WRRR,ODD,Not Predicted,,0.0,0
2058300321,R,W,W,W,RWWW,ODD,Not Predicted,,0.0,0
2058300322,W,W,W,R,WWWR,ODD,Not Predicted,,0.0,0
2058300323,R,W,W,R,RWWR,EVEN,Not Predicted,,0.0,0
2058300324,R,R,R,W,RRRW,ODD,Not Predicted,,0.0,0
2058300325,W,R,R,W,WRRW,EVEN,Not Predicted,,0.0,0
2058300326,W,W,R,W,WWRW,ODD,Not Predicted,,0.0,0
2058300327,W,R,R,R,WRRR,ODD,Not Predicted,,0.0,0
2058300328,W,R,W,W,WRWW,ODD,Not Predicted,,0.0,0
2058300329,W,R,W,R,WRWR,EVEN,Not Predicted,,0.0,0
2058300330,R,W,W,R,RWWR,EVEN,Not Predicted,,0.0,0
2058300331,W,W,R,R,WWRR,EVEN,Not Predicted,,0.0,0
2058300332,R,W,R,R,RWRR,ODD,Not Predicted,,0.0,0
2058300333,R,W,R,R,RWRR,ODD,Not Predicted,,0.0,0
2058300334,R,R,W,W,RRWW,EVEN,Not Predicted,,0.0,0
2058300335,W,R,W,W,WRWW,ODD,Not Predicted,,0.0,0
2058300336,R,W,W,R,RWWR,EVEN,Not Predicted,,0.0,0
2058300337,R,W,W,W,RWWW,ODD,Not Predicted,,0.0,0
2058300338,R,R,R,R,RRRR,EVEN,Not Predicted,,0.0,0
2058300339,W,R,W,W,WRWW,ODD,Not Predicted,,0.0,0
2058300340,R,R,R,W,RRRW,ODD,Not Predicted,,0.0,0
2058300341,R,W,R,W,RWRW,EVEN,Not Predicted,,0.0,0
2058300342,W,R,W,W,WRWW,ODD,Not Predicted,,0.0,0
2058300343,W,W,W,R,WWWR,ODD,Not Predicted,,0.0,0
2058300344,W,W,W,R,WWWR,ODD,Not Predicted,,0.0,0
2058300345,R,R,R,R,RRRR,EVEN,Not Predicted,,0.0,0
2058300346,W,W,W,W,WWWW,EVEN,Not Predicted,,0.0,0
2058300347,R,R,W,W,RRWW,EVEN,Not Predicted,,0.0,0
2058300348,W,W,W,R,WWWR,ODD,Not Predicted,,0.0,0
2058300349,W,W,R,W,WWRW,ODD,Not Predicted,,0.0,0
2058300350,R,R,R,W,RRRW,ODD,Not Predicted,,0.0,0
2058300351,W,R,W,R,WRWR,EVEN,Not Predicted,,0.0,0
2058300352,W,R,R,W,WRRW,EVEN,Not Predicted,,0.0,0
2058300353,R,W,W,W,RWWW,ODD,Not Predicted,,0.0,0
2058300354,W,W,R,R,WWRR,EVEN,Not Predicted,,0.0,0
2058300355,R,W,W,W,RWWW,ODD,Not Predicted,,0.0,0
2058300356,R,R,R,W,RRRW,ODD,Not Predicted,,0.0,0
2058300357,R,R,W,W,RRWW,EVEN,Not Predicted,,0.0,0
2058300358,R,R,W,W,RRWW,EVEN,Not Predicted,,0.0,0
2058300359,W,R,R,R,WRRR,ODD,Not Predicted,,0.0,0
2058300360,R,R,R,W,RRRW,ODD,Not Predicted,,0.0,0
2058300361,W,R,R,W,WRRW,EVEN,Not Predicted,,0.0,0
2058300362,W,W,W,W,WWWW,EVEN,Not Predicted,,0.0,0
2058300363,R,R,R,R,RRRR,EVEN,Not Predicted,,0.0,0
2058300364,W,R,R,R,WRRR,ODD,Not Predicted,,0.0,0
2058300365,R,R,W,R,RRWR,ODD,Not Predicted,,0.0,0
2058300366,W,R,R,R,WRRR,ODD,Not Predicted,,0.0,0
2058300367,R,W,R,W,RWRW,EVEN,Not Predicted,,0.0,0
2058300368,R,R,W,R,RRWR,ODD,Not Predicted,,0.0,0
2058300369,W,W,W,R,WWWR,ODD,Not Predicted,,0.0,0
2058300370,R,R,W,R,RRWR,ODD,Not Predicted,,0.0,0
2058300371,R,R,W,R,RRWR,ODD,Not Predicted,,0.0,0
2058300372,W,W,R,R,WWRR,EVEN,Not Predicted,,0.0,0
2058300373,R,W,R,R,RWRR,ODD,Not Predicted,,0.0,0
2058300374,W,R,W,R,WRWR,EVEN,Not Predicted,,0.0,0
2058300375,W,W,R,W,WWRW,ODD,Not Predicted,,0.0,0
2058300376,R,W,R,W,RWRW,EVEN,Not Predicted,,0.0,0
2058300377,W,R,R,R,WRRR,ODD,Not Predicted,,0.0,0
2058300378,R,R,R,W,RRRW,ODD,Not Predicted,,0.0,0
2058300379,W,W,R,R,WWRR,EVEN,Not Predicted,,0.0,0
2058300380,W,W,W,W,WWWW,EVEN,Not Predicted,,0.0,0
2058300381,R,R,W,R,RRWR,ODD,Not Predicted,,0.0,0
2058300382,R,R,R,W,RRRW,ODD,Not Predicted,,0.0,0
2058300383,W,R,W,R,WRWR,EVEN,Not Predicted,,0.0,0
2058300384,R,R,W,W,RRWW,EVEN,Not Predicted,,0.0,0
2058300385,R,W,W,R,RWWR,EVEN,Not Predicted,,0.0,0
2058300386,R,W,R,W,RWRW,EVEN,Not Predicted,,0.0,0
2058300387,W,R,W,R,WRWR,EVEN,Not Predicted,,0.0,0
2058300388,R,R,W,W,RRWW,EVEN,Not Predicted,,0.0,0
2058300389,R,W,W,R,RWWR,EVEN,Not Predicted,,0.0,0
2058300390,W,R,R,R,WRRR,ODD,Not Predicted,,0.0,0
2058300391,W,W,R,W,WWRW,ODD,Not Predicted,,0.0,0
2058300392,W,R,R,R,WRRR,ODD,Not Predicted,,0.0,0
2058300393,W,R,W,W,WRWW,ODD,Not Predicted,,0.0,0
2058300394,W,R,R,W,WRRW,EVEN,Not Predicted,,0.0,0
2058300395,W,R,W,R,WRWR,EVEN,Not Predicted,,0.0,0
2058300396,R,W,W,R,RWWR,EVEN,Not Predicted,,0.0,0
2058300397,W,R,W,W,WRWW,ODD,Not Predicted,,0.0,0
2058300398,W,R,R,R,WRRR,ODD,Not Predicted,,0.0,0
2058300399,R,W,R,R,RWRR,ODD,Not Predicted,,0.0,0
2058300400,R,W,W,R,RWWR,EVEN,Not Predicted,,0.0,0
2058300401,R,R,W,R,RRWR,ODD,Not Predicted,,0.0,0
2058300402,W,R,W,R,WRWR,EVEN,Not Predicted,,0.0,0
2058300403,R,W,W,R,RWWR,EVEN,Not Predicted,,0.0,0
2058300404,W,W,W,W,WWWW,EVEN,Not Predicted,,0.0,0
2058300405,W,R,W,R,WRWR,EVEN,Not Predicted,,0.0,0
2058300406,R,W,R,W,RWRW,EVEN,Not Predicted,,0.0,0
2058300407,R,W,W,R,RWWR,EVEN,Not Predicted,,0.0,0
2058300408,R,W,W,W,RWWW,ODD,Not Predicted,,0.0,0
2058300409,W,W,R,R,WWRR,EVEN,Not Predicted,,0.0,0
2058300410,R,W,W,W,RWWW,ODD,Not Predicted,,0.0,0
2058300411,R,W,R,R,RWRR,ODD,Not Predicted,,0.0,0
2058300412,W,R,W,R,WRWR,EVEN,Not Predicted,,0.0,0
2058300413,R,R,R,R,RRRR,EVEN,Not Predicted,,0.0,0
2058300414,W,R,R,R,WRRR,ODD,Not Predicted,,0.0,0
2058300415,R,W,R,W,RWRW,EVEN,Not Predicted,,0.0,0
2058300416,R,W,R,R,RWRR,ODD,Not Predicted,,0.0,0
2058300417,R,W,R,W,RWRW,EVEN,Not Predicted,,0.0,0
2058300418,W,W,W,W,WWWW,EVEN,Not Predicted,,0.0,0
2058300419,W,R,W,R,WRWR,EVEN,Not Predicted,,0.0,0
2058300420,W,R,W,R,WRWR,EVEN,Not Predicted,,0.0,0
2058300421,R,W,R,R,RWRR,ODD,Not Predicted,,0.0,0
2058300422,W,W,R,R,WWRR,EVEN,Not Predicted,,0.0,0
2058300423,W,R,W,R,WRWR,EVEN,Not Predicted,,0.0,0
2058300424,W,W,W,W,WWWW,EVEN,Not Predicted,,0.0,0
2058300425,W,W,W,R,WWWR,ODD,Not Predicted,,0.0,0
2058300426,R,R,W,W,RRWW,EVEN,Not Predicted,,0.0,0
2058300427,R,W,R,W,RWRW,EVEN,Not Predicted,,0.0,0
2058300428,R,R,R,W,RRRW,ODD,Not Predicted,,0.0,0
2058300429,R,W,R,R,RWRR,ODD,Not Predicted,,0.0,0
2058300430,R,R,R,W,RRRW,ODD,Not Predicted,,0.0,0
2058300431,W,W,W,R,WWWR,ODD,Not Predicted,,0.0,0
2058300432,W,W,R,W,WWRW,ODD,Not Predicted,,0.0,0
2058300433,R,R,W,R,RRWR,ODD,Not Predicted,,0.0,0
2058300434,W,W,R,R,WWRR,EVEN,Not Predicted,,0.0,0
2058300435,W,W,W,R,WWWR,ODD,Not Predicted,,0.0,0
2058300436,W,W,R,W,WWRW,ODD,Not Predicted,,0.0,0
2058300437,W,R,W,W,WRWW,ODD,Not Predicted,,0.0,0
2058300438,W,R,R,R,WRRR,ODD,Not Predicted,,0.0,0
2058300439,R,R,R,R,RRRR,EVEN,Not Predicted,,0.0,0
2058300440,R,W,R,W,RWRW,EVEN,Not Predicted,,0.0,0
2058300441,W,R,R,W,WRRW,EVEN,Not Predicted,,0.0,0
2058300442,W,R,W,W,WRWW,ODD,Not Predicted,,0.0,0
2058300443,W,R,W,R,WRWR,EVEN,Not Predicted,,0.0,0
2058300444,R,R,R,W,RRRW,ODD,Not Predicted,,0.0,0
2058300445,W,W,W,W,WWWW,EVEN,Not Predicted,,0.0,0
2058300446,W,R,W,R,WRWR,EVEN,Not Predicted,,0.0,0
2058300447,W,W,R,R,WWRR,EVEN,Not Predicted,,0.0,0
2058300448,R,R,W,R,RRWR,ODD,Not Predicted,,0.0,0
2058300449,W,R,W,W,WRWW,ODD,Not Predicted,,0.0,0
2058300450,R,W,R,W,RWRW,EVEN,Not Predicted,,0.0,0
2058300451,W,R,W,R,WRWR,EVEN,Not Predicted,,0.0,0
2058300452,R,R,R,W,RRRW,ODD,Not Predicted,,0.0,0
2058300453,W,R,W,R,WRWR,EVEN,Not Predicted,,0.0,0
2058300454,W,R,W,R,WRWR,EVEN,Not Predicted,,0.0,0
2058300455,W,W,R,R,WWRR,EVEN,Not Predicted,,0.0,0
2058300456,R,W,W,R,RWWR,EVEN,Not Predicted,,0.0,0
2058300457,R,W,R,R,RWRR,ODD,Not Predicted,,0.0,0
2058300458,W,W,W,R,WWWR,ODD,Not Predicted,,0.0,0
2058300459,R,W,R,R,RWRR,ODD,Not Predicted,,0.0,0
2058300460,W,R,R,R,WRRR,ODD,Not Predicted,,0.0,0
2058300461,R,W,R,R,RWRR,ODD,Not Predicted,,0.0,0
2058300462,R,W,W,W,RWWW,ODD,Not Predicted,,0.0,0
2058300463,R,R,R,R,RRRR,EVEN,Not Predicted,,0.0,0
2058300464,R,R,R,W,RRRW,ODD,Not Predicted,,0.0,0
2058300465,W,R,W,W,WRWW,ODD,Not Predicted,,0.0,0
2058300466,R,W,W,W,RWWW,ODD,Not Predicted,,0.0,0
2058300467,R,W,W,R,RWWR,EVEN,Not Predicted,,0.0,0
2058300468,W,W,W,W,WWWW,EVEN,Not Predicted,,0.0,0
2058300469,W,W,R,R,WWRR,EVEN,Not Predicted,,0.0,0
2058300470,W,W,W,R,WWWR,ODD,Not Predicted,,0.0,0
2058300471,R,R,R,W,RRRW,ODD,Not Predicted,,0.0,0
2058300472,W,W,R,R,WWRR,EVEN,Not Predicted,,0.0,0
2058300473,R,W,W,R,RWWR,EVEN,Not Predicted,,0.0,0
2058300474,W,R,R,W,WRRW,EVEN,Not Predicted,,0.0,0
2058300475,R,W,R,W,RWRW,EVEN,Not Predicted,,0.0,0
2058300476,R,R,R,R,RRRR,EVEN,Not Predicted,,0.0,0
2058300477,R,W,W,W,RWWW,ODD,Not Predicted,,0.0,0
2058300478,W,W,W,R,WWWR,ODD,Not Predicted,,0.0,0
2058300479,R,W,W,W,RWWW,ODD,Not Predicted,,0.0,0
2058300480,W,W,W,W,WWWW,EVEN,Not Predicted,,0.0,0
2058400001,W,W,R,W,WWRW,ODD,Not Predicted,,0.0,0
2058400002,R,W,R,W,RWRW,EVEN,Not Predicted,,0.0,0
2058400003,W,W,R,W,WWRW,ODD,Not Predicted,,0.0,0
2058400004,R,R,R,W,RRRW,ODD,Not Predicted,,0.0,0
2058400005,R,W,W,R,RWWR,EVEN,Not Predicted,,0.0,0
2058400006,W,R,R,R,WRRR,ODD,Not Predicted,,0.0,0
2058400007,W,R,W,R,WRWR,EVEN,Not Predicted,,0.0,0
2058400008,R,W,R,R,RWRR,ODD,Not Predicted,,0.0,0
2058400009,W,R,W,R,WRWR,EVEN,Not Predicted,,0.0,0
2058400010,R,R,W,W,RRWW,EVEN,Not Predicted,,0.0,0
2058400011,W,W,R,W,WWRW,ODD,Not Predicted,,0.0,0
2058400012,R,R,W,W,RRWW,EVEN,Not Predicted,,0.0,0
2058400013,R,R,R,R,RRRR,EVEN,Not Predicted,,0.0,0
2058400014,R,W,R,R,RWRR,ODD,Not Predicted,,0.0,0
2058400015,R,R,W,W,RRWW,EVEN,Not Predicted,,0.0,0
2058400016,W,R,W,R,WRWR,EVEN,Not Predicted,,0.0,0
2058400017,R,W,W,R,RWWR,EVEN,Not Predicted,,0.0,0
2058400018,W,W,W,R,WWWR,ODD,Not Predicted,,0.0,0
2058400019,R,W,W,R,RWWR,EVEN,Not Predicted,,0.0,0
2058400020,W,R,R,R,WRRR,ODD,Not Predicted,,0.0,0
2058400021,W,R,W,R,WRWR,EVEN,Not Predicted,,0.0,0
2058400022,W,R,W,W,WRWW,ODD,Not Predicted,,0.0,0
2058400023,R,W,W,R,RWWR,EVEN,Not Predicted,,0.0,0
2058400024,R,R,R,R,RRRR,EVEN,Not Predicted,,0.0,0
2058400025,W,R,W,W,WRWW,ODD,Not Predicted,,0.0,0
2058400026,R,W,R,W,RWRW,EVEN,Not Predicted,,0.0,0
2058400027,W,R,W,W,WRWW,ODD,Not Predicted,,0.0,0
2058400028,W,W,R,W,WWRW,ODD,Not Predicted,,0.0,0
2058400029,W,W,R,W,WWRW,ODD,Not Predicted,,0.0,0
2058400030,R,W,R,R,RWRR,ODD,Not Predicted,,0.0,0
2058400031,R,R,R,W,RRRW,ODD,Not Predicted,,0.0,0
2058400032,W,R,R,R,WRRR,ODD,Not Predicted,,0.0,0
2058400033,W,R,W,R,WRWR,EVEN,Not Predicted,,0.0,0
2058400034,W,W,W,R,WWWR,ODD,Not Predicted,,0.0,0
2058400035,R,W,R,R,RWRR,ODD,Not Predicted,,0.0,0
2058400036,W,W,R,R,WWRR,EVEN,Not Predicted,,0.0,0
2058400037,W,W,R,W,WWRW,ODD,Not Predicted,,0.0,0
2058400038,R,R,W,W,RRWW,EVEN,Not Predicted,,0.0,0
2058400039,W,R,W,R,WRWR,EVEN,Not Predicted,,0.0,0
2058400040,R,R,W,W,RRWW,EVEN,Not Predicted,,0.0,0
2058400041,W,W,R,W,WWRW,ODD,Not Predicted,,0.0,0
2058400042,W,W,W,R,WWWR,ODD,Not Predicted,,0.0,0
2058400043,W,R,R,W,WRRW,EVEN,Not Predicted,,0.0,0
2058400044,R,R,W,R,RRWR,ODD,Not Predicted,,0.0,0
2058400045,W,R,W,W,WRWW,ODD,Not Predicted,,0.0,0
2058400046,R,R,W,R,RRWR,ODD,Not Predicted,,0.0,0
2058400047,R,R,R,R,RRRR,EVEN,Not Predicted,,0.0,0
2058400048,R,R,W,W,RRWW,EVEN,Not Predicted,,0.0,0
2058400049,R,W,W,W,RWWW,ODD,Not Predicted,,0.0,0
2058400050,W,W,W,W,WWWW,EVEN,Not Predicted,,0.0,0
2058400051,R,W,R,W,RWRW,EVEN,Not Predicted,,0.0,0
2058400052,W,W,W,W,WWWW,EVEN,Not Predicted,,0.0,0
2058400053,R,W,R,W,RWRW,EVEN,Not Predicted,,0.0,0
2058400054,R,W,R,R,RWRR,ODD,Not Predicted,,0.0,0
2058400055,W,W,R,W,WWRW,ODD,Not Predicted,,0.0,0
2058400056,R,W,W,R,RWWR,EVEN,Not Predicted,,0.0,0
2058400057,R,R,R,R,RRRR,EVEN,Not Predicted,,0.0,0
2058400058,W,W,W,R,WWWR,ODD,Not Predicted,,0.0,0
2058400059,W,R,W,W,WRWW,ODD,Not Predicted,,0.0,0
2058400060,R,R,W,R,RRWR,ODD,Not Predicted,,0.0,0
2058400061,R,W,R,W,RWRW,EVEN,Not Predicted,,0.0,0
2058400062,R,W,R,R,RWRR,ODD,Not Predicted,,0.0,0
2058400063,R,W,R,R,RWRR,ODD,Not Predicted,,0.0,0
2058400064,R,R,R,W,RRRW,ODD,Not Predicted,,0.0,0
2058400065,W,R,R,W,WRRW,EVEN,Not Predicted,,0.0,0
2058400066,R,W,R,W,RWRW,EVEN,Not Predicted,,0.0,0
2058400067,W,W,R,R,WWRR,EVEN,Not Predicted,,0.0,0
2058400068,R,R,R,R,RRRR,EVEN,Not Predicted,,0.0,0
2058400069,R,W,R,R,RWRR,ODD,Not Predicted,,0.0,0
2058400070,R,W,W,R,RWWR,EVEN,Not Predicted,,0.0,0
2058400071,W,R,W,R,WRWR,EVEN,Not Predicted,,0.0,0
2058400072,W,R,W,R,WRWR,EVEN,Not Predicted,,0.0,0
2058400073,R,W,W,R,RWWR,EVEN,Not Predicted,,0.0,0
2058400074,R,W,R,R,RWRR,ODD,Not Predicted,,0.0,0
2058400075,R,R,W,R,RRWR,ODD,Not Predicted,,0.0,0
2058400076,R,W,R,W,RWRW,EVEN,Not Predicted,,0.0,0
2058400077,R,R,W,W,RRWW,EVEN,Not Predicted,,0.0,0
2058400078,W,W,R,R,WWRR,EVEN,Not Predicted,,0.0,0
2058400079,W,R,R,R,WRRR,ODD,Not Predicted,,0.0,0
2058400080,W,W,R,W,WWRW,ODD,Not Predicted,,0.0,0
2058400081,W,R,W,W,WRWW,ODD,Not Predicted,,0.0,0
2058400082,W,W,R,W,WWRW,ODD,Not Predicted,,0.0,0
2058400083,R,R,R,W,RRRW,ODD,Not Predicted,,0.0,0
2058400084,W,W,W,W,WWWW,EVEN,Not Predicted,,0.0,0
2058400085,W,W,W,W,WWWW,EVEN,Not Predicted,,0.0,0
2058400086,R,R,W,W,RRWW,EVEN,Not Predicted,,0.0,0
2058400087,W,W,W,W,WWWW,EVEN,Not Predicted,,0.0,0
2058400088,R,W,W,W,RWWW,ODD,Not Predicted,,0.0,0
2058400089,W,R,W,R,WRWR,EVEN,Not Predicted,,0.0,0
2058400090,W,R,W,W,WRWW,ODD,Not Predicted,,0.0,0
2058400091,W,R,R,W,WRRW,EVEN,Not Predicted,,0.0,0
2058400092,W,W,R,R,WWRR,EVEN,Not Predicted,,0.0,0
2058400093,W,W,R,R,WWRR,EVEN,Not Predicted,,0.0,0
2058400094,R,R,W,R,RRWR,ODD,Not Predicted,,0.0,0
2058400095,W,R,R,R,WRRR,ODD,Not Predicted,,0.0,0
2058400096,R,R,R,R,RRRR,EVEN,Not Predicted,,0.0,0
2058400097,R,W,R,R,RWRR,ODD,Not Predicted,,0.0,0
2058400098,R,R,R,R,RRRR,EVEN,Not Predicted,,0.0,0
2058400099,R,R,R,R,RRRR,EVEN,Not Predicted,,0.0,0
2058400100,R,R,W,W,RRWW,EVEN,Not Predicted,,0.0,0
2058400101,R,W,W,W,RWWW,ODD,Not Predicted,,0.0,0
2058400102,W,R,R,W,WRRW,EVEN,Not Predicted,,0.0,0
2058400103,W,W,R,W,WWRW,ODD,Not Predicted,,0.0,0
2058400104,R,R,W,R,RRWR,ODD,Not Predicted,,0.0,0
2058400105,R,W,W,R,RWWR,EVEN,Not Predicted,,0.0,0
2058400106,R,R,R,R,RRRR,EVEN,Not Predicted,,0.0,0
2058400107,W,W,W,R,WWWR,ODD,Not Predicted,,0.0,0
2058400108,W,R,W,R,WRWR,EVEN,Not Predicted,,0.0,0
2058400109,W,R,R,W,WRRW,EVEN,Not Predicted,,0.0,0
2058400110,W,R,R,R,WRRR,ODD,Not Predicted,,0.0,0
2058400111,R,W,R,R,RWRR,ODD,Not Predicted,,0.0,0
2058400112,W,R,R,W,WRRW,EVEN,Not Predicted,,0.0,0
2058400113,W,W,R,W,WWRW,ODD,Not Predicted,,0.0,0
2058400114,W,R,R,W,WRRW,EVEN,Not Predicted,,0.0,0
2058400115,W,R,W,R,WRWR,EVEN,Not Predicted,,0.0,0
2058400116,W,W,R,R,WWRR,EVEN,Not Predicted,,0.0,0
2058400117,R,R,W,W,RRWW,EVEN,Not Predicted,,0.0,0
2058400118,W,W,R,W,WWRW,ODD,Not Predicted,,0.0,0
2058400119,W,W,R,W,WWRW,ODD,Not Predicted,,0.0,0
2058400120,W,W,R,R,WWRR,EVEN,Not Predicted,,0.0,0
2058400121,R,R,R,W,RRRW,ODD,Not Predicted,,0.0,0
2058400122,W,W,W,W,WWWW,EVEN,Not Predicted,,0.0,0
2058400123,W,W,W,R,WWWR,ODD,Not Predicted,,0.0,0
2058400124,R,W,R,W,RWRW,EVEN,Not Predicted,,0.0,0
2058400125,R,R,R,R,RRRR,EVEN,Not Predicted,,0.0,0
2058400126,W,R,R,W,WRRW,EVEN,Not Predicted,,0.0,0
2058400127,W,R,R,R,WRRR,ODD,Not Predicted,,0.0,0
2058400128,W,R,W,R,WRWR,EVEN,Not Predicted,,0.0,0
2058400129,W,W,R,R,WWRR,EVEN,Not Predicted,,0.0,0
2058400130,W,W,W,R,WWWR,ODD,Not Predicted,,0.0,0
2058400131,R,R,W,W,RRWW,EVEN,Not Predicted,,0.0,0
2058400132,W,W,W,R,WWWR,ODD,Not Predicted,,0.0,0
2058400133,W,W,R,W,WWRW,ODD,Not Predicted,,0.0,0
2058400134,W,W,W,W,WWWW,EVEN,Not Predicted,,0.0,0
2058400135,R,W,R,R,RWRR,ODD,Not Predicted,,0.0,0
2058400136,R,R,R,R,RRRR,EVEN,Not Predicted,,0.0,0
2058400137,R,W,W,R,RWWR,EVEN,Not Predicted,,0.0,0
2058400138,R,W,R,W,RWRW,EVEN,Not Predicted,,0.0,0
2058400139,R,R,R,R,RRRR,EVEN,Not Predicted,,0.0,0
2058400140,W,W,W,R,WWWR,ODD,Not Predicted,,0.0,0
2058400141,W,R,W,R,WRWR,EVEN,Not Predicted,,0.0,0
2058400142,W,R,R,R,WRRR,ODD,Not Predicted,,0.0,0
2058400143,R,R,R,W,RRRW,ODD,Not Predicted,,0.0,0
2058400144,W,W,R,R,WWRR,EVEN,Not Predicted,,0.0,0
2058400145,W,W,R,W,WWRW,ODD,Not Predicted,,0.0,0
2058400146,W,R,R,R,WRRR,ODD,Not Predicted,,0.0,0
2058400147,W,R,R,R,WRRR,ODD,Not Predicted,,0.0,0
2058400148,R,R,W,W,RRWW,EVEN,Not Predicted,,0.0,0
2058400149,W,W,R,W,WWRW,ODD,Not Predicted,,0.0,0
2058400150,R,W,W,W,RWWW,ODD,Not Predicted,,0.0,0
2058400151,W,R,R,W,WRRW,EVEN,Not Predicted,,0.0,0
2058400152,W,R,R,R,WRRR,ODD,Not Predicted,,0.0,0
2058400153,W,W,W,R,WWWR,ODD,Not Predicted,,0.0,0
2058400154,W,W,R,R,WWRR,EVEN,Not Predicted,,0.0,0
2058400155,R,W,W,W,RWWW,ODD,Not Predicted,,0.0,0
2058400156,R,W,W,W,RWWW,ODD,Not Predicted,,0.0,0
2058400157,R,R,W,W,RRWW,EVEN,Not Predicted,,0.0,0
2058400158,W,W,R,W,WWRW,ODD,Not Predicted,,0.0,0
2058400159,R,R,R,R,RRRR,EVEN,Not Predicted,,0.0,0
2058400160,R,W,R,W,RWRW,EVEN,Not Predicted,,0.0,0
2058400161,R,R,R,W,RRRW,ODD,Not Predicted,,0.0,0
2058400162,R,R,W,W,RRWW,EVEN,Not Predicted,,0.0,0
2058400163,R,W,R,W,RWRW,EVEN,Not Predicted,,0.0,0
2058400164,R,R,R,R,RRRR,EVEN,Not Predicted,,0.0,0
2058400165,W,W,W,R,WWWR,ODD,Not Predicted,,0.0,0
2058400166,R,R,R,W,RRRW,ODD,Not Predicted,,0.0,0
2058400167,R,R,R,W,RRRW,ODD,Not Predicted,,0.0,0
2058400168,W,R,W,W,WRWW,ODD,Not Predicted,,0.0,0
2058400169,R,R,R,R,RRRR,EVEN,Not Predicted,,0.0,0
2058400170,R,W,W,W,RWWW,ODD,Not Predicted,,0.0,0
2058400171,R,R,R,W,RRRW,ODD,Not Predicted,,0.0,0
2058400172,W,R,R,W,WRRW,EVEN,Not Predicted,,0.0,0
2058400173,R,R,W,W,RRWW,EVEN,Not Predicted,,0.0,0
2058400174,R,R,R,R,RRRR,EVEN,Not Predicted,,0.0,0
2058400175,R,R,W,R,RRWR,ODD,Not Predicted,,0.0,0
2058400176,W,R,R,W,WRRW,EVEN,Not Predicted,,0.0,0
2058400177,W,W,W,W,WWWW,EVEN,Not Predicted,,0.0,0
2058400178,R,W,W,W,RWWW,ODD,Not Predicted,,0.0,0
2058400179,W,R,W,W,WRWW,ODD,Not Predicted,,0.0,0
2058400180,W,R,W,R,WRWR,EVEN,Not Predicted,,0.0,0
2058400181,R,W,W,W,RWWW,ODD,Not Predicted,,0.0,0
2058400182,W,R,W,R,WRWR,EVEN,Not Predicted,,0.0,0
2058400183,W,W,W,W,WWWW,EVEN,Not Predicted,,0.0,0
2058400184,W,R,W,W,WRWW,ODD,Not Predicted,,0.0,0
2058400185,R,R,R,R,RRRR,EVEN,Not Predicted,,0.0,0
2058400186,R,W,W,W,RWWW,ODD,Not Predicted,,0.0,0
2058400187,R,W,W,R,RWWR,EVEN,Not Predicted,,0.0,0
2058400188,R,R,W,W,RRWW,EVEN,Not Predicted,,0.0,0
2058400189,R,W,R,R,RWRR,ODD,Not Predicted,,0.0,0
2058400190,W,R,R,W,WRRW,EVEN,Not Predicted,,0.0,0
2058400191,R,W,W,R,RWWR,EVEN,Not Predicted,,0.0,0
2058400192,W,W,R,W,WWRW,ODD,Not Predicted,,0.0,0
2058400193,R,R,W,W,RRWW,EVEN,Not Predicted,,0.0,0
2058400194,R,W,W,R,RWWR,EVEN,Not Predicted,,0.0,0
2058400195,R,R,W,W,RRWW,EVEN,Not Predicted,,0.0,0
2058400196,R,R,R,R,RRRR,EVEN,Not Predicted,,0.0,0
2058400197,R,W,W,W,RWWW,ODD,Not Predicted,,0.0,0
2058400198,W,R,R,W,WRRW,EVEN,Not Predicted,,0.0,0
2058400199,W,W,R,R,WWRR,EVEN,Not Predicted,,0.0,0
2058400200,R,W,W,R,RWWR,EVEN,Not Predicted,,0.0,0
2058400201,W,W,R,W,WWRW,ODD,Not Predicted,,0.0,0
2058400202,W,W,W,R,WWWR,ODD,Not Predicted,,0.0,0
2058400203,W,R,W,R,WRWR,EVEN,Not Predicted,,0.0,0
2058400204,W,W,W,R,WWWR,ODD,Not Predicted,,0.0,0
2058400205,W,W,R,R,WWRR,EVEN,Not Predicted,,0.0,0
2058400206,R,W,R,W,RWRW,EVEN,Not Predicted,,0.0,0
2058400207,W,R,R,R,WRRR,ODD,Not Predicted,,0.0,0
2058400208,R,W,R,R,RWRR,ODD,Not Predicted,,0.0,0
2058400209,W,W,W,R,WWWR,ODD,Not Predicted,,0.0,0
2058400210,R,R,W,R,RRWR,ODD,Not Predicted,,0.0,0
2058400211,R,W,R,W,RWRW,EVEN,Not Predicted,,0.0,0
2058400212,W,R,W,W,WRWW,ODD,Not Predicted,,0.0,0
2058400213,W,R,W,R,WRWR,EVEN,Not Predicted,,0.0,0
2058400214,R,W,R,W,RWRW,EVEN,Not Predicted,,0.0,0
2058400215,W,R,R,R,WRRR,ODD,Not Predicted,,0.0,0
2058400216,W,W,R,R,WWRR,EVEN,Not Predicted,,0.0,0
2058400217,R,W,W,W,RWWW,ODD,Not Predicted,,0.0,0
2058400218,W,W,W,W,WWWW,EVEN,Not Predicted,,0.0,0
2058400219,W,W,W,W,WWWW,EVEN,Not Predicted,,0.0,0
2058400220,R,R,R,W,RRRW,ODD,Not Predicted,,0.0,0
2058400221,W,R,W,W,WRWW,ODD,Not Predicted,,0.0,0
2058400222,R,W,W,R,RWWR,EVEN,Not Predicted,,0.0,0
2058400223,W,R,R,R,WRRR,ODD,Not Predicted,,0.0,0
2058400224,R,R,W,W,RRWW,EVEN,Not Predicted,,0.0,0
2058400225,R,R,R,R,RRRR,EVEN,Not Predicted,,0.0,0
2058400226,R,W,W,R,RWWR,EVEN,Not Predicted,,0.0,0
2058400227,R,R,R,W,RRRW,ODD,Not Predicted,,0.0,0
2058400228,W,W,W,W,WWWW,EVEN,Not Predicted,,0.0,0
2058400229,W,W,W,R,WWWR,ODD,Not Predicted,,0.0,0
2058400230,W,W,W,R,WWWR,ODD,Not Predicted,,0.0,0
2058400231,R,R,R,W,RRRW,ODD,Not Predicted,,0.0,0
2058400232,R,R,W,W,RRWW,EVEN,Not Predicted,,0.0,0
2058400233,W,W,W,W,WWWW,EVEN,Not Predicted,,0.0,0
2058400234,R,W,W,W,RWWW,ODD,Not Predicted,,0.0,0
2058400235,R,W,W,W,RWWW,ODD,Not Predicted,,0.0,0
2058400236,W,R,R,R,WRRR,ODD,Not Predicted,,0.0,0
2058400237,R,R,R,R,RRRR,EVEN,Not Predicted,,0.0,0
2058400238,R,W,R,W,RWRW,EVEN,Not Predicted,,0.0,0
2058400239,R,W,R,W,RWRW,EVEN,Not Predicted,,0.0,0
2058400240,W,R,W,W,WRWW,ODD,Not Predicted,,0.0,0
2058400241,R,W,R,R,RWRR,ODD,Not Predicted,,0.0,0
2058400242,W,R,W,W,WRWW,ODD,Not Predicted,,0.0,0
2058400243,R,R,W,R,RRWR,ODD,Not Predicted,,0.0,0
2058400244,R,W,R,W,RWRW,EVEN,Not Predicted,,0.0,0
2058400245,R,W,R,R,RWRR,ODD,Not Predicted,,0.0,0
2058400246,W,W,W,W,WWWW,EVEN,Not Predicted,,0.0,0
2058400247,R,R,R,R,RRRR,EVEN,Not Predicted,,0.0,0
2058400248,R,R,R,W,RRRW,ODD,Not Predicted,,0.0,0
2058400249,R,R,W,R,RRWR,ODD,Not Predicted,,0.0,0
2058400250,W,R,R,W,WRRW,EVEN,Not Predicted,,0.0,0
2058400251,W,R,W,R,WRWR,EVEN,Not Predicted,,0.0,0
2058400252,W,W,W,W,WWWW,EVEN,Not Predicted,,0.0,0
2058400253,R,W,R,W,RWRW,EVEN,Not Predicted,,0.0,0
2058400254,W,W,W,R,WWWR,ODD,Not Predicted,,0.0,0
2058400255,W,W,W,W,WWWW,EVEN,Not Predicted,,0.0,0
2058400256,W,R,W,W,WRWW,ODD,Not Predicted,,0.0,0
2058400257,R,R,W,W,RRWW,EVEN,Not Predicted,,0.0,0
2058400258,R,W,R,R,RWRR,ODD,Not Predicted,,0.0,0
2058400259,W,R,R,W,WRRW,EVEN,Not Predicted,,0.0,0
2058400260,W,R,R,W,WRRW,EVEN,Not Predicted,,0.0,0
2058400261,W,R,W,R,WRWR,EVEN,Not Predicted,,0.0,0
2058400262,R,W,R,R,RWRR,ODD,Not Predicted,,0.0,0
2058400263,R,R,R,R,RRRR,EVEN,Not Predicted,,0.0,0
2058400264,W,R,W,W,WRWW,ODD,Not Predicted,,0.0,0
2058400265,W,R,R,W,WRRW,EVEN,Not Predicted,,0.0,0
2058400266,W,R,R,W,WRRW,EVEN,Not Predicted,,0.0,0
2058400267,W,R,R,W,WRRW,EVEN,Not Predicted,,0.0,0
2058400268,W,W,W,W,WWWW,EVEN,Not Predicted,,0.0,0
2058400269,W,R,W,R,WRWR,EVEN,Not Predicted,,0.0,0
2058400270,W,W,R,W,WWRW,ODD,Not Predicted,,0.0,0
2058400271,W,R,R,R,WRRR,ODD,Not Predicted,,0.0,0
2058400272,W,W,R,R,WWRR,EVEN,Not Predicted,,0.0,0
2058400273,W,R,R,R,WRRR,ODD,Not Predicted,,0.0,0
2058400274,R,W,W,W,RWWW,ODD,Not Predicted,,0.0,0
2058400275,W,W,R,R,WWRR,EVEN,Not Predicted,,0.0,0
2058400276,W,R,R,R,WRRR,ODD,Not Predicted,,0.0,0
2058400277,W,W,R,R,WWRR,EVEN,Not Predicted,,0.0,0
2058400278,W,W,W,R,WWWR,ODD,Not Predicted,,0.0,0
2058400279,R,W,W,W,RWWW,ODD,Not Predicted,,0.0,0
2058400280,R,W,R,R,RWRR,ODD,Not Predicted,,0.0,0
2058400281,R,W,R,W,RWRW,EVEN,Not Predicted,,0.0,0
2058400282,R,W,R,W,RWRW,EVEN,Not Predicted,,0.0,0
2058400283,R,R,W,W,RRWW,EVEN,Not Predicted,,0.0,0
2058400284,W,R,R,R,WRRR,ODD,Not Predicted,,0.0,0
2058400285,R,R,W,W,RRWW,EVEN,Not Predicted,,0.0,0
2058400286,R,W,W,R,RWWR,EVEN,Not Predicted,,0.0,0
2058400287,R,R,R,W,RRRW,ODD,Not Predicted,,0.0,0
2058400288,R,W,R,R,RWRR,ODD,Not Predicted,,0.0,0
2058400289,W,R,R,R,WRRR,ODD,Not Predicted,,0.0,0
2058400290,R,W,W,R,RWWR,EVEN,Not Predicted,,0.0,0
2058400291,R,R,R,W,RRRW,ODD,Not Predicted,,0.0,0
2058400292,W,W,R,R,WWRR,EVEN,Not Predicted,,0.0,0
2058400293,W,R,R,R,WRRR,ODD,Not Predicted,,0.0,0
2058400294,W,R,W,R,WRWR,EVEN,Not Predicted,,0.0,0
2058400295,R,R,W,R,RRWR,ODD,Not Predicted,,0.0,0
2058400296,R,W,W,R,RWWR,EVEN,Not Predicted,,0.0,0
2058400297,R,R,W,R,RRWR,ODD,Not Predicted,,0.0,0
2058400298,W,R,W,R,WRWR,EVEN,Not Predicted,,0.0,0
2058400299,R,W,W,W,RWWW,ODD,Not Predicted,,0.0,0
2058400300,W,R,W,R,WRWR,EVEN,Not Predicted,,0.0,0
2058400301,R,R,W,W,RRWW,EVEN,Not Predicted,,0.0,0
2058400302,R,R,W,R,RRWR,ODD,Not Predicted,,0.0,0
2058400303,R,R,R,R,RRRR,EVEN,Not Predicted,,0.0,0
2058400304,W,W,R,W,WWRW,ODD,Not Predicted,,0.0,0
2058400305,R,R,R,R,RRRR,EVEN,Not Predicted,,0.0,0
2058400306,W,W,R,W,WWRW,ODD,Not Predicted,,0.0,0
2058400307,R,R,W,R,RRWR,ODD,Not Predicted,,0.0,0
2058400308,R,W,W,R,RWWR,EVEN,Not Predicted,,0.0,0
2058400309,W,R,R,R,WRRR,ODD,Not Predicted,,0.0,0
2058400310,R,R,R,W,RRRW,ODD,Not Predicted,,0.0,0
2058400311,R,R,W,R,RRWR,ODD,Not Predicted,,0.0,0
2058400312,W,W,W,R,WWWR,ODD,Not Predicted,,0.0,0
2058400313,W,R,R,W,WRRW,EVEN,Not Predicted,,0.0,0
2058400314,R,W,R,R,RWRR,ODD,Not Predicted,,0.0,0
2058400315,W,W,R,W,WWRW,ODD,Not Predicted,,0.0,0
2058400316,R,R,R,R,RRRR,EVEN,Not Predicted,,0.0,0
2058400317,R,W,R,R,RWRR,ODD,Not Predicted,,0.0,0
2058400318,R,R,R,R,RRRR,EVEN,Not Predicted,,0.0,0
2058400319,R,R,R,W,RRRW,ODD,Not Predicted,,0.0,0
2058400320,R,W,W,R,RWWR,EVEN,Not Predicted,,0.0,0
2058400321,W,R,W,R,WRWR,EVEN,Not Predicted,,0.0,0
2058400322,R,R,R,W,RRRW,ODD,Not Predicted,,0.0,0
2058400323,W,W,R,W,WWRW,ODD,Not Predicted,,0.0,0
2058400324,R,W,W,R,RWWR,EVEN,Not Predicted,,0.0,0
2058400325,R,W,W,W,RWWW,ODD,Not Predicted,,0.0,0
2058400326,W,R,W,W,WRWW,ODD,Not Predicted,,0.0,0
2058400327,W,W,R,W,WWRW,ODD,Not Predicted,,0.0,0
2058400328,R,R,W,R,RRWR,ODD,Not Predicted,,0.0,0
2058400329,W,R,W,R,WRWR,EVEN,Not Predicted,,0.0,0
2058400330,R,R,R,W,RRRW,ODD,Not Predicted,,0.0,0
2058400331,W,W,W,W,WWWW,EVEN,Not Predicted,,0.0,0
2058400332,R,W,W,R,RWWR,EVEN,Not Predicted,,0.0,0
2058400333,R,W,R,W,RWRW,EVEN,Not Predicted,,0.0,0
2058400334,W,W,R,R,WWRR,EVEN,Not Predicted,,0.0,0
2058400335,R,W,R,W,RWRW,EVEN,Not Predicted,,0.0,0
2058400336,W,R,W,W,WRWW,ODD,Not Predicted,,0.0,0
2058400337,R,R,R,W,RRRW,ODD,Not Predicted,,0.0,0
2058400338,R,W,W,W,RWWW,ODD,Not Predicted,,0.0,0
2058400339,R,W,W,W,RWWW,ODD,Not Predicted,,0.0,0
2058400340,W,R,R,R,WRRR,ODD,Not Predicted,,0.0,0
2058400341,R,R,W,R,RRWR,ODD,Not Predicted,,0.0,0
2058400342,W,W,R,W,WWRW,ODD,Not Predicted,,0.0,0
2058400343,W,R,R,W,WRRW,EVEN,Not Predicted,,0.0,0
2058400344,R,R,R,W,RRRW,ODD,Not Predicted,,0.0,0
2058400345,W,R,W,W,WRWW,ODD,Not Predicted,,0.0,0
2058400346,R,R,W,R,RRWR,ODD,Not Predicted,,0.0,0
2058400347,R,W,R,W,RWRW,EVEN,Not Predicted,,0.0,0
2058400348,W,W,R,W,WWRW,ODD,Not Predicted,,0.0,0
2058400349,W,R,R,W,WRRW,EVEN,Not Predicted,,0.0,0
2058400350,W,W,R,R,WWRR,EVEN,Not Predicted,,0.0,0
2058400351,R,R,W,W,RRWW,EVEN,Not Predicted,,0.0,0
2058400352,R,R,R,R,RRRR,EVEN,Not Predicted,,0.0,0
2058400353,W,W,W,W,WWWW,EVEN,Not Predicted,,0.0,0
2058400354,R,R,W,R,RRWR,ODD,Not Predicted,,0.0,0
2058400355,R,R,W,R,RRWR,ODD,Not Predicted,,0.0,0
2058400356,R,W,W,W,RWWW,ODD,Not Predicted,,0.0,0
2058400357,W,R,W,W,WRWW,ODD,Not Predicted,,0.0,0
2058400358,W,R,W,W,WRWW,ODD,Not Predicted,,0.0,0
2058400359,W,R,R,W,WRRW,EVEN,Not Predicted,,0.0,0
2058400360,R,W,R,W,RWRW,EVEN,Not Predicted,,0.0,0
2058400361,R,W,W,R,RWWR,EVEN,Not Predicted,,0.0,0
2058400362,R,W,W,R,RWWR,EVEN,Not Predicted,,0.0,0
2058400363,W,W,W,W,WWWW,EVEN,Not Predicted,,0.0,0
2058400364,W,R,W,R,WRWR,EVEN,Not Predicted,,0.0,0
2058400365,W,W,W,W,WWWW,EVEN,Not Predicted,,0.0,0
2058400366,W,W,W,R,WWWR,ODD,Not Predicted,,0.0,0
2058400367,R,R,W,W,RRWW,EVEN,Not Predicted,,0.0,0
2058400368,R,W,R,W,RWRW,EVEN,Not Predicted,,0.0,0
2058400369,W,W,R,W,WWRW,ODD,Not Predicted,,0.0,0
2058400370,W,R,R,W,WRRW,EVEN,Not Predicted,,0.0,0
2058400371,W,R,R,W,WRRW,EVEN,Not Predicted,,0.0,0
2058400372,W,R,R,R,WRRR,ODD,Not Predicted,,0.0,0
2058400373,W,W,R,R,WWRR,EVEN,Not Predicted,,0.0,0
2058400374,R,W,W,W,RWWW,ODD,Not Predicted,,0.0,0
2058400375,R,W,R,R,RWRR,ODD,Not Predicted,,0.0,0
2058400376,W,W,R,R,WWRR,EVEN,Not Predicted,,0.0,0
2058400377,R,R,W,W,RRWW,EVEN,Not Predicted,,0.0,0
2058400378,W,W,W,W,WWWW,EVEN,Not Predicted,,0.0,0
2058400379,R,R,R,R,RRRR,EVEN,Not Predicted,,0.0,0
2058400380,W,R,R,W,WRRW,EVEN,Not Predicted,,0.0,0
2058400381,R,R,W,W,RRWW,EVEN,Not Predicted,,0.0,0
2058400382,R,R,W,R,RRWR,ODD,Not Predicted,,0.0,0
2058400383,W,R,R,W,WRRW,EVEN,Not Predicted,,0.0,0
2058400384,R,R,W,R,RRWR,ODD,Not Predicted,,0.0,0
2058400385,R,W,R,R,RWRR,ODD,Not Predicted,,0.0,0
2058400386,R,R,W,W,RRWW,EVEN,Not Predicted,,0.0,0
2058400387,W,R,R,R,WRRR,ODD,Not Predicted,,0.0,0
2058400388,W,R,R,R,WRRR,ODD,Not Predicted,,0.0,0
2058400389,R,W,R,R,RWRR,ODD,Not Predicted,,0.0,0
2058400390,W,W,W,W,WWWW,EVEN,Not Predicted,,0.0,0
2058400391,W,W,W,W,WWWW,EVEN,Not Predicted,,0.0,0
2058400392,R,R,R,W,RRRW,ODD,Not Predicted,,0.0,0
2058400393,R,R,W,R,RRWR,ODD,Not Predicted,,0.0,0
2058400394,W,W,R,R,WWRR,EVEN,Not Predicted,,0.0,0
2058400395,R,W,R,R,RWRR,ODD,Not Predicted,,0.0,0
2058400396,R,R,W,R,RRWR,ODD,Not Predicted,,0.0,0
2058400397,R,R,W,R,RRWR,ODD,Not Predicted,,0.0,0
2058400398,R,R,W,R,RRWR,ODD,Not Predicted,,0.0,0
2058400399,R,R,W,R,RRWR,ODD,Not Predicted,,0.0,0
2058400400,R,R,R,W,RRRW,ODD,Not Predicted,,0.0,0
2058400401,W,W,W,W,WWWW,EVEN,Not Predicted,,0.0,0
2058400402,R,W,W,R,RWWR,EVEN,Not Predicted,,0.0,0
2058400403,W,W,W,R,WWWR,ODD,Not Predicted,,0.0,0
2058400404,R,W,W,W,RWWW,ODD,Not Predicted,,0.0,0
2058400405,R,R,W,W,RRWW,EVEN,Not Predicted,,0.0,0
2058400406,R,R,R,W,RRRW,ODD,Not Predicted,,0.0,0
2058400407,W,R,R,R,WRRR,ODD,Not Predicted,,0.0,0
2058400408,R,W,W,R,RWWR,EVEN,Not Predicted,,0.0,0
2058400409,R,R,R,R,RRRR,EVEN,Not Predicted,,0.0,0
2058400410,W,W,R,R,WWRR,EVEN,Not Predicted,,0.0,0
2058400411,R,R,R,W,RRRW,ODD,Not Predicted,,0.0,0
2058400412,W,W,R,W,WWRW,ODD,Not Predicted,,0.0,0
2058400413,R,R,W,W,RRWW,EVEN,Not Predicted,,0.0,0
2058400414,R,W,R,R,RWRR,ODD,Not Predicted,,0.0,0
2058400415,W,W,R,W,WWRW,ODD,Not Predicted,,0.0,0
2058400416,R,W,W,W,RWWW,ODD,Not Predicted,,0.0,0
2058400417,W,R,W,W,WRWW,ODD,Not Predicted,,0.0,0
2058400418,W,W,W,R,WWWR,ODD,Not Predicted,,0.0,0
2058400419,R,W,W,R,RWWR,EVEN,Not Predicted,,0.0,0
2058400420,R,R,R,R,RRRR,EVEN,Not Predicted,,0.0,0
2058400421,R,R,R,R,RRRR,EVEN,Not Predicted,,0.0,0
2058400422,R,W,R,W,RWRW,EVEN,Not Predicted,,0.0,0
2058400423,W,R,W,W,WRWW,ODD,Not Predicted,,0.0,0
2058400424,R,W,R,R,RWRR,ODD,Not Predicted,,0.0,0
2058400425,R,R,W,W,RRWW,EVEN,Not Predicted,,0.0,0
2058400426,W,R,R,W,WRRW,EVEN,Not Predicted,,0.0,0
2058400427,R,W,R,R,RWRR,ODD,Not Predicted,,0.0,0
2058400428,R,R,R,W,RRRW,ODD,Not Predicted,,0.0,0
2058400429,W,R,W,W,WRWW,ODD,Not Predicted,,0.0,0
2058400430,W,R,W,R,WRWR,EVEN,Not Predicted,,0.0,0
2058400431,W,R,R,W,WRRW,EVEN,Not Predicted,,0.0,0
2058400432,W,R,W,W,WRWW,ODD,Not Predicted,,0.0,0
2058400433,W,R,W,W,WRWW,ODD,Not Predicted,,0.0,0
2058400434,R,W,R,R,RWRR,ODD,Not Predicted,,0.0,0
2058400435,W,W,W,R,WWWR,ODD,Not Predicted,,0.0,0
2058400436,W,W,W,W,WWWW,EVEN,Not Predicted,,0.0,0
2058400437,W,W,R,R,WWRR,EVEN,Not Predicted,,0.0,0
2058400438,W,W,R,R,WWRR,EVEN,Not Predicted,,0.0,0
2058400439,R,W,W,W,RWWW,ODD,Not Predicted,,0.0,0
2058400440,R,W,R,W,RWRW,EVEN,Not Predicted,,0.0,0
2058400441,W,R,W,R,WRWR,EVEN,Not Predicted,,0.0,0
2058400442,R,W,R,R,RWRR,ODD,Not Predicted,,0.0,0
2058400443,R,W,R,R,RWRR,ODD,Not Predicted,,0.0,0
2058400444,W,W,W,R,WWWR,ODD,Not Predicted,,0.0,0
2058400445,W,W,R,R,WWRR,EVEN,Not Predicted,,0.0,0
2058400446,R,W,R,W,RWRW,EVEN,Not Predicted,,0.0,0
2058400447,R,W,W,R,RWWR,EVEN,Not Predicted,,0.0,0
2058400448,R,R,W,W,RRWW,EVEN,Not Predicted,,0.0,0
2058400449,R,W,R,R,RWRR,ODD,Not Predicted,,0.0,0
2058400450,W,W,W,R,WWWR,ODD,Not Predicted,,0.0,0
2058400451,W,R,R,W,WRRW,EVEN,Not Predicted,,0.0,0
2058400452,R,R,R,W,RRRW,ODD,Not Predicted,,0.0,0
2058400453,R,W,R,R,RWRR,ODD,Not Predicted,,0.0,0
2058400454,W,W,R,W,WWRW,ODD,Not Predicted,,0.0,0
2058400455,R,R,R,R,RRRR,EVEN,Not Predicted,,0.0,0
2058400456,R,W,W,W,RWWW,ODD,Not Predicted,,0.0,0
2058400457,R,R,W,W,RRWW,EVEN,Not Predicted,,0.0,0
2058400458,W,R,W,W,WRWW,ODD,Not Predicted,,0.0,0
2058400459,R,W,R,W,RWRW,EVEN,Not Predicted,,0.0,0
2058400460,R,W,W,W,RWWW,ODD,Not Predicted,,0.0,0
2058400461,W,R,W,R,WRWR,EVEN,Not Predicted,,0.0,0
2058400462,R,W,W,R,RWWR,EVEN,Not Predicted,,0.0,0
2058400463,R,W,W,W,RWWW,ODD,Not Predicted,,0.0,0
2058400464,R,W,W,W,RWWW,ODD,Not Predicted,,0.0,0
2058400465,R,R,W,W,RRWW,EVEN,Not Predicted,,0.0,0
2058400466,W,R,W,W,WRWW,ODD,Not Predicted,,0.0,0
2058400467,R,W,R,R,RWRR,ODD,Not Predicted,,0.0,0
2058400468,R,W,W,W,RWWW,ODD,Not Predicted,,0.0,0
2058400469,R,R,R,W,RRRW,ODD,Not Predicted,,0.0,0
2058400470,R,R,R,R,RRRR,EVEN,Not Predicted,,0.0,0
2058400471,W,R,W,W,WRWW,ODD,Not Predicted,,0.0,0
2058400472,W,R,R,W,WRRW,EVEN,Not Predicted,,0.0,0
2058400473,R,R,W,R,RRWR,ODD,Not Predicted,,0.0,0
2058400474,W,W,R,R,WWRR,EVEN,Not Predicted,,0.0,0
2058400475,R,W,R,W,RWRW,EVEN,Not Predicted,,0.0,0
2058400476,R,W,W,R,RWWR,EVEN,Not Predicted,,0.0,0
2058400477,W,W,R,W,WWRW,ODD,Not Predicted,,0.0,0
2058400478,W,R,R,W,WRRW,EVEN,Not Predicted,,0.0,0
2058400479,R,W,R,R,RWRR,ODD,Not Predicted,,0.0,0
2058400480,W,W,W,W,WWWW,EVEN,Not Predicted,,0.0,0
2058500001,R,W,W,R,RWWR,EVEN,Not Predicted,,0.0,0
2058500002,W,W,W,W,WWWW,EVEN,Not Predicted,,0.0,0
2058500003,R,W,W,W,RWWW,ODD,Not Predicted,,0.0,0
2058500004,R,W,W,W,RWWW,ODD,Not Predicted,,0.0,0
2058500005,R,R,W,W,RRWW,EVEN,Not Predicted,,0.0,0
2058500006,R,W,W,R,RWWR,EVEN,Not Predicted,,0.0,0
2058500007,R,W,W,W,RWWW,ODD,Not Predicted,,0.0,0
2058500008,W,W,W,R,WWWR,ODD,Not Predicted,,0.0,0
2058500009,R,W,W,W,RWWW,ODD,Not Predicted,,0.0,0
2058500010,W,W,W,W,WWWW,EVEN,Not Predicted,,0.0,0
2058500011,W,R,W,W,WRWW,ODD,Not Predicted,,0.0,0
2058500012,W,W,W,W,WWWW,EVEN,Not Predicted,,0.0,0
2058500013,W,W,W,W,WWWW,EVEN,Not Predicted,,0.0,0
2058500014,R,W,R,W,RWRW,EVEN,Not Predicted,,0.0,0
2058500015,W,W,R,W,WWRW,ODD,Not Predicted,,0.0,0
2058500016,R,W,R,W,RWRW,EVEN,Not Predicted,,0.0,0
2058500017,R,W,R,R,RWRR,ODD,Not Predicted,,0.0,0
2058500018,R,R,W,W,RRWW,EVEN,Not Predicted,,0.0,0
2058500019,R,W,R,R,RWRR,ODD,Not Predicted,,0.0,0
2058500020,R,W,R,R,RWRR,ODD,Not Predicted,,0.0,0
2058500021,R,R,R,W,RRRW,ODD,Not Predicted,,0.0,0
2058500022,W,R,R,R,WRRR,ODD,Not Predicted,,0.0,0
2058500023,R,W,W,R,RWWR,EVEN,Not Predicted,,0.0,0
2058500024,R,R,W,W,RRWW,EVEN,Not Predicted,,0.0,0
2058500025,W,W,W,R,WWWR,ODD,Not Predicted,,0.0,0
2058500026,R,R,W,R,RRWR,ODD,Not Predicted,,0.0,0
2058500027,R,R,W,W,RRWW,EVEN,Not Predicted,,0.0,0
2058500028,W,W,R,W,WWRW,ODD,Not Predicted,,0.0,0
2058500029,W,R,W,W,WRWW,ODD,Not Predicted,,0.0,0
2058500030,W,R,W,R,WRWR,EVEN,Not Predicted,,0.0,0
2058500031,R,W,R,R,RWRR,ODD,Not Predicted,,0.0,0
2058500032,R,W,W,W,RWWW,ODD,Not Predicted,,0.0,0
2058500033,W,R,R,R,WRRR,ODD,Not Predicted,,0.0,0
2058500034,W,R,R,W,WRRW,EVEN,Not Predicted,,0.0,0
2058500035,W,W,R,R,WWRR,EVEN,Not Predicted,,0.0,0
2058500036,W,R,W,W,WRWW,ODD,Not Predicted,,0.0,0
2058500037,W,R,W,R,WRWR,EVEN,Not Predicted,,0.0,0
2058500038,R,W,W,R,RWWR,EVEN,Not Predicted,,0.0,0
2058500039,W,R,R,R,WRRR,ODD,Not Predicted,,0.0,0
2058500040,W,W,W,W,WWWW,EVEN,Not Predicted,,0.0,0
2058500041,R,W,W,R,RWWR,EVEN,Not Predicted,,0.0,0
2058500042,R,W,W,W,RWWW,ODD,Not Predicted,,0.0,0
2058500043,R,R,W,W,RRWW,EVEN,Not Predicted,,0.0,0
2058500044,W,R,W,R,WRWR,EVEN,Not Predicted,,0.0,0
2058500045,W,R,W,W,WRWW,ODD,Not Predicted,,0.0,0
2058500046,R,R,W,W,RRWW,EVEN,Not Predicted,,0.0,0
2058500047,W,W,W,R,WWWR,ODD,Not Predicted,,0.0,0
2058500048,R,R,W,R,RRWR,ODD,Not Predicted,,0.0,0
2058500049,W,W,R,W,WWRW,ODD,Not Predicted,,0.0,0
2058500050,R,R,R,W,RRRW,ODD,Not Predicted,,0.0,0
2058500051,R,W,R,W,RWRW,EVEN,Not Predicted,,0.0,0
2058500052,W,R,W,R,WRWR,EVEN,Not Predicted,,0.0,0
2058500053,W,R,R,W,WRRW,EVEN,Not Predicted,,0.0,0
2058500054,R,R,R,R,RRRR,EVEN,Not Predicted,,0.0,0
2058500055,R,W,W,R,RWWR,EVEN,Not Predicted,,0.0,0
2058500056,R,W,W,W,RWWW,ODD,Not Predicted,,0.0,0
2058500057,R,R,W,R,RRWR,ODD,Not Predicted,,0.0,0
2058500058,W,W,W,R,WWWR,ODD,Not Predicted,,0.0,0
2058500059,W,W,W,R,WWWR,ODD,Not Predicted,,0.0,0
2058500060,R,W,W,W,RWWW,ODD,Not Predicted,,0.0,0
2058500061,R,R,W,R,RRWR,ODD,Not Predicted,,0.0,0
2058500062,R,W,W,R,RWWR,EVEN,Not Predicted,,0.0,0
2058500063,W,W,W,W,WWWW,EVEN,Not Predicted,,0.0,0
2058500064,W,W,R,W,WWRW,ODD,Not Predicted,,0.0,0
2058500065,W,W,W,W,WWWW,EVEN,Not Predicted,,0.0,0
2058500066,W,R,W,R,WRWR,EVEN,Not Predicted,,0.0,0
2058500067,W,R,W,W,WRWW,ODD,Not Predicted,,0.0,0
2058500068,R,W,R,R,RWRR,ODD,Not Predicted,,0.0,0
2058500069,W,W,W,R,WWWR,ODD,Not Predicted,,0.0,0
2058500070,W,R,W,W,WRWW,ODD,Not Predicted,,0.0,0
2058500071,W,W,W,R,WWWR,ODD,Not Predicted,,0.0,0
2058500072,R,W,R,W,RWRW,EVEN,Not Predicted,,0.0,0
2058500073,R,W,W,W,RWWW,ODD,Not Predicted,,0.0,0
2058500074,W,W,W,W,WWWW,EVEN,Not Predicted,,0.0,0
2058500075,W,W,W,W,WWWW,EVEN,Not Predicted,,0.0,0
2058500076,W,R,R,R,WRRR,ODD,Not Predicted,,0.0,0
2058500077,W,R,W,R,WRWR,EVEN,Not Predicted,,0.0,0
2058500078,R,W,W,R,RWWR,EVEN,Not Predicted,,0.0,0
2058500079,R,R,R,W,RRRW,ODD,Not Predicted,,0.0,0
2058500080,W,R,W,R,WRWR,EVEN,Not Predicted,,0.0,0
2058500081,W,R,W,W,WRWW,ODD,Not Predicted,,0.0,0
2058500082,W,R,W,W,WRWW,ODD,Not Predicted,,0.0,0
2058500083,R,R,W,W,RRWW,EVEN,Not Predicted,,0.0,0
2058500084,R,R,R,W,RRRW,ODD,Not Predicted,,0.0,0
2058500085,W,R,W,R,WRWR,EVEN,Not Predicted,,0.0,0
2058500086,W,W,W,R,WWWR,ODD,Not Predicted,,0.0,0
2058500087,W,R,R,R,WRRR,ODD,Not Predicted,,0.0,0
2058500088,W,W,R,W,WWRW,ODD,Not Predicted,,0.0,0
2058500089,R,W,R,R,RWRR,ODD,Not Predicted,,0.0,0
2058500090,W,W,R,W,WWRW,ODD,Not Predicted,,0.0,0
2058500091,R,R,W,W,RRWW,EVEN,Not Predicted,,0.0,0
2058500092,W,W,R,R,WWRR,EVEN,Not Predicted,,0.0,0
2058500093,W,W,R,R,WWRR,EVEN,Not Predicted,,0.0,0
2058500094,W,R,R,R,WRRR,ODD,Not Predicted,,0.0,0
2058500095,W,W,R,W,WWRW,ODD,Not Predicted,,0.0,0
2058500096,W,W,R,R,WWRR,EVEN,Not Predicted,,0.0,0
2058500097,W,W,R,W,WWRW,ODD,Not Predicted,,0.0,0
2058500098,R,W,W,R,RWWR,EVEN,Not Predicted,,0.0,0
2058500099,R,W,R,W,RWRW,EVEN,Not Predicted,,0.0,0
2058500100,W,R,R,R,WRRR,ODD,Not Predicted,,0.0,0
2058500101,R,R,W,W,RRWW,EVEN,Not Predicted,,0.0,0
2058500102,W,W,R,R,WWRR,EVEN,Not Predicted,,0.0,0
2058500103,W,R,R,W,WRRW,EVEN,Not Predicted,,0.0,0
2058500104,R,R,R,W,RRRW,ODD,Not Predicted,,0.0,0
2058500105,R,R,R,R,RRRR,EVEN,Not Predicted,,0.0,0
2058500106,R,W,W,R,RWWR,EVEN,Not Predicted,,0.0,0
2058500107,W,W,R,W,WWRW,ODD,Not Predicted,,0.0,0
2058500108,W,R,W,W,WRWW,ODD,Not Predicted,,0.0,0
2058500109,W,W,R,W,WWRW,ODD,Not Predicted,,0.0,0
2058500110,R,R,R,W,RRRW,ODD,Not Predicted,,0.0,0
2058500111,R,R,R,R,RRRR,EVEN,Not Predicted,,0.0,0
2058500112,W,W,W,R,WWWR,ODD,Not Predicted,,0.0,0
2058500113,W,W,W,R,WWWR,ODD,Not Predicted,,0.0,0
2058500114,R,W,R,R,RWRR,ODD,Not Predicted,,0.0,0
2058500115,R,W,W,W,RWWW,ODD,Not Predicted,,0.0,0
2058500116,W,W,W,W,WWWW,EVEN,Not Predicted,,0.0,0
2058500117,W,R,R,W,WRRW,EVEN,Not Predicted,,0.0,0
2058500118,W,W,W,R,WWWR,ODD,Not Predicted,,0.0,0
2058500119,R,R,W,W,RRWW,EVEN,Not Predicted,,0.0,0
2058500120,R,R,R,R,RRRR,EVEN,Not Predicted,,0.0,0
2058500121,W,R,R,R,WRRR,ODD,Not Predicted,,0.0,0
2058500122,R,W,R,R,RWRR,ODD,Not Predicted,,0.0,0
2058500123,W,R,R,W,WRRW,EVEN,Not Predicted,,0.0,0
2058500124,W,W,W,R,WWWR,ODD,Not Predicted,,0.0,0
2058500125,W,W,W,R,WWWR,ODD,Not Predicted,,0.0,0
2058500126,W,R,W,W,WRWW,ODD,Not Predicted,,0.0,0
2058500127,R,W,R,R,RWRR,ODD,Not Predicted,,0.0,0
2058500128,R,W,W,W,RWWW,ODD,Not Predicted,,0.0,0
2058500129,R,R,W,W,RRWW,EVEN,Not Predicted,,0.0,0
2058500130,R,R,W,R,RRWR,ODD,Not Predicted,,0.0,0
2058500131,W,R,W,W,WRWW,ODD,Not Predicted,,0.0,0
2058500132,R,R,R,R,RRRR,EVEN,Not Predicted,,0.0,0
2058500133,W,R,R,R,WRRR,ODD,Not Predicted,,0.0,0
2058500134,W,R,W,W,WRWW,ODD,Not Predicted,,0.0,0
2058500135,R,W,W,W,RWWW,ODD,Not Predicted,,0.0,0
2058500136,W,W,R,R,WWRR,EVEN,Not Predicted,,0.0,0
2058500137,R,W,W,R,RWWR,EVEN,Not Predicted,,0.0,0
2058500138,R,R,W,R,RRWR,ODD,Not Predicted,,0.0,0
2058500139,R,R,R,R,RRRR,EVEN,Not Predicted,,0.0,0
2058500140,W,R,W,R,WRWR,EVEN,Not Predicted,,0.0,0
2058500141,W,R,R,R,WRRR,ODD,Not Predicted,,0.0,0
2058500142,W,W,W,R,WWWR,ODD,Not Predicted,,0.0,0
2058500143,R,W,W,R,RWWR,EVEN,Not Predicted,,0.0,0
2058500144,R,W,W,W,RWWW,ODD,Not Predicted,,0.0,0
2058500145,R,R,R,W,RRRW,ODD,Not Predicted,,0.0,0
2058500146,R,R,R,W,RRRW,ODD,Not Predicted,,0.0,0
2058500147,R,R,R,W,RRRW,ODD,Not Predicted,,0.0,0
2058500148,R,R,R,W,RRRW,ODD,Not Predicted,,0.0,0
2058500149,R,W,R,W,RWRW,EVEN,Not Predicted,,0.0,0
2058500150,W,W,R,R,WWRR,EVEN,Not Predicted,,0.0,0
2058500151,R,W,R,W,RWRW,EVEN,Not Predicted,,0.0,0
2058500152,W,W,W,W,WWWW,EVEN,Not Predicted,,0.0,0
2058500153,R,R,W,W,RRWW,EVEN,Not Predicted,,0.0,0
2058500154,W,W,W,R,WWWR,ODD,Not Predicted,,0.0,0
2058500155,W,W,W,R,WWWR,ODD,Not Predicted,,0.0,0
2058500156,W,W,R,W,WWRW,ODD,Not Predicted,,0.0,0
2058500157,W,W,W,W,WWWW,EVEN,Not Predicted,,0.0,0
2058500158,R,R,W,R,RRWR,ODD,Not Predicted,,0.0,0
2058500159,R,R,W,W,RRWW,EVEN,Not Predicted,,0.0,0
2058500160,R,W,W,W,RWWW,ODD,Not Predicted,,0.0,0
2058500161,W,W,R,W,WWRW,ODD,Not Predicted,,0.0,0
2058500162,R,W,W,W,RWWW,ODD,Not Predicted,,0.0,0
2058500163,W,W,R,W,WWRW,ODD,Not Predicted,,0.0,0
2058500164,W,W,W,R,WWWR,ODD,Not Predicted,,0.0,0
2058500165,R,W,W,W,RWWW,ODD,Not Predicted,,0.0,0
2058500166,W,W,R,R,WWRR,EVEN,Not Predicted,,0.0,0
2058500167,W,R,W,W,WRWW,ODD,Not Predicted,,0.0,0
2058500168,R,R,R,W,RRRW,ODD,Not Predicted,,0.0,0
2058500169,W,W,W,W,WWWW,EVEN,Not Predicted,,0.0,0
2058500170,R,W,W,W,RWWW,ODD,Not Predicted,,0.0,0
2058500171,R,W,R,W,RWRW,EVEN,Not Predicted,,0.0,0
2058500172,W,W,R,W,WWRW,ODD,Not Predicted,,0.0,0
2058500173,R,W,W,R,RWWR,EVEN,Not Predicted,,0.0,0
2058500174,R,R,W,R,RRWR,ODD,Not Predicted,,0.0,0
2058500175,W,W,R,R,WWRR,EVEN,Not Predicted,,0.0,0
2058500176,R,W,R,R,RWRR,ODD,Not Predicted,,0.0,0
2058500177,R,W,R,R,RWRR,ODD,Not Predicted,,0.0,0
2058500178,W,R,W,R,WRWR,EVEN,Not Predicted,,0.0,0
2058500179,R,R,W,R,RRWR,ODD,Not Predicted,,0.0,0
2058500180,W,R,R,R,WRRR,ODD,Not Predicted,,0.0,0
2058500181,W,W,R,W,WWRW,ODD,Not Predicted,,0.0,0
2058500182,R,W,W,W,RWWW,ODD,Not Predicted,,0.0,0
2058500183,R,R,R,W,RRRW,ODD,Not Predicted,,0.0,0
2058500184,R,W,R,W,RWRW,EVEN,Not Predicted,,0.0,0
2058500185,W,R,R,R,WRRR,ODD,Not Predicted,,0.0,0
2058500186,R,R,W,R,RRWR,ODD,Not Predicted,,0.0,0
2058500187,R,W,R,R,RWRR,ODD,Not Predicted,,0.0,0
2058500188,R,W,R,R,RWRR,ODD,Not Predicted,,0.0,0
2058500189,R,W,R,R,RWRR,ODD,Not Predicted,,0.0,0
2058500190,W,R,W,R,WRWR,EVEN,Not Predicted,,0.0,0
2058500191,R,R,R,R,RRRR,EVEN,Not Predicted,,0.0,0
2058500192,R,R,W,W,RRWW,EVEN,Not Predicted,,0.0,0
2058500193,W,W,W,W,WWWW,EVEN,Not Predicted,,0.0,0
2058500194,R,W,W,W,RWWW,ODD,Not Predicted,,0.0,0
2058500195,W,W,W,W,WWWW,EVEN,Not Predicted,,0.0,0
2058500196,W,R,W,W,WRWW,ODD,Not Predicted,,0.0,0
2058500197,R,W,R,W,RWRW,EVEN,Not Predicted,,0.0,0
2058500198,R,R,R,R,RRRR,EVEN,Not Predicted,,0.0,0
2058500199,W,R,W,W,WRWW,ODD,Not Predicted,,0.0,0
2058500200,R,W,R,R,RWRR,ODD,Not Predicted,,0.0,0
2058500201,W,W,W,R,WWWR,ODD,Not Predicted,,0.0,0
2058500202,R,W,R,R,RWRR,ODD,Not Predicted,,0.0,0
2058500203,R,W,W,R,RWWR,EVEN,Not Predicted,,0.0,0
2058500204,W,W,R,W,WWRW,ODD,Not Predicted,,0.0,0
2058500205,W,W,R,W,WWRW,ODD,Not Predicted,,0.0,0
2058500206,R,R,R,R,RRRR,EVEN,Not Predicted,,0.0,0
2058500207,R,W,R,R,RWRR,ODD,Not Predicted,,0.0,0
2058500208,R,W,W,R,RWWR,EVEN,Not Predicted,,0.0,0
2058500209,W,W,R,W,WWRW,ODD,Not Predicted,,0.0,0
2058500210,R,W,W,R,RWWR,EVEN,Not Predicted,,0.0,0
2058500211,W,W,R,R,WWRR,EVEN,Not Predicted,,0.0,0
2058500212,W,W,R,R,WWRR,EVEN,Not Predicted,,0.0,0
2058500213,R,R,R,R,RRRR,EVEN,Not Predicted,,0.0,0
2058500214,R,R,W,R,RRWR,ODD,Not Predicted,,0.0,0
2058500215,R,W,W,R,RWWR,EVEN,Not Predicted,,0.0,0
2058500216,W,R,W,W,WRWW,ODD,Not Predicted,,0.0,0
2058500217,R,W,R,W,RWRW,EVEN,Not Predicted,,0.0,0
2058500218,R,W,R,W,RWRW,EVEN,Not Predicted,,0.0,0
2058500219,W,W,W,W,WWWW,EVEN,Not Predicted,,0.0,0
2058500220,W,W,W,R,WWWR,ODD,Not Predicted,,0.0,0
2058500221,W,W,W,W,WWWW,EVEN,Not Predicted,,0.0,0
2058500222,W,R,R,W,WRRW,EVEN,Not Predicted,,0.0,0
2058500223,W,W,W,R,WWWR,ODD,Not Predicted,,0.0,0
2058500224,R,R,W,R,RRWR,ODD,Not Predicted,,0.0,0
2058500225,W,R,W,R,WRWR,EVEN,Not Predicted,,0.0,0
2058500226,R,R,W,W,RRWW,EVEN,Not Predicted,,0.0,0
2058500227,W,R,R,W,WRRW,EVEN,Not Predicted,,0.0,0
2058500228,W,R,R,W,WRRW,EVEN,Not Predicted,,0.0,0
2058500229,W,R,W,R,WRWR,EVEN,Not Predicted,,0.0,0
2058500230,W,R,W,W,WRWW,ODD,Not Predicted,,0.0,0
2058500231,R,R,W,W,RRWW,EVEN,Not Predicted,,0.0,0
2058500232,W,R,R,W,WRRW,EVEN,Not Predicted,,0.0,0
2058500233,R,W,W,R,RWWR,EVEN,Not Predicted,,0.0,0
2058500234,R,R,W,W,RRWW,EVEN,Not Predicted,,0.0,0
2058500235,R,W,R,W,RWRW,EVEN,Not Predicted,,0.0,0
2058500236,W,R,R,W,WRRW,EVEN,Not Predicted,,0.0,0
2058500237,R,W,W,R,RWWR,EVEN,Not Predicted,,0.0,0
2058500238,W,R,W,W,WRWW,ODD,Not Predicted,,0.0,0
2058500239,R,R,W,R,RRWR,ODD,Not Predicted,,0.0,0
2058500240,W,R,W,W,WRWW,ODD,Not Predicted,,0.0,0
2058500241,R,W,W,R,RWWR,EVEN,Not Predicted,,0.0,0
2058500242,R,W,W,R,RWWR,EVEN,Not Predicted,,0.0,0
2058500243,R,W,R,R,RWRR,ODD,Not Predicted,,0.0,0
2058500244,W,R,R,W,WRRW,EVEN,Not Predicted,,0.0,0
2058500245,R,W,R,W,RWRW,EVEN,Not Predicted,,0.0,0
2058500246,R,W,R,R,RWRR,ODD,Not Predicted,,0.0,0
2058500247,R,R,W,W,RRWW,EVEN,Not Predicted,,0.0,0
2058500248,W,R,W,W,WRWW,ODD,Not Predicted,,0.0,0
2058500249,R,R,W,W,RRWW,EVEN,Not Predicted,,0.0,0
2058500250,W,R,R,W,WRRW,EVEN,Not Predicted,,0.0,0
2058500251,R,R,W,R,RRWR,ODD,Not Predicted,,0.0,0
2058500252,W,R,W,W,WRWW,ODD,Not Predicted,,0.0,0
2058500253,W,W,R,R,WWRR,EVEN,Not Predicted,,0.0,0
2058500254,W,W,W,W,WWWW,EVEN,Not Predicted,,0.0,0
2058500255,W,W,R,W,WWRW,ODD,Not Predicted,,0.0,0
2058500256,R,W,W,W,RWWW,ODD,Not Predicted,,0.0,0
2058500257,W,R,R,W,WRRW,EVEN,Not Predicted,,0.0,0
2058500258,R,R,R,W,RRRW,ODD,Not Predicted,,0.0,0
2058500259,W,W,W,W,WWWW,EVEN,Not Predicted,,0.0,0
2058500260,R,R,R,R,RRRR,EVEN,Not Predicted,,0.0,0
2058500261,R,W,R,R,RWRR,ODD,Not Predicted,,0.0,0
2058500262,W,W,W,R,WWWR,ODD,Not Predicted,,0.0,0
2058500263,R,R,R,R,RRRR,EVEN,Not Predicted,,0.0,0
2058500264,W,W,R,R,WWRR,EVEN,Not Predicted,,0.0,0
2058500265,R,W,W,W,RWWW,ODD,Not Predicted,,0.0,0
2058500266,R,R,W,R,RRWR,ODD,Not Predicted,,0.0,0
2058500267,R,R,R,R,RRRR,EVEN,Not Predicted,,0.0,0
2058500268,W,R,R,R,WRRR,ODD,Not Predicted,,0.0,0
2058500269,W,R,R,R,WRRR,ODD,Not Predicted,,0.0,0
2058500270,W,R,W,W,WRWW,ODD,Not Predicted,,0.0,0
2058500271,R,W,W,R,RWWR,EVEN,Not Predicted,,0.0,0
2058500272,R,W,W,R,RWWR,EVEN,Not Predicted,,0.0,0
2058500273,W,R,R,R,WRRR,ODD,Not Predicted,,0.0,0
2058500274,W,R,W,R,WRWR,EVEN,Not Predicted,,0.0,0
2058500275,W,W,W,W,WWWW,EVEN,Not Predicted,,0.0,0
2058500276,W,R,W,R,WRWR,EVEN,Not Predicted,,0.0,0
2058500277,R,W,R,R,RWRR,ODD,Not Predicted,,0.0,0
2058500278,W,W,W,W,WWWW,EVEN,Not Predicted,,0.0,0
2058500279,R,R,W,W,RRWW,EVEN,Not Predicted,,0.0,0
2058500280,R,W,W,R,RWWR,EVEN,Not Predicted,,0.0,0
2058500281,W,R,W,R,WRWR,EVEN,Not Predicted,,0.0,0
2058500282,R,W,W,R,RWWR,EVEN,Not Predicted,,0.0,0
2058500283,R,R,R,W,RRRW,ODD,Not Predicted,,0.0,0
2058500284,W,R,R,R,WRRR,ODD,Not Predicted,,0.0,0
2058500285,R,W,R,W,RWRW,EVEN,Not Predicted,,0.0,0
2058500286,W,R,W,W,WRWW,ODD,Not Predicted,,0.0,0
2058500287,W,W,W,W,WWWW,EVEN,Not Predicted,,0.0,0
2058500288,W,W,W,R,WWWR,ODD,Not Predicted,,0.0,0
2058500289,W,W,W,W,WWWW,EVEN,Not Predicted,,0.0,0
2058500290,R,R,W,W,RRWW,EVEN,Not Predicted,,0.0,0
2058500291,W,R,R,R,WRRR,ODD,Not Predicted,,0.0,0
2058500292,W,R,R,R,WRRR,ODD,Not Predicted,,0.0,0
2058500293,R,W,R,R,RWRR,ODD,Not Predicted,,0.0,0
2058500294,R,W,W,R,RWWR,EVEN,Not Predicted,,0.0,0
2058500295,W,R,R,R,WRRR,ODD,Not Predicted,,0.0,0
2058500296,W,W,W,R,WWWR,ODD,Not Predicted,,0.0,0
2058500297,R,W,R,R,RWRR,ODD,Not Predicted,,0.0,0
2058500298,W,W,W,W,WWWW,EVEN,Not Predicted,,0.0,0
2058500299,W,W,R,R,WWRR,EVEN,Not Predicted,,0.0,0
2058500300,R,R,R,R,RRRR,EVEN,Not Predicted,,0.0,0
2058500301,R,R,R,R,RRRR,EVEN,Not Predicted,,0.0,0
2058500302,W,R,R,W,WRRW,EVEN,Not Predicted,,0.0,0
2058500303,W,R,R,W,WRRW,EVEN,Not Predicted,,0.0,0
2058500304,W,W,R,W,WWRW,ODD,Not Predicted,,0.0,0
2058500305,W,W,R,R,WWRR,EVEN,Not Predicted,,0.0,0
2058500306,R,R,W,R,RRWR,ODD,Not Predicted,,0.0,0
2058500307,R,W,W,R,RWWR,EVEN,Not Predicted,,0.0,0
2058500308,W,W,R,R,WWRR,EVEN,Not Predicted,,0.0,0
2058500309,R,W,R,R,RWRR,ODD,Not Predicted,,0.0,0
2058500310,W,W,R,W,WWRW,ODD,Not Predicted,,0.0,0
2058500311,R,R,W,R,RRWR,ODD,Not Predicted,,0.0,0
2058500312,R,R,W,W,RRWW,EVEN,Not Predicted,,0.0,0
2058500313,R,W,R,R,RWRR,ODD,Not Predicted,,0.0,0
2058500314,R,R,R,R,RRRR,EVEN,Not Predicted,,0.0,0
2058500315,R,R,W,R,RRWR,ODD,Not Predicted,,0.0,0
2058500316,W,W,W,R,WWWR,ODD,Not Predicted,,0.0,0
2058500317,R,R,W,W,RRWW,EVEN,Not Predicted,,0.0,0
2058500318,R,W,R,W,RWRW,EVEN,Not Predicted,,0.0,0
2058500319,R,W,R,R,RWRR,ODD,Not Predicted,,0.0,0
2058500320,R,R,R,R,RRRR,EVEN,Not Predicted,,0.0,0
2058500321,W,W,R,R,WWRR,EVEN,Not Predicted,,0.0,0
2058500322,W,W,R,W,WWRW,ODD,Not Predicted,,0.0,0
2058500323,R,W,R,W,RWRW,EVEN,Not Predicted,,0.0,0
2058500324,R,R,R,R,RRRR,EVEN,Not Predicted,,0.0,0
2058500325,R,R,R,W,RRRW,ODD,Not Predicted,,0.0,0
2058500326,R,W,R,W,RWRW,EVEN,Not Predicted,,0.0,0
2058500327,W,R,R,R,WRRR,ODD,Not Predicted,,0.0,0
2058500328,R,W,R,W,RWRW,EVEN,Not Predicted,,0.0,0
2058500329,R,R,R,W,RRRW,ODD,Not Predicted,,0.0,0
2058500330,W,W,R,W,WWRW,ODD,Not Predicted,,0.0,0
2058500331,W,R,R,R,WRRR,ODD,Not Predicted,,0.0,0
2058500332,R,W,R,W,RWRW,EVEN,Not Predicted,,0.0,0
2058500333,W,R,W,R,WRWR,EVEN,Not Predicted,,0.0,0
2058500334,R,R,R,W,RRRW,ODD,Not Predicted,,0.0,0
2058500335,W,W,W,R,WWWR,ODD,Not Predicted,,0.0,0
2058500336,W,W,R,R,WWRR,EVEN,Not Predicted,,0.0,0
2058500337,W,R,R,R,WRRR,ODD,Not Predicted,,0.0,0
2058500338,W,W,R,W,WWRW,ODD,Not Predicted,,0.0,0
2058500339,W,R,R,R,WRRR,ODD,Not Predicted,,0.0,0
2058500340,R,R,R,R,RRRR,EVEN,Not Predicted,,0.0,0
2058500341,W,W,R,R,WWRR,EVEN,Not Predicted,,0.0,0
2058500342,W,W,W,W,WWWW,EVEN,Not Predicted,,0.0,0
2058500343,R,W,W,W,RWWW,ODD,Not Predicted,,0.0,0
2058500344,W,R,W,W,WRWW,ODD,Not Predicted,,0.0,0
2058500345,R,W,R,R,RWRR,ODD,Not Predicted,,0.0,0
2058500346,W,R,W,W,WRWW,ODD,Not Predicted,,0.0,0
2058500347,R,W,R,W,RWRW,EVEN,Not Predicted,,0.0,0
2058500348,W,W,W,R,WWWR,ODD,Not Predicted,,0.0,0
2058500349,R,R,W,R,RRWR,ODD,Not Predicted,,0.0,0
2058500350,R,W,R,R,RWRR,ODD,Not Predicted,,0.0,0
2058500351,W,R,W,W,WRWW,ODD,Not Predicted,,0.0,0
2058500352,R,R,R,W,RRRW,ODD,Not Predicted,,0.0,0
2058500353,W,R,W,W,WRWW,ODD,Not Predicted,,0.0,0
2058500354,W,R,R,R,WRRR,ODD,Not Predicted,,0.0,0
2058500355,R,W,W,W,RWWW,ODD,Not Predicted,,0.0,0
2058500356,R,W,W,W,RWWW,ODD,Not Predicted,,0.0,0
2058500357,W,W,W,R,WWWR,ODD,Not Predicted,,0.0,0
2058500358,R,W,R,R,RWRR,ODD,Not Predicted,,0.0,0
2058500359,R,R,R,R,RRRR,EVEN,Not Predicted,,0.0,0
2058500360,R,W,W,W,RWWW,ODD,Not Predicted,,0.0,0
2058500361,W,W,R,W,WWRW,ODD,Not Predicted,,0.0,0
2058500362,R,R,W,W,RRWW,EVEN,Not Predicted,,0.0,0
2058500363,R,R,W,R,RRWR,ODD,Not Predicted,,0.0,0
2058500364,R,W,W,W,RWWW,ODD,Not Predicted,,0.0,0
2058500365,W,W,W,R,WWWR,ODD,Not Predicted,,0.0,0
2058500366,W,W,W,R,WWWR,ODD,Not Predicted,,0.0,0
2058500367,W,R,R,R,WRRR,ODD,Not Predicted,,0.0,0
2058500368,R,R,W,W,RRWW,EVEN,Not Predicted,,0.0,0
2058500369,R,R,W,W,RRWW,EVEN,Not Predicted,,0.0,0
2058500370,R,W,R,W,RWRW,EVEN,Not Predicted,,0.0,0
2058500371,R,W,R,W,RWRW,EVEN,Not Predicted,,0.0,0
2058500372,W,W,R,R,WWRR,EVEN,Not Predicted,,0.0,0
2058500373,W,W,W,W,WWWW,EVEN,Not Predicted,,0.0,0
2058500374,W,R,R,W,WRRW,EVEN,Not Predicted,,0.0,0
2058500375,W,R,W,W,WRWW,ODD,Not Predicted,,0.0,0
2058500376,W,W,W,R,WWWR,ODD,Not Predicted,,0.0,0
2058500377,R,R,W,R,RRWR,ODD,Not Predicted,,0.0,0
2058500378,R,R,R,R,RRRR,EVEN,Not Predicted,,0.0,0
2058500379,R,R,W,W,RRWW,EVEN,Not Predicted,,0.0,0
2058500380,W,R,R,W,WRRW,EVEN,Not Predicted,,0.0,0
2058500381,W,R,R,W,WRRW,EVEN,Not Predicted,,0.0,0
2058500382,W,R,R,W,WRRW,EVEN,Not Predicted,,0.0,0
2058500383,R,W,R,R,RWRR,ODD,Not Predicted,,0.0,0
2058500384,W,R,R,R,WRRR,ODD,Not Predicted,,0.0,0
2058500385,R,W,W,R,RWWR,EVEN,Not Predicted,,0.0,0
2058500386,R,R,W,W,RRWW,EVEN,Not Predicted,,0.0,0
2058500387,W,W,R,R,WWRR,EVEN,Not Predicted,,0.0,0
2058500388,R,R,W,W,RRWW,EVEN,Not Predicted,,0.0,0
2058500389,W,R,R,W,WRRW,EVEN,Not Predicted,,0.0,0
2058500390,W,W,R,R,WWRR,EVEN,Not Predicted,,0.0,0
2058500391,W,R,R,R,WRRR,ODD,Not Predicted,,0.0,0
2058500392,R,R,R,R,RRRR,EVEN,Not Predicted,,0.0,0
2058500393,W,R,R,R,WRRR,ODD,Not Predicted,,0.0,0
2058500394,W,W,R,R,WWRR,EVEN,Not Predicted,,0.0,0
2058500395,W,R,R,W,WRRW,EVEN,Not Predicted,,0.0,0
2058500396,R,W,W,W,RWWW,ODD,Not Predicted,,0.0,0
2058500397,W,W,W,W,WWWW,EVEN,Not Predicted,,0.0,0
2058500398,R,W,W,R,RWWR,EVEN,Not Predicted,,0.0,0
2058500399,W,R,R,W,WRRW,EVEN,Not Predicted,,0.0,0
2058500400,W,R,W,W,WRWW,ODD,Not Predicted,,0.0,0
2058500401,W,R,R,R,WRRR,ODD,Not Predicted,,0.0,0
2058500402,W,W,W,R,WWWR,ODD,Not Predicted,,0.0,0
2058500403,W,R,W,R,WRWR,EVEN,Not Predicted,,0.0,0
2058500404,R,W,W,R,RWWR,EVEN,Not Predicted,,0.0,0
2058500405,W,R,R,W,WRRW,EVEN,Not Predicted,,0.0,0
2058500406,W,R,W,W,WRWW,ODD,Not Predicted,,0.0,0
2058500407,W,W,R,W,WWRW,ODD,Not Predicted,,0.0,0
2058500408,W,R,W,W,WRWW,ODD,Not Predicted,,0.0,0
2058500409,R,R,W,R,RRWR,ODD,Not Predicted,,0.0,0
2058500410,R,W,R,W,RWRW,EVEN,Not Predicted,,0.0,0
2058500411,W,W,R,R,WWRR,EVEN,Not Predicted,,0.0,0
2058500412,W,W,W,W,WWWW,EVEN,Not Predicted,,0.0,0
2058500413,W,W,W,R,WWWR,ODD,Not Predicted,,0.0,0
2058500414,W,R,W,R,WRWR,EVEN,Not Predicted,,0.0,0
2058500415,R,R,W,W,RRWW,EVEN,Not Predicted,,0.0,0
2058500416,R,R,W,W,RRWW,EVEN,Not Predicted,,0.0,0
2058500417,W,R,W,W,WRWW,ODD,Not Predicted,,0.0,0
2058500418,R,W,R,R,RWRR,ODD,Not Predicted,,0.0,0
2058500419,W,R,W,W,WRWW,ODD,Not Predicted,,0.0,0
2058500420,W,R,W,R,WRWR,EVEN,Not Predicted,,0.0,0
2058500421,R,W,R,W,RWRW,EVEN,Not Predicted,,0.0,0
2058500422,W,R,W,R,WRWR,EVEN,Not Predicted,,0.0,0
2058500423,R,R,W,R,RRWR,ODD,Not Predicted,,0.0,0
2058500424,W,W,W,W,WWWW,EVEN,Not Predicted,,0.0,0
2058500425,W,W,R,W,WWRW,ODD,Not Predicted,,0.0,0
2058500426,R,W,W,W,RWWW,ODD,Not Predicted,,0.0,0
2058500427,W,R,W,R,WRWR,EVEN,Not Predicted,,0.0,0
2058500428,W,W,R,R,WWRR,EVEN,Not Predicted,,0.0,0
2058500429,W,R,R,R,WRRR,ODD,Not Predicted,,0.0,0
2058500430,W,W,W,R,WWWR,ODD,Not Predicted,,0.0,0
2058500431,W,W,W,W,WWWW,EVEN,Not Predicted,,0.0,0
2058500432,W,W,W,W,WWWW,EVEN,Not Predicted,,0.0,0
2058500433,W,R,W,W,WRWW,ODD,Not Predicted,,0.0,0
2058500434,W,R,R,W,WRRW,EVEN,Not Predicted,,0.0,0
2058500435,R,W,W,W,RWWW,ODD,Not Predicted,,0.0,0
2058500436,W,W,R,W,WWRW,ODD,Not Predicted,,0.0,0
2058500437,W,R,W,R,WRWR,EVEN,Not Predicted,,0.0,0
2058500438,W,R,W,W,WRWW,ODD,Not Predicted,,0.0,0
2058500439,R,R,R,W,RRRW,ODD,Not Predicted,,0.0,0
2058500440,W,W,R,R,WWRR,EVEN,Not Predicted,,0.0,0
2058500441,W,W,R,R,WWRR,EVEN,Not Predicted,,0.0,0
2058500442,W,R,W,W,WRWW,ODD,Not Predicted,,0.0,0
2058500443,W,R,W,R,WRWR,EVEN,Not Predicted,,0.0,0
2058500444,W,W,R,W,WWRW,ODD,Not Predicted,,0.0,0
2058500445,W,R,R,W,WRRW,EVEN,Not Predicted,,0.0,0
2058500446,R,W,W,R,RWWR,EVEN,Not Predicted,,0.0,0
2058500447,R,W,W,R,RWWR,EVEN,Not Predicted,,0.0,0
2058500448,R,W,R,W,RWRW,EVEN,Not Predicted,,0.0,0
2058500449,W,R,W,W,WRWW,ODD,Not Predicted,,0.0,0
2058500450,W,W,W,R,WWWR,ODD,Not Predicted,,0.0,0
2058500451,R,R,R,W,RRRW,ODD,Not Predicted,,0.0,0
2058500452,R,W,W,W,RWWW,ODD,Not Predicted,,0.0,0
2058500453,R,R,W,W,RRWW,EVEN,Not Predicted,,0.0,0
2058500454,R,W,R,R,RWRR,ODD,Not Predicted,,0.0,0
2058500455,R,W,W,R,RWWR,EVEN,Not Predicted,,0.0,0
2058500456,W,R,R,R,WRRR,ODD,Not Predicted,,0.0,0
2058500457,W,W,R,R,WWRR,EVEN,Not Predicted,,0.0,0
2058500458,W,R,R,R,WRRR,ODD,Not Predicted,,0.0,0
2058500459,W,R,W,W,WRWW,ODD,Not Predicted,,0.0,0
2058500460,W,W,R,W,WWRW,ODD,Not Predicted,,0.0,0
2058500461,R,R,R,R,RRRR,EVEN,Not Predicted,,0.0,0
2058500462,R,W,W,W,RWWW,ODD,Not Predicted,,0.0,0
2058500463,W,R,W,R,WRWR,EVEN,Not Predicted,,0.0,0
2058500464,W,W,R,R,WWRR,EVEN,Not Predicted,,0.0,0
2058500465,W,W,R,R,WWRR,EVEN,Not Predicted,,0.0,0
2058500466,W,R,W,R,WRWR,EVEN,Not Predicted,,0.0,0
2058500467,W,R,R,R,WRRR,ODD,Not Predicted,,0.0,0
2058500468,R,R,R,R,RRRR,EVEN,Not Predicted,,0.0,0
2058500469,W,W,R,W,WWRW,ODD,Not Predicted,,0.0,0
2058500470,R,R,W,R,RRWR,ODD,Not Predicted,,0.0,0
2058500471,R,W,W,R,RWWR,EVEN,Not Predicted,,0.0,0
2058500472,R,R,R,W,RRRW,ODD,Not Predicted,,0.0,0
2058500473,W,R,W,R,WRWR,EVEN,Not Predicted,,0.0,0
2058500474,W,R,W,W,WRWW,ODD,Not Predicted,,0.0,0
2058500475,R,W,W,W,RWWW,ODD,Not Predicted,,0.0,0
2058500476,W,W,W,R,WWWR,ODD,Not Predicted,,0.0,0
2058500477,W,W,W,R,WWWR,ODD,Not Predicted,,0.0,0
2058500478,R,W,W,W,RWWW,ODD,Not Predicted,,0.0,0
2058500479,W,W,W,R,WWWR,ODD,Not Predicted,,0.0,0
2058500480,R,R,W,R,RRWR,ODD,Not Predicted,,0.0,0
2058600001,R,W,W,W,RWWW,ODD,Not Predicted,,0.0,0
2058600002,W,W,R,W,WWRW,ODD,Not Predicted,,0.0,0
2058600003,R,R,R,W,RRRW,ODD,Not Predicted,,0.0,0
2058600004,R,W,R,W,RWRW,EVEN,Not Predicted,,0.0,0
2058600005,W,W,W,W,WWWW,EVEN,Not Predicted,,0.0,0
2058600006,W,R,R,W,WRRW,EVEN,Not Predicted,,0.0,0
2058600007,R,R,W,W,RRWW,EVEN,Not Predicted,,0.0,0
2058600008,W,R,R,W,WRRW,EVEN,Not Predicted,,0.0,0
2058600009,R,R,R,R,RRRR,EVEN,Not Predicted,,0.0,0
2058600010,W,W,W,R,WWWR,ODD,Not Predicted,,0.0,0
2058600011,R,W,W,R,RWWR,EVEN,Not Predicted,,0.0,0
2058600012,W,W,W,R,WWWR,ODD,Not Predicted,,0.0,0
2058600013,R,R,R,R,RRRR,EVEN,Not Predicted,,0.0,0
2058600014,W,R,W,R,WRWR,EVEN,Not Predicted,,0.0,0
2058600015,W,R,R,R,WRRR,ODD,Not Predicted,,0.0,0
2058600016,W,W,R,W,WWRW,ODD,Not Predicted,,0.0,0
2058600017,W,R,W,R,WRWR,EVEN,Not Predicted,,0.0,0
2058600018,W,R,R,W,WRRW,EVEN,Not Predicted,,0.0,0
2058600019,W,R,R,W,WRRW,EVEN,Not Predicted,,0.0,0
2058600020,R,W,W,W,RWWW,ODD,Not Predicted,,0.0,0
2058600021,W,W,R,R,WWRR,EVEN,Not Predicted,,0.0,0
2058600022,R,W,R,W,RWRW,EVEN,Not Predicted,,0.0,0
2058600023,R,R,W,R,RRWR,ODD,Not Predicted,,0.0,0
2058600024,W,W,W,W,WWWW,EVEN,Not Predicted,,0.0,0
2058600025,R,W,R,R,RWRR,ODD,Not Predicted,,0.0,0
2058600026,R,W,R,W,RWRW,EVEN,Not Predicted,,0.0,0
2058600027,W,W,R,R,WWRR,EVEN,Not Predicted,,0.0,0
2058600028,W,W,W,W,WWWW,EVEN,Not Predicted,,0.0,0
2058600029,R,R,W,R,RRWR,ODD,Not Predicted,,0.0,0
2058600030,W,R,W,W,WRWW,ODD,Not Predicted,,0.0,0
2058600031,R,W,W,R,RWWR,EVEN,Not Predicted,,0.0,0
2058600032,R,R,W,R,RRWR,ODD,Not Predicted,,0.0,0
2058600033,R,R,R,W,RRRW,ODD,Not Predicted,,0.0,0
2058600034,W,R,R,R,WRRR,ODD,Not Predicted,,0.0,0
2058600035,W,R,W,W,WRWW,ODD,Not Predicted,,0.0,0
2058600036,W,R,R,R,WRRR,ODD,Not Predicted,,0.0,0
2058600037,R,R,R,W,RRRW,ODD,Not Predicted,,0.0,0
2058600038,R,R,W,W,RRWW,EVEN,Not Predicted,,0.0,0
2058600039,R,R,W,R,RRWR,ODD,Not Predicted,,0.0,0
2058600040,R,R,R,W,RRRW,ODD,Not Predicted,,0.0,0
2058600041,W,W,R,R,WWRR,EVEN,Not Predicted,,0.0,0
2058600042,R,W,W,R,RWWR,EVEN,Not Predicted,,0.0,0
2058600043,R,W,W,W,RWWW,ODD,Not Predicted,,0.0,0
2058600044,R,W,W,R,RWWR,EVEN,Not Predicted,,0.0,0
2058600045,W,R,R,W,WRRW,EVEN,Not Predicted,,0.0,0
2058600046,R,R,R,R,RRRR,EVEN,Not Predicted,,0.0,0
2058600047,R,W,W,R,RWWR,EVEN,Not Predicted,,0.0,0
2058600048,W,W,R,R,WWRR,EVEN,Not Predicted,,0.0,0
2058600049,R,W,R,W,RWRW,EVEN,Not Predicted,,0.0,0
2058600050,R,W,W,W,RWWW,ODD,Not Predicted,,0.0,0
2058600051,W,W,R,R,WWRR,EVEN,Not Predicted,,0.0,0
2058600052,R,R,R,R,RRRR,EVEN,Not Predicted,,0.0,0
2058600053,W,W,R,W,WWRW,ODD,Not Predicted,,0.0,0
2058600054,R,R,R,R,RRRR,EVEN,Not Predicted,,0.0,0
2058600055,W,W,W,W,WWWW,EVEN,Not Predicted,,0.0,0
2058600056,W,W,W,W,WWWW,EVEN,Not Predicted,,0.0,0
2058600057,R,W,W,R,RWWR,EVEN,Not Predicted,,0.0,0
2058600058,R,W,W,R,RWWR,EVEN,Not Predicted,,0.0,0
2058600059,R,W,R,W,RWRW,EVEN,Not Predicted,,0.0,0
2058600060,R,W,R,W,RWRW,EVEN,Not Predicted,,0.0,0
2058600061,W,W,W,R,WWWR,ODD,Not Predicted,,0.0,0
2058600062,R,R,R,W,RRRW,ODD,Not Predicted,,0.0,0
2058600063,R,R,R,W,RRRW,ODD,Not Predicted,,0.0,0
2058600064,W,W,W,W,WWWW,EVEN,Not Predicted,,0.0,0
2058600065,W,W,W,W,WWWW,EVEN,Not Predicted,,0.0,0
2058600066,R,R,R,W,RRRW,ODD,Not Predicted,,0.0,0
2058600067,W,R,W,R,WRWR,EVEN,Not Predicted,,0.0,0
2058600068,W,W,W,W,WWWW,EVEN,Not Predicted,,0.0,0
2058600069,W,R,W,W,WRWW,ODD,Not Predicted,,0.0,0
2058600070,R,R,R,R,RRRR,EVEN,Not Predicted,,0.0,0
2058600071,W,R,W,W,WRWW,ODD,Not Predicted,,0.0,0
2058600072,R,R,W,R,RRWR,ODD,Not Predicted,,0.0,0
2058600073,W,W,R,R,WWRR,EVEN,Not Predicted,,0.0,0
2058600074,W,W,R,R,WWRR,EVEN,Not Predicted,,0.0,0
2058600075,W,R,W,W,WRWW,ODD,Not Predicted,,0.0,0
2058600076,R,R,R,R,RRRR,EVEN,Not Predicted,,0.0,0
2058600077,W,R,R,W,WRRW,EVEN,Not Predicted,,0.0,0
2058600078,W,R,W,W,WRWW,ODD,Not Predicted,,0.0,0
2058600079,W,W,W,R,WWWR,ODD,Not Predicted,,0.0,0
2058600080,R,W,W,W,RWWW,ODD,Not Predicted,,0.0,0
2058600081,R,R,W,W,RRWW,EVEN,Not Predicted,,0.0,0
2058600082,R,R,W,W,RRWW,EVEN,Not Predicted,,0.0,0
2058600083,W,R,R,R,WRRR,ODD,Not Predicted,,0.0,0
2058600084,W,R,R,R,WRRR,ODD,Not Predicted,,0.0,0
2058600085,W,R,R,R,WRRR,ODD,Not Predicted,,0.0,0
2058600086,R,R,W,R,RRWR,ODD,Not Predicted,,0.0,0
2058600087,R,R,W,R,RRWR,ODD,Not Predicted,,0.0,0
2058600088,W,W,R,R,WWRR,EVEN,Not Predicted,,0.0,0
2058600089,W,W,W,W,WWWW,EVEN,Not Predicted,,0.0,0
2058600090,W,R,W,W,WRWW,ODD,Not Predicted,,0.0,0
2058600091,W,W,W,R,WWWR,ODD,Not Predicted,,0.0,0
2058600092,R,W,R,R,RWRR,ODD,Not Predicted,,0.0,0
2058600093,R,W,W,R,RWWR,EVEN,Not Predicted,,0.0,0
2058600094,R,W,W,W,RWWW,ODD,Not Predicted,,0.0,0
2058600095,W,R,R,R,WRRR,ODD,Not Predicted,,0.0,0
2058600096,R,R,R,R,RRRR,EVEN,Not Predicted,,0.0,0
2058600097,R,W,R,W,RWRW,EVEN,Not Predicted,,0.0,0
2058600098,W,R,W,W,WRWW,ODD,Not Predicted,,0.0,0
2058600099,R,R,R,W,RRRW,ODD,Not Predicted,,0.0,0
2058600100,W,R,W,W,WRWW,ODD,Not Predicted,,0.0,0
2058600101,W,R,W,W,WRWW,ODD,Not Predicted,,0.0,0
2058600102,W,W,R,W,WWRW,ODD,Not Predicted,,0.0,0
2058600103,R,R,R,R,RRRR,EVEN,Not Predicted,,0.0,0
2058600104,R,W,R,R,RWRR,ODD,Not Predicted,,0.0,0
2058600105,R,W,R,W,RWRW,EVEN,Not Predicted,,0.0,0
2058600106,W,W,R,W,WWRW,ODD,Not Predicted,,0.0,0
2058600107,R,R,W,R,RRWR,ODD,Not Predicted,,0.0,0
2058600108,R,W,W,R,RWWR,EVEN,Not Predicted,,0.0,0
2058600109,W,W,W,W,WWWW,EVEN,Not Predicted,,0.0,0
2058600110,W,R,R,W,WRRW,EVEN,Not Predicted,,0.0,0
2058600111,W,W,R,W,WWRW,ODD,Not Predicted,,0.0,0
2058600112,R,R,W,W,RRWW,EVEN,Not Predicted,,0.0,0
2058600113,W,R,W,W,WRWW,ODD,Not Predicted,,0.0,0
2058600114,W,W,R,W,WWRW,ODD,Not Predicted,,0.0,0
2058600115,R,R,W,R,RRWR,ODD,Not Predicted,,0.0,0
2058600116,W,R,W,W,WRWW,ODD,Not Predicted,,0.0,0
2058600117,W,W,R,R,WWRR,EVEN,Not Predicted,,0.0,0
2058600118,R,W,W,W,RWWW,ODD,Not Predicted,,0.0,0
2058600119,W,R,R,W,WRRW,EVEN,Not Predicted,,0.0,0
2058600120,W,W,R,W,WWRW,ODD,Not Predicted,,0.0,0
2058600121,R,R,W,R,RRWR,ODD,Not Predicted,,0.0,0
2058600122,W,R,W,R,WRWR,EVEN,Not Predicted,,0.0,0
2058600123,W,W,R,R,WWRR,EVEN,Not Predicted,,0.0,0
2058600124,R,R,R,W,RRRW,ODD,Not Predicted,,0.0,0
2058600125,R,R,W,R,RRWR,ODD,Not Predicted,,0.0,0
2058600126,R,W,W,R,RWWR,EVEN,Not Predicted,,0.0,0
2058600127,R,R,R,R,RRRR,EVEN,Not Predicted,,0.0,0
2058600128,W,W,R,R,WWRR,EVEN,Not Predicted,,0.0,0
2058600129,R,W,R,R,RWRR,ODD,Not Predicted,,0.0,0
2058600130,W,R,R,W,WRRW,EVEN,Not Predicted,,0.0,0
2058600131,R,R,R,W,RRRW,ODD,Not Predicted,,0.0,0
2058600132,W,W,W,R,WWWR,ODD,Not Predicted,,0.0,0
2058600133,R,W,R,R,RWRR,ODD,Not Predicted,,0.0,0
2058600134,R,R,W,W,RRWW,EVEN,Not Predicted,,0.0,0
2058600135,R,W,R,R,RWRR,ODD,Not Predicted,,0.0,0
2058600136,W,R,W,R,WRWR,EVEN,Not Predicted,,0.0,0
2058600137,W,W,W,R,WWWR,ODD,Not Predicted,,0.0,0
2058600138,W,R,W,R,WRWR,EVEN,Not Predicted,,0.0,0
2058600139,R,R,R,R,RRRR,EVEN,Not Predicted,,0.0,0
2058600140,R,W,R,W,RWRW,EVEN,Not Predicted,,0.0,0
2058600141,R,W,W,R,RWWR,EVEN,Not Predicted,,0.0,0
2058600142,R,W,R,W,RWRW,EVEN,Not Predicted,,0.0,0
2058600143,R,W,W,W,RWWW,ODD,Not Predicted,,0.0,0
2058600144,R,R,W,R,RRWR,ODD,Not Predicted,,0.0,0
2058600145,W,W,R,W,WWRW,ODD,Not Predicted,,0.0,0
2058600146,W,W,W,R,WWWR,ODD,Not Predicted,,0.0,0
2058600147,W,R,W,R,WRWR,EVEN,Not Predicted,,0.0,0
2058600148,W,R,W,R,WRWR,EVEN,Not Predicted,,0.0,0
2058600149,W,R,W,W,WRWW,ODD,Not Predicted,,0.0,0
2058600150,W,W,R,R,WWRR,EVEN,Not Predicted,,0.0,0
2058600151,W,W,W,R,WWWR,ODD,Not Predicted,,0.0,0
2058600152,W,R,W,W,WRWW,ODD,Not Predicted,,0.0,0
2058600153,R,W,R,W,RWRW,EVEN,Not Predicted,,0.0,0
2058600154,W,R,R,W,WRRW,EVEN,Not Predicted,,0.0,0
2058600155,R,W,R,W,RWRW,EVEN,Not Predicted,,0.0,0
2058600156,R,W,R,R,RWRR,ODD,Not Predicted,,0.0,0
2058600157,R,R,R,R,RRRR,EVEN,Not Predicted,,0.0,0
2058600158,R,W,R,W,RWRW,EVEN,Not Predicted,,0.0,0
2058600159,R,W,W,R,RWWR,EVEN,Not Predicted,,0.0,0
2058600160,W,R,R,W,WRRW,EVEN,Not Predicted,,0.0,0
2058600161,W,R,R,R,WRRR,ODD,Not Predicted,,0.0,0
2058600162,W,W,R,W,WWRW,ODD,Not Predicted,,0.0,0
2058600163,R,W,W,R,RWWR,EVEN,Not Predicted,,0.0,0
2058600164,W,W,R,R,WWRR,EVEN,Not Predicted,,0.0,0
2058600165,W,W,R,W,WWRW,ODD,Not Predicted,,0.0,0
2058600166,W,W,R,W,WWRW,ODD,Not Predicted,,0.0,0
2058600167,W,R,R,W,WRRW,EVEN,Not Predicted,,0.0,0
2058600168,W,R,R,R,WRRR,ODD,Not Predicted,,0.0,0
2058600169,W,R,W,R,WRWR,EVEN,Not Predicted,,0.0,0
2058600170,R,R,W,W,RRWW,EVEN,Not Predicted,,0.0,0
2058600171,W,R,R,R,WRRR,ODD,Not Predicted,,0.0,0
2058600172,W,R,W,W,WRWW,ODD,Not Predicted,,0.0,0
2058600173,W,R,W,W,WRWW,ODD,Not Predicted,,0.0,0
2058600174,W,R,W,R,WRWR,EVEN,Not Predicted,,0.0,0
2058600175,R,R,W,W,RRWW,EVEN,Not Predicted,,0.0,0
2058600176,W,W,R,R,WWRR,EVEN,Not Predicted,,0.0,0
2058600177,W,R,W,W,WRWW,ODD,Not Predicted,,0.0,0
2058600178,W,W,R,R,WWRR,EVEN,Not Predicted,,0.0,0
2058600179,W,R,R,R,WRRR,ODD,Not Predicted,,0.0,0
2058600180,W,R,W,W,WRWW,ODD,Not Predicted,,0.0,0
2058600181,R,R,R,R,RRRR,EVEN,Not Predicted,,0.0,0
2058600182,W,R,R,R,WRRR,ODD,Not Predicted,,0.0,0
2058600183,R,R,R,W,RRRW,ODD,Not Predicted,,0.0,0
2058600184,W,R,W,W,WRWW,ODD,Not Predicted,,0.0,0
2058600185,W,R,W,R,WRWR,EVEN,Not Predicted,,0.0,0
2058600186,W,R,W,R,WRWR,EVEN,Not Predicted,,0.0,0
2058600187,W,W,W,R,WWWR,ODD,Not Predicted,,0.0,0
2058600188,R,W,W,R,RWWR,EVEN,Not Predicted,,0.0,0
2058600189,R,R,R,R,RRRR,EVEN,Not Predicted,,0.0,0
2058600190,R,R,W,W,RRWW,EVEN,Not Predicted,,0.0,0
2058600191,R,W,R,W,RWRW,EVEN,Not Predicted,,0.0,0
2058600192,R,R,W,R,RRWR,ODD,Not Predicted,,0.0,0
2058600193,W,W,W,W,WWWW,EVEN,Not Predicted,,0.0,0
2058600194,R,R,R,R,RRRR,EVEN,Not Predicted,,0.0,0
2058600195,R,W,W,W,RWWW,ODD,Not Predicted,,0.0,0
2058600196,R,R,R,R,RRRR,EVEN,Not Predicted,,0.0,0
2058600197,R,W,R,W,RWRW,EVEN,Not Predicted,,0.0,0
2058600198,R,R,W,R,RRWR,ODD,Not Predicted,,0.0,0
2058600199,R,W,R,R,RWRR,ODD,Not Predicted,,0.0,0
2058600200,R,W,R,W,RWRW,EVEN,Not Predicted,,0.0,0
2058600201,W,R,R,R,WRRR,ODD,Not Predicted,,0.0,0
2058600202,R,W,W,W,RWWW,ODD,Not Predicted,,0.0,0
2058600203,W,W,R,W,WWRW,ODD,Not Predicted,,0.0,0
2058600204,R,R,W,W,RRWW,EVEN,Not Predicted,,0.0,0
2058600205,W,W,R,W,WWRW,ODD,Not Predicted,,0.0,0
2058600206,R,W,R,R,RWRR,ODD,Not Predicted,,0.0,0
2058600207,W,W,R,R,WWRR,EVEN,Not Predicted,,0.0,0
2058600208,R,R,R,W,RRRW,ODD,Not Predicted,,0.0,0
2058600209,W,W,R,W,WWRW,ODD,Not Predicted,,0.0,0
2058600210,R,R,W,R,RRWR,ODD,Not Predicted,,0.0,0
2058600211,R,R,W,R,RRWR,ODD,Not Predicted,,0.0,0
2058600212,R,R,R,W,RRRW,ODD,Not Predicted,,0.0,0
2058600213,W,W,R,R,WWRR,EVEN,Not Predicted,,0.0,0
2058600214,W,R,R,R,WRRR,ODD,Not Predicted,,0.0,0
2058600215,W,R,R,R,WRRR,ODD,Not Predicted,,0.0,0
2058600216,W,R,W,W,WRWW,ODD,Not Predicted,,0.0,0
2058600217,R,R,W,W,RRWW,EVEN,Not Predicted,,0.0,0
2058600218,W,R,R,R,WRRR,ODD,Not Predicted,,0.0,0
2058600219,W,W,W,W,WWWW,EVEN,Not Predicted,,0.0,0
2058600220,R,R,W,R,RRWR,ODD,Not Predicted,,0.0,0
2058600221,W,R,R,R,WRRR,ODD,Not Predicted,,0.0,0
2058600222,R,W,R,R,RWRR,ODD,Not Predicted,,0.0,0
2058600223,R,W,W,R,RWWR,EVEN,Not Predicted,,0.0,0
2058600224,R,R,W,W,RRWW,EVEN,Not Predicted,,0.0,0
2058600225,W,W,W,R,WWWR,ODD,Not Predicted,,0.0,0
2058600226,W,W,R,W,WWRW,ODD,Not Predicted,,0.0,0
2058600227,R,W,W,R,RWWR,EVEN,Not Predicted,,0.0,0
2058600228,W,W,R,W,WWRW,ODD,Not Predicted,,0.0,0
2058600229,W,R,R,W,WRRW,EVEN,Not Predicted,,0.0,0
2058600230,W,R,R,R,WRRR,ODD,Not Predicted,,0.0,0
2058600231,W,R,W,W,WRWW,ODD,Not Predicted,,0.0,0
2058600232,R,R,R,R,RRRR,EVEN,Not Predicted,,0.0,0
2058600233,R,W,R,W,RWRW,EVEN,Not Predicted,,0.0,0
2058600234,W,R,W,W,WRWW,ODD,Not Predicted,,0.0,0
2058600235,R,W,W,W,RWWW,ODD,Not Predicted,,0.0,0
2058600236,W,R,W,R,WRWR,EVEN,Not Predicted,,0.0,0
2058600237,R,W,W,W,RWWW,ODD,Not Predicted,,0.0,0
2058600238,R,R,R,R,RRRR,EVEN,Not Predicted,,0.0,0
2058600239,W,W,R,W,WWRW,ODD,Not Predicted,,0.0,0
2058600240,W,R,W,R,WRWR,EVEN,Not Predicted,,0.0,0
2058600241,R,R,W,W,RRWW,EVEN,Not Predicted,,0.0,0
2058600242,R,W,R,W,RWRW,EVEN,Not Predicted,,0.0,0
2058600243,W,R,W,W,WRWW,ODD,Not Predicted,,0.0,0
2058600244,R,R,R,R,RRRR,EVEN,Not Predicted,,0.0,0
2058600245,R,W,W,R,RWWR,EVEN,Not Predicted,,0.0,0
2058600246,R,R,R,R,RRRR,EVEN,Not Predicted,,0.0,0
2058600247,R,W,W,W,RWWW,ODD,Not Predicted,,0.0,0
2058600248,R,W,R,W,RWRW,EVEN,Not Predicted,,0.0,0
2058600249,W,W,W,R,WWWR,ODD,Not Predicted,,0.0,0
2058600250,R,R,R,W,RRRW,ODD,Not Predicted,,0.0,0
2058600251,R,W,R,W,RWRW,EVEN,Not Predicted,,0.0,0
2058600252,R,R,R,W,RRRW,ODD,Not Predicted,,0.0,0
2058600253,W,R,W,W,WRWW,ODD,Not Predicted,,0.0,0
2058600254,R,R,R,W,RRRW,ODD,Not Predicted,,0.0,0
2058600255,W,R,W,W,WRWW,ODD,Not Predicted,,0.0,0
2058600256,R,W,W,W,RWWW,ODD,Not Predicted,,0.0,0
2058600257,W,W,R,R,WWRR,EVEN,Not Predicted,,0.0,0
2058600258,W,W,W,R,WWWR,ODD,Not Predicted,,0.0,0
2058600259,W,W,R,R,WWRR,EVEN,Not Predicted,,0.0,0
2058600260,W,R,W,W,WRWW,ODD,Not Predicted,,0.0,0
2058600261,W,R,W,W,WRWW,ODD,Not Predicted,,0.0,0
2058600262,R,R,R,W,RRRW,ODD,Not Predicted,,0.0,0
2058600263,R,W,R,W,RWRW,EVEN,Not Predicted,,0.0,0
2058600264,W,W,W,R,WWWR,ODD,Not Predicted,,0.0,0
2058600265,W,W,R,W,WWRW,ODD,Not Predicted,,0.0,0
2058600266,R,R,R,R,RRRR,EVEN,Not Predicted,,0.0,0
2058600267,R,R,W,R,RRWR,ODD,Not Predicted,,0.0,0
2058600268,W,W,W,W,WWWW,EVEN,Not Predicted,,0.0,0
2058600269,R,W,R,R,RWRR,ODD,Not Predicted,,0.0,0
2058600270,R,W,W,R,RWWR,EVEN,Not Predicted,,0.0,0
2058600271,R,W,W,W,RWWW,ODD,Not Predicted,,0.0,0
2058600272,R,R,R,W,RRRW,ODD,Not Predicted,,0.0,0
2058600273,W,R,R,W,WRRW,EVEN,Not Predicted,,0.0,0
2058600274,R,R,W,R,RRWR,ODD,Not Predicted,,0.0,0
2058600275,W,R,R,R,WRRR,ODD,Not Predicted,,0.0,0
2058600276,W,R,W,R,WRWR,EVEN,Not Predicted,,0.0,0
2058600277,R,R,W,W,RRWW,EVEN,Not Predicted,,0.0,0
2058600278,W,W,W,R,WWWR,ODD,Not Predicted,,0.0,0
2058600279,W,W,R,W,WWRW,ODD,Not Predicted,,0.0,0
2058600280,R,W,W,R,RWWR,EVEN,Not Predicted,,0.0,0
2058600281,W,W,R,W,WWRW,ODD,Not Predicted,,0.0,0
2058600282,R,R,W,W,RRWW,EVEN,Not Predicted,,0.0,0
2058600283,W,R,W,R,WRWR,EVEN,Not Predicted,,0.0,0
2058600284,R,W,R,R,RWRR,ODD,Not Predicted,,0.0,0
2058600285,R,R,W,W,RRWW,EVEN,Not Predicted,,0.0,0
2058600286,W,W,R,R,WWRR,EVEN,Not Predicted,,0.0,0
2058600287,R,W,R,R,RWRR,ODD,Not Predicted,,0.0,0
2058600288,W,R,W,W,WRWW,ODD,Not Predicted,,0.0,0
2058600289,R,R,R,W,RRRW,ODD,Not Predicted,,0.0,0
2058600290,W,R,W,R,WRWR,EVEN,Not Predicted,,0.0,0
2058600291,R,R,R,R,RRRR,EVEN,Not Predicted,,0.0,0
2058600292,R,R,W,W,RRWW,EVEN,Not Predicted,,0.0,0
2058600293,R,R,W,R,RRWR,ODD,Not Predicted,,0.0,0
2058600294,W,R,W,R,WRWR,EVEN,Not Predicted,,0.0,0
2058600295,R,R,W,R,RRWR,ODD,Not Predicted,,0.0,0
2058600296,W,R,W,W,WRWW,ODD,Not Predicted,,0.0,0
2058600297,W,R,W,R,WRWR,EVEN,Not Predicted,,0.0,0
2058600298,R,W,R,W,RWRW,EVEN,Not Predicted,,0.0,0
2058600299,R,W,W,R,RWWR,EVEN,Not Predicted,,0.0,0
2058600300,R,R,W,R,RRWR,ODD,Not Predicted,,0.0,0
2058600301,W,W,R,R,WWRR,EVEN,Not Predicted,,0.0,0
2058600302,R,R,W,W,RRWW,EVEN,Not Predicted,,0.0,0
2058600303,W,W,R,W,WWRW,ODD,Not Predicted,,0.0,0
2058600304,W,R,R,W,WRRW,EVEN,Not Predicted,,0.0,0
2058600305,R,R,W,R,RRWR,ODD,Not Predicted,,0.0,0
2058600306,R,W,R,R,RWRR,ODD,Not Predicted,,0.0,0
2058600307,R,R,W,R,RRWR,ODD,Not Predicted,,0.0,0
2058600308,R,W,R,W,RWRW,EVEN,Not Predicted,,0.0,0
2058600309,W,R,W,W,WRWW,ODD,Not Predicted,,0.0,0
2058600310,W,R,R,R,WRRR,ODD,Not Predicted,,0.0,0
2058600311,R,W,W,W,RWWW,ODD,Not Predicted,,0.0,0
2058600312,W,W,W,R,WWWR,ODD,Not Predicted,,0.0,0
2058600313,R,R,R,R,RRRR,EVEN,Not Predicted,,0.0,0
2058600314,R,R,R,R,RRRR,EVEN,Not Predicted,,0.0,0
2058600315,R,R,W,R,RRWR,ODD,Not Predicted,,0.0,0
2058600316,W,W,R,W,WWRW,ODD,Not Predicted,,0.0,0
2058600317,W,W,W,W,WWWW,EVEN,Not Predicted,,0.0,0
2058600318,W,R,W,W,WRWW,ODD,Not Predicted,,0.0,0
2058600319,W,W,W,R,WWWR,ODD,Not Predicted,,0.0,0
2058600320,R,R,R,R,RRRR,EVEN,Not Predicted,,0.0,0
2058600321,R,W,R,W,RWRW,EVEN,Not Predicted,,0.0,0
2058600322,R,W,W,W,RWWW,ODD,Not Predicted,,0.0,0
2058600323,W,R,W,R,WRWR,EVEN,Not Predicted,,0.0,0
2058600324,W,W,R,R,WWRR,EVEN,Not Predicted,,0.0,0
2058600325,R,R,R,W,RRRW,ODD,Not Predicted,,0.0,0
2058600326,R,W,R,R,RWRR,ODD,Not Predicted,,0.0,0
2058600327,W,R,W,R,WRWR,EVEN,Not Predicted,,0.0,0
2058600328,R,R,W,R,RRWR,ODD,Not Predicted,,0.0,0
2058600329,R,R,R,W,RRRW,ODD,Not Predicted,,0.0,0
2058600330,W,W,R,R,WWRR,EVEN,Not Predicted,,0.0,0
2058600331,R,W,R,R,RWRR,ODD,Not Predicted,,0.0,0
2058600332,W,W,R,W,WWRW,ODD,Not Predicted,,0.0,0
2058600333,W,W,R,R,WWRR,EVEN,Not Predicted,,0.0,0
2058600334,W,W,W,W,WWWW,EVEN,Not Predicted,,0.0,0
2058600335,R,R,R,R,RRRR,EVEN,Not Predicted,,0.0,0
2058600336,R,R,W,W,RRWW,EVEN,Not Predicted,,0.0,0
2058600337,W,R,R,R,WRRR,ODD,Not Predicted,,0.0,0
2058600338,W,R,W,R,WRWR,EVEN,Not Predicted,,0.0,0
2058600339,W,R,R,R,WRRR,ODD,Not Predicted,,0.0,0
2058600340,W,R,W,W,WRWW,ODD,Not Predicted,,0.0,0
2058600341,R,R,W,W,RRWW,EVEN,Not Predicted,,0.0,0
2058600342,W,W,W,R,WWWR,ODD,Not Predicted,,0.0,0
2058600343,W,W,W,W,WWWW,EVEN,Not Predicted,,0.0,0
2058600344,R,W,R,R,RWRR,ODD,Not Predicted,,0.0,0
2058600345,R,W,R,W,RWRW,EVEN,Not Predicted,,0.0,0
2058600346,R,R,R,W,RRRW,ODD,Not Predicted,,0.0,0
2058600347,R,R,W,W,RRWW,EVEN,Not Predicted,,0.0,0
2058600348,W,R,R,R,WRRR,ODD,Not Predicted,,0.0,0
2058600349,W,R,W,R,WRWR,EVEN,Not Predicted,,0.0,0
2058600350,W,W,W,W,WWWW,EVEN,Not Predicted,,0.0,0
2058600351,R,R,R,W,RRRW,ODD,Not Predicted,,0.0,0
2058600352,R,W,W,R,RWWR,EVEN,Not Predicted,,0.0,0
2058600353,W,R,R,W,WRRW,EVEN,Not Predicted,,0.0,0
2058600354,R,W,W,R,RWWR,EVEN,Not Predicted,,0.0,0
2058600355,R,R,W,W,RRWW,EVEN,Not Predicted,,0.0,0
2058600356,W,W,W,R,WWWR,ODD,Not Predicted,,0.0,0
2058600357,W,W,W,W,WWWW,EVEN,Not Predicted,,0.0,0
2058600358,W,R,R,R,WRRR,ODD,Not Predicted,,0.0,0
2058600359,W,R,W,W,WRWW,ODD,Not Predicted,,0.0,0
2058600360,W,W,W,R,WWWR,ODD,Not Predicted,,0.0,0
2058600361,W,R,R,R,WRRR,ODD,Not Predicted,,0.0,0
2058600362,W,W,R,W,WWRW,ODD,Not Predicted,,0.0,0
2058600363,R,R,W,W,RRWW,EVEN,Not Predicted,,0.0,0
2058600364,R,R,W,W,RRWW,EVEN,Not Predicted,,0.0,0
2058600365,R,W,R,W,RWRW,EVEN,Not Predicted,,0.0,0
2058600366,W,R,R,W,WRRW,EVEN,Not Predicted,,0.0,0
2058600367,R,W,W,W,RWWW,ODD,Not Predicted,,0.0,0
2058600368,W,R,W,R,WRWR,EVEN,Not Predicted,,0.0,0
2058600369,R,R,R,R,RRRR,EVEN,Not Predicted,,0.0,0
2058600370,W,R,R,W,WRRW,EVEN,Not Predicted,,0.0,0
2058600371,W,R,W,W,WRWW,ODD,Not Predicted,,0.0,0
2058600372,R,R,R,W,RRRW,ODD,Not Predicted,,0.0,0
2058600373,R,W,W,R,RWWR,EVEN,Not Predicted,,0.0,0
2058600374,W,W,R,W,WWRW,ODD,Not Predicted,,0.0,0
2058600375,R,W,W,W,RWWW,ODD,Not Predicted,,0.0,0
2058600376,R,W,R,R,RWRR,ODD,Not Predicted,,0.0,0
2058600377,W,R,W,R,WRWR,EVEN,Not Predicted,,0.0,0
2058600378,R,R,R,W,RRRW,ODD,Not Predicted,,0.0,0
2058600379,R,W,W,R,RWWR,EVEN,Not Predicted,,0.0,0
2058600380,R,R,R,R,RRRR,EVEN,Not Predicted,,0.0,0
2058600381,W,R,R,R,WRRR,ODD,Not Predicted,,0.0,0
2058600382,W,W,R,R,WWRR,EVEN,Not Predicted,,0.0,0
2058600383,R,R,R,R,RRRR,EVEN,Not Predicted,,0.0,0
2058600384,R,W,W,R,RWWR,EVEN,Not Predicted,,0.0,0
2058600385,R,R,W,W,RRWW,EVEN,Not Predicted,,0.0,0
2058600386,W,R,W,W,WRWW,ODD,Not Predicted,,0.0,0
2058600387,R,R,R,R,RRRR,EVEN,Not Predicted,,0.0,0
2058600388,W,R,R,W,WRRW,EVEN,Not Predicted,,0.0,0
2058600389,R,W,W,R,RWWR,EVEN,Not Predicted,,0.0,0
2058600390,R,W,R,W,RWRW,EVEN,Not Predicted,,0.0,0
2058600391,R,R,W,R,RRWR,ODD,Not Predicted,,0.0,0
2058600392,W,R,W,R,WRWR,EVEN,Not Predicted,,0.0,0
2058600393,R,W,R,W,RWRW,EVEN,Not Predicted,,0.0,0
2058600394,W,W,W,R,WWWR,ODD,Not Predicted,,0.0,0
2058600395,W,R,R,W,WRRW,EVEN,Not Predicted,,0.0,0
2058600396,W,R,W,R,WRWR,EVEN,Not Predicted,,0.0,0
2058600397,R,W,W,R,RWWR,EVEN,Not Predicted,,0.0,0
2058600398,R,R,R,R,RRRR,EVEN,Not Predicted,,0.0,0
2058600399,W,W,W,W,WWWW,EVEN,Not Predicted,,0.0,0
2058600400,W,R,W,W,WRWW,ODD,Not Predicted,,0.0,0
2058600401,W,W,W,R,WWWR,ODD,Not Predicted,,0.0,0
2058600402,W,R,R,W,WRRW,EVEN,Not Predicted,,0.0,0
2058600403,R,W,R,R,RWRR,ODD,Not Predicted,,0.0,0
2058600404,W,R,W,R,WRWR,EVEN,Not Predicted,,0.0,0
2058600405,R,W,R,W,RWRW,EVEN,Not Predicted,,0.0,0
2058600406,W,W,W,R,WWWR,ODD,Not Predicted,,0.0,0
2058600407,W,W,R,W,WWRW,ODD,Not Predicted,,0.0,0
2058600408,R,R,W,R,RRWR,ODD,Not Predicted,,0.0,0
2058600409,W,R,W,R,WRWR,EVEN,Not Predicted,,0.0,0
2058600410,R,R,W,W,RRWW,EVEN,Not Predicted,,0.0,0
2058600411,W,W,R,R,WWRR,EVEN,Not Predicted,,0.0,0
2058600412,R,W,W,W,RWWW,ODD,Not Predicted,,0.0,0
2058600413,W,R,W,R,WRWR,EVEN,Not Predicted,,0.0,0
2058600414,R,W,R,W,RWRW,EVEN,Not Predicted,,0.0,0
2058600415,W,R,R,R,WRRR,ODD,Not Predicted,,0.0,0
2058600416,R,W,W,R,RWWR,EVEN,Not Predicted,,0.0,0
2058600417,W,R,W,R,WRWR,EVEN,Not Predicted,,0.0,0
2058600418,W,W,R,R,WWRR,EVEN,Not Predicted,,0.0,0
2058600419,R,W,R,R,RWRR,ODD,Not Predicted,,0.0,0
2058600420,W,W,W,R,WWWR,ODD,Not Predicted,,0.0,0
2058600421,R,W,R,R,RWRR,ODD,Not Predicted,,0.0,0
2058600422,R,R,R,R,RRRR,EVEN,Not Predicted,,0.0,0
2058600423,R,W,W,W,RWWW,ODD,Not Predicted,,0.0,0
2058600424,R,R,W,R,RRWR,ODD,Not Predicted,,0.0,0
2058600425,W,R,W,R,WRWR,EVEN,Not Predicted,,0.0,0
2058600426,R,R,W,R,RRWR,ODD,Not Predicted,,0.0,0
2058600427,W,R,W,R,WRWR,EVEN,Not Predicted,,0.0,0
2058600428,R,W,R,R,RWRR,ODD,Not Predicted,,0.0,0
2058600429,R,R,R,W,RRRW,ODD,Not Predicted,,0.0,0
2058600430,W,W,R,W,WWRW,ODD,Not Predicted,,0.0,0
2058600431,W,W,R,W,WWRW,ODD,Not Predicted,,0.0,0
2058600432,R,W,W,W,RWWW,ODD,Not Predicted,,0.0,0
2058600433,W,W,W,R,WWWR,ODD,Not Predicted,,0.0,0
2058600434,R,W,R,W,RWRW,EVEN,Not Predicted,,0.0,0
2058600435,W,R,R,W,WRRW,EVEN,Not Predicted,,0.0,0
2058600436,R,R,R,R,RRRR,EVEN,Not Predicted,,0.0,0
2058600437,W,W,W,W,WWWW,EVEN,Not Predicted,,0.0,0
2058600438,R,W,W,W,RWWW,ODD,Not Predicted,,0.0,0
2058600439,W,R,W,W,WRWW,ODD,Not Predicted,,0.0,0
2058600440,W,W,R,R,WWRR,EVEN,Not Predicted,,0.0,0
2058600441,W,W,W,R,WWWR,ODD,Not Predicted,,0.0,0
2058600442,W,W,W,W,WWWW,EVEN,Not Predicted,,0.0,0
2058600443,R,W,R,R,RWRR,ODD,Not Predicted,,0.0,0
2058600444,W,W,R,R,WWRR,EVEN,Not Predicted,,0.0,0
2058600445,W,R,W,R,WRWR,EVEN,Not Predicted,,0.0,0
2058600446,R,W,R,W,RWRW,EVEN,Not Predicted,,0.0,0
2058600447,W,R,R,W,WRRW,EVEN,Not Predicted,,0.0,0
2058600448,W,R,W,W,WRWW,ODD,Not Predicted,,0.0,0
2058600449,R,W,R,R,RWRR,ODD,Not Predicted,,0.0,0
2058600450,W,W,W,R,WWWR,ODD,Not Predicted,,0.0,0
2058600451,R,R,W,W,RRWW,EVEN,Not Predicted,,0.0,0
2058600452,W,R,R,W,WRRW,EVEN,Not Predicted,,0.0,0
2058600453,W,R,R,W,WRRW,EVEN,Not Predicted,,0.0,0
2058600454,R,R,W,W,RRWW,EVEN,Not Predicted,,0.0,0
2058600455,R,R,W,R,RRWR,ODD,Not Predicted,,0.0,0
2058600456,R,R,W,R,RRWR,ODD,Not Predicted,,0.0,0
2058600457,R,W,W,W,RWWW,ODD,Not Predicted,,0.0,0
2058600458,W,R,W,R,WRWR,EVEN,Not Predicted,,0.0,0
2058600459,R,W,R,R,RWRR,ODD,Not Predicted,,0.0,0
2058600460,W,W,W,R,WWWR,ODD,Not Predicted,,0.0,0
2058600461,W,R,W,W,WRWW,ODD,Not Predicted,,0.0,0
2058600462,R,W,W,R,RWWR,EVEN,Not Predicted,,0.0,0
2058600463,W,R,R,W,WRRW,EVEN,Not Predicted,,0.0,0
2058600464,W,W,W,W,WWWW,EVEN,Not Predicted,,0.0,0
2058600465,W,R,W,W,WRWW,ODD,Not Predicted,,0.0,0
2058600466,W,R,W,W,WRWW,ODD,Not Predicted,,0.0,0
2058600467,W,W,R,W,WWRW,ODD,Not Predicted,,0.0,0
2058600468,W,W,R,R,WWRR,EVEN,Not Predicted,,0.0,0
2058600469,W,R,R,R,WRRR,ODD,Not Predicted,,0.0,0
2058600470,W,R,R,R,WRRR,ODD,Not Predicted,,0.0,0
2058600471,R,R,R,W,RRRW,ODD,Not Predicted,,0.0,0
2058600472,W,R,R,W,WRRW,EVEN,Not Predicted,,0.0,0
2058600473,W,R,R,W,WRRW,EVEN,Not Predicted,,0.0,0
2058600474,R,W,W,W,RWWW,ODD,Not Predicted,,0.0,0
2058600475,W,W,R,W,WWRW,ODD,Not Predicted,,0.0,0
2058600476,W,W,R,R,WWRR,EVEN,Not Predicted,,0.0,0
2058600477,R,R,R,W,RRRW,ODD,Not Predicted,,0.0,0
2058600478,W,R,R,W,WRRW,EVEN,Not Predicted,,0.0,0
2058600479,R,R,W,R,RRWR,ODD,Not Predicted,,0.0,0
2058600480,W,W,W,R,WWWR,ODD,Not Predicted,,0.0,0
2058700001,W,R,W,W,WRWW,ODD,Not Predicted,,0.0,0
2058700002,W,W,R,R,WWRR,EVEN,Not Predicted,,0.0,0
2058700003,R,W,W,W,RWWW,ODD,Not Predicted,,0.0,0
2058700004,R,R,R,W,RRRW,ODD,Not Predicted,,0.0,0
2058700005,W,R,R,R,WRRR,ODD,Not Predicted,,0.0,0
2058700006,W,W,W,R,WWWR,ODD,Not Predicted,,0.0,0
2058700007,R,W,W,R,RWWR,EVEN,Not Predicted,,0.0,0
2058700008,W,W,W,R,WWWR,ODD,Not Predicted,,0.0,0
2058700009,R,W,R,R,RWRR,ODD,Not Predicted,,0.0,0
2058700010,R,W,R,R,RWRR,ODD,Not Predicted,,0.0,0
2058700011,W,W,R,W,WWRW,ODD,Not Predicted,,0.0,0
2058700012,R,R,W,W,RRWW,EVEN,Not Predicted,,0.0,0
2058700013,W,W,W,W,WWWW,EVEN,Not Predicted,,0.0,0
2058700014,W,R,R,W,WRRW,EVEN,Not Predicted,,0.0,0
2058700015,W,W,R,W,WWRW,ODD,Not Predicted,,0.0,0
2058700016,R,R,R,W,RRRW,ODD,Not Predicted,,0.0,0
2058700017,W,W,R,R,WWRR,EVEN,Not Predicted,,0.0,0
2058700018,R,W,W,R,RWWR,EVEN,Not Predicted,,0.0,0
2058700019,R,R,W,R,RRWR,ODD,Not Predicted,,0.0,0
2058700020,R,R,R,W,RRRW,ODD,Not Predicted,,0.0,0
2058700021,R,R,W,W,RRWW,EVEN,Not Predicted,,0.0,0
2058700022,R,R,W,W,RRWW,EVEN,Not Predicted,,0.0,0
2058700023,R,R,R,W,RRRW,ODD,Not Predicted,,0.0,0
2058700024,R,R,W,R,RRWR,ODD,Not Predicted,,0.0,0
2058700025,R,R,W,R,RRWR,ODD,Not Predicted,,0.0,0
2058700026,R,W,W,W,RWWW,ODD,Not Predicted,,0.0,0
2058700027,R,R,W,W,RRWW,EVEN,Not Predicted,,0.0,0
2058700028,R,W,R,R,RWRR,ODD,Not Predicted,,0.0,0
2058700029,W,W,W,W,WWWW,EVEN,Not Predicted,,0.0,0
2058700030,R,R,R,R,RRRR,EVEN,Not Predicted,,0.0,0
2058700031,W,W,W,R,WWWR,ODD,Not Predicted,,0.0,0
2058700032,W,W,W,W,WWWW,EVEN,Not Predicted,,0.0,0
2058700033,W,R,R,W,WRRW,EVEN,Not Predicted,,0.0,0
2058700034,W,W,R,W,WWRW,ODD,Not Predicted,,0.0,0
2058700035,R,R,W,W,RRWW,EVEN,Not Predicted,,0.0,0
2058700036,W,W,R,R,WWRR,EVEN,Not Predicted,,0.0,0
2058700037,W,R,W,W,WRWW,ODD,Not Predicted,,0.0,0
2058700038,R,W,W,R,RWWR,EVEN,Not Predicted,,0.0,0
2058700039,R,W,W,W,RWWW,ODD,Not Predicted,,0.0,0
2058700040,W,R,R,R,WRRR,ODD,Not Predicted,,0.0,0
2058700041,W,R,W,W,WRWW,ODD,Not Predicted,,0.0,0
2058700042,W,R,R,W,WRRW,EVEN,Not Predicted,,0.0,0
2058700043,W,W,W,R,WWWR,ODD,Not Predicted,,0.0,0
2058700044,W,R,W,R,WRWR,EVEN,Not Predicted,,0.0,0
2058700045,W,R,R,W,WRRW,EVEN,Not Predicted,,0.0,0
2058700046,W,R,R,W,WRRW,EVEN,Not Predicted,,0.0,0
2058700047,R,R,R,R,RRRR,EVEN,Not Predicted,,0.0,0
2058700048,W,R,R,W,WRRW,EVEN,Not Predicted,,0.0,0
2058700049,W,R,R,W,WRRW,EVEN,Not Predicted,,0.0,0
2058700050,W,R,R,R,WRRR,ODD,Not Predicted,,0.0,0
2058700051,W,W,W,W,WWWW,EVEN,Not Predicted,,0.0,0
2058700052,R,W,R,R,RWRR,ODD,Not Predicted,,0.0,0
2058700053,W,R,W,W,WRWW,ODD,Not Predicted,,0.0,0
2058700054,W,R,R,W,WRRW,EVEN,Not Predicted,,0.0,0
2058700055,W,R,R,W,WRRW,EVEN,Not Predicted,,0.0,0
2058700056,W,W,W,R,WWWR,ODD,Not Predicted,,0.0,0
2058700057,R,W,W,W,RWWW,ODD,Not Predicted,,0.0,0
2058700058,W,W,R,W,WWRW,ODD,Not Predicted,,0.0,0
2058700059,R,W,R,R,RWRR,ODD,Not Predicted,,0.0,0
2058700060,R,W,W,R,RWWR,EVEN,Not Predicted,,0.0,0
2058700061,W,W,W,R,WWWR,ODD,Not Predicted,,0.0,0
2058700062,W,R,R,W,WRRW,EVEN,Not Predicted,,0.0,0
2058700063,R,R,R,R,RRRR,EVEN,Not Predicted,,0.0,0
2058700064,R,R,R,W,RRRW,ODD,Not Predicted,,0.0,0
2058700065,R,W,W,W,RWWW,ODD,Not Predicted,,0.0,0
2058700066,R,R,W,R,RRWR,ODD,Not Predicted,,0.0,0
2058700067,R,W,R,W,RWRW,EVEN,Not Predicted,,0.0,0
2058700068,W,R,W,W,WRWW,ODD,Not Predicted,,0.0,0
2058700069,W,W,R,W,WWRW,ODD,Not Predicted,,0.0,0
2058700070,R,W,R,R,RWRR,ODD,Not Predicted,,0.0,0
2058700071,W,W,R,R,WWRR,EVEN,Not Predicted,,0.0,0
2058700072,R,W,W,W,RWWW,ODD,Not Predicted,,0.0,0
2058700073,W,W,R,W,WWRW,ODD,Not Predicted,,0.0,0
2058700074,W,R,R,W,WRRW,EVEN,Not Predicted,,0.0,0
2058700075,R,R,R,W,RRRW,ODD,Not Predicted,,0.0,0
2058700076,R,W,R,R,RWRR,ODD,Not Predicted,,0.0,0
2058700077,W,W,R,W,WWRW,ODD,Not Predicted,,0.0,0
2058700078,R,R,W,W,RRWW,EVEN,Not Predicted,,0.0,0
2058700079,W,R,W,R,WRWR,EVEN,Not Predicted,,0.0,0
2058700080,R,R,R,W,RRRW,ODD,Not Predicted,,0.0,0
2058700081,R,R,W,R,RRWR,ODD,Not Predicted,,0.0,0
2058700082,R,R,R,W,RRRW,ODD,Not Predicted,,0.0,0
2058700083,R,W,W,R,RWWR,EVEN,Not Predicted,,0.0,0
2058700084,W,R,W,W,WRWW,ODD,Not Predicted,,0.0,0
2058700085,W,W,R,R,WWRR,EVEN,Not Predicted,,0.0,0
2058700086,R,W,W,R,RWWR,EVEN,Not Predicted,,0.0,0
2058700087,W,W,W,R,WWWR,ODD,Not Predicted,,0.0,0
2058700088,W,W,R,W,WWRW,ODD,Not Predicted,,0.0,0
2058700089,W,W,W,R,WWWR,ODD,Not Predicted,,0.0,0
2058700090,R,W,R,W,RWRW,EVEN,Not Predicted,,0.0,0
2058700091,W,R,R,R,WRRR,ODD,Not Predicted,,0.0,0
2058700092,W,R,W,R,WRWR,EVEN,Not Predicted,,0.0,0
2058700093,W,R,R,R,WRRR,ODD,Not Predicted,,0.0,0
2058700094,W,R,R,W,WRRW,EVEN,Not Predicted,,0.0,0
2058700095,R,R,W,W,RRWW,EVEN,Not Predicted,,0.0,0
2058700096,R,R,R,W,RRRW,ODD,Not Predicted,,0.0,0
2058700097,W,W,W,R,WWWR,ODD,Not Predicted,,0.0,0
2058700098,R,R,R,W,RRRW,ODD,Not Predicted,,0.0,0
2058700099,W,W,W,W,WWWW,EVEN,Not Predicted,,0.0,0
2058700100,R,R,R,W,RRRW,ODD,Not Predicted,,0.0,0
2058700101,R,W,W,W,RWWW,ODD,Not Predicted,,0.0,0
2058700102,W,W,W,W,WWWW,EVEN,Not Predicted,,0.0,0
2058700103,R,R,R,W,RRRW,ODD,Not Predicted,,0.0,0
2058700104,R,R,R,R,RRRR,EVEN,Not Predicted,,0.0,0
2058700105,W,W,W,W,WWWW,EVEN,Not Predicted,,0.0,0
2058700106,W,R,R,W,WRRW,EVEN,Not Predicted,,0.0,0
2058700107,R,R,R,R,RRRR,EVEN,Not Predicted,,0.0,0
2058700108,W,W,W,R,WWWR,ODD,Not Predicted,,0.0,0
2058700109,W,R,R,R,WRRR,ODD,Not Predicted,,0.0,0
2058700110,W,R,R,W,WRRW,EVEN,Not Predicted,,0.0,0
2058700111,W,R,W,R,WRWR,EVEN,Not Predicted,,0.0,0
2058700112,R,R,R,R,RRRR,EVEN,Not Predicted,,0.0,0
2058700113,W,R,W,W,WRWW,ODD,Not Predicted,,0.0,0
2058700114,R,W,R,R,RWRR,ODD,Not Predicted,,0.0,0
2058700115,R,R,R,R,RRRR,EVEN,Not Predicted,,0.0,0
2058700116,W,R,R,W,WRRW,EVEN,Not Predicted,,0.0,0
2058700117,R,W,W,W,RWWW,ODD,Not Predicted,,0.0,0
2058700118,R,R,R,R,RRRR,EVEN,Not Predicted,,0.0,0
2058700119,R,R,W,R,RRWR,ODD,Not Predicted,,0.0,0
2058700120,R,R,R,R,RRRR,EVEN,Not Predicted,,0.0,0
2058700121,R,R,W,R,RRWR,ODD,Not Predicted,,0.0,0
2058700122,W,R,W,W,WRWW,ODD,Not Predicted,,0.0,0
2058700123,W,R,W,W,WRWW,ODD,Not Predicted,,0.0,0
2058700124,R,R,W,R,RRWR,ODD,Not Predicted,,0.0,0
2058700125,W,W,W,W,WWWW,EVEN,Not Predicted,,0.0,0
2058700126,R,W,W,W,RWWW,ODD,Not Predicted,,0.0,0
2058700127,W,W,W,W,WWWW,EVEN,Not Predicted,,0.0,0
2058700128,R,W,R,W,RWRW,EVEN,Not Predicted,,0.0,0
2058700129,W,R,W,R,WRWR,EVEN,Not Predicted,,0.0,0
2058700130,W,R,R,R,WRRR,ODD,Not Predicted,,0.0,0
2058700131,R,R,R,R,RRRR,EVEN,Not Predicted,,0.0,0
2058700132,W,R,W,W,WRWW,ODD,Not Predicted,,0.0,0
2058700133,W,W,R,W,WWRW,ODD,Not Predicted,,0.0,0
2058700134,W,R,R,R,WRRR,ODD,Not Predicted,,0.0,0
2058700135,W,R,R,R,WRRR,ODD,Not Predicted,,0.0,0
2058700136,R,R,W,W,RRWW,EVEN,Not Predicted,,0.0,0
2058700137,W,R,R,W,WRRW,EVEN,Not Predicted,,0.0,0
2058700138,W,W,W,R,WWWR,ODD,Not Predicted,,0.0,0
2058700139,W,W,W,R,WWWR,ODD,Not Predicted,,0.0,0
2058700140,R,W,R,W,RWRW,EVEN,Not Predicted,,0.0,0
2058700141,W,R,W,R,WRWR,EVEN,Not Predicted,,0.0,0
2058700142,R,W,R,R,RWRR,ODD,Not Predicted,,0.0,0
2058700143,R,W,W,W,RWWW,ODD,Not Predicted,,0.0,0
2058700144,W,W,W,W,WWWW,EVEN,Not Predicted,,0.0,0
2058700145,R,W,R,R,RWRR,ODD,Not Predicted,,0.0,0
2058700146,R,R,R,W,RRRW,ODD,Not Predicted,,0.0,0
2058700147,R,R,W,W,RRWW,EVEN,Not Predicted,,0.0,0
2058700148,W,W,W,R,WWWR,ODD,Not Predicted,,0.0,0
2058700149,R,R,W,W,RRWW,EVEN,Not Predicted,,0.0,0
2058700150,W,W,W,R,WWWR,ODD,Not Predicted,,0.0,0
2058700151,W,W,W,R,WWWR,ODD,Not Predicted,,0.0,0
2058700152,R,W,R,W,RWRW,EVEN,Not Predicted,,0.0,0
2058700153,W,R,W,R,WRWR,EVEN,Not Predicted,,0.0,0
2058700154,W,R,W,W,WRWW,ODD,Not Predicted,,0.0,0
2058700155,W,R,W,R,WRWR,EVEN,Not Predicted,,0.0,0
2058700156,W,R,R,W,WRRW,EVEN,Not Predicted,,0.0,0
2058700157,R,W,W,W,RWWW,ODD,Not Predicted,,0.0,0
2058700158,W,W,R,R,WWRR,EVEN,Not Predicted,,0.0,0
2058700159,W,R,R,R,WRRR,ODD,Not Predicted,,0.0,0
2058700160,W,W,W,W,WWWW,EVEN,Not Predicted,,0.0,0
2058700161,R,R,R,R,RRRR,EVEN,Not Predicted,,0.0,0
2058700162,R,W,R,W,RWRW,EVEN,Not Predicted,,0.0,0
2058700163,R,W,R,W,RWRW,EVEN,Not Predicted,,0.0,0
2058700164,W,R,W,W,WRWW,ODD,Not Predicted,,0.0,0
2058700165,R,R,R,W,RRRW,ODD,Not Predicted,,0.0,0
2058700166,W,W,W,R,WWWR,ODD,Not Predicted,,0.0,0
2058700167,R,R,W,R,RRWR,ODD,Not Predicted,,0.0,0
2058700168,R,R,W,R,RRWR,ODD,Not Predicted,,0.0,0
2058700169,W,W,R,R,WWRR,EVEN,Not Predicted,,0.0,0
2058700170,W,R,W,R,WRWR,EVEN,Not Predicted,,0.0,0
2058700171,W,W,R,W,WWRW,ODD,Not Predicted,,0.0,0
2058700172,R,R,W,R,RRWR,ODD,Not Predicted,,0.0,0
2058700173,R,W,R,R,RWRR,ODD,Not Predicted,,0.0,0
2058700174,W,W,W,R,WWWR,ODD,Not Predicted,,0.0,0
2058700175,R,W,R,W,RWRW,EVEN,Not Predicted,,0.0,0
2058700176,W,W,R,R,WWRR,EVEN,Not Predicted,,0.0,0
2058700177,R,W,R,R,RWRR,ODD,Not Predicted,,0.0,0
2058700178,W,W,R,R,WWRR,EVEN,Not Predicted,,0.0,0
2058700179,W,R,R,W,WRRW,EVEN,Not Predicted,,0.0,0
2058700180,R,W,W,W,RWWW,ODD,Not Predicted,,0.0,0
2058700181,W,R,W,W,WRWW,ODD,Not Predicted,,0.0,0
2058700182,R,R,W,W,RRWW,EVEN,Not Predicted,,0.0,0
2058700183,R,W,R,R,RWRR,ODD,Not Predicted,,0.0,0
2058700184,W,R,W,W,WRWW,ODD,Not Predicted,,0.0,0
2058700185,W,W,W,R,WWWR,ODD,Not Predicted,,0.0,0
2058700186,R,W,W,R,RWWR,EVEN,Not Predicted,,0.0,0
2058700187,W,R,R,W,WRRW,EVEN,Not Predicted,,0.0,0
2058700188,R,W,R,R,RWRR,ODD,Not Predicted,,0.0,0
2058700189,R,W,R,R,RWRR,ODD,Not Predicted,,0.0,0
2058700190,R,R,R,W,RRRW,ODD,Not Predicted,,0.0,0
2058700191,W,W,W,W,WWWW,EVEN,Not Predicted,,0.0,0
2058700192,R,W,R,W,RWRW,EVEN,Not Predicted,,0.0,0
2058700193,R,W,R,W,RWRW,EVEN,Not Predicted,,0.0,0
2058700194,W,R,R,W,WRRW,EVEN,Not Predicted,,0.0,0
2058700195,W,W,W,W,WWWW,EVEN,Not Predicted,,0.0,0
2058700196,R,R,R,W,RRRW,ODD,Not Predicted,,0.0,0
2058700197,R,R,W,W,RRWW,EVEN,Not Predicted,,0.0,0
2058700198,R,R,W,R,RRWR,ODD,Not Predicted,,0.0,0
2058700199,W,W,W,W,WWWW,EVEN,Not Predicted,,0.0,0
2058700200,W,W,R,W,WWRW,ODD,Not Predicted,,0.0,0
2058700201,W,W,W,R,WWWR,ODD,Not Predicted,,0.0,0
2058700202,W,R,R,R,WRRR,ODD,Not Predicted,,0.0,0
2058700203,W,R,R,R,WRRR,ODD,Not Predicted,,0.0,0
2058700204,W,W,W,R,WWWR,ODD,Not Predicted,,0.0,0
2058700205,W,W,R,W,WWRW,ODD,Not Predicted,,0.0,0
2058700206,R,R,W,R,RRWR,ODD,Not Predicted,,0.0,0
2058700207,R,W,W,R,RWWR,EVEN,Not Predicted,,0.0,0
2058700208,W,W,R,R,WWRR,EVEN,Not Predicted,,0.0,0
2058700209,R,R,W,R,RRWR,ODD,Not Predicted,,0.0,0
2058700210,R,W,W,R,RWWR,EVEN,Not Predicted,,0.0,0
2058700211,W,W,W,R,WWWR,ODD,Not Predicted,,0.0,0
2058700212,R,W,R,R,RWRR,ODD,Not Predicted,,0.0,0
2058700213,W,R,W,W,WRWW,ODD,Not Predicted,,0.0,0
2058700214,R,R,R,R,RRRR,EVEN,Not Predicted,,0.0,0
2058700215,R,R,W,W,RRWW,EVEN,Not Predicted,,0.0,0
2058700216,R,W,R,W,RWRW,EVEN,Not Predicted,,0.0,0
2058700217,W,W,R,R,WWRR,EVEN,Not Predicted,,0.0,0
2058700218,W,W,W,W,WWWW,EVEN,Not Predicted,,0.0,0
2058700219,R,R,R,R,RRRR,EVEN,Not Predicted,,0.0,0
2058700220,R,W,R,W,RWRW,EVEN,Not Predicted,,0.0,0
2058700221,W,W,W,W,WWWW,EVEN,Not Predicted,,0.0,0
2058700222,R,R,W,W,RRWW,EVEN,Not Predicted,,0.0,0
2058700223,W,R,W,W,WRWW,ODD,Not Predicted,,0.0,0
2058700224,R,W,R,R,RWRR,ODD,Not Predicted,,0.0,0
2058700225,R,W,W,W,RWWW,ODD,Not Predicted,,0.0,0
2058700226,W,R,W,R,WRWR,EVEN,Not Predicted,,0.0,0
2058700227,W,R,W,R,WRWR,EVEN,Not Predicted,,0.0,0
2058700228,R,W,W,R,RWWR,EVEN,Not Predicted,,0.0,0
2058700229,W,R,W,W,WRWW,ODD,Not Predicted,,0.0,0
2058700230,R,R,R,W,RRRW,ODD,Not Predicted,,0.0,0
2058700231,R,W,W,R,RWWR,EVEN,Not Predicted,,0.0,0
2058700232,W,W,R,R,WWRR,EVEN,Not Predicted,,0.0,0
2058700233,R,W,R,R,RWRR,ODD,Not Predicted,,0.0,0
2058700234,W,W,R,R,WWRR,EVEN,Not Predicted,,0.0,0
2058700235,R,W,R,W,RWRW,EVEN,Not Predicted,,0.0,0
2058700236,W,R,R,W,WRRW,EVEN,Not Predicted,,0.0,0
2058700237,R,W,W,W,RWWW,ODD,Not Predicted,,0.0,0
2058700238,W,R,R,R,WRRR,ODD,Not Predicted,,0.0,0
2058700239,R,R,R,R,RRRR,EVEN,Not Predicted,,0.0,0
2058700240,W,R,R,R,WRRR,ODD,Not Predicted,,0.0,0
2058700241,R,W,W,W,RWWW,ODD,Not Predicted,,0.0,0
2058700242,R,R,R,R,RRRR,EVEN,Not Predicted,,0.0,0
2058700243,R,W,R,W,RWRW,EVEN,Not Predicted,,0.0,0
2058700244,W,W,R,R,WWRR,EVEN,Not Predicted,,0.0,0
2058700245,R,R,W,W,RRWW,EVEN,Not Predicted,,0.0,0
2058700246,R,R,W,W,RRWW,EVEN,Not Predicted,,0.0,0
2058700247,R,R,R,W,RRRW,ODD,Not Predicted,,0.0,0
2058700248,R,W,R,W,RWRW,EVEN,Not Predicted,,0.0,0
2058700249,W,R,W,W,WRWW,ODD,Not Predicted,,0.0,0
2058700250,W,W,R,W,WWRW,ODD,Not Predicted,,0.0,0
2058700251,R,R,W,R,RRWR,ODD,Not Predicted,,0.0,0
2058700252,W,R,W,W,WRWW,ODD,Not Predicted,,0.0,0
2058700253,W,W,R,R,WWRR,EVEN,Not Predicted,,0.0,0
2058700254,R,R,W,W,RRWW,EVEN,Not Predicted,,0.0,0
2058700255,W,R,R,R,WRRR,ODD,Not Predicted,,0.0,0
2058700256,W,R,R,R,WRRR,ODD,Not Predicted,,0.0,0
2058700257,R,W,R,R,RWRR,ODD,Not Predicted,,0.0,0
2058700258,R,W,W,W,RWWW,ODD,Not Predicted,,0.0,0
2058700259,W,W,W,R,WWWR,ODD,Not Predicted,,0.0,0
2058700260,R,R,W,R,RRWR,ODD,Not Predicted,,0.0,0
2058700261,R,W,W,W,RWWW,ODD,Not Predicted,,0.0,0
2058700262,W,W,W,R,WWWR,ODD,Not Predicted,,0.0,0
2058700263,R,R,R,W,RRRW,ODD,Not Predicted,,0.0,0
2058700264,W,R,W,R,WRWR,EVEN,Not Predicted,,0.0,0
2058700265,W,W,R,R,WWRR,EVEN,Not Predicted,,0.0,0
2058700266,W,R,R,R,WRRR,ODD,Not Predicted,,0.0,0
2058700267,W,R,R,R,WRRR,ODD,Not Predicted,,0.0,0
2058700268,W,R,W,W,WRWW,ODD,Not Predicted,,0.0,0
2058700269,W,W,R,R,WWRR,EVEN,Not Predicted,,0.0,0
2058700270,R,R,R,W,RRRW,ODD,Not Predicted,,0.0,0
2058700271,W,R,R,R,WRRR,ODD,Not Predicted,,0.0,0
2058700272,R,W,W,R,RWWR,EVEN,Not Predicted,,0.0,0
2058700273,W,R,W,R,WRWR,EVEN,Not Predicted,,0.0,0
2058700274,R,R,W,W,RRWW,EVEN,Not Predicted,,0.0,0
2058700275,W,W,W,R,WWWR,ODD,Not Predicted,,0.0,0
2058700276,R,W,R,W,RWRW,EVEN,Not Predicted,,0.0,0
2058700277,R,R,W,R,RRWR,ODD,Not Predicted,,0.0,0
2058700278,R,W,R,W,RWRW,EVEN,Not Predicted,,0.0,0
2058700279,W,W,R,W,WWRW,ODD,Not Predicted,,0.0,0
2058700280,R,W,W,W,RWWW,ODD,Not Predicted,,0.0,0
2058700281,R,R,R,R,RRRR,EVEN,Not Predicted,,0.0,0
2058700282,R,R,R,W,RRRW,ODD,Not Predicted,,0.0,0
2058700283,R,R,W,R,RRWR,ODD,Not Predicted,,0.0,0
2058700284,R,R,R,W,RRRW,ODD,Not Predicted,,0.0,0
2058700285,W,W,R,W,WWRW,ODD,Not Predicted,,0.0,0
2058700286,R,R,R,R,RRRR,EVEN,Not Predicted,,0.0,0
2058700287,W,W,R,R,WWRR,EVEN,Not Predicted,,0.0,0
2058700288,R,R,W,R,RRWR,ODD,Not Predicted,,0.0,0
2058700289,R,W,W,W,RWWW,ODD,Not Predicted,,0.0,0
2058700290,W,W,W,R,WWWR,ODD,Not Predicted,,0.0,0
2058700291,W,W,W,W,WWWW,EVEN,Not Predicted,,0.0,0
2058700292,R,W,W,W,RWWW,ODD,Not Predicted,,0.0,0
2058700293,R,R,R,R,RRRR,EVEN,Not Predicted,,0.0,0
2058700294,W,R,R,R,WRRR,ODD,Not Predicted,,0.0,0
2058700295,W,R,W,R,WRWR,EVEN,Not Predicted,,0.0,0
2058700296,W,R,R,R,WRRR,ODD,Not Predicted,,0.0,0
2058700297,R,R,W,W,RRWW,EVEN,Not Predicted,,0.0,0
2058700298,W,R,R,R,WRRR,ODD,Not Predicted,,0.0,0
2058700299,R,W,R,R,RWRR,ODD,Not Predicted,,0.0,0
2058700300,W,W,W,R,WWWR,ODD,Not Predicted,,0.0,0
2058700301,R,R,R,R,RRRR,EVEN,Not Predicted,,0.0,0
2058700302,W,W,R,R,WWRR,EVEN,Not Predicted,,0.0,0
2058700303,W,W,R,W,WWRW,ODD,Not Predicted,,0.0,0
2058700304,R,W,R,R,RWRR,ODD,Not Predicted,,0.0,0
2058700305,W,W,W,W,WWWW,EVEN,Not Predicted,,0.0,0
2058700306,W,R,W,R,WRWR,EVEN,Not Predicted,,0.0,0
2058700307,W,W,W,R,WWWR,ODD,Not Predicted,,0.0,0
2058700308,R,R,R,R,RRRR,EVEN,Not Predicted,,0.0,0
2058700309,R,R,R,R,RRRR,EVEN,Not Predicted,,0.0,0
2058700310,W,R,W,W,WRWW,ODD,Not Predicted,,0.0,0
2058700311,R,R,W,R,RRWR,ODD,Not Predicted,,0.0,0
2058700312,R,R,W,W,RRWW,EVEN,Not Predicted,,0.0,0
2058700313,R,W,W,R,RWWR,EVEN,Not Predicted,,0.0,0
2058700314,R,R,R,R,RRRR,EVEN,Not Predicted,,0.0,0
2058700315,R,W,R,R,RWRR,ODD,Not Predicted,,0.0,0
2058700316,R,R,R,R,RRRR,EVEN,Not Predicted,,0.0,0
2058700317,W,R,W,W,WRWW,ODD,Not Predicted,,0.0,0
2058700318,R,R,R,W,RRRW,ODD,Not Predicted,,0.0,0
2058700319,W,R,R,R,WRRR,ODD,Not Predicted,,0.0,0
2058700320,W,R,R,W,WRRW,EVEN,Not Predicted,,0.0,0
2058700321,W,W,R,W,WWRW,ODD,Not Predicted,,0.0,0
2058700322,R,W,W,R,RWWR,EVEN,Not Predicted,,0.0,0
2058700323,R,W,W,R,RWWR,EVEN,Not Predicted,,0.0,0
2058700324,R,W,R,W,RWRW,EVEN,Not Predicted,,0.0,0
2058700325,W,R,W,W,WRWW,ODD,Not Predicted,,0.0,0
2058700326,W,W,W,W,WWWW,EVEN,Not Predicted,,0.0,0
2058700327,R,R,R,R,RRRR,EVEN,Not Predicted,,0.0,0
2058700328,R,W,R,W,RWRW,EVEN,Not Predicted,,0.0,0
2058700329,R,W,W,W,RWWW,ODD,Not Predicted,,0.0,0
2058700330,W,W,W,R,WWWR,ODD,Not Predicted,,0.0,0
2058700331,R,W,R,W,RWRW,EVEN,Not Predicted,,0.0,0
2058700332,R,R,R,W,RRRW,ODD,Not Predicted,,0.0,0
2058700333,W,R,R,R,WRRR,ODD,Not Predicted,,0.0,0
2058700334,R,W,W,W,RWWW,ODD,Not Predicted,,0.0,0
2058700335,R,R,R,W,RRRW,ODD,Not Predicted,,0.0,0
2058700336,R,W,W,R,RWWR,EVEN,Not Predicted,,0.0,0
2058700337,R,R,R,W,RRRW,ODD,Not Predicted,,0.0,0
2058700338,W,R,W,W,WRWW,ODD,Not Predicted,,0.0,0
2058700339,R,W,R,R,RWRR,ODD,Not Predicted,,0.0,0
2058700340,R,R,R,W,RRRW,ODD,Not Predicted,,0.0,0
2058700341,R,W,W,R,RWWR,EVEN,Not Predicted,,0.0,0
2058700342,R,R,W,R,RRWR,ODD,Not Predicted,,0.0,0
2058700343,R,R,W,R,RRWR,ODD,Not Predicted,,0.0,0
2058700344,W,W,W,W,WWWW,EVEN,Not Predicted,,0.0,0
2058700345,R,W,W,R,RWWR,EVEN,Not Predicted,,0.0,0
2058700346,W,R,R,W,WRRW,EVEN,Not Predicted,,0.0,0
2058700347,W,R,R,R,WRRR,ODD,Not Predicted,,0.0,0
2058700348,W,W,R,R,WWRR,EVEN,Not Predicted,,0.0,0
2058700349,W,W,R,W,WWRW,ODD,Not Predicted,,0.0,0
2058700350,R,W,W,R,RWWR,EVEN,Not Predicted,,0.0,0
2058700351,R,R,W,W,RRWW,EVEN,Not Predicted,,0.0,0
2058700352,W,R,W,W,WRWW,ODD,Not Predicted,,0.0,0
2058700353,W,W,R,R,WWRR,EVEN,Not Predicted,,0.0,0
2058700354,R,W,W,R,RWWR,EVEN,Not Predicted,,0.0,0
2058700355,R,W,W,R,RWWR,EVEN,Not Predicted,,0.0,0
2058700356,R,R,W,W,RRWW,EVEN,Not Predicted,,0.0,0
2058700357,W,W,W,R,WWWR,ODD,Not Predicted,,0.0,0
2058700358,W,W,R,R,WWRR,EVEN,Not Predicted,,0.0,0
2058700359,R,W,W,W,RWWW,ODD,Not Predicted,,0.0,0
2058700360,W,W,W,W,WWWW,EVEN,Not Predicted,,0.0,0
2058700361,W,W,W,R,WWWR,ODD,Not Predicted,,0.0,0
2058700362,W,W,R,W,WWRW,ODD,Not Predicted,,0.0,0
2058700363,W,W,R,R,WWRR,EVEN,Not Predicted,,0.0,0
2058700364,W,W,R,W,WWRW,ODD,Not Predicted,,0.0,0
2058700365,R,W,W,W,RWWW,ODD,Not Predicted,,0.0,0
2058700366,W,W,R,R,WWRR,EVEN,Not Predicted,,0.0,0
2058700367,R,W,W,W,RWWW,ODD,Not Predicted,,0.0,0
2058700368,W,W,R,W,WWRW,ODD,Not Predicted,,0.0,0
2058700369,R,W,W,R,RWWR,EVEN,Not Predicted,,0.0,0
2058700370,W,R,W,R,WRWR,EVEN,Not Predicted,,0.0,0
2058700371,R,W,W,W,RWWW,ODD,Not Predicted,,0.0,0
2058700372,W,R,W,R,WRWR,EVEN,Not Predicted,,0.0,0
2058700373,R,R,W,R,RRWR,ODD,Not Predicted,,0.0,0
2058700374,R,R,W,W,RRWW,EVEN,Not Predicted,,0.0,0
2058700375,W,R,W,W,WRWW,ODD,Not Predicted,,0.0,0
2058700376,W,W,R,R,WWRR,EVEN,Not Predicted,,0.0,0
2058700377,W,R,R,R,WRRR,ODD,Not Predicted,,0.0,0
2058700378,R,R,W,W,RRWW,EVEN,Not Predicted,,0.0,0
2058700379,W,W,R,W,WWRW,ODD,Not Predicted,,0.0,0
2058700380,R,R,W,R,RRWR,ODD,Not Predicted,,0.0,0
2058700381,R,W,W,R,RWWR,EVEN,Not Predicted,,0.0,0
2058700382,W,W,R,R,WWRR,EVEN,Not Predicted,,0.0,0
2058700383,W,W,R,W,WWRW,ODD,Not Predicted,,0.0,0
2058700384,W,W,W,R,WWWR,ODD,Not Predicted,,0.0,0
2058700385,W,W,W,W,WWWW,EVEN,Not Predicted,,0.0,0
2058700386,W,W,W,W,WWWW,EVEN,Not Predicted,,0.0,0
2058700387,W,R,R,R,WRRR,ODD,Not Predicted,,0.0,0
2058700388,W,W,R,W,WWRW,ODD,Not Predicted,,0.0,0
2058700389,W,W,W,W,WWWW,EVEN,Not Predicted,,0.0,0
2058700390,W,R,W,R,WRWR,EVEN,Not Predicted,,0.0,0
2058700391,R,W,W,R,RWWR,EVEN,Not Predicted,,0.0,0
2058700392,W,R,W,W,WRWW,ODD,Not Predicted,,0.0,0
2058700393,R,W,W,R,RWWR,EVEN,Not Predicted,,0.0,0
2058700394,W,W,R,R,WWRR,EVEN,Not Predicted,,0.0,0
2058700395,R,W,R,W,RWRW,EVEN,Not Predicted,,0.0,0
2058700396,R,R,R,W,RRRW,ODD,Not Predicted,,0.0,0
2058700397,R,W,R,R,RWRR,ODD,Not Predicted,,0.0,0
2058700398,R,W,R,R,RWRR,ODD,Not Predicted,,0.0,0
2058700399,W,W,W,R,WWWR,ODD,Not Predicted,,0.0,0
2058700400,W,W,R,R,WWRR,EVEN,Not Predicted,,0.0,0
2058700401,R,W,W,R,RWWR,EVEN,Not Predicted,,0.0,0
2058700402,R,R,W,R,RRWR,ODD,Not Predicted,,0.0,0
2058700403,W,R,W,R,WRWR,EVEN,Not Predicted,,0.0,0
2058700404,R,R,R,R,RRRR,EVEN,Not Predicted,,0.0,0
2058700405,R,W,R,R,RWRR,ODD,Not Predicted,,0.0,0
2058700406,R,R,R,W,RRRW,ODD,Not Predicted,,0.0,0
2058700407,R,R,R,R,RRRR,EVEN,Not Predicted,,0.0,0
2058700408,R,W,R,W,RWRW,EVEN,Not Predicted,,0.0,0
2058700409,R,R,W,W,RRWW,EVEN,Not Predicted,,0.0,0
2058700410,R,R,R,W,RRRW,ODD,Not Predicted,,0.0,0
2058700411,R,R,W,W,RRWW,EVEN,Not Predicted,,0.0,0
2058700412,R,W,R,W,RWRW,EVEN,Not Predicted,,0.0,0
2058700413,R,W,R,W,RWRW,EVEN,Not Predicted,,0.0,0
2058700414,R,W,W,R,RWWR,EVEN,Not Predicted,,0.0,0
2058700415,W,R,R,W,WRRW,EVEN,Not Predicted,,0.0,0
2058700416,W,R,W,R,WRWR,EVEN,Not Predicted,,0.0,0
2058700417,W,W,R,R,WWRR,EVEN,Not Predicted,,0.0,0
2058700418,W,R,R,W,WRRW,EVEN,Not Predicted,,0.0,0
2058700419,W,W,R,R,WWRR,EVEN,Not Predicted,,0.0,0
2058700420,W,W,W,R,WWWR,ODD,Not Predicted,,0.0,0
2058700421,W,W,R,W,WWRW,ODD,Not Predicted,,0.0,0
2058700422,W,R,W,R,WRWR,EVEN,Not Predicted,,0.0,0
2058700423,R,W,R,R,RWRR,ODD,Not Predicted,,0.0,0
2058700424,R,R,R,R,RRRR,EVEN,Not Predicted,,0.0,0
2058700425,W,R,R,R,WRRR,ODD,Not Predicted,,0.0,0
2058700426,R,W,R,W,RWRW,EVEN,Not Predicted,,0.0,0
2058700427,R,R,W,R,RRWR,ODD,Not Predicted,,0.0,0
2058700428,R,R,R,R,RRRR,EVEN,Not Predicted,,0.0,0
2058700429,R,R,W,R,RRWR,ODD,Not Predicted,,0.0,0
2058700430,R,W,W,W,RWWW,ODD,Not Predicted,,0.0,0
2058700431,R,W,R,W,RWRW,EVEN,Not Predicted,,0.0,0
2058700432,W,W,R,W,WWRW,ODD,Not Predicted,,0.0,0
2058700433,W,W,W,W,WWWW,EVEN,Not Predicted,,0.0,0
2058700434,W,W,R,R,WWRR,EVEN,Not Predicted,,0.0,0
2058700435,W,R,R,R,WRRR,ODD,Not Predicted,,0.0,0
2058700436,W,W,R,W,WWRW,ODD,Not Predicted,,0.0,0
2058700437,W,R,R,W,WRRW,EVEN,Not Predicted,,0.0,0
2058700438,R,R,W,W,RRWW,EVEN,Not Predicted,,0.0,0
2058700439,W,R,W,W,WRWW,ODD,Not Predicted,,0.0,0
2058700440,R,R,W,R,RRWR,ODD,Not Predicted,,0.0,0
2058700441,W,R,W,W,WRWW,ODD,Not Predicted,,0.0,0
2058700442,R,W,W,R,RWWR,EVEN,Not Predicted,,0.0,0
2058700443,R,R,W,R,RRWR,ODD,Not Predicted,,0.0,0
2058700444,R,W,W,R,RWWR,EVEN,Not Predicted,,0.0,0
2058700445,R,W,W,R,RWWR,EVEN,Not Predicted,,0.0,0
2058700446,W,R,W,R,WRWR,EVEN,Not Predicted,,0.0,0
2058700447,W,W,W,R,WWWR,ODD,Not Predicted,,0.0,0
2058700448,W,W,R,R,WWRR,EVEN,Not Predicted,,0.0,0
2058700449,W,R,R,W,WRRW,EVEN,Not Predicted,,0.0,0
2058700450,W,W,R,W,WWRW,ODD,Not Predicted,,0.0,0
2058700451,R,W,R,R,RWRR,ODD,Not Predicted,,0.0,0
2058700452,W,R,W,W,WRWW,ODD,Not Predicted,,0.0,0
2058700453,R,W,W,W,RWWW,ODD,Not Predicted,,0.0,0
2058700454,W,W,R,W,WWRW,ODD,Not Predicted,,0.0,0
2058700455,W,W,W,R,WWWR,ODD,Not Predicted,,0.0,0
2058700456,W,R,W,R,WRWR,EVEN,Not Predicted,,0.0,0
2058700457,R,R,R,R,RRRR,EVEN,Not Predicted,,0.0,0
2058700458,R,R,R,W,RRRW,ODD,Not Predicted,,0.0,0
2058700459,R,R,R,R,RRRR,EVEN,Not Predicted,,0.0,0
2058700460,W,W,R,W,WWRW,ODD,Not Predicted,,0.0,0
2058700461,W,R,W,R,WRWR,EVEN,Not Predicted,,0.0,0
2058700462,W,R,R,W,WRRW,EVEN,Not Predicted,,0.0,0
2058700463,R,W,W,W,RWWW,ODD,Not Predicted,,0.0,0
2058700464,W,W,R,R,WWRR,EVEN,Not Predicted,,0.0,0
2058700465,W,R,R,W,WRRW,EVEN,Not Predicted,,0.0,0
2058700466,R,W,R,R,RWRR,ODD,Not Predicted,,0.0,0
2058700467,R,W,R,R,RWRR,ODD,Not Predicted,,0.0,0
2058700468,R,W,R,W,RWRW,EVEN,Not Predicted,,0.0,0
2058700469,W,W,R,W,WWRW,ODD,Not Predicted,,0.0,0
2058700470,W,R,R,W,WRRW,EVEN,Not Predicted,,0.0,0
2058700471,W,W,R,R,WWRR,EVEN,Not Predicted,,0.0,0
2058700472,W,R,R,W,WRRW,EVEN,Not Predicted,,0.0,0
2058700473,W,R,R,W,WRRW,EVEN,Not Predicted,,0.0,0
2058700474,R,R,W,R,RRWR,ODD,Not Predicted,,0.0,0
2058700475,R,R,W,W,RRWW,EVEN,Not Predicted,,0.0,0
2058700476,R,W,W,R,RWWR,EVEN,Not Predicted,,0.0,0
2058700477,R,R,R,R,RRRR,EVEN,Not Predicted,,0.0,0
2058700478,R,R,W,R,RRWR,ODD,Not Predicted,,0.0,0
2058700479,W,W,R,R,WWRR,EVEN,Not Predicted,,0.0,0
2058700480,R,R,R,R,RRRR,EVEN,Not Predicted,,0.0,0
2058800001,R,W,W,R,RWWR,EVEN,Not Predicted,,0.0,0
2058800002,W,R,W,R,WRWR,EVEN,Not Predicted,,0.0,0
2058800003,W,W,R,R,WWRR,EVEN,Not Predicted,,0.0,0
2058800004,W,W,W,W,WWWW,EVEN,Not Predicted,,0.0,0
2058800005,R,R,W,R,RRWR,ODD,Not Predicted,,0.0,0
2058800006,R,W,W,R,RWWR,EVEN,Not Predicted,,0.0,0
2058800007,W,R,W,W,WRWW,ODD,Not Predicted,,0.0,0
2058800008,W,W,R,W,WWRW,ODD,Not Predicted,,0.0,0
2058800009,R,W,W,W,RWWW,ODD,Not Predicted,,0.0,0
2058800010,W,W,W,R,WWWR,ODD,Not Predicted,,0.0,0
2058800011,R,R,R,W,RRRW,ODD,Not Predicted,,0.0,0
2058800012,R,R,W,W,RRWW,EVEN,Not Predicted,,0.0,0
2058800013,R,R,R,R,RRRR,EVEN,Not Predicted,,0.0,0
2058800014,W,R,R,R,WRRR,ODD,Not Predicted,,0.0,0
2058800015,R,W,W,R,RWWR,EVEN,Not Predicted,,0.0,0
2058800016,W,R,W,W,WRWW,ODD,Not Predicted,,0.0,0
2058800017,R,W,R,R,RWRR,ODD,Not Predicted,,0.0,0
2058800018,W,R,W,W,WRWW,ODD,Not Predicted,,0.0,0
2058800019,W,R,R,W,WRRW,EVEN,Not Predicted,,0.0,0
2058800020,R,R,W,W,RRWW,EVEN,Not Predicted,,0.0,0
2058800021,R,R,R,W,RRRW,ODD,Not Predicted,,0.0,0
2058800022,R,W,R,W,RWRW,EVEN,Not Predicted,,0.0,0
2058800023,W,R,W,R,WRWR,EVEN,Not Predicted,,0.0,0
2058800024,R,R,R,R,RRRR,EVEN,Not Predicted,,0.0,0
2058800025,W,R,R,R,WRRR,ODD,Not Predicted,,0.0,0
2058800026,W,W,W,W,WWWW,EVEN,Not Predicted,,0.0,0
2058800027,W,W,R,W,WWRW,ODD,Not Predicted,,0.0,0
2058800028,R,W,W,R,RWWR,EVEN,Not Predicted,,0.0,0
2058800029,R,R,R,R,RRRR,EVEN,Not Predicted,,0.0,0
2058800030,R,R,W,W,RRWW,EVEN,Not Predicted,,0.0,0
2058800031,W,W,R,W,WWRW,ODD,Not Predicted,,0.0,0
2058800032,R,R,W,R,RRWR,ODD,Not Predicted,,0.0,0
2058800033,W,R,W,W,WRWW,ODD,Not Predicted,,0.0,0
2058800034,W,R,R,R,WRRR,ODD,Not Predicted,,0.0,0
2058800035,R,R,R,W,RRRW,ODD,Not Predicted,,0.0,0
2058800036,R,R,R,R,RRRR,EVEN,Not Predicted,,0.0,0
2058800037,R,W,R,W,RWRW,EVEN,Not Predicted,,0.0,0
2058800038,W,W,W,R,WWWR,ODD,Not Predicted,,0.0,0
2058800039,R,W,R,W,RWRW,EVEN,Not Predicted,,0.0,0
2058800040,W,W,R,W,WWRW,ODD,Not Predicted,,0.0,0
2058800041,W,R,W,R,WRWR,EVEN,Not Predicted,,0.0,0
2058800042,R,W,R,R,RWRR,ODD,Not Predicted,,0.0,0
2058800043,R,W,W,W,RWWW,ODD,Not Predicted,,0.0,0
2058800044,W,W,R,W,WWRW,ODD,Not Predicted,,0.0,0
2058800045,W,R,W,W,WRWW,ODD,Not Predicted,,0.0,0
2058800046,W,R,W,W,WRWW,ODD,Not Predicted,,0.0,0
2058800047,R,R,R,W,RRRW,ODD,Not Predicted,,0.0,0
2058800048,R,W,W,R,RWWR,EVEN,Not Predicted,,0.0,0
2058800049,W,R,R,R,WRRR,ODD,Not Predicted,,0.0,0
2058800050,W,R,R,W,WRRW,EVEN,Not Predicted,,0.0,0
2058800051,W,R,R,W,WRRW,EVEN,Not Predicted,,0.0,0
2058800052,R,R,W,W,RRWW,EVEN,Not Predicted,,0.0,0
2058800053,R,W,R,R,RWRR,ODD,Not Predicted,,0.0,0
2058800054,R,R,R,R,RRRR,EVEN,Not Predicted,,0.0,0
2058800055,W,W,R,W,WWRW,ODD,Not Predicted,,0.0,0
2058800056,R,W,R,R,RWRR,ODD,Not Predicted,,0.0,0
2058800057,R,W,W,W,RWWW,ODD,Not Predicted,,0.0,0
2058800058,R,R,R,W,RRRW,ODD,Not Predicted,,0.0,0
2058800059,W,W,R,W,WWRW,ODD,Not Predicted,,0.0,0
2058800060,R,R,R,W,RRRW,ODD,Not Predicted,,0.0,0
2058800061,R,W,W,W,RWWW,ODD,Not Predicted,,0.0,0
2058800062,W,R,W,W,WRWW,ODD,Not Predicted,,0.0,0
2058800063,R,W,W,W,RWWW,ODD,Not Predicted,,0.0,0
2058800064,R,W,W,R,RWWR,EVEN,Not Predicted,,0.0,0
2058800065,R,R,W,R,RRWR,ODD,Not Predicted,,0.0,0
2058800066,R,W,R,R,RWRR,ODD,Not Predicted,,0.0,0
2058800067,R,R,W,R,RRWR,ODD,Not Predicted,,0.0,0
2058800068,W,R,W,R,WRWR,EVEN,Not Predicted,,0.0,0
2058800069,R,R,R,R,RRRR,EVEN,Not Predicted,,0.0,0
2058800070,W,W,W,R,WWWR,ODD,Not Predicted,,0.0,0
2058800071,R,W,W,W,RWWW,ODD,Not Predicted,,0.0,0
2058800072,R,R,W,W,RRWW,EVEN,Not Predicted,,0.0,0
2058800073,R,W,R,R,RWRR,ODD,Not Predicted,,0.0,0
2058800074,R,R,W,R,RRWR,ODD,Not Predicted,,0.0,0
2058800075,W,W,W,R,WWWR,ODD,Not Predicted,,0.0,0
2058800076,W,R,W,W,WRWW,ODD,Not Predicted,,0.0,0
2058800077,R,W,R,W,RWRW,EVEN,Not Predicted,,0.0,0
2058800078,R,W,W,W,RWWW,ODD,Not Predicted,,0.0,0
2058800079,R,W,R,R,RWRR,ODD,Not Predicted,,0.0,0
2058800080,W,R,W,W,WRWW,ODD,Not Predicted,,0.0,0
2058800081,W,R,W,W,WRWW,ODD,Not Predicted,,0.0,0
2058800082,R,R,W,W,RRWW,EVEN,Not Predicted,,0.0,0
2058800083,R,R,R,W,RRRW,ODD,Not Predicted,,0.0,0
2058800084,R,R,R,W,RRRW,ODD,Not Predicted,,0.0,0
2058800085,W,W,R,R,WWRR,EVEN,Not Predicted,,0.0,0
2058800086,R,R,R,R,RRRR,EVEN,Not Predicted,,0.0,0
2058800087,W,W,W,W,WWWW,EVEN,Not Predicted,,0.0,0
2058800088,W,R,W,W,WRWW,ODD,Not Predicted,,0.0,0
2058800089,R,W,W,R,RWWR,EVEN,Not Predicted,,0.0,0
2058800090,R,R,W,R,RRWR,ODD,Not Predicted,,0.0,0
2058800091,R,W,W,R,RWWR,EVEN,Not Predicted,,0.0,0
2058800092,R,W,W,R,RWWR,EVEN,Not Predicted,,0.0,0
2058800093,W,R,R,R,WRRR,ODD,Not Predicted,,0.0,0
2058800094,W,W,R,R,WWRR,EVEN,Not Predicted,,0.0,0
2058800095,R,R,W,W,RRWW,EVEN,Not Predicted,,0.0,0
2058800096,W,R,R,R,WRRR,ODD,Not Predicted,,0.0,0
2058800097,W,W,R,W,WWRW,ODD,Not Predicted,,0.0,0
2058800098,W,R,R,W,WRRW,EVEN,Not Predicted,,0.0,0
2058800099,W,W,W,R,WWWR,ODD,Not Predicted,,0.0,0
2058800100,W,W,R,R,WWRR,EVEN,Not Predicted,,0.0,0
2058800101,W,W,R,W,WWRW,ODD,Not Predicted,,0.0,0
2058800102,W,R,W,W,WRWW,ODD,Not Predicted,,0.0,0
2058800103,W,R,R,W,WRRW,EVEN,Not Predicted,,0.0,0
2058800104,W,W,R,R,WWRR,EVEN,Not Predicted,,0.0,0
2058800105,R,R,R,W,RRRW,ODD,Not Predicted,,0.0,0
2058800106,W,W,W,W,WWWW,EVEN,Not Predicted,,0.0,0
2058800107,W,W,R,W,WWRW,ODD,Not Predicted,,0.0,0
2058800108,W,W,R,R,WWRR,EVEN,Not Predicted,,0.0,0
2058800109,R,W,R,W,RWRW,EVEN,Not Predicted,,0.0,0
2058800110,W,R,R,R,WRRR,ODD,Not Predicted,,0.0,0
2058800111,R,R,R,R,RRRR,EVEN,Not Predicted,,0.0,0
2058800112,W,W,R,R,WWRR,EVEN,Not Predicted,,0.0,0
2058800113,R,W,W,W,RWWW,ODD,Not Predicted,,0.0,0
2058800114,R,R,W,W,RRWW,EVEN,Not Predicted,,0.0,0
2058800115,W,R,W,R,WRWR,EVEN,Not Predicted,,0.0,0
2058800116,W,W,W,W,WWWW,EVEN,Not Predicted,,0.0,0
2058800117,R,W,W,R,RWWR,EVEN,Not Predicted,,0.0,0
2058800118,R,W,W,R,RWWR,EVEN,Not Predicted,,0.0,0
2058800119,R,R,R,R,RRRR,EVEN,Not Predicted,,0.0,0
2058800120,W,W,R,R,WWRR,EVEN,Not Predicted,,0.0,0
2058800121,W,R,R,W,WRRW,EVEN,Not Predicted,,0.0,0
2058800122,R,R,R,W,RRRW,ODD,Not Predicted,,0.0,0
2058800123,R,R,R,R,RRRR,EVEN,Not Predicted,,0.0,0
2058800124,R,R,W,W,RRWW,EVEN,Not Predicted,,0.0,0
2058800125,R,R,R,W,RRRW,ODD,Not Predicted,,0.0,0
2058800126,W,W,R,R,WWRR,EVEN,Not Predicted,,0.0,0
2058800127,W,R,W,W,WRWW,ODD,Not Predicted,,0.0,0
2058800128,W,W,W,W,WWWW,EVEN,Not Predicted,,0.0,0
2058800129,W,R,W,R,WRWR,EVEN,Not Predicted,,0.0,0
2058800130,R,W,R,W,RWRW,EVEN,Not Predicted,,0.0,0
2058800131,W,R,W,R,WRWR,EVEN,Not Predicted,,0.0,0
2058800132,R,W,W,W,RWWW,ODD,Not Predicted,,0.0,0
2058800133,W,W,R,R,WWRR,EVEN,Not Predicted,,0.0,0
2058800134,R,R,W,W,RRWW,EVEN,Not Predicted,,0.0,0
2058800135,W,R,R,W,WRRW,EVEN,Not Predicted,,0.0,0
2058800136,R,R,W,W,RRWW,EVEN,Not Predicted,,0.0,0
2058800137,R,R,R,W,RRRW,ODD,Not Predicted,,0.0,0
2058800138,R,W,W,R,RWWR,EVEN,Not Predicted,,0.0,0
2058800139,R,R,W,W,RRWW,EVEN,Not Predicted,,0.0,0
2058800140,W,R,R,W,WRRW,EVEN,Not Predicted,,0.0,0
2058800141,R,R,R,W,RRRW,ODD,Not Predicted,,0.0,0
2058800142,W,R,W,R,WRWR,EVEN,Not Predicted,,0.0,0
2058800143,W,W,W,W,WWWW,EVEN,Not Predicted,,0.0,0
2058800144,W,W,R,W,WWRW,ODD,Not Predicted,,0.0,0
2058800145,R,W,R,W,RWRW,EVEN,Not Predicted,,0.0,0
2058800146,W,R,W,R,WRWR,EVEN,Not Predicted,,0.0,0
2058800147,R,W,W,R,RWWR,EVEN,Not Predicted,,0.0,0
2058800148,W,R,W,W,WRWW,ODD,Not Predicted,,0.0,0
2058800149,R,R,R,W,RRRW,ODD,Not Predicted,,0.0,0
2058800150,R,R,W,W,RRWW,EVEN,Not Predicted,,0.0,0
2058800151,W,R,R,R,WRRR,ODD,Not Predicted,,0.0,0
2058800152,W,W,W,R,WWWR,ODD,Not Predicted,,0.0,0
2058800153,R,W,R,W,RWRW,EVEN,Not Predicted,,0.0,0
2058800154,R,R,R,R,RRRR,EVEN,Not Predicted,,0.0,0
2058800155,W,R,R,R,WRRR,ODD,Not Predicted,,0.0,0
2058800156,W,R,R,R,WRRR,ODD,Not Predicted,,0.0,0
2058800157,W,R,R,R,WRRR,ODD,Not Predicted,,0.0,0
2058800158,R,R,W,R,RRWR,ODD,Not Predicted,,0.0,0
2058800159,R,W,R,R,RWRR,ODD,Not Predicted,,0.0,0
2058800160,W,R,W,W,WRWW,ODD,Not Predicted,,0.0,0
2058800161,R,R,W,R,RRWR,ODD,Not Predicted,,0.0,0
2058800162,W,R,R,W,WRRW,EVEN,Not Predicted,,0.0,0
2058800163,W,W,W,R,WWWR,ODD,Not Predicted,,0.0,0
2058800164,R,W,R,R,RWRR,ODD,Not Predicted,,0.0,0
2058800165,R,R,R,R,RRRR,EVEN,Not Predicted,,0.0,0
2058800166,R,R,R,W,RRRW,ODD,Not Predicted,,0.0,0
2058800167,R,W,W,R,RWWR,EVEN,Not Predicted,,0.0,0
2058800168,R,R,W,R,RRWR,ODD,Not Predicted,,0.0,0
2058800169,R,W,W,R,RWWR,EVEN,Not Predicted,,0.0,0
2058800170,W,R,W,R,WRWR,EVEN,Not Predicted,,0.0,0
2058800171,R,R,R,R,RRRR,EVEN,Not Predicted,,0.0,0
2058800172,W,R,R,W,WRRW,EVEN,Not Predicted,,0.0,0
2058800173,W,W,W,W,WWWW,EVEN,Not Predicted,,0.0,0
2058800174,W,R,R,W,WRRW,EVEN,Not Predicted,,0.0,0
2058800175,W,R,W,W,WRWW,ODD,Not Predicted,,0.0,0
2058800176,W,R,W,R,WRWR,EVEN,Not Predicted,,0.0,0
2058800177,W,R,W,R,WRWR,EVEN,Not Predicted,,0.0,0
2058800178,R,R,W,R,RRWR,ODD,Not Predicted,,0.0,0
2058800179,R,W,R,W,RWRW,EVEN,Not Predicted,,0.0,0
2058800180,R,R,W,R,RRWR,ODD,Not Predicted,,0.0,0
2058800181,R,W,W,W,RWWW,ODD,Not Predicted,,0.0,0
2058800182,R,W,R,W,RWRW,EVEN,Not Predicted,,0.0,0
2058800183,W,R,W,W,WRWW,ODD,Not Predicted,,0.0,0
2058800184,W,R,W,W,WRWW,ODD,Not Predicted,,0.0,0
2058800185,W,W,W,R,WWWR,ODD,Not Predicted,,0.0,0
2058800186,W,W,R,R,WWRR,EVEN,Not Predicted,,0.0,0
2058800187,R,R,R,W,RRRW,ODD,Not Predicted,,0.0,0
2058800188,R,R,W,R,RRWR,ODD,Not Predicted,,0.0,0
2058800189,W,R,R,R,WRRR,ODD,Not Predicted,,0.0,0
2058800190,W,W,W,R,WWWR,ODD,Not Predicted,,0.0,0
2058800191,W,W,W,W,WWWW,EVEN,Not Predicted,,0.0,0
2058800192,W,R,W,W,WRWW,ODD,Not Predicted,,0.0,0
2058800193,R,W,W,R,RWWR,EVEN,Not Predicted,,0.0,0
2058800194,W,R,W,R,WRWR,EVEN,Not Predicted,,0.0,0
2058800195,W,W,R,W,WWRW,ODD,Not Predicted,,0.0,0
2058800196,W,R,W,R,WRWR,EVEN,Not Predicted,,0.0,0
2058800197,R,R,W,R,RRWR,ODD,Not Predicted,,0.0,0
2058800198,R,R,W,W,RRWW,EVEN,Not Predicted,,0.0,0
2058800199,W,R,R,R,WRRR,ODD,Not Predicted,,0.0,0
2058800200,R,R,R,W,RRRW,ODD,Not Predicted,,0.0,0
2058800201,R,W,W,R,RWWR,EVEN,Not Predicted,,0.0,0
2058800202,R,W,R,R,RWRR,ODD,Not Predicted,,0.0,0
2058800203,R,R,W,R,RRWR,ODD,Not Predicted,,0.0,0
2058800204,W,R,R,R,WRRR,ODD,Not Predicted,,0.0,0
2058800205,W,W,W,R,WWWR,ODD,Not Predicted,,0.0,0
2058800206,R,R,R,W,RRRW,ODD,Not Predicted,,0.0,0
2058800207,R,W,R,W,RWRW,EVEN,Not Predicted,,0.0,0
2058800208,R,R,W,R,RRWR,ODD,Not Predicted,,0.0,0
2058800209,W,R,W,R,WRWR,EVEN,Not Predicted,,0.0,0
2058800210,W,W,R,W,WWRW,ODD,Not Predicted,,0.0,0
2058800211,W,R,W,W,WRWW,ODD,Not Predicted,,0.0,0
2058800212,R,W,R,R,RWRR,ODD,Not Predicted,,0.0,0
2058800213,R,R,R,W,RRRW,ODD,Not Predicted,,0.0,0
2058800214,W,R,W,W,WRWW,ODD,Not Predicted,,0.0,0
2058800215,W,R,R,W,WRRW,EVEN,Not Predicted,,0.0,0
2058800216,R,W,R,R,RWRR,ODD,Not Predicted,,0.0,0
2058800217,W,R,W,W,WRWW,ODD,Not Predicted,,0.0,0
2058800218,R,R,R,W,RRRW,ODD,Not Predicted,,0.0,0
2058800219,R,R,W,R,RRWR,ODD,Not Predicted,,0.0,0
2058800220,W,W,R,R,WWRR,EVEN,Not Predicted,,0.0,0
2058800221,W,W,R,R,WWRR,EVEN,Not Predicted,,0.0,0
2058800222,R,R,W,R,RRWR,ODD,Not Predicted,,0.0,0
2058800223,R,R,R,R,RRRR,EVEN,Not Predicted,,0.0,0
2058800224,R,W,R,W,RWRW,EVEN,Not Predicted,,0.0,0
2058800225,R,R,W,W,RRWW,EVEN,Not Predicted,,0.0,0
2058800226,W,W,W,R,WWWR,ODD,Not Predicted,,0.0,0
2058800227,W,R,R,W,WRRW,EVEN,Not Predicted,,0.0,0
2058800228,W,R,R,W,WRRW,EVEN,Not Predicted,,0.0,0
2058800229,W,R,R,W,WRRW,EVEN,Not Predicted,,0.0,0
2058800230,R,R,W,R,RRWR,ODD,Not Predicted,,0.0,0
2058800231,W,R,R,W,WRRW,EVEN,Not Predicted,,0.0,0
2058800232,W,R,R,R,WRRR,ODD,Not Predicted,,0.0,0
2058800233,R,W,R,R,RWRR,ODD,Not Predicted,,0.0,0
2058800234,W,W,R,W,WWRW,ODD,Not Predicted,,0.0,0
2058800235,W,R,W,R,WRWR,EVEN,Not Predicted,,0.0,0
2058800236,R,W,R,R,RWRR,ODD,Not Predicted,,0.0,0
2058800237,W,W,W,R,WWWR,ODD,Not Predicted,,0.0,0
2058800238,W,R,W,R,WRWR,EVEN,Not Predicted,,0.0,0
2058800239,W,W,W,W,WWWW,EVEN,Not Predicted,,0.0,0
2058800240,R,W,R,W,RWRW,EVEN,Not Predicted,,0.0,0
2058800241,R,W,W,W,RWWW,ODD,Not Predicted,,0.0,0
2058800242,R,W,W,R,RWWR,EVEN,Not Predicted,,0.0,0
2058800243,R,R,W,W,RRWW,EVEN,Not Predicted,,0.0,0
2058800244,W,R,R,W,WRRW,EVEN,Not Predicted,,0.0,0
2058800245,W,W,R,W,WWRW,ODD,Not Predicted,,0.0,0
2058800246,W,W,R,R,WWRR,EVEN,Not Predicted,,0.0,0
2058800247,W,R,R,W,WRRW,EVEN,Not Predicted,,0.0,0
2058800248,W,R,R,R,WRRR,ODD,Not Predicted,,0.0,0
2058800249,W,W,W,W,WWWW,EVEN,Not Predicted,,0.0,0
2058800250,R,W,W,R,RWWR,EVEN,Not Predicted,,0.0,0
2058800251,R,R,W,R,RRWR,ODD,Not Predicted,,0.0,0
2058800252,W,R,W,R,WRWR,EVEN,Not Predicted,,0.0,0
2058800253,W,W,W,W,WWWW,EVEN,Not Predicted,,0.0,0
2058800254,W,W,R,W,WWRW,ODD,Not Predicted,,0.0,0
2058800255,W,R,R,R,WRRR,ODD,Not Predicted,,0.0,0
2058800256,W,R,R,R,WRRR,ODD,Not Predicted,,0.0,0
2058800257,R,R,R,W,RRRW,ODD,Not Predicted,,0.0,0
2058800258,R,R,W,W,RRWW,EVEN,Not Predicted,,0.0,0
2058800259,R,W,R,R,RWRR,ODD,Not Predicted,,0.0,0
2058800260,W,W,W,R,WWWR,ODD,Not Predicted,,0.0,0
2058800261,R,R,W,R,RRWR,ODD,Not Predicted,,0.0,0
2058800262,W,R,W,R,WRWR,EVEN,Not Predicted,,0.0,0
2058800263,W,W,R,W,WWRW,ODD,Not Predicted,,0.0,0
2058800264,R,R,R,R,RRRR,EVEN,Not Predicted,,0.0,0
2058800265,W,R,W,R,WRWR,EVEN,Not Predicted,,0.0,0
2058800266,R,R,W,R,RRWR,ODD,Not Predicted,,0.0,0
2058800267,W,R,W,W,WRWW,ODD,Not Predicted,,0.0,0
2058800268,W,R,W,W,WRWW,ODD,Not Predicted,,0.0,0
2058800269,R,R,R,R,RRRR,EVEN,Not Predicted,,0.0,0
2058800270,R,W,R,W,RWRW,EVEN,Not Predicted,,0.0,0
2058800271,R,W,W,W,RWWW,ODD,Not Predicted,,0.0,0
2058800272,W,W,R,R,WWRR,EVEN,Not Predicted,,0.0,0
2058800273,R,R,R,R,RRRR,EVEN,Not Predicted,,0.0,0
2058800274,W,W,W,W,WWWW,EVEN,Not Predicted,,0.0,0
2058800275,R,W,W,W,RWWW,ODD,Not Predicted,,0.0,0
2058800276,R,R,W,R,RRWR,ODD,Not Predicted,,0.0,0
2058800277,W,W,W,W,WWWW,EVEN,Not Predicted,,0.0,0
2058800278,R,W,W,W,RWWW,ODD,Not Predicted,,0.0,0
2058800279,W,R,R,W,WRRW,EVEN,Not Predicted,,0.0,0
2058800280,W,W,W,R,WWWR,ODD,Not Predicted,,0.0,0
2058800281,R,R,R,W,RRRW,ODD,Not Predicted,,0.0,0
2058800282,R,R,W,R,RRWR,ODD,Not Predicted,,0.0,0
2058800283,W,W,R,W,WWRW,ODD,Not Predicted,,0.0,0
2058800284,W,R,W,R,WRWR,EVEN,Not Predicted,,0.0,0
2058800285,R,W,R,W,RWRW,EVEN,Not Predicted,,0.0,0
2058800286,R,W,R,W,RWRW,EVEN,Not Predicted,,0.0,0
2058800287,W,R,R,R,WRRR,ODD,Not Predicted,,0.0,0
2058800288,W,W,R,R,WWRR,EVEN,Not Predicted,,0.0,0
2058800289,W,W,W,R,WWWR,ODD,Not Predicted,,0.0,0
2058800290,W,R,R,W,WRRW,EVEN,Not Predicted,,0.0,0
2058800291,R,W,R,W,RWRW,EVEN,Not Predicted,,0.0,0
2058800292,R,R,W,R,RRWR,ODD,Not Predicted,,0.0,0
2058800293,R,R,W,R,RRWR,ODD,Not Predicted,,0.0,0
2058800294,R,R,R,R,RRRR,EVEN,Not Predicted,,0.0,0
2058800295,W,R,W,R,WRWR,EVEN,Not Predicted,,0.0,0
2058800296,W,R,R,R,WRRR,ODD,Not Predicted,,0.0,0
2058800297,W,R,W,W,WRWW,ODD,Not Predicted,,0.0,0
2058800298,R,R,W,W,RRWW,EVEN,Not Predicted,,0.0,0
2058800299,R,W,W,W,RWWW,ODD,Not Predicted,,0.0,0
2058800300,R,W,R,R,RWRR,ODD,Not Predicted,,0.0,0
2058800301,R,R,W,W,RRWW,EVEN,Not Predicted,,0.0,0
2058800302,R,R,W,R,RRWR,ODD,Not Predicted,,0.0,0
2058800303,W,R,R,W,WRRW,EVEN,Not Predicted,,0.0,0
2058800304,W,R,R,R,WRRR,ODD,Not Predicted,,0.0,0
2058800305,R,W,W,W,RWWW,ODD,Not Predicted,,0.0,0
2058800306,R,W,W,R,RWWR,EVEN,Not Predicted,,0.0,0
2058800307,R,W,W,R,RWWR,EVEN,Not Predicted,,0.0,0
2058800308,W,W,R,R,WWRR,EVEN,Not Predicted,,0.0,0
2058800309,W,R,W,R,WRWR,EVEN,Not Predicted,,0.0,0
2058800310,W,R,W,R,WRWR,EVEN,Not Predicted,,0.0,0
2058800311,W,W,W,W,WWWW,EVEN,Not Predicted,,0.0,0
2058800312,R,W,W,W,RWWW,ODD,Not Predicted,,0.0,0
2058800313,W,R,R,W,WRRW,EVEN,Not Predicted,,0.0,0
2058800314,R,R,R,R,RRRR,EVEN,Not Predicted,,0.0,0
2058800315,W,R,W,R,WRWR,EVEN,Not Predicted,,0.0,0
2058800316,R,W,R,R,RWRR,ODD,Not Predicted,,0.0,0
2058800317,W,W,R,R,WWRR,EVEN,Not Predicted,,0.0,0
2058800318,R,W,R,W,RWRW,EVEN,Not Predicted,,0.0,0
2058800319,W,R,R,R,WRRR,ODD,Not Predicted,,0.0,0
2058800320,W,W,R,W,WWRW,ODD,Not Predicted,,0.0,0
2058800321,W,W,R,R,WWRR,EVEN,Not Predicted,,0.0,0
2058800322,R,W,W,W,RWWW,ODD,Not Predicted,,0.0,0
2058800323,W,W,W,R,WWWR,ODD,Not Predicted,,0.0,0
2058800324,W,R,R,R,WRRR,ODD,Not Predicted,,0.0,0
2058800325,W,W,R,R,WWRR,EVEN,Not Predicted,,0.0,0
2058800326,W,W,R,W,WWRW,ODD,Not Predicted,,0.0,0
2058800327,W,W,W,R,WWWR,ODD,Not Predicted,,0.0,0
2058800328,W,W,W,W,WWWW,EVEN,Not Predicted,,0.0,0
2058800329,R,R,R,W,RRRW,ODD,Not Predicted,,0.0,0
2058800330,W,R,W,R,WRWR,EVEN,Not Predicted,,0.0,0
2058800331,W,R,W,R,WRWR,EVEN,Not Predicted,,0.0,0
2058800332,W,R,R,W,WRRW,EVEN,Not Predicted,,0.0,0
2058800333,W,R,R,W,WRRW,EVEN,Not Predicted,,0.0,0
2058800334,W,R,W,W,WRWW,ODD,Not Predicted,,0.0,0
2058800335,W,R,W,W,WRWW,ODD,Not Predicted,,0.0,0
2058800336,W,W,W,R,WWWR,ODD,Not Predicted,,0.0,0
2058800337,W,W,W,W,WWWW,EVEN,Not Predicted,,0.0,0
2058800338,W,R,R,W,WRRW,EVEN,Not Predicted,,0.0,0
2058800339,W,R,R,W,WRRW,EVEN,Not Predicted,,0.0,0
2058800340,W,W,R,R,WWRR,EVEN,Not Predicted,,0.0,0
2058800341,R,W,R,W,RWRW,EVEN,Not Predicted,,0.0,0
2058800342,W,W,W,R,WWWR,ODD,Not Predicted,,0.0,0
2058800343,R,R,W,R,RRWR,ODD,Not Predicted,,0.0,0
2058800344,R,W,R,R,RWRR,ODD,Not Predicted,,0.0,0
2058800345,R,R,R,R,RRRR,EVEN,Not Predicted,,0.0,0
2058800346,R,R,W,W,RRWW,EVEN,Not Predicted,,0.0,0
2058800347,W,R,R,R,WRRR,ODD,Not Predicted,,0.0,0
2058800348,W,W,W,W,WWWW,EVEN,Not Predicted,,0.0,0
2058800349,R,W,W,W,RWWW,ODD,Not Predicted,,0.0,0
2058800350,R,R,W,R,RRWR,ODD,Not Predicted,,0.0,0
2058800351,R,R,R,R,RRRR,EVEN,Not Predicted,,0.0,0
2058800352,W,W,W,W,WWWW,EVEN,Not Predicted,,0.0,0
2058800353,R,R,W,W,RRWW,EVEN,Not Predicted,,0.0,0
2058800354,R,W,W,W,RWWW,ODD,Not Predicted,,0.0,0
2058800355,W,R,W,R,WRWR,EVEN,Not Predicted,,0.0,0
2058800356,R,W,W,W,RWWW,ODD,Not Predicted,,0.0,0
2058800357,W,R,R,W,WRRW,EVEN,Not Predicted,,0.0,0
2058800358,R,R,R,W,RRRW,ODD,Not Predicted,,0.0,0
2058800359,R,W,W,R,RWWR,EVEN,Not Predicted,,0.0,0
2058800360,R,W,W,R,RWWR,EVEN,Not Predicted,,0.0,0
2058800361,W,W,W,W,WWWW,EVEN,Not Predicted,,0.0,0
2058800362,W,W,W,R,WWWR,ODD,Not Predicted,,0.0,0
2058800363,R,W,W,W,RWWW,ODD,Not Predicted,,0.0,0
2058800364,W,W,R,W,WWRW,ODD,Not Predicted,,0.0,0
2058800365,W,R,R,W,WRRW,EVEN,Not Predicted,,0.0,0
2058800366,R,R,R,R,RRRR,EVEN,Not Predicted,,0.0,0
2058800367,W,R,W,W,WRWW,ODD,Not Predicted,,0.0,0
2058800368,R,R,R,R,RRRR,EVEN,Not Predicted,,0.0,0
2058800369,R,W,W,W,RWWW,ODD,Not Predicted,,0.0,0
2058800370,R,W,R,R,RWRR,ODD,Not Predicted,,0.0,0
2058800371,W,W,R,R,WWRR,EVEN,Not Predicted,,0.0,0
2058800372,W,R,W,R,WRWR,EVEN,Not Predicted,,0.0,0
2058800373,R,R,W,W,RRWW,EVEN,Not Predicted,,0.0,0
2058800374,W,W,W,R,WWWR,ODD,Not Predicted,,0.0,0
2058800375,R,W,W,R,RWWR,EVEN,Not Predicted,,0.0,0
2058800376,W,R,R,W,WRRW,EVEN,Not Predicted,,0.0,0
2058800377,R,W,R,W,RWRW,EVEN,Not Predicted,,0.0,0
2058800378,W,R,W,R,WRWR,EVEN,Not Predicted,,0.0,0
2058800379,R,W,W,R,RWWR,EVEN,Not Predicted,,0.0,0
2058800380,W,W,R,W,WWRW,ODD,Not Predicted,,0.0,0
2058800381,R,W,W,W,RWWW,ODD,Not Predicted,,0.0,0
2058800382,W,W,R,R,WWRR,EVEN,Not Predicted,,0.0,0
2058800383,W,R,W,W,WRWW,ODD,Not Predicted,,0.0,0
2058800384,W,R,R,R,WRRR,ODD,Not Predicted,,0.0,0
2058800385,R,R,W,R,RRWR,ODD,Not Predicted,,0.0,0
2058800386,R,R,W,R,RRWR,ODD,Not Predicted,,0.0,0
2058800387,W,R,R,W,WRRW,EVEN,Not Predicted,,0.0,0
2058800388,R,R,R,R,RRRR,EVEN,Not Predicted,,0.0,0
2058800389,R,R,R,R,RRRR,EVEN,Not Predicted,,0.0,0
2058800390,R,R,R,R,RRRR,EVEN,Not Predicted,,0.0,0
2058800391,W,R,R,R,WRRR,ODD,Not Predicted,,0.0,0
2058800392,R,W,W,R,RWWR,EVEN,Not Predicted,,0.0,0
2058800393,W,W,R,R,WWRR,EVEN,Not Predicted,,0.0,0
2058800394,W,W,W,R,WWWR,ODD,Not Predicted,,0.0,0
2058800395,W,W,W,R,WWWR,ODD,Not Predicted,,0.0,0
2058800396,R,W,W,W,RWWW,ODD,Not Predicted,,0.0,0
2058800397,R,R,W,W,RRWW,EVEN,Not Predicted,,0.0,0
2058800398,W,R,W,W,WRWW,ODD,Not Predicted,,0.0,0
2058800399,R,W,W,W,RWWW,ODD,Not Predicted,,0.0,0
2058800400,R,R,R,R,RRRR,EVEN,Not Predicted,,0.0,0
2058800401,R,R,R,R,RRRR,EVEN,Not Predicted,,0.0,0
2058800402,W,R,W,W,WRWW,ODD,Not Predicted,,0.0,0
2058800403,W,W,W,R,WWWR,ODD,Not Predicted,,0.0,0
2058800404,R,R,R,W,RRRW,ODD,Not Predicted,,0.0,0
2058800405,R,W,R,W,RWRW,EVEN,Not Predicted,,0.0,0
2058800406,R,W,R,W,RWRW,EVEN,Not Predicted,,0.0,0
2058800407,W,R,R,R,WRRR,ODD,Not Predicted,,0.0,0
2058800408,W,W,W,R,WWWR,ODD,Not Predicted,,0.0,0
2058800409,R,R,R,R,RRRR,EVEN,Not Predicted,,0.0,0
2058800410,W,R,W,R,WRWR,EVEN,Not Predicted,,0.0,0
2058800411,R,W,W,R,RWWR,EVEN,Not Predicted,,0.0,0
2058800412,R,R,W,W,RRWW,EVEN,Not Predicted,,0.0,0
2058800413,W,R,W,R,WRWR,EVEN,Not Predicted,,0.0,0
2058800414,R,R,R,W,RRRW,ODD,Not Predicted,,0.0,0
2058800415,W,R,R,R,WRRR,ODD,Not Predicted,,0.0,0
2058800416,R,R,R,W,RRRW,ODD,Not Predicted,,0.0,0
2058800417,W,W,R,W,WWRW,ODD,Not Predicted,,0.0,0
2058800418,W,W,W,R,WWWR,ODD,Not Predicted,,0.0,0
2058800419,W,W,W,R,WWWR,ODD,Not Predicted,,0.0,0
2058800420,R,W,R,W,RWRW,EVEN,Not Predicted,,0.0,0
2058800421,W,W,R,W,WWRW,ODD,Not Predicted,,0.0,0
2058800422,R,R,R,R,RRRR,EVEN,Not Predicted,,0.0,0
2058800423,R,W,R,R,RWRR,ODD,Not Predicted,,0.0,0
2058800424,R,W,W,R,RWWR,EVEN,Not Predicted,,0.0,0
2058800425,R,R,W,R,RRWR,ODD,Not Predicted,,0.0,0
2058800426,R,R,R,R,RRRR,EVEN,Not Predicted,,0.0,0
2058800427,R,W,W,W,RWWW,ODD,Not Predicted,,0.0,0
2058800428,W,R,R,R,WRRR,ODD,Not Predicted,,0.0,0
2058800429,R,W,R,R,RWRR,ODD,Not Predicted,,0.0,0
2058800430,R,W,W,R,RWWR,EVEN,Not Predicted,,0.0,0
2058800431,W,R,R,R,WRRR,ODD,Not Predicted,,0.0,0
2058800432,W,R,R,R,WRRR,ODD,Not Predicted,,0.0,0
2058800433,W,R,R,W,WRRW,EVEN,Not Predicted,,0.0,0
2058800434,W,R,R,R,WRRR,ODD,Not Predicted,,0.0,0
2058800435,W,W,R,R,WWRR,EVEN,Not Predicted,,0.0,0
2058800436,W,W,W,R,WWWR,ODD,Not Predicted,,0.0,0
2058800437,W,W,W,W,WWWW,EVEN,Not Predicted,,0.0,0
2058800438,R,R,R,R,RRRR,EVEN,Not Predicted,,0.0,0
2058800439,R,R,W,W,RRWW,EVEN,Not Predicted,,0.0,0
2058800440,R,R,W,R,RRWR,ODD,Not Predicted,,0.0,0
2058800441,W,W,R,W,WWRW,ODD,Not Predicted,,0.0,0
2058800442,R,R,R,W,RRRW,ODD,Not Predicted,,0.0,0
2058800443,R,R,R,W,RRRW,ODD,Not Predicted,,0.0,0
2058800444,R,R,R,R,RRRR,EVEN,Not Predicted,,0.0,0
2058800445,W,R,R,R,WRRR,ODD,Not Predicted,,0.0,0
2058800446,R,R,R,R,RRRR,EVEN,Not Predicted,,0.0,0
2058800447,R,W,R,W,RWRW,EVEN,Not Predicted,,0.0,0
2058800448,R,R,W,R,RRWR,ODD,Not Predicted,,0.0,0
2058800449,W,R,W,W,WRWW,ODD,Not Predicted,,0.0,0
2058800450,W,W,W,W,WWWW,EVEN,Not Predicted,,0.0,0
2058800451,W,R,W,W,WRWW,ODD,Not Predicted,,0.0,0
2058800452,R,R,W,R,RRWR,ODD,Not Predicted,,0.0,0
2058800453,R,R,W,W,RRWW,EVEN,Not Predicted,,0.0,0
2058800454,W,R,W,W,WRWW,ODD,Not Predicted,,0.0,0
2058800455,W,R,R,R,WRRR,ODD,Not Predicted,,0.0,0
2058800456,R,W,W,W,RWWW,ODD,Not Predicted,,0.0,0
2058800457,W,R,W,R,WRWR,EVEN,Not Predicted,,0.0,0
2058800458,R,W,R,W,RWRW,EVEN,Not Predicted,,0.0,0
2058800459,R,W,W,R,RWWR,EVEN,Not Predicted,,0.0,0
2058800460,R,W,R,W,RWRW,EVEN,Not Predicted,,0.0,0
2058800461,R,W,W,R,RWWR,EVEN,Not Predicted,,0.0,0
2058800462,W,W,W,R,WWWR,ODD,Not Predicted,,0.0,0
2058800463,W,W,R,R,WWRR,EVEN,Not Predicted,,0.0,0
2058800464,R,R,R,R,RRRR,EVEN,Not Predicted,,0.0,0
2058800465,R,R,R,R,RRRR,EVEN,Not Predicted,,0.0,0
2058800466,W,R,W,W,WRWW,ODD,Not Predicted,,0.0,0
2058800467,R,R,W,W,RRWW,EVEN,Not Predicted,,0.0,0
2058800468,R,W,W,W,RWWW,ODD,Not Predicted,,0.0,0
2058800469,R,R,R,R,RRRR,EVEN,Not Predicted,,0.0,0
2058800470,R,R,R,R,RRRR,EVEN,Not Predicted,,0.0,0
2058800471,R,W,W,W,RWWW,ODD,Not Predicted,,0.0,0
2058800472,W,R,R,R,WRRR,ODD,Not Predicted,,0.0,0
2058800473,W,R,R,R,WRRR,ODD,Not Predicted,,0.0,0
2058800474,W,W,W,R,WWWR,ODD,Not Predicted,,0.0,0
2058800475,W,W,R,W,WWRW,ODD,Not Predicted,,0.0,0
2058800476,R,R,W,R,RRWR,ODD,Not Predicted,,0.0,0
2058800477,R,W,R,R,RWRR,ODD,Not Predicted,,0.0,0
2058800478,W,R,W,W,WRWW,ODD,Not Predicted,,0.0,0
2058800479,R,R,W,W,RRWW,EVEN,Not Predicted,,0.0,0
2058800480,W,R,W,R,WRWR,EVEN,Not Predicted,,0.0,0
2058900001,W,W,W,W,WWWW,EVEN,Not Predicted,,0.0,0
2058900002,R,W,R,R,RWRR,ODD,Not Predicted,,0.0,0
2058900003,W,W,R,R,WWRR,EVEN,Not Predicted,,0.0,0
2058900004,W,R,R,R,WRRR,ODD,Not Predicted,,0.0,0
2058900005,W,R,W,W,WRWW,ODD,Not Predicted,,0.0,0
2058900006,W,W,W,W,WWWW,EVEN,Not Predicted,,0.0,0
2058900007,R,W,R,W,RWRW,EVEN,Not Predicted,,0.0,0
2058900008,W,R,W,R,WRWR,EVEN,Not Predicted,,0.0,0
2058900009,W,R,R,R,WRRR,ODD,Not Predicted,,0.0,0
2058900010,W,R,W,R,WRWR,EVEN,Not Predicted,,0.0,0
2058900011,R,W,W,R,RWWR,EVEN,Not Predicted,,0.0,0
2058900012,R,R,W,R,RRWR,ODD,Not Predicted,,0.0,0
2058900013,W,R,R,R,WRRR,ODD,Not Predicted,,0.0,0
2058900014,R,R,R,R,RRRR,EVEN,Not Predicted,,0.0,0
2058900015,W,W,R,R,WWRR,EVEN,Not Predicted,,0.0,0
2058900016,R,W,R,W,RWRW,EVEN,Not Predicted,,0.0,0
2058900017,W,R,R,W,WRRW,EVEN,Not Predicted,,0.0,0
2058900018,W,W,R,W,WWRW,ODD,Not Predicted,,0.0,0
2058900019,W,R,R,W,WRRW,EVEN,Not Predicted,,0.0,0
2058900020,W,W,W,W,WWWW,EVEN,Not Predicted,,0.0,0
2058900021,R,W,R,W,RWRW,EVEN,Not Predicted,,0.0,0
2058900022,R,W,W,R,RWWR,EVEN,Not Predicted,,0.0,0
2058900023,W,R,W,R,WRWR,EVEN,Not Predicted,,0.0,0
2058900024,R,W,R,W,RWRW,EVEN,Not Predicted,,0.0,0
2058900025,R,W,R,R,RWRR,ODD,Not Predicted,,0.0,0
2058900026,W,W,R,W,WWRW,ODD,Not Predicted,,0.0,0
2058900027,W,R,R,R,WRRR,ODD,Not Predicted,,0.0,0
2058900028,R,W,R,R,RWRR,ODD,Not Predicted,,0.0,0
2058900029,W,R,W,W,WRWW,ODD,Not Predicted,,0.0,0
2058900030,R,W,R,R,RWRR,ODD,Not Predicted,,0.0,0
2058900031,R,W,W,W,RWWW,ODD,Not Predicted,,0.0,0
2058900032,W,R,R,W,WRRW,EVEN,Not Predicted,,0.0,0
2058900033,W,W,W,W,WWWW,EVEN,Not Predicted,,0.0,0
2058900034,W,R,R,R,WRRR,ODD,Not Predicted,,0.0,0
2058900035,W,R,W,R,WRWR,EVEN,Not Predicted,,0.0,0
2058900036,R,W,W,R,RWWR,EVEN,Not Predicted,,0.0,0
2058900037,W,R,W,R,WRWR,EVEN,Not Predicted,,0.0,0
2058900038,R,R,W,W,RRWW,EVEN,Not Predicted,,0.0,0
2058900039,W,W,R,W,WWRW,ODD,Not Predicted,,0.0,0
2058900040,R,R,W,R,RRWR,ODD,Not Predicted,,0.0,0
2058900041,W,R,R,W,WRRW,EVEN,Not Predicted,,0.0,0
2058900042,W,W,W,W,WWWW,EVEN,Not Predicted,,0.0,0
2058900043,W,W,W,W,WWWW,EVEN,Not Predicted,,0.0,0
2058900044,W,R,W,R,WRWR,EVEN,Not Predicted,,0.0,0
2058900045,W,R,R,R,WRRR,ODD,Not Predicted,,0.0,0
2058900046,R,R,R,W,RRRW,ODD,Not Predicted,,0.0,0
2058900047,R,W,R,W,RWRW,EVEN,Not Predicted,,0.0,0
2058900048,W,W,W,R,WWWR,ODD,Not Predicted,,0.0,0
2058900049,R,R,W,W,RRWW,EVEN,Not Predicted,,0.0,0
2058900050,W,R,W,W,WRWW,ODD,Not Predicted,,0.0,0
2058900051,R,R,W,R,RRWR,ODD,Not Predicted,,0.0,0
2058900052,W,W,R,W,WWRW,ODD,Not Predicted,,0.0,0
2058900053,R,R,R,W,RRRW,ODD,Not Predicted,,0.0,0
2058900054,W,W,W,W,WWWW,EVEN,Not Predicted,,0.0,0
2058900055,W,R,R,W,WRRW,EVEN,Not Predicted,,0.0,0
2058900056,W,R,R,R,WRRR,ODD,Not Predicted,,0.0,0
2058900057,R,R,R,R,RRRR,EVEN,Not Predicted,,0.0,0
2058900058,R,R,W,W,RRWW,EVEN,Not Predicted,,0.0,0
2058900059,R,W,R,R,RWRR,ODD,Not Predicted,,0.0,0
2058900060,R,W,W,W,RWWW,ODD,Not Predicted,,0.0,0
2058900061,W,W,R,R,WWRR,EVEN,Not Predicted,,0.0,0
2058900062,R,R,W,W,RRWW,EVEN,Not Predicted,,0.0,0
2058900063,W,W,W,R,WWWR,ODD,Not Predicted,,0.0,0
2058900064,W,W,W,W,WWWW,EVEN,Not Predicted,,0.0,0
2058900065,R,R,R,W,RRRW,ODD,Not Predicted,,0.0,0
2058900066,R,R,W,R,RRWR,ODD,Not Predicted,,0.0,0
2058900067,W,W,W,W,WWWW,EVEN,Not Predicted,,0.0,0
2058900068,R,R,W,R,RRWR,ODD,Not Predicted,,0.0,0
2058900069,R,W,R,W,RWRW,EVEN,Not Predicted,,0.0,0
2058900070,R,R,R,W,RRRW,ODD,Not Predicted,,0.0,0
2058900071,W,R,R,R,WRRR,ODD,Not Predicted,,0.0,0
2058900072,R,R,W,W,RRWW,EVEN,Not Predicted,,0.0,0
2058900073,W,W,W,R,WWWR,ODD,Not Predicted,,0.0,0
2058900074,W,R,R,R,WRRR,ODD,Not Predicted,,0.0,0
2058900075,W,R,R,R,WRRR,ODD,Not Predicted,,0.0,0
2058900076,W,W,R,W,WWRW,ODD,Not Predicted,,0.0,0
2058900077,R,W,W,R,RWWR,EVEN,Not Predicted,,0.0,0
2058900078,R,R,R,W,RRRW,ODD,Not Predicted,,0.0,0
2058900079,R,W,R,W,RWRW,EVEN,Not Predicted,,0.0,0
2058900080,W,R,R,W,WRRW,EVEN,Not Predicted,,0.0,0
2058900081,W,W,W,R,WWWR,ODD,Not Predicted,,0.0,0
2058900082,W,W,R,W,WWRW,ODD,Not Predicted,,0.0,0
2058900083,W,R,W,R,WRWR,EVEN,Not Predicted,,0.0,0
2058900084,R,W,R,W,RWRW,EVEN,Not Predicted,,0.0,0
2058900085,W,R,R,R,WRRR,ODD,Not Predicted,,0.0,0
2058900086,W,W,R,R,WWRR,EVEN,Not Predicted,,0.0,0
2058900087,R,W,W,W,RWWW,ODD,Not Predicted,,0.0,0
2058900088,R,W,R,W,RWRW,EVEN,Not Predicted,,0.0,0
2058900089,W,W,W,W,WWWW,EVEN,Not Predicted,,0.0,0
2058900090,R,R,R,R,RRRR,EVEN,Not Predicted,,0.0,0
2058900091,R,W,R,W,RWRW,EVEN,Not Predicted,,0.0,0
2058900092,R,R,W,R,RRWR,ODD,Not Predicted,,0.0,0
2058900093,W,R,R,R,WRRR,ODD,Not Predicted,,0.0,0
2058900094,R,R,R,W,RRRW,ODD,Not Predicted,,0.0,0
2058900095,R,W,W,R,RWWR,EVEN,Not Predicted,,0.0,0
2058900096,W,R,R,W,WRRW,EVEN,Not Predicted,,0.0,0
2058900097,R,R,R,R,RRRR,EVEN,Not Predicted,,0.0,0
2058900098,R,R,W,W,RRWW,EVEN,Not Predicted,,0.0,0
2058900099,W,R,W,R,WRWR,EVEN,Not Predicted,,0.0,0
2058900100,W,W,W,R,WWWR,ODD,Not Predicted,,0.0,0
2058900101,R,W,W,W,RWWW,ODD,Not Predicted,,0.0,0
2058900102,W,R,W,R,WRWR,EVEN,Not Predicted,,0.0,0
2058900103,W,W,R,R,WWRR,EVEN,Not Predicted,,0.0,0
2058900104,W,W,W,W,WWWW,EVEN,Not Predicted,,0.0,0
2058900105,W,W,R,R,WWRR,EVEN,Not Predicted,,0.0,0
2058900106,W,W,R,R,WWRR,EVEN,Not Predicted,,0.0,0
2058900107,W,W,W,W,WWWW,EVEN,Not Predicted,,0.0,0
2058900108,R,R,R,W,RRRW,ODD,Not Predicted,,0.0,0
2058900109,R,R,W,W,RRWW,EVEN,Not Predicted,,0.0,0
2058900110,R,W,W,R,RWWR,EVEN,Not Predicted,,0.0,0
2058900111,W,W,W,R,WWWR,ODD,Not Predicted,,0.0,0
2058900112,R,R,R,W,RRRW,ODD,Not Predicted,,0.0,0
2058900113,W,R,W,W,WRWW,ODD,Not Predicted,,0.0,0
2058900114,R,R,R,W,RRRW,ODD,Not Predicted,,0.0,0
2058900115,W,R,R,R,WRRR,ODD,Not Predicted,,0.0,0
2058900116,W,R,R,W,WRRW,EVEN,Not Predicted,,0.0,0
2058900117,R,R,W,W,RRWW,EVEN,Not Predicted,,0.0,0
2058900118,R,W,W,R,RWWR,EVEN,Not Predicted,,0.0,0
2058900119,W,W,R,R,WWRR,EVEN,Not Predicted,,0.0,0
2058900120,W,R,R,W,WRRW,EVEN,Not Predicted,,0.0,0
2058900121,W,R,R,R,WRRR,ODD,Not Predicted,,0.0,0
2058900122,W,R,W,W,WRWW,ODD,Not Predicted,,0.0,0
2058900123,W,W,R,R,WWRR,EVEN,Not Predicted,,0.0,0
2058900124,W,R,R,R,WRRR,ODD,Not Predicted,,0.0,0
2058900125,R,W,W,W,RWWW,ODD,Not Predicted,,0.0,0
2058900126,R,W,R,R,RWRR,ODD,Not Predicted,,0.0,0
2058900127,R,W,R,R,RWRR,ODD,Not Predicted,,0.0,0
2058900128,W,R,W,W,WRWW,ODD,Not Predicted,,0.0,0
2058900129,W,R,W,R,WRWR,EVEN,Not Predicted,,0.0,0
2058900130,R,R,R,W,RRRW,ODD,Not Predicted,,0.0,0
2058900131,R,R,W,R,RRWR,ODD,Not Predicted,,0.0,0
2058900132,R,R,W,R,RRWR,ODD,Not Predicted,,0.0,0
2058900133,R,W,R,R,RWRR,ODD,Not Predicted,,0.0,0
2058900134,R,W,W,R,RWWR,EVEN,Not Predicted,,0.0,0
2058900135,W,W,W,W,WWWW,EVEN,Not Predicted,,0.0,0
2058900136,R,R,R,W,RRRW,ODD,Not Predicted,,0.0,0
2058900137,R,W,R,R,RWRR,ODD,Not Predicted,,0.0,0
2058900138,W,W,W,R,WWWR,ODD,Not Predicted,,0.0,0
2058900139,R,R,W,R,RRWR,ODD,Not Predicted,,0.0,0
2058900140,W,R,R,W,WRRW,EVEN,Not Predicted,,0.0,0
2058900141,R,R,W,R,RRWR,ODD,Not Predicted,,0.0,0
2058900142,W,W,R,W,WWRW,ODD,Not Predicted,,0.0,0
2058900143,R,W,W,R,RWWR,EVEN,Not Predicted,,0.0,0
2058900144,R,W,R,W,RWRW,EVEN,Not Predicted,,0.0,0
2058900145,W,W,R,R,WWRR,EVEN,Not Predicted,,0.0,0
2058900146,W,R,R,R,WRRR,ODD,Not Predicted,,0.0,0
2058900147,W,R,W,R,WRWR,EVEN,Not Predicted,,0.0,0
2058900148,R,R,R,R,RRRR,EVEN,Not Predicted,,0.0,0
2058900149,R,R,R,W,RRRW,ODD,Not Predicted,,0.0,0
2058900150,R,W,R,R,RWRR,ODD,Not Predicted,,0.0,0
2058900151,R,W,W,R,RWWR,EVEN,Not Predicted,,0.0,0
2058900152,R,R,W,R,RRWR,ODD,Not Predicted,,0.0,0
2058900153,R,R,W,W,RRWW,EVEN,Not Predicted,,0.0,0
2058900154,W,W,W,R,WWWR,ODD,Not Predicted,,0.0,0
2058900155,W,R,R,W,WRRW,EVEN,Not Predicted,,0.0,0
2058900156,R,R,R,W,RRRW,ODD,Not Predicted,,0.0,0
2058900157,R,W,R,R,RWRR,ODD,Not Predicted,,0.0,0
2058900158,W,R,W,R,WRWR,EVEN,Not Predicted,,0.0,0
2058900159,W,R,R,R,WRRR,ODD,Not Predicted,,0.0,0
2058900160,R,W,W,R,RWWR,EVEN,Not Predicted,,0.0,0
2058900161,W,R,W,R,WRWR,EVEN,Not Predicted,,0.0,0
2058900162,R,R,R,R,RRRR,EVEN,Not Predicted,,0.0,0
2058900163,W,R,W,W,WRWW,ODD,Not Predicted,,0.0,0
2058900164,R,W,W,W,RWWW,ODD,Not Predicted,,0.0,0
2058900165,W,R,R,W,WRRW,EVEN,Not Predicted,,0.0,0
2058900166,W,W,R,R,WWRR,EVEN,Not Predicted,,0.0,0
2058900167,W,R,W,W,WRWW,ODD,Not Predicted,,0.0,0
2058900168,W,R,R,W,WRRW,EVEN,Not Predicted,,0.0,0
2058900169,W,W,R,W,WWRW,ODD,Not Predicted,,0.0,0
2058900170,R,W,R,W,RWRW,EVEN,Not Predicted,,0.0,0
2058900171,R,W,W,W,RWWW,ODD,Not Predicted,,0.0,0
2058900172,R,W,W,R,RWWR,EVEN,Not Predicted,,0.0,0
2058900173,R,R,W,W,RRWW,EVEN,Not Predicted,,0.0,0
2058900174,R,R,W,W,RRWW,EVEN,Not Predicted,,0.0,0
2058900175,R,R,R,W,RRRW,ODD,Not Predicted,,0.0,0
2058900176,R,R,W,R,RRWR,ODD,Not Predicted,,0.0,0
2058900177,W,R,W,R,WRWR,EVEN,Not Predicted,,0.0,0
2058900178,W,W,R,R,WWRR,EVEN,Not Predicted,,0.0,0
2058900179,R,R,R,W,RRRW,ODD,Not Predicted,,0.0,0
2058900180,R,W,R,W,RWRW,EVEN,Not Predicted,,0.0,0
2058900181,R,W,R,W,RWRW,EVEN,Not Predicted,,0.0,0
2058900182,R,R,R,W,RRRW,ODD,Not Predicted,,0.0,0
2058900183,R,W,W,W,RWWW,ODD,Not Predicted,,0.0,0
2058900184,W,R,R,R,WRRR,ODD,Not Predicted,,0.0,0
2058900185,W,W,R,R,WWRR,EVEN,Not Predicted,,0.0,0
2058900186,R,R,W,R,RRWR,ODD,Not Predicted,,0.0,0
2058900187,W,W,R,W,WWRW,ODD,Not Predicted,,0.0,0
2058900188,W,W,R,R,WWRR,EVEN,Not Predicted,,0.0,0
2058900189,R,R,R,W,RRRW,ODD,Not Predicted,,0.0,0
2058900190,W,R,R,W,WRRW,EVEN,Not Predicted,,0.0,0
2058900191,W,W,R,W,WWRW,ODD,Not Predicted,,0.0,0
2058900192,R,W,R,R,RWRR,ODD,Not Predicted,,0.0,0
2058900193,R,R,R,R,RRRR,EVEN,Not Predicted,,0.0,0
2058900194,W,W,W,W,WWWW,EVEN,Not Predicted,,0.0,0
2058900195,W,R,W,R,WRWR,EVEN,Not Predicted,,0.0,0
2058900196,R,W,R,W,RWRW,EVEN,Not Predicted,,0.0,0
2058900197,R,R,R,R,RRRR,EVEN,Not Predicted,,0.0,0
2058900198,R,W,W,W,RWWW,ODD,Not Predicted,,0.0,0
2058900199,W,W,R,R,WWRR,EVEN,Not Predicted,,0.0,0
2058900200,W,W,W,W,WWWW,EVEN,Not Predicted,,0.0,0
2058900201,W,W,W,W,WWWW,EVEN,Not Predicted,,0.0,0
2058900202,R,R,W,R,RRWR,ODD,Not Predicted,,0.0,0
2058900203,R,W,R,R,RWRR,ODD,Not Predicted,,0.0,0
2058900204,W,R,R,R,WRRR,ODD,Not Predicted,,0.0,0
2058900205,W,R,R,W,WRRW,EVEN,Not Predicted,,0.0,0
2058900206,W,W,R,R,WWRR,EVEN,Not Predicted,,0.0,0
2058900207,R,R,R,W,RRRW,ODD,Not Predicted,,0.0,0
2058900208,R,W,R,R,RWRR,ODD,Not Predicted,,0.0,0
2058900209,R,R,W,W,RRWW,EVEN,Not Predicted,,0.0,0
2058900210,W,W,R,R,WWRR,EVEN,Not Predicted,,0.0,0
2058900211,W,W,R,R,WWRR,EVEN,Not Predicted,,0.0,0
2058900212,W,W,R,R,WWRR,EVEN,Not Predicted,,0.0,0
2058900213,R,W,R,W,RWRW,EVEN,Not Predicted,,0.0,0
2058900214,W,W,W,W,WWWW,EVEN,Not Predicted,,0.0,0
2058900215,R,W,R,R,RWRR,ODD,Not Predicted,,0.0,0
2058900216,W,R,W,W,WRWW,ODD,Not Predicted,,0.0,0
2058900217,W,W,R,W,WWRW,ODD,Not Predicted,,0.0,0
2058900218,R,R,R,W,RRRW,ODD,Not Predicted,,0.0,0
2058900219,W,W,W,R,WWWR,ODD,Not Predicted,,0.0,0
2058900220,W,R,R,R,WRRR,ODD,Not Predicted,,0.0,0
2058900221,R,R,R,R,RRRR,EVEN,Not Predicted,,0.0,0
2058900222,W,W,W,R,WWWR,ODD,Not Predicted,,0.0,0
2058900223,W,R,R,R,WRRR,ODD,Not Predicted,,0.0,0
2058900224,R,W,R,W,RWRW,EVEN,Not Predicted,,0.0,0
2058900225,R,R,R,W,RRRW,ODD,Not Predicted,,0.0,0
2058900226,R,W,R,R,RWRR,ODD,Not Predicted,,0.0,0
2058900227,R,R,W,W,RRWW,EVEN,Not Predicted,,0.0,0
2058900228,R,W,R,W,RWRW,EVEN,Not Predicted,,0.0,0
2058900229,W,R,R,W,WRRW,EVEN,Not Predicted,,0.0,0
2058900230,W,W,R,W,WWRW,ODD,Not Predicted,,0.0,0
2058900231,R,R,R,W,RRRW,ODD,Not Predicted,,0.0,0
2058900232,R,R,W,R,RRWR,ODD,Not Predicted,,0.0,0
2058900233,R,W,R,R,RWRR,ODD,Not Predicted,,0.0,0
2058900234,R,R,W,R,RRWR,ODD,Not Predicted,,0.0,0
2058900235,W,R,R,R,WRRR,ODD,Not Predicted,,0.0,0
2058900236,W,R,W,W,WRWW,ODD,Not Predicted,,0.0,0
2058900237,R,R,W,R,RRWR,ODD,Not Predicted,,0.0,0
2058900238,R,R,W,R,RRWR,ODD,Not Predicted,,0.0,0
2058900239,R,W,R,W,RWRW,EVEN,Not Predicted,,0.0,0
2058900240,W,R,W,W,WRWW,ODD,Not Predicted,,0.0,0
2058900241,W,R,W,W,WRWW,ODD,Not Predicted,,0.0,0
2058900242,R,R,R,R,RRRR,EVEN,Not Predicted,,0.0,0
2058900243,R,R,W,R,RRWR,ODD,Not Predicted,,0.0,0
2058900244,R,R,R,W,RRRW,ODD,Not Predicted,,0.0,0
2058900245,R,R,R,R,RRRR,EVEN,Not Predicted,,0.0,0
2058900246,W,W,R,W,WWRW,ODD,Not Predicted,,0.0,0
2058900247,R,W,W,W,RWWW,ODD,Not Predicted,,0.0,0
2058900248,R,W,R,W,RWRW,EVEN,Not Predicted,,0.0,0
2058900249,W,W,W,R,WWWR,ODD,Not Predicted,,0.0,0
2058900250,W,R,R,W,WRRW,EVEN,Not Predicted,,0.0,0
2058900251,W,R,W,W,WRWW,ODD,Not Predicted,,0.0,0
2058900252,W,R,R,R,WRRR,ODD,Not Predicted,,0.0,0
2058900253,R,R,W,R,RRWR,ODD,Not Predicted,,0.0,0
2058900254,W,W,R,W,WWRW,ODD,Not Predicted,,0.0,0
2058900255,R,W,R,R,RWRR,ODD,Not Predicted,,0.0,0
2058900256,W,W,W,W,WWWW,EVEN,Not Predicted,,0.0,0
2058900257,W,R,W,W,WRWW,ODD,Not Predicted,,0.0,0
2058900258,W,R,R,W,WRRW,EVEN,Not Predicted,,0.0,0
2058900259,R,R,R,R,RRRR,EVEN,Not Predicted,,0.0,0
2058900260,W,R,R,W,WRRW,EVEN,Not Predicted,,0.0,0
2058900261,W,R,R,R,WRRR,ODD,Not Predicted,,0.0,0
2058900262,R,R,W,R,RRWR,ODD,Not Predicted,,0.0,0
2058900263,W,W,R,R,WWRR,EVEN,Not Predicted,,0.0,0
2058900264,R,W,R,R,RWRR,ODD,Not Predicted,,0.0,0
2058900265,W,W,R,W,WWRW,ODD,Not Predicted,,0.0,0
2058900266,W,R,W,W,WRWW,ODD,Not Predicted,,0.0,0
2058900267,R,R,R,R,RRRR,EVEN,Not Predicted,,0.0,0
2058900268,R,W,W,R,RWWR,EVEN,Not Predicted,,0.0,0
2058900269,R,W,W,W,RWWW,ODD,Not Predicted,,0.0,0
2058900270,W,R,R,R,WRRR,ODD,Not Predicted,,0.0,0
2058900271,R,R,W,W,RRWW,EVEN,Not Predicted,,0.0,0
2058900272,R,W,W,W,RWWW,ODD,Not Predicted,,0.0,0
2058900273,W,R,R,R,WRRR,ODD,Not Predicted,,0.0,0
2058900274,W,R,R,W,WRRW,EVEN,Not Predicted,,0.0,0
2058900275,W,W,R,W,WWRW,ODD,Not Predicted,,0.0,0
2058900276,R,W,W,W,RWWW,ODD,Not Predicted,,0.0,0
2058900277,R,R,R,R,RRRR,EVEN,Not Predicted,,0.0,0
2058900278,R,R,R,R,RRRR,EVEN,Not Predicted,,0.0,0
2058900279,W,R,R,R,WRRR,ODD,Not Predicted,,0.0,0
2058900280,R,R,W,R,RRWR,ODD,Not Predicted,,0.0,0
2058900281,R,W,W,W,RWWW,ODD,Not Predicted,,0.0,0
2058900282,W,R,W,R,WRWR,EVEN,Not Predicted,,0.0,0
2058900283,W,W,W,W,WWWW,EVEN,Not Predicted,,0.0,0
2058900284,W,R,R,W,WRRW,EVEN,Not Predicted,,0.0,0
2058900285,R,R,R,W,RRRW,ODD,Not Predicted,,0.0,0
2058900286,W,W,R,R,WWRR,EVEN,Not Predicted,,0.0,0
2058900287,W,W,R,R,WWRR,EVEN,Not Predicted,,0.0,0
2058900288,R,W,R,R,RWRR,ODD,Not Predicted,,0.0,0
2058900289,R,W,W,R,RWWR,EVEN,Not Predicted,,0.0,0
2058900290,R,R,R,R,RRRR,EVEN,Not Predicted,,0.0,0
2058900291,R,R,R,R,RRRR,EVEN,Not Predicted,,0.0,0
2058900292,R,R,R,W,RRRW,ODD,Not Predicted,,0.0,0
2058900293,R,R,W,W,RRWW,EVEN,Not Predicted,,0.0,0
2058900294,W,R,R,R,WRRR,ODD,Not Predicted,,0.0,0
2058900295,W,R,W,W,WRWW,ODD,Not Predicted,,0.0,0
2058900296,W,W,W,W,WWWW,EVEN,Not Predicted,,0.0,0
2058900297,R,R,W,R,RRWR,ODD,Not Predicted,,0.0,0
2058900298,R,R,W,W,RRWW,EVEN,Not Predicted,,0.0,0
2058900299,W,R,W,W,WRWW,ODD,Not Predicted,,0.0,0
2058900300,W,R,W,R,WRWR,EVEN,Not Predicted,,0.0,0
2058900301,R,R,R,W,RRRW,ODD,Not Predicted,,0.0,0
2058900302,W,W,W,R,WWWR,ODD,Not Predicted,,0.0,0
2058900303,W,W,R,W,WWRW,ODD,Not Predicted,,0.0,0
2058900304,R,R,W,W,RRWW,EVEN,Not Predicted,,0.0,0
2058900305,W,R,W,W,WRWW,ODD,Not Predicted,,0.0,0
2058900306,W,R,W,R,WRWR,EVEN,Not Predicted,,0.0,0
2058900307,W,W,R,R,WWRR,EVEN,Not Predicted,,0.0,0
2058900308,W,W,W,R,WWWR,ODD,Not Predicted,,0.0,0
2058900309,R,R,R,W,RRRW,ODD,Not Predicted,,0.0,0
2058900310,W,R,W,W,WRWW,ODD,Not Predicted,,0.0,0
2058900311,R,W,R,W,RWRW,EVEN,Not Predicted,,0.0,0
2058900312,W,R,R,R,WRRR,ODD,Not Predicted,,0.0,0
2058900313,W,W,W,R,WWWR,ODD,Not Predicted,,0.0,0
2058900314,R,W,W,W,RWWW,ODD,Not Predicted,,0.0,0
2058900315,W,R,R,R,WRRR,ODD,Not Predicted,,0.0,0
2058900316,R,R,W,R,RRWR,ODD,Not Predicted,,0.0,0
2058900317,W,R,W,R,WRWR,EVEN,Not Predicted,,0.0,0
2058900318,W,R,W,R,WRWR,EVEN,Not Predicted,,0.0,0
2058900319,R,R,R,R,RRRR,EVEN,Not Predicted,,0.0,0
2058900320,W,W,W,W,WWWW,EVEN,Not Predicted,,0.0,0
2058900321,R,R,W,R,RRWR,ODD,Not Predicted,,0.0,0
2058900322,W,W,W,R,WWWR,ODD,Not Predicted,,0.0,0
2058900323,W,W,W,W,WWWW,EVEN,Not Predicted,,0.0,0
2058900324,W,R,R,W,WRRW,EVEN,Not Predicted,,0.0,0
2058900325,R,W,W,R,RWWR,EVEN,Not Predicted,,0.0,0
2058900326,R,R,R,R,RRRR,EVEN,Not Predicted,,0.0,0
2058900327,W,W,R,R,WWRR,EVEN,Not Predicted,,0.0,0
2058900328,R,W,R,R,RWRR,ODD,Not Predicted,,0.0,0
2058900329,W,R,R,W,WRRW,EVEN,Not Predicted,,0.0,0
2058900330,W,R,W,W,WRWW,ODD,Not Predicted,,0.0,0
2058900331,R,W,W,W,RWWW,ODD,Not Predicted,,0.0,0
2058900332,R,W,R,R,RWRR,ODD,Not Predicted,,0.0,0
2058900333,W,W,W,W,WWWW,EVEN,Not Predicted,,0.0,0
2058900334,R,W,R,W,RWRW,EVEN,Not Predicted,,0.0,0
2058900335,R,R,R,W,RRRW,ODD,Not Predicted,,0.0,0
2058900336,W,R,W,R,WRWR,EVEN,Not Predicted,,0.0,0
2058900337,R,R,R,W,RRRW,ODD,Not Predicted,,0.0,0
2058900338,W,R,R,R,WRRR,ODD,Not Predicted,,0.0,0
2058900339,W,W,R,W,WWRW,ODD,Not Predicted,,0.0,0
2058900340,R,W,W,W,RWWW,ODD,Not Predicted,,0.0,0
2058900341,W,R,R,W,WRRW,EVEN,Not Predicted,,0.0,0
2058900342,R,W,R,W,RWRW,EVEN,Not Predicted,,0.0,0
2058900343,W,R,W,R,WRWR,EVEN,Not Predicted,,0.0,0
2058900344,W,R,W,W,WRWW,ODD,Not Predicted,,0.0,0
2058900345,R,W,R,R,RWRR,ODD,Not Predicted,,0.0,0
2058900346,W,R,W,R,WRWR,EVEN,Not Predicted,,0.0,0
2058900347,R,W,W,R,RWWR,EVEN,Not Predicted,,0.0,0
2058900348,W,R,R,R,WRRR,ODD,Not Predicted,,0.0,0
2058900349,W,W,W,R,WWWR,ODD,Not Predicted,,0.0,0
2058900350,W,W,W,W,WWWW,EVEN,Not Predicted,,0.0,0
2058900351,W,R,R,W,WRRW,EVEN,Not Predicted,,0.0,0
2058900352,W,W,R,W,WWRW,ODD,Not Predicted,,0.0,0
2058900353,W,R,W,W,WRWW,ODD,Not Predicted,,0.0,0
2058900354,R,W,W,R,RWWR,EVEN,Not Predicted,,0.0,0
2058900355,R,R,R,W,RRRW,ODD,Not Predicted,,0.0,0
2058900356,W,R,R,W,WRRW,EVEN,Not Predicted,,0.0,0
2058900357,W,R,W,W,WRWW,ODD,Not Predicted,,0.0,0
2058900358,W,R,W,W,WRWW,ODD,Not Predicted,,0.0,0
2058900359,R,W,R,W,RWRW,EVEN,Not Predicted,,0.0,0
2058900360,W,W,W,W,WWWW,EVEN,Not Predicted,,0.0,0
2058900361,R,R,R,W,RRRW,ODD,Not Predicted,,0.0,0
2058900362,R,W,W,W,RWWW,ODD,Not Predicted,,0.0,0
2058900363,R,R,W,R,RRWR,ODD,Not Predicted,,0.0,0
2058900364,R,R,R,R,RRRR,EVEN,Not Predicted,,0.0,0
2058900365,W,R,R,W,WRRW,EVEN,Not Predicted,,0.0,0
2058900366,W,W,W,W,WWWW,EVEN,Not Predicted,,0.0,0
2058900367,W,W,R,R,WWRR,EVEN,Not Predicted,,0.0,0
2058900368,R,W,R,R,RWRR,ODD,Not Predicted,,0.0,0
2058900369,R,R,R,W,RRRW,ODD,Not Predicted,,0.0,0
2058900370,W,R,R,W,WRRW,EVEN,Not Predicted,,0.0,0
2058900371,R,R,R,R,RRRR,EVEN,Not Predicted,,0.0,0
2058900372,R,R,W,R,RRWR,ODD,Not Predicted,,0.0,0
2058900373,W,R,R,W,WRRW,EVEN,Not Predicted,,0.0,0
2058900374,W,W,R,W,WWRW,ODD,Not Predicted,,0.0,0
2058900375,W,W,R,R,WWRR,EVEN,Not Predicted,,0.0,0
2058900376,R,W,R,W,RWRW,EVEN,Not Predicted,,0.0,0
2058900377,R,W,W,R,RWWR,EVEN,Not Predicted,,0.0,0
2058900378,W,R,W,W,WRWW,ODD,Not Predicted,,0.0,0
2058900379,R,W,R,R,RWRR,ODD,Not Predicted,,0.0,0
2058900380,R,W,W,R,RWWR,EVEN,Not Predicted,,0.0,0
2058900381,W,R,W,R,WRWR,EVEN,Not Predicted,,0.0,0
2058900382,R,W,R,R,RWRR,ODD,Not Predicted,,0.0,0
2058900383,R,W,W,R,RWWR,EVEN,Not Predicted,,0.0,0
2058900384,R,W,W,R,RWWR,EVEN,Not Predicted,,0.0,0
2058900385,R,R,R,R,RRRR,EVEN,Not Predicted,,0.0,0
2058900386,W,R,R,R,WRRR,ODD,Not Predicted,,0.0,0
2058900387,R,R,W,R,RRWR,ODD,Not Predicted,,0.0,0
2058900388,W,W,W,W,WWWW,EVEN,Not Predicted,,0.0,0
2058900389,R,W,W,W,RWWW,ODD,Not Predicted,,0.0,0
2058900390,W,W,R,R,WWRR,EVEN,Not Predicted,,0.0,0
2058900391,W,W,R,W,WWRW,ODD,Not Predicted,,0.0,0
2058900392,R,R,W,R,RRWR,ODD,Not Predicted,,0.0,0
2058900393,R,W,R,R,RWRR,ODD,Not Predicted,,0.0,0
2058900394,W,R,R,W,WRRW,EVEN,Not Predicted,,0.0,0
2058900395,W,W,R,R,WWRR,EVEN,Not Predicted,,0.0,0
2058900396,R,R,R,R,RRRR,EVEN,Not Predicted,,0.0,0
2058900397,W,W,R,W,WWRW,ODD,Not Predicted,,0.0,0
2058900398,W,R,W,R,WRWR,EVEN,Not Predicted,,0.0,0
2058900399,W,W,W,W,WWWW,EVEN,Not Predicted,,0.0,0
2058900400,R,W,W,W,RWWW,ODD,Not Predicted,,0.0,0
2058900401,R,W,W,R,RWWR,EVEN,Not Predicted,,0.0,0
2058900402,R,R,W,R,RRWR,ODD,Not Predicted,,0.0,0
2058900403,W,R,W,R,WRWR,EVEN,Not Predicted,,0.0,0
2058900404,W,W,W,R,WWWR,ODD,Not Predicted,,0.0,0
2058900405,W,R,W,W,WRWW,ODD,Not Predicted,,0.0,0
2058900406,W,W,W,R,WWWR,ODD,Not Predicted,,0.0,0
2058900407,W,W,R,W,WWRW,ODD,Not Predicted,,0.0,0
2058900408,R,W,R,R,RWRR,ODD,Not Predicted,,0.0,0
2058900409,W,R,W,W,WRWW,ODD,Not Predicted,,0.0,0
2058900410,W,R,R,W,WRRW,EVEN,Not Predicted,,0.0,0
2058900411,W,W,R,R,WWRR,EVEN,Not Predicted,,0.0,0
2058900412,W,W,W,W,WWWW,EVEN,Not Predicted,,0.0,0
2058900413,W,R,R,R,WRRR,ODD,Not Predicted,,0.0,0
2058900414,W,W,W,R,WWWR,ODD,Not Predicted,,0.0,0
2058900415,R,W,W,R,RWWR,EVEN,Not Predicted,,0.0,0
2058900416,R,R,W,W,RRWW,EVEN,Not Predicted,,0.0,0
2058900417,R,R,W,W,RRWW,EVEN,Not Predicted,,0.0,0
2058900418,W,R,R,W,WRRW,EVEN,Not Predicted,,0.0,0
2058900419,R,R,W,R,RRWR,ODD,Not Predicted,,0.0,0
2058900420,R,W,W,R,RWWR,EVEN,Not Predicted,,0.0,0
2058900421,R,R,R,W,RRRW,ODD,Not Predicted,,0.0,0
2058900422,R,R,R,R,RRRR,EVEN,Not Predicted,,0.0,0
2058900423,R,W,W,R,RWWR,EVEN,Not Predicted,,0.0,0
2058900424,R,R,W,W,RRWW,EVEN,Not Predicted,,0.0,0
2058900425,W,R,R,R,WRRR,ODD,Not Predicted,,0.0,0
2058900426,R,W,W,R,RWWR,EVEN,Not Predicted,,0.0,0
2058900427,R,R,R,W,RRRW,ODD,Not Predicted,,0.0,0
2058900428,R,W,R,R,RWRR,ODD,Not Predicted,,0.0,0
2058900429,W,R,W,R,WRWR,EVEN,Not Predicted,,0.0,0
2058900430,R,R,W,W,RRWW,EVEN,Not Predicted,,0.0,0
2058900431,W,W,R,R,WWRR,EVEN,Not Predicted,,0.0,0
2058900432,R,R,W,W,RRWW,EVEN,Not Predicted,,0.0,0
2058900433,R,W,W,R,RWWR,EVEN,Not Predicted,,0.0,0
2058900434,R,W,W,R,RWWR,EVEN,Not Predicted,,0.0,0
2058900435,R,R,W,R,RRWR,ODD,Not Predicted,,0.0,0
2058900436,W,R,W,W,WRWW,ODD,Not Predicted,,0.0,0
2058900437,R,W,R,R,RWRR,ODD,Not Predicted,,0.0,0
2058900438,W,R,R,W,WRRW,EVEN,Not Predicted,,0.0,0
2058900439,R,R,W,R,RRWR,ODD,Not Predicted,,0.0,0
2058900440,W,R,W,W,WRWW,ODD,Not Predicted,,0.0,0
2058900441,R,R,R,R,RRRR,EVEN,Not Predicted,,0.0,0
2058900442,R,W,R,R,RWRR,ODD,Not Predicted,,0.0,0
2058900443,W,W,R,W,WWRW,ODD,Not Predicted,,0.0,0
2058900444,W,W,W,W,WWWW,EVEN,Not Predicted,,0.0,0
2058900445,W,R,W,W,WRWW,ODD,Not Predicted,,0.0,0
2058900446,R,R,R,W,RRRW,ODD,Not Predicted,,0.0,0
2058900447,W,R,R,R,WRRR,ODD,Not Predicted,,0.0,0
2058900448,R,R,R,W,RRRW,ODD,Not Predicted,,0.0,0
2058900449,R,R,W,R,RRWR,ODD,Not Predicted,,0.0,0
2058900450,R,W,W,W,RWWW,ODD,Not Predicted,,0.0,0
2058900451,W,R,W,W,WRWW,ODD,Not Predicted,,0.0,0
2058900452,R,W,W,W,RWWW,ODD,Not Predicted,,0.0,0
2058900453,R,R,W,W,RRWW,EVEN,Not Predicted,,0.0,0
2058900454,R,W,R,W,RWRW,EVEN,Not Predicted,,0.0,0
2058900455,W,R,W,R,WRWR,EVEN,Not Predicted,,0.0,0
2058900456,W,W,R,R,WWRR,EVEN,Not Predicted,,0.0,0
2058900457,W,W,R,R,WWRR,EVEN,Not Predicted,,0.0,0
2058900458,R,W,W,R,RWWR,EVEN,Not Predicted,,0.0,0
2058900459,R,W,W,W,RWWW,ODD,Not Predicted,,0.0,0
2058900460,W,W,W,R,WWWR,ODD,Not Predicted,,0.0,0
2058900461,R,R,W,W,RRWW,EVEN,Not Predicted,,0.0,0
2058900462,R,R,W,W,RRWW,EVEN,Not Predicted,,0.0,0
2058900463,W,W,R,W,WWRW,ODD,Not Predicted,,0.0,0
2058900464,W,R,R,R,WRRR,ODD,Not Predicted,,0.0,0
2058900465,W,R,W,R,WRWR,EVEN,Not Predicted,,0.0,0
2058900466,R,W,R,W,RWRW,EVEN,Not Predicted,,0.0,0
2058900467,R,W,W,W,RWWW,ODD,Not Predicted,,0.0,0
2058900468,W,R,W,R,WRWR,EVEN,Not Predicted,,0.0,0
2058900469,W,R,W,W,WRWW,ODD,Not Predicted,,0.0,0
2058900470,W,R,R,W,WRRW,EVEN,Not Predicted,,0.0,0
2058900471,W,W,W,W,WWWW,EVEN,Not Predicted,,0.0,0
2058900472,R,R,W,R,RRWR,ODD,Not Predicted,,0.0,0
2058900473,R,R,W,W,RRWW,EVEN,Not Predicted,,0.0,0
2058900474,R,W,R,R,RWRR,ODD,Not Predicted,,0.0,0
2058900475,W,R,R,R,WRRR,ODD,Not Predicted,,0.0,0
2058900476,W,W,W,R,WWWR,ODD,Not Predicted,,0.0,0
2058900477,W,R,W,R,WRWR,EVEN,Not Predicted,,0.0,0
2058900478,R,R,W,W,RRWW,EVEN,Not Predicted,,0.0,0
2058900479,W,W,R,R,WWRR,EVEN,Not Predicted,,0.0,0
2058900480,W,R,W,R,WRWR,EVEN,Not Predicted,,0.0,0
2059000001,R,W,W,W,RWWW,ODD,Not Predicted,,0.0,0
2059000002,R,W,R,W,RWRW,EVEN,Not Predicted,,0.0,0
2059000003,R,R,W,W,RRWW,EVEN,Not Predicted,,0.0,0
2059000004,R,R,R,R,RRRR,EVEN,Not Predicted,,0.0,0
2059000005,R,R,W,R,RRWR,ODD,Not Predicted,,0.0,0
2059000006,W,W,R,R,WWRR,EVEN,Not Predicted,,0.0,0
2059000007,R,R,R,W,RRRW,ODD,Not Predicted,,0.0,0
2059000008,W,R,W,W,WRWW,ODD,Not Predicted,,0.0,0
2059000009,W,W,R,R,WWRR,EVEN,Not Predicted,,0.0,0
2059000010,R,W,R,R,RWRR,ODD,Not Predicted,,0.0,0
2059000011,W,W,W,R,WWWR,ODD,Not Predicted,,0.0,0
2059000012,R,R,R,R,RRRR,EVEN,Not Predicted,,0.0,0
2059000013,W,R,R,R,WRRR,ODD,Not Predicted,,0.0,0
2059000014,W,W,R,R,WWRR,EVEN,Not Predicted,,0.0,0
2059000015,R,R,R,R,RRRR,EVEN,Not Predicted,,0.0,0
2059000016,W,R,R,W,WRRW,EVEN,Not Predicted,,0.0,0
2059000017,R,W,W,R,RWWR,EVEN,Not Predicted,,0.0,0
2059000018,W,W,R,R,WWRR,EVEN,Not Predicted,,0.0,0
2059000019,W,W,R,R,WWRR,EVEN,Not Predicted,,0.0,0
2059000020,R,W,W,R,RWWR,EVEN,Not Predicted,,0.0,0
2059000021,R,R,R,R,RRRR,EVEN,Not Predicted,,0.0,0
2059000022,W,W,W,W,WWWW,EVEN,Not Predicted,,0.0,0
2059000023,R,W,W,W,RWWW,ODD,Not Predicted,,0.0,0
2059000024,W,R,W,W,WRWW,ODD,Not Predicted,,0.0,0
2059000025,W,R,R,W,WRRW,EVEN,Not Predicted,,0.0,0
2059000026,R,W,R,R,RWRR,ODD,Not Predicted,,0.0,0
2059000027,W,W,W,W,WWWW,EVEN,Not Predicted,,0.0,0
2059000028,W,W,W,R,WWWR,ODD,Not Predicted,,0.0,0
2059000029,W,W,W,R,WWWR,ODD,Not Predicted,,0.0,0
2059000030,R,R,W,W,RRWW,EVEN,Not Predicted,,0.0,0
2059000031,W,W,R,R,WWRR,EVEN,Not Predicted,,0.0,0
2059000032,R,W,R,W,RWRW,EVEN,Not Predicted,,0.0,0
2059000033,R,W,W,R,RWWR,EVEN,Not Predicted,,0.0,0
2059000034,R,R,W,W,RRWW,EVEN,Not Predicted,,0.0,0
2059000035,R,W,R,W,RWRW,EVEN,Not Predicted,,0.0,0
2059000036,W,R,R,R,WRRR,ODD,Not Predicted,,0.0,0
2059000037,R,W,R,W,RWRW,EVEN,Not Predicted,,0.0,0
2059000038,W,R,W,W,WRWW,ODD,Not Predicted,,0.0,0
2059000039,R,R,R,R,RRRR,EVEN,Not Predicted,,0.0,0
2059000040,R,R,W,R,RRWR,ODD,Not Predicted,,0.0,0
2059000041,W,R,W,R,WRWR,EVEN,Not Predicted,,0.0,0
2059000042,R,W,W,R,RWWR,EVEN,Not Predicted,,0.0,0
2059000043,W,W,R,W,WWRW,ODD,Not Predicted,,0.0,0
2059000044,W,W,W,R,WWWR,ODD,Not Predicted,,0.0,0
2059000045,W,R,R,W,WRRW,EVEN,Not Predicted,,0.0,0
2059000046,R,R,W,W,RRWW,EVEN,Not Predicted,,0.0,0
2059000047,R,R,R,R,RRRR,EVEN,Not Predicted,,0.0,0
2059000048,W,W,W,W,WWWW,EVEN,Not Predicted,,0.0,0
2059000049,R,W,R,W,RWRW,EVEN,Not Predicted,,0.0,0
2059000050,W,W,R,R,WWRR,EVEN,Not Predicted,,0.0,0
2059000051,W,W,R,W,WWRW,ODD,Not Predicted,,0.0,0
2059000052,W,R,R,R,WRRR,ODD,Not Predicted,,0.0,0
2059000053,W,W,R,R,WWRR,EVEN,Not Predicted,,0.0,0
2059000054,W,R,W,R,WRWR,EVEN,Not Predicted,,0.0,0
2059000055,W,W,W,W,WWWW,EVEN,Not Predicted,,0.0,0
2059000056,R,W,R,W,RWRW,EVEN,Not Predicted,,0.0,0
2059000057,R,W,W,R,RWWR,EVEN,Not Predicted,,0.0,0
2059000058,R,W,R,R,RWRR,ODD,Not Predicted,,0.0,0
2059000059,R,W,W,R,RWWR,EVEN,Not Predicted,,0.0,0
2059000060,W,W,R,R,WWRR,EVEN,Not Predicted,,0.0,0
2059000061,W,W,W,W,WWWW,EVEN,Not Predicted,,0.0,0
2059000062,W,R,W,R,WRWR,EVEN,Not Predicted,,0.0,0
2059000063,W,R,R,W,WRRW,EVEN,Not Predicted,,0.0,0
2059000064,R,W,R,W,RWRW,EVEN,Not Predicted,,0.0,0
2059000065,R,W,R,R,RWRR,ODD,Not Predicted,,0.0,0
2059000066,W,W,W,R,WWWR,ODD,Not Predicted,,0.0,0
2059000067,W,R,R,W,WRRW,EVEN,Not Predicted,,0.0,0
2059000068,R,W,W,R,RWWR,EVEN,Not Predicted,,0.0,0
2059000069,R,R,W,W,RRWW,EVEN,Not Predicted,,0.0,0
2059000070,W,R,R,W,WRRW,EVEN,Not Predicted,,0.0,0
2059000071,R,W,W,W,RWWW,ODD,Not Predicted,,0.0,0
2059000072,W,W,R,R,WWRR,EVEN,Not Predicted,,0.0,0
2059000073,W,W,W,W,WWWW,EVEN,Not Predicted,,0.0,0
2059000074,R,R,W,R,RRWR,ODD,Not Predicted,,0.0,0
2059000075,R,R,R,R,RRRR,EVEN,Not Predicted,,0.0,0
2059000076,R,W,R,W,RWRW,EVEN,Not Predicted,,0.0,0
2059000077,R,W,W,R,RWWR,EVEN,Not Predicted,,0.0,0
2059000078,W,R,R,R,WRRR,ODD,Not Predicted,,0.0,0
2059000079,W,R,W,R,WRWR,EVEN,Not Predicted,,0.0,0
2059000080,W,W,R,W,WWRW,ODD,Not Predicted,,0.0,0
2059000081,R,W,R,W,RWRW,EVEN,Not Predicted,,0.0,0
2059000082,W,W,R,R,WWRR,EVEN,Not Predicted,,0.0,0
2059000083,R,W,W,W,RWWW,ODD,Not Predicted,,0.0,0
2059000084,R,W,W,R,RWWR,EVEN,Not Predicted,,0.0,0
2059000085,R,W,W,W,RWWW,ODD,Not Predicted,,0.0,0
2059000086,R,R,R,W,RRRW,ODD,Not Predicted,,0.0,0
2059000087,R,W,W,R,RWWR,EVEN,Not Predicted,,0.0,0
2059000088,R,R,R,R,RRRR,EVEN,Not Predicted,,0.0,0
2059000089,W,W,R,R,WWRR,EVEN,Not Predicted,,0.0,0
2059000090,R,R,R,W,RRRW,ODD,Not Predicted,,0.0,0
2059000091,R,R,W,W,RRWW,EVEN,Not Predicted,,0.0,0
2059000092,W,R,R,W,WRRW,EVEN,Not Predicted,,0.0,0
2059000093,W,W,R,W,WWRW,ODD,Not Predicted,,0.0,0
2059000094,W,R,W,R,WRWR,EVEN,Not Predicted,,0.0,0
2059000095,R,R,R,R,RRRR,EVEN,Not Predicted,,0.0,0
2059000096,W,W,W,W,WWWW,EVEN,Not Predicted,,0.0,0
2059000097,W,R,R,R,WRRR,ODD,Not Predicted,,0.0,0
2059000098,R,W,R,W,RWRW,EVEN,Not Predicted,,0.0,0
2059000099,R,R,W,W,RRWW,EVEN,Not Predicted,,0.0,0
2059000100,W,R,R,W,WRRW,EVEN,Not Predicted,,0.0,0
2059000101,R,R,R,R,RRRR,EVEN,Not Predicted,,0.0,0
2059000102,W,R,W,W,WRWW,ODD,Not Predicted,,0.0,0
2059000103,W,R,R,R,WRRR,ODD,Not Predicted,,0.0,0
2059000104,W,W,W,W,WWWW,EVEN,Not Predicted,,0.0,0
2059000105,W,W,R,W,WWRW,ODD,Not Predicted,,0.0,0
2059000106,W,R,R,W,WRRW,EVEN,Not Predicted,,0.0,0
2059000107,R,W,R,R,RWRR,ODD,Not Predicted,,0.0,0
2059000108,R,R,W,W,RRWW,EVEN,Not Predicted,,0.0,0
2059000109,W,W,R,W,WWRW,ODD,Not Predicted,,0.0,0
2059000110,W,W,R,W,WWRW,ODD,Not Predicted,,0.0,0
2059000111,W,W,R,R,WWRR,EVEN,Not Predicted,,0.0,0
2059000112,R,R,W,R,RRWR,ODD,Not Predicted,,0.0,0
2059000113,R,W,R,W,RWRW,EVEN,Not Predicted,,0.0,0
2059000114,R,R,R,W,RRRW,ODD,Not Predicted,,0.0,0
2059000115,W,R,R,R,WRRR,ODD,Not Predicted,,0.0,0
2059000116,W,W,W,R,WWWR,ODD,Not Predicted,,0.0,0
2059000117,W,R,W,R,WRWR,EVEN,Not Predicted,,0.0,0
2059000118,R,R,R,R,RRRR,EVEN,Not Predicted,,0.0,0
2059000119,R,R,R,W,RRRW,ODD,Not Predicted,,0.0,0
2059000120,W,R,R,R,WRRR,ODD,Not Predicted,,0.0,0
2059000121,W,W,W,W,WWWW,EVEN,Not Predicted,,0.0,0
2059000122,R,R,W,W,RRWW,EVEN,Not Predicted,,0.0,0
2059000123,W,R,W,W,WRWW,ODD,Not Predicted,,0.0,0
2059000124,R,W,W,W,RWWW,ODD,Not Predicted,,0.0,0
2059000125,R,R,W,W,RRWW,EVEN,Not Predicted,,0.0,0
2059000126,R,R,W,R,RRWR,ODD,Not Predicted,,0.0,0
2059000127,R,R,W,W,RRWW,EVEN,Not Predicted,,0.0,0
2059000128,W,W,W,R,WWWR,ODD,Not Predicted,,0.0,0
2059000129,W,W,W,R,WWWR,ODD,Not Predicted,,0.0,0
2059000130,W,W,R,W,WWRW,ODD,Not Predicted,,0.0,0
2059000131,W,R,R,R,WRRR,ODD,Not Predicted,,0.0,0
2059000132,W,R,R,W,WRRW,EVEN,Not Predicted,,0.0,0
2059000133,R,W,R,R,RWRR,ODD,Not Predicted,,0.0,0
2059000134,W,R,W,W,WRWW,ODD,Not Predicted,,0.0,0
2059000135,W,R,R,R,WRRR,ODD,Not Predicted,,0.0,0
2059000136,R,R,W,R,RRWR,ODD,Not Predicted,,0.0,0
2059000137,W,W,R,R,WWRR,EVEN,Not Predicted,,0.0,0
2059000138,W,W,W,W,WWWW,EVEN,Not Predicted,,0.0,0
2059000139,R,W,W,R,RWWR,EVEN,Not Predicted,,0.0,0
2059000140,R,W,W,W,RWWW,ODD,Not Predicted,,0.0,0
2059000141,R,R,R,W,RRRW,ODD,Not Predicted,,0.0,0
2059000142,W,W,W,W,WWWW,EVEN,Not Predicted,,0.0,0
2059000143,W,R,R,W,WRRW,EVEN,Not Predicted,,0.0,0
2059000144,W,R,R,W,WRRW,EVEN,Not Predicted,,0.0,0
2059000145,W,W,W,R,WWWR,ODD,Not Predicted,,0.0,0
2059000146,W,W,W,W,WWWW,EVEN,Not Predicted,,0.0,0
2059000147,W,W,R,W,WWRW,ODD,Not Predicted,,0.0,0
2059000148,R,W,W,R,RWWR,EVEN,Not Predicted,,0.0,0
2059000149,R,W,W,R,RWWR,EVEN,Not Predicted,,0.0,0
2059000150,R,R,R,W,RRRW,ODD,Not Predicted,,0.0,0
2059000151,W,W,R,W,WWRW,ODD,Not Predicted,,0.0,0
2059000152,R,R,W,W,RRWW,EVEN,Not Predicted,,0.0,0
2059000153,W,R,W,R,WRWR,EVEN,Not Predicted,,0.0,0
2059000154,R,R,W,W,RRWW,EVEN,Not Predicted,,0.0,0
2059000155,R,R,R,R,RRRR,EVEN,Not Predicted,,0.0,0
2059000156,R,R,R,W,RRRW,ODD,Not Predicted,,0.0,0
2059000157,W,R,W,R,WRWR,EVEN,Not Predicted,,0.0,0
2059000158,R,W,W,R,RWWR,EVEN,Not Predicted,,0.0,0
2059000159,R,W,R,W,RWRW,EVEN,Not Predicted,,0.0,0
2059000160,W,R,W,W,WRWW,ODD,Not Predicted,,0.0,0
2059000161,R,R,W,W,RRWW,EVEN,Not Predicted,,0.0,0
2059000162,W,R,R,R,WRRR,ODD,Not Predicted,,0.0,0
2059000163,R,W,R,R,RWRR,ODD,Not Predicted,,0.0,0
2059000164,W,W,R,W,WWRW,ODD,Not Predicted,,0.0,0
2059000165,W,W,R,W,WWRW,ODD,Not Predicted,,0.0,0
2059000166,R,W,R,R,RWRR,ODD,Not Predicted,,0.0,0
2059000167,W,R,R,R,WRRR,ODD,Not Predicted,,0.0,0
2059000168,R,W,R,R,RWRR,ODD,Not Predicted,,0.0,0
2059000169,W,R,R,W,WRRW,EVEN,Not Predicted,,0.0,0
2059000170,W,R,R,R,WRRR,ODD,Not Predicted,,0.0,0
2059000171,R,W,R,R,RWRR,ODD,Not Predicted,,0.0,0
2059000172,W,R,W,W,WRWW,ODD,Not Predicted,,0.0,0
2059000173,W,W,R,R,WWRR,EVEN,Not Predicted,,0.0,0
2059000174,R,R,R,R,RRRR,EVEN,Not Predicted,,0.0,0
2059000175,W,W,W,W,WWWW,EVEN,Not Predicted,,0.0,0
2059000176,W,W,R,R,WWRR,EVEN,Not Predicted,,0.0,0
2059000177,R,W,R,R,RWRR,ODD,Not Predicted,,0.0,0
2059000178,W,W,W,W,WWWW,EVEN,Not Predicted,,0.0,0
2059000179,W,W,W,R,WWWR,ODD,Not Predicted,,0.0,0
2059000180,W,W,W,R,WWWR,ODD,Not Predicted,,0.0,0
2059000181,W,R,W,W,WRWW,ODD,Not Predicted,,0.0,0
2059000182,R,W,R,R,RWRR,ODD,Not Predicted,,0.0,0
2059000183,W,R,R,W,WRRW,EVEN,Not Predicted,,0.0,0
2059000184,R,R,R,R,RRRR,EVEN,Not Predicted,,0.0,0
2059000185,R,R,W,R,RRWR,ODD,Not Predicted,,0.0,0
2059000186,R,R,W,R,RRWR,ODD,Not Predicted,,0.0,0
2059000187,R,W,R,R,RWRR,ODD,Not Predicted,,0.0,0
2059000188,R,W,R,R,RWRR,ODD,Not Predicted,,0.0,0
2059000189,W,W,W,R,WWWR,ODD,Not Predicted,,0.0,0
2059000190,R,W,W,W,RWWW,ODD,Not Predicted,,0.0,0
2059000191,W,R,W,R,WRWR,EVEN,Not Predicted,,0.0,0
2059000192,W,W,W,R,WWWR,ODD,Not Predicted,,0.0,0
2059000193,W,R,R,W,WRRW,EVEN,Not Predicted,,0.0,0
2059000194,R,R,W,W,RRWW,EVEN,Not Predicted,,0.0,0
2059000195,W,R,R,R,WRRR,ODD,Not Predicted,,0.0,0
2059000196,R,R,W,W,RRWW,EVEN,Not Predicted,,0.0,0
2059000197,R,W,R,W,RWRW,EVEN,Not Predicted,,0.0,0
2059000198,W,W,W,W,WWWW,EVEN,Not Predicted,,0.0,0
2059000199,R,R,R,R,RRRR,EVEN,Not Predicted,,0.0,0
2059000200,W,W,R,W,WWRW,ODD,Not Predicted,,0.0,0
2059000201,W,W,R,R,WWRR,EVEN,Not Predicted,,0.0,0
2059000202,R,W,W,W,RWWW,ODD,Not Predicted,,0.0,0
2059000203,W,W,R,R,WWRR,EVEN,Not Predicted,,0.0,0
2059000204,R,W,W,W,RWWW,ODD,Not Predicted,,0.0,0
2059000205,W,R,R,W,WRRW,EVEN,Not Predicted,,0.0,0
2059000206,W,R,R,W,WRRW,EVEN,Not Predicted,,0.0,0
2059000207,W,R,W,R,WRWR,EVEN,Not Predicted,,0.0,0
2059000208,R,W,R,W,RWRW,EVEN,Not Predicted,,0.0,0
2059000209,R,R,W,W,RRWW,EVEN,Not Predicted,,0.0,0
2059000210,W,W,R,R,WWRR,EVEN,Not Predicted,,0.0,0
2059000211,W,R,R,W,WRRW,EVEN,Not Predicted,,0.0,0
2059000212,W,R,R,W,WRRW,EVEN,Not Predicted,,0.0,0
2059000213,R,R,W,R,RRWR,ODD,Not Predicted,,0.0,0
2059000214,W,R,R,R,WRRR,ODD,Not Predicted,,0.0,0
2059000215,R,R,W,R,RRWR,ODD,Not Predicted,,0.0,0
2059000216,R,R,R,R,RRRR,EVEN,Not Predicted,,0.0,0
2059000217,R,R,R,R,RRRR,EVEN,Not Predicted,,0.0,0
2059000218,R,W,R,W,RWRW,EVEN,Not Predicted,,0.0,0
2059000219,R,W,R,R,RWRR,ODD,Not Predicted,,0.0,0
2059000220,R,W,W,R,RWWR,EVEN,Not Predicted,,0.0,0
2059000221,W,R,R,W,WRRW,EVEN,Not Predicted,,0.0,0
2059000222,W,W,W,R,WWWR,ODD,Not Predicted,,0.0,0
2059000223,W,W,R,R,WWRR,EVEN,Not Predicted,,0.0,0
2059000224,W,W,W,W,WWWW,EVEN,Not Predicted,,0.0,0
2059000225,W,W,R,R,WWRR,EVEN,Not Predicted,,0.0,0
2059000226,W,R,W,W,WRWW,ODD,Not Predicted,,0.0,0
2059000227,R,R,W,W,RRWW,EVEN,Not Predicted,,0.0,0
2059000228,W,R,W,W,WRWW,ODD,Not Predicted,,0.0,0
2059000229,W,R,W,W,WRWW,ODD,Not Predicted,,0.0,0
2059000230,R,R,W,W,RRWW,EVEN,Not Predicted,,0.0,0
2059000231,R,R,W,W,RRWW,EVEN,Not Predicted,,0.0,0
2059000232,W,R,W,R,WRWR,EVEN,Not Predicted,,0.0,0
2059000233,W,W,R,R,WWRR,EVEN,Not Predicted,,0.0,0
2059000234,W,R,R,W,WRRW,EVEN,Not Predicted,,0.0,0
2059000235,W,W,R,R,WWRR,EVEN,Not Predicted,,0.0,0
2059000236,R,W,W,W,RWWW,ODD,Not Predicted,,0.0,0
2059000237,R,W,W,W,RWWW,ODD,Not Predicted,,0.0,0
2059000238,W,W,W,W,WWWW,EVEN,Not Predicted,,0.0,0
2059000239,W,W,W,R,WWWR,ODD,Not Predicted,,0.0,0
2059000240,R,R,R,R,RRRR,EVEN,Not Predicted,,0.0,0
2059000241,W,R,W,R,WRWR,EVEN,Not Predicted,,0.0,0
2059000242,W,R,W,R,WRWR,EVEN,Not Predicted,,0.0,0
2059000243,W,R,W,R,WRWR,EVEN,Not Predicted,,0.0,0
2059000244,R,R,R,W,RRRW,ODD,Not Predicted,,0.0,0
2059000245,W,R,W,R,WRWR,EVEN,Not Predicted,,0.0,0
2059000246,W,R,W,W,WRWW,ODD,Not Predicted,,0.0,0
2059000247,R,W,R,R,RWRR,ODD,Not Predicted,,0.0,0
2059000248,W,R,W,W,WRWW,ODD,Not Predicted,,0.0,0
2059000249,W,R,W,W,WRWW,ODD,Not Predicted,,0.0,0
2059000250,W,R,R,W,WRRW,EVEN,Not Predicted,,0.0,0
2059000251,W,R,W,W,WRWW,ODD,Not Predicted,,0.0,0
2059000252,R,W,R,R,RWRR,ODD,Not Predicted,,0.0,0
2059000253,R,R,W,W,RRWW,EVEN,Not Predicted,,0.0,0
2059000254,R,W,R,R,RWRR,ODD,Not Predicted,,0.0,0
2059000255,R,R,W,R,RRWR,ODD,Not Predicted,,0.0,0
2059000256,R,R,R,W,RRRW,ODD,Not Predicted,,0.0,0
2059000257,R,R,W,W,RRWW,EVEN,Not Predicted,,0.0,0
2059000258,W,R,W,W,WRWW,ODD,Not Predicted,,0.0,0
2059000259,W,W,R,R,WWRR,EVEN,Not Predicted,,0.0,0
2059000260,W,W,R,R,WWRR,EVEN,Not Predicted,,0.0,0
2059000261,W,R,W,W,WRWW,ODD,Not Predicted,,0.0,0
2059000262,W,R,W,W,WRWW,ODD,Not Predicted,,0.0,0
2059000263,R,W,R,R,RWRR,ODD,Not Predicted,,0.0,0
2059000264,W,R,W,W,WRWW,ODD,Not Predicted,,0.0,0
2059000265,W,R,W,W,WRWW,ODD,Not Predicted,,0.0,0
2059000266,R,W,R,R,RWRR,ODD,Not Predicted,,0.0,0
2059000267,W,W,R,R,WWRR,EVEN,Not Predicted,,0.0,0
2059000268,R,W,W,W,RWWW,ODD,Not Predicted,,0.0,0
2059000269,R,W,W,R,RWWR,EVEN,Not Predicted,,0.0,0
2059000270,W,W,W,R,WWWR,ODD,Not Predicted,,0.0,0
2059000271,W,R,W,W,WRWW,ODD,Not Predicted,,0.0,0
2059000272,W,W,W,W,WWWW,EVEN,Not Predicted,,0.0,0
2059000273,W,W,R,W,WWRW,ODD,Not Predicted,,0.0,0
2059000274,W,W,W,W,WWWW,EVEN,Not Predicted,,0.0,0
2059000275,W,R,W,R,WRWR,EVEN,Not Predicted,,0.0,0
2059000276,R,W,R,R,RWRR,ODD,Not Predicted,,0.0,0
2059000277,R,W,R,W,RWRW,EVEN,Not Predicted,,0.0,0
2059000278,R,W,W,W,RWWW,ODD,Not Predicted,,0.0,0
2059000279,W,R,W,W,WRWW,ODD,Not Predicted,,0.0,0
2059000280,R,R,W,W,RRWW,EVEN,Not Predicted,,0.0,0
2059000281,W,W,R,R,WWRR,EVEN,Not Predicted,,0.0,0
2059000282,W,W,R,W,WWRW,ODD,Not Predicted,,0.0,0
2059000283,W,R,W,W,WRWW,ODD,Not Predicted,,0.0,0
2059000284,W,R,R,W,WRRW,EVEN,Not Predicted,,0.0,0
2059000285,W,R,R,W,WRRW,EVEN,Not Predicted,,0.0,0
2059000286,W,W,R,W,WWRW,ODD,Not Predicted,,0.0,0
2059000287,W,W,W,R,WWWR,ODD,Not Predicted,,0.0,0
2059000288,W,W,R,R,WWRR,EVEN,Not Predicted,,0.0,0
2059000289,W,W,R,W,WWRW,ODD,Not Predicted,,0.0,0
2059000290,W,R,R,R,WRRR,ODD,Not Predicted,,0.0,0
2059000291,R,R,W,R,RRWR,ODD,Not Predicted,,0.0,0
2059000292,W,R,R,R,WRRR,ODD,Not Predicted,,0.0,0
2059000293,R,W,R,R,RWRR,ODD,Not Predicted,,0.0,0
2059000294,W,W,R,W,WWRW,ODD,Not Predicted,,0.0,0
2059000295,R,R,R,W,RRRW,ODD,Not Predicted,,0.0,0
2059000296,R,W,R,W,RWRW,EVEN,Not Predicted,,0.0,0
2059000297,W,W,W,R,WWWR,ODD,Not Predicted,,0.0,0
2059000298,W,W,W,R,WWWR,ODD,Not Predicted,,0.0,0
2059000299,W,W,W,W,WWWW,EVEN,Not Predicted,,0.0,0
2059000300,R,W,W,R,RWWR,EVEN,Not Predicted,,0.0,0
2059000301,W,W,R,W,WWRW,ODD,Not Predicted,,0.0,0
2059000302,W,R,R,W,WRRW,EVEN,Not Predicted,,0.0,0
2059000303,R,R,R,R,RRRR,EVEN,Not Predicted,,0.0,0
2059000304,W,R,R,W,WRRW,EVEN,Not Predicted,,0.0,0
2059000305,R,R,R,R,RRRR,EVEN,Not Predicted,,0.0,0
2059000306,W,R,W,W,WRWW,ODD,Not Predicted,,0.0,0
2059000307,R,R,W,W,RRWW,EVEN,Not Predicted,,0.0,0
2059000308,W,W,R,R,WWRR,EVEN,Not Predicted,,0.0,0
2059000309,R,W,R,W,RWRW,EVEN,Not Predicted,,0.0,0
2059000310,W,R,R,R,WRRR,ODD,Not Predicted,,0.0,0
2059000311,R,W,R,R,RWRR,ODD,Not Predicted,,0.0,0
2059000312,R,R,W,W,RRWW,EVEN,Not Predicted,,0.0,0
2059000313,R,R,R,W,RRRW,ODD,Not Predicted,,0.0,0
2059000314,R,R,W,R,RRWR,ODD,Not Predicted,,0.0,0
2059000315,R,R,W,R,RRWR,ODD,Not Predicted,,0.0,0
2059000316,R,R,W,W,RRWW,EVEN,Not Predicted,,0.0,0
2059000317,W,R,W,R,WRWR,EVEN,Not Predicted,,0.0,0
2059000318,W,R,R,W,WRRW,EVEN,Not Predicted,,0.0,0
2059000319,W,W,W,W,WWWW,EVEN,Not Predicted,,0.0,0
2059000320,W,R,W,W,WRWW,ODD,Not Predicted,,0.0,0
2059000321,R,W,R,W,RWRW,EVEN,Not Predicted,,0.0,0
2059000322,W,R,R,R,WRRR,ODD,Not Predicted,,0.0,0
2059000323,W,R,W,R,WRWR,EVEN,Not Predicted,,0.0,0
2059000324,W,R,R,R,WRRR,ODD,Not Predicted,,0.0,0
2059000325,W,W,W,R,WWWR,ODD,Not Predicted,,0.0,0
2059000326,W,R,R,W,WRRW,EVEN,Not Predicted,,0.0,0
2059000327,R,W,W,W,RWWW,ODD,Not Predicted,,0.0,0
2059000328,W,W,R,W,WWRW,ODD,Not Predicted,,0.0,0
2059000329,R,W,R,R,RWRR,ODD,Not Predicted,,0.0,0
2059000330,R,W,W,W,RWWW,ODD,Not Predicted,,0.0,0
2059000331,W,R,W,R,WRWR,EVEN,Not Predicted,,0.0,0
2059000332,W,R,W,R,WRWR,EVEN,Not Predicted,,0.0,0
2059000333,W,R,R,R,WRRR,ODD,Not Predicted,,0.0,0
2059000334,R,R,R,W,RRRW,ODD,Not Predicted,,0.0,0
2059000335,R,R,W,W,RRWW,EVEN,Not Predicted,,0.0,0
2059000336,W,R,R,W,WRRW,EVEN,Not Predicted,,0.0,0
2059000337,R,R,W,R,RRWR,ODD,Not Predicted,,0.0,0
2059000338,W,R,W,W,WRWW,ODD,Not Predicted,,0.0,0
2059000339,R,R,R,W,RRRW,ODD,Not Predicted,,0.0,0
2059000340,R,W,W,W,RWWW,ODD,Not Predicted,,0.0,0
2059000341,W,W,R,R,WWRR,EVEN,Not Predicted,,0.0,0
2059000342,W,W,R,R,WWRR,EVEN,Not Predicted,,0.0,0
2059000343,R,W,W,W,RWWW,ODD,Not Predicted,,0.0,0
2059000344,W,R,W,W,WRWW,ODD,Not Predicted,,0.0,0
2059000345,W,W,W,W,WWWW,EVEN,Not Predicted,,0.0,0
2059000346,W,W,W,R,WWWR,ODD,Not Predicted,,0.0,0
2059000347,W,R,R,W,WRRW,EVEN,Not Predicted,,0.0,0
2059000348,R,R,W,R,RRWR,ODD,Not Predicted,,0.0,0
2059000349,R,R,R,W,RRRW,ODD,Not Predicted,,0.0,0
2059000350,W,W,W,R,WWWR,ODD,Not Predicted,,0.0,0
2059000351,R,R,W,R,RRWR,ODD,Not Predicted,,0.0,0
2059000352,W,R,W,R,WRWR,EVEN,Not Predicted,,0.0,0
2059000353,R,W,R,W,RWRW,EVEN,Not Predicted,,0.0,0
2059000354,W,W,R,R,WWRR,EVEN,Not Predicted,,0.0,0
2059000355,R,W,R,W,RWRW,EVEN,Not Predicted,,0.0,0
2059000356,R,R,W,W,RRWW,EVEN,Not Predicted,,0.0,0
2059000357,R,W,R,R,RWRR,ODD,Not Predicted,,0.0,0
2059000358,W,R,W,W,WRWW,ODD,Not Predicted,,0.0,0
2059000359,R,W,W,R,RWWR,EVEN,Not Predicted,,0.0,0
2059000360,R,W,R,R,RWRR,ODD,Not Predicted,,0.0,0
2059000361,R,R,W,W,RRWW,EVEN,Not Predicted,,0.0,0
2059000362,W,W,R,R,WWRR,EVEN,Not Predicted,,0.0,0
2059000363,R,W,W,R,RWWR,EVEN,Not Predicted,,0.0,0
2059000364,W,W,R,W,WWRW,ODD,Not Predicted,,0.0,0
2059000365,W,W,R,W,WWRW,ODD,Not Predicted,,0.0,0
2059000366,W,W,W,W,WWWW,EVEN,Not Predicted,,0.0,0
2059000367,R,R,W,W,RRWW,EVEN,Not Predicted,,0.0,0
2059000368,R,R,W,R,RRWR,ODD,Not Predicted,,0.0,0
2059000369,R,R,W,W,RRWW,EVEN,Not Predicted,,0.0,0
2059000370,R,R,W,W,RRWW,EVEN,Not Predicted,,0.0,0
2059000371,W,R,R,W,WRRW,EVEN,Not Predicted,,0.0,0
2059000372,R,W,W,W,RWWW,ODD,Not Predicted,,0.0,0
2059000373,W,W,R,W,WWRW,ODD,Not Predicted,,0.0,0
2059000374,W,R,W,W,WRWW,ODD,Not Predicted,,0.0,0
2059000375,R,W,W,R,RWWR,EVEN,Not Predicted,,0.0,0
2059000376,W,W,W,W,WWWW,EVEN,Not Predicted,,0.0,0
2059000377,R,W,W,W,RWWW,ODD,Not Predicted,,0.0,0
2059000378,W,R,R,R,WRRR,ODD,Not Predicted,,0.0,0
2059000379,W,R,R,W,WRRW,EVEN,Not Predicted,,0.0,0
2059000380,R,W,W,W,RWWW,ODD,Not Predicted,,0.0,0
2059000381,R,W,W,W,RWWW,ODD,Not Predicted,,0.0,0
2059000382,W,R,R,W,WRRW,EVEN,Not Predicted,,0.0,0
2059000383,W,R,R,W,WRRW,EVEN,Not Predicted,,0.0,0
2059000384,R,R,R,W,RRRW,ODD,Not Predicted,,0.0,0
2059000385,W,W,R,R,WWRR,EVEN,Not Predicted,,0.0,0
2059000386,R,R,R,W,RRRW,ODD,Not Predicted,,0.0,0
2059000387,R,R,W,W,RRWW,EVEN,Not Predicted,,0.0,0
2059000388,R,W,W,R,RWWR,EVEN,Not Predicted,,0.0,0
2059000389,R,W,W,R,RWWR,EVEN,Not Predicted,,0.0,0
2059000390,W,R,W,W,WRWW,ODD,Not Predicted,,0.0,0
2059000391,R,R,R,R,RRRR,EVEN,Not Predicted,,0.0,0
2059000392,W,W,W,R,WWWR,ODD,Not Predicted,,0.0,0
2059000393,R,W,W,W,RWWW,ODD,Not Predicted,,0.0,0
2059000394,W,R,W,R,WRWR,EVEN,Not Predicted,,0.0,0
2059000395,W,W,W,R,WWWR,ODD,Not Predicted,,0.0,0
2059000396,R,R,W,W,RRWW,EVEN,Not Predicted,,0.0,0
2059000397,R,R,R,R,RRRR,EVEN,Not Predicted,,0.0,0
2059000398,R,W,W,W,RWWW,ODD,Not Predicted,,0.0,0
2059000399,W,R,W,W,WRWW,ODD,Not Predicted,,0.0,0
2059000400,W,R,W,R,WRWR,EVEN,Not Predicted,,0.0,0
2059000401,R,R,R,R,RRRR,EVEN,Not Predicted,,0.0,0
2059000402,R,W,R,R,RWRR,ODD,Not Predicted,,0.0,0
2059000403,R,W,R,W,RWRW,EVEN,Not Predicted,,0.0,0
2059000404,R,W,W,W,RWWW,ODD,Not Predicted,,0.0,0
2059000405,W,W,R,W,WWRW,ODD,Not Predicted,,0.0,0
2059000406,W,R,R,W,WRRW,EVEN,Not Predicted,,0.0,0
2059000407,W,W,W,R,WWWR,ODD,Not Predicted,,0.0,0
2059000408,R,R,W,R,RRWR,ODD,Not Predicted,,0.0,0
2059000409,W,W,R,W,WWRW,ODD,Not Predicted,,0.0,0
2059000410,W,W,W,R,WWWR,ODD,Not Predicted,,0.0,0
2059000411,W,R,R,R,WRRR,ODD,Not Predicted,,0.0,0
2059000412,R,W,R,W,RWRW,EVEN,Not Predicted,,0.0,0
2059000413,R,W,W,R,RWWR,EVEN,Not Predicted,,0.0,0
2059000414,W,W,W,R,WWWR,ODD,Not Predicted,,0.0,0
2059000415,W,W,R,R,WWRR,EVEN,Not Predicted,,0.0,0
2059000416,W,R,W,W,WRWW,ODD,Not Predicted,,0.0,0
2059000417,W,W,R,R,WWRR,EVEN,Not Predicted,,0.0,0
2059000418,R,R,R,R,RRRR,EVEN,Not Predicted,,0.0,0
2059000419,R,W,W,W,RWWW,ODD,Not Predicted,,0.0,0
2059000420,W,W,R,W,WWRW,ODD,Not Predicted,,0.0,0
2059000421,W,W,R,R,WWRR,EVEN,Not Predicted,,0.0,0
2059000422,W,W,W,W,WWWW,EVEN,Not Predicted,,0.0,0
2059000423,R,R,W,R,RRWR,ODD,Not Predicted,,0.0,0
2059000424,R,R,R,W,RRRW,ODD,Not Predicted,,0.0,0
2059000425,R,W,R,R,RWRR,ODD,Not Predicted,,0.0,0
2059000426,W,W,W,R,WWWR,ODD,Not Predicted,,0.0,0
2059000427,R,R,W,W,RRWW,EVEN,Not Predicted,,0.0,0
2059000428,R,W,W,R,RWWR,EVEN,Not Predicted,,0.0,0
2059000429,R,W,R,W,RWRW,EVEN,Not Predicted,,0.0,0
2059000430,W,W,R,R,WWRR,EVEN,Not Predicted,,0.0,0
2059000431,R,W,W,W,RWWW,ODD,Not Predicted,,0.0,0
2059000432,W,W,W,W,WWWW,EVEN,Not Predicted,,0.0,0
2059000433,R,R,R,R,RRRR,EVEN,Not Predicted,,0.0,0
2059000434,R,R,W,R,RRWR,ODD,Not Predicted,,0.0,0
2059000435,W,R,W,R,WRWR,EVEN,Not Predicted,,0.0,0
2059000436,R,R,R,W,RRRW,ODD,Not Predicted,,0.0,0
2059000437,R,W,R,R,RWRR,ODD,Not Predicted,,0.0,0
2059000438,W,R,R,W,WRRW,EVEN,Not Predicted,,0.0,0
2059000439,R,W,W,W,RWWW,ODD,Not Predicted,,0.0,0
2059000440,W,R,R,W,WRRW,EVEN,Not Predicted,,0.0,0
2059000441,W,W,R,R,WWRR,EVEN,Not Predicted,,0.0,0
2059000442,W,R,W,R,WRWR,EVEN,Not Predicted,,0.0,0
2059000443,W,R,W,W,WRWW,ODD,Not Predicted,,0.0,0
2059000444,R,W,W,W,RWWW,ODD,Not Predicted,,0.0,0
2059000445,W,W,W,R,WWWR,ODD,Not Predicted,,0.0,0
2059000446,R,W,W,R,RWWR,EVEN,Not Predicted,,0.0,0
2059000447,W,R,R,R,WRRR,ODD,Not Predicted,,0.0,0
2059000448,W,W,R,R,WWRR,EVEN,Not Predicted,,0.0,0
2059000449,W,W,W,R,WWWR,ODD,Not Predicted,,0.0,0
2059000450,W,R,W,W,WRWW,ODD,Not Predicted,,0.0,0
2059000451,R,W,R,W,RWRW,EVEN,Not Predicted,,0.0,0
2059000452,W,W,R,W,WWRW,ODD,Not Predicted,,0.0,0
2059000453,W,W,W,W,WWWW,EVEN,Not Predicted,,0.0,0
2059000454,R,W,W,R,RWWR,EVEN,Not Predicted,,0.0,0
2059000455,R,W,R,R,RWRR,ODD,Not Predicted,,0.0,0
2059000456,R,W,W,R,RWWR,EVEN,Not Predicted,,0.0,0
2059000457,W,R,W,R,WRWR,EVEN,Not Predicted,,0.0,0
2059000458,R,R,R,W,RRRW,ODD,Not Predicted,,0.0,0
2059000459,R,R,W,R,RRWR,ODD,Not Predicted,,0.0,0
2059000460,R,W,W,W,RWWW,ODD,Not Predicted,,0.0,0
2059000461,R,R,R,R,RRRR,EVEN,Not Predicted,,0.0,0
2059000462,R,R,W,R,RRWR,ODD,Not Predicted,,0.0,0
2059000463,W,W,R,W,WWRW,ODD,Not Predicted,,0.0,0
2059000464,R,W,R,W,RWRW,EVEN,Not Predicted,,0.0,0
2059000465,W,W,W,W,WWWW,EVEN,Not Predicted,,0.0,0
2059000466,R,W,R,W,RWRW,EVEN,Not Predicted,,0.0,0
2059000467,R,R,W,W,RRWW,EVEN,Not Predicted,,0.0,0
2059000468,W,W,W,R,WWWR,ODD,Not Predicted,,0.0,0
2059000469,R,W,W,W,RWWW,ODD,Not Predicted,,0.0,0
2059000470,R,W,R,R,RWRR,ODD,Not Predicted,,0.0,0
2059000471,W,R,W,R,WRWR,EVEN,Not Predicted,,0.0,0
2059000472,W,R,W,W,WRWW,ODD,Not Predicted,,0.0,0
2059000473,W,W,W,W,WWWW,EVEN,Not Predicted,,0.0,0
2059000474,R,R,R,W,RRRW,ODD,Not Predicted,,0.0,0
2059000475,R,W,R,R,RWRR,ODD,Not Predicted,,0.0,0
2059000476,R,W,W,W,RWWW,ODD,Not Predicted,,0.0,0
2059000477,R,W,W,R,RWWR,EVEN,Not Predicted,,0.0,0
2059000478,W,W,W,R,WWWR,ODD,Not Predicted,,0.0,0
2059000479,R,R,R,R,RRRR,EVEN,Not Predicted,,0.0,0
2059000480,R,R,R,W,RRRW,ODD,Not Predicted,,0.0,0
2059100001,W,W,R,R,WWRR,EVEN,Not Predicted,,0.0,0
2059100002,W,R,R,R,WRRR,ODD,Not Predicted,,0.0,0
2059100003,W,R,W,R,WRWR,EVEN,Not Predicted,,0.0,0
2059100004,R,W,W,W,RWWW,ODD,Not Predicted,,0.0,0
2059100005,W,R,R,W,WRRW,EVEN,Not Predicted,,0.0,0
2059100006,R,W,R,W,RWRW,EVEN,Not Predicted,,0.0,0
2059100007,W,R,R,R,WRRR,ODD,Not Predicted,,0.0,0
2059100008,W,R,W,W,WRWW,ODD,Not Predicted,,0.0,0
2059100009,R,W,R,W,RWRW,EVEN,Not Predicted,,0.0,0
2059100010,R,R,W,R,RRWR,ODD,Not Predicted,,0.0,0
2059100011,R,W,R,R,RWRR,ODD,Not Predicted,,0.0,0
2059100012,W,W,R,W,WWRW,ODD,Not Predicted,,0.0,0
2059100013,R,W,R,R,RWRR,ODD,Not Predicted,,0.0,0
2059100014,R,R,W,R,RRWR,ODD,Not Predicted,,0.0,0
2059100015,W,W,W,R,WWWR,ODD,Not Predicted,,0.0,0
2059100016,W,W,W,W,WWWW,EVEN,Not Predicted,,0.0,0
2059100017,R,R,W,W,RRWW,EVEN,Not Predicted,,0.0,0
2059100018,W,W,R,R,WWRR,EVEN,Not Predicted,,0.0,0
2059100019,W,R,W,W,WRWW,ODD,Not Predicted,,0.0,0
2059100020,W,R,R,W,WRRW,EVEN,Not Predicted,,0.0,0
2059100021,W,W,W,R,WWWR,ODD,Not Predicted,,0.0,0
2059100022,W,W,R,R,WWRR,EVEN,Not Predicted,,0.0,0
2059100023,W,R,W,R,WRWR,EVEN,Not Predicted,,0.0,0
2059100024,R,W,R,W,RWRW,EVEN,Not Predicted,,0.0,0
2059100025,R,R,R,W,RRRW,ODD,Not Predicted,,0.0,0
2059100026,W,R,W,W,WRWW,ODD,Not Predicted,,0.0,0
2059100027,W,R,W,W,WRWW,ODD,Not Predicted,,0.0,0
2059100028,W,R,R,R,WRRR,ODD,Not Predicted,,0.0,0
2059100029,W,R,W,W,WRWW,ODD,Not Predicted,,0.0,0
2059100030,W,W,R,W,WWRW,ODD,Not Predicted,,0.0,0
2059100031,W,W,R,W,WWRW,ODD,Not Predicted,,0.0,0
2059100032,W,W,R,R,WWRR,EVEN,Not Predicted,,0.0,0
2059100033,R,W,R,R,RWRR,ODD,Not Predicted,,0.0,0
2059100034,W,R,R,W,WRRW,EVEN,Not Predicted,,0.0,0
2059100035,W,R,W,W,WRWW,ODD,Not Predicted,,0.0,0
2059100036,R,W,R,W,RWRW,EVEN,Not Predicted,,0.0,0
2059100037,R,W,R,R,RWRR,ODD,Not Predicted,,0.0,0
2059100038,W,R,W,R,WRWR,EVEN,Not Predicted,,0.0,0
2059100039,W,R,R,W,WRRW,EVEN,Not Predicted,,0.0,0
2059100040,W,W,W,R,WWWR,ODD,Not Predicted,,0.0,0
2059100041,R,R,R,R,RRRR,EVEN,Not Predicted,,0.0,0
2059100042,W,R,R,W,WRRW,EVEN,Not Predicted,,0.0,0
2059100043,R,W,W,R,RWWR,EVEN,Not Predicted,,0.0,0
2059100044,R,W,W,W,RWWW,ODD,Not Predicted,,0.0,0
2059100045,R,W,W,W,RWWW,ODD,Not Predicted,,0.0,0
2059100046,R,R,R,R,RRRR,EVEN,Not Predicted,,0.0,0
2059100047,R,W,W,W,RWWW,ODD,Not Predicted,,0.0,0
2059100048,W,R,R,R,WRRR,ODD,Not Predicted,,0.0,0
2059100049,W,W,W,R,WWWR,ODD,Not Predicted,,0.0,0
2059100050,W,W,R,W,WWRW,ODD,Not Predicted,,0.0,0
2059100051,W,R,W,W,WRWW,ODD,Not Predicted,,0.0,0
2059100052,W,W,W,R,WWWR,ODD,Not Predicted,,0.0,0
2059100053,W,R,W,W,WRWW,ODD,Not Predicted,,0.0,0
2059100054,R,R,W,W,RRWW,EVEN,Not Predicted,,0.0,0
2059100055,R,W,R,W,RWRW,EVEN,Not Predicted,,0.0,0
2059100056,R,R,W,W,RRWW,EVEN,Not Predicted,,0.0,0
2059100057,R,R,W,R,RRWR,ODD,Not Predicted,,0.0,0
2059100058,W,R,R,W,WRRW,EVEN,Not Predicted,,0.0,0
2059100059,R,R,W,R,RRWR,ODD,Not Predicted,,0.0,0
2059100060,R,W,W,R,RWWR,EVEN,Not Predicted,,0.0,0
2059100061,W,R,W,W,WRWW,ODD,Not Predicted,,0.0,0
2059100062,R,W,W,R,RWWR,EVEN,Not Predicted,,0.0,0
2059100063,W,R,W,W,WRWW,ODD,Not Predicted,,0.0,0
2059100064,W,W,W,W,WWWW,EVEN,Not Predicted,,0.0,0
2059100065,R,W,R,R,RWRR,ODD,Not Predicted,,0.0,0
2059100066,W,W,W,W,WWWW,EVEN,Not Predicted,,0.0,0
2059100067,W,W,W,R,WWWR,ODD,Not Predicted,,0.0,0
2059100068,W,W,W,R,WWWR,ODD,Not Predicted,,0.0,0
2059100069,R,R,R,R,RRRR,EVEN,Not Predicted,,0.0,0
2059100070,R,R,W,R,RRWR,ODD,Not Predicted,,0.0,0
2059100071,R,W,W,R,RWWR,EVEN,Not Predicted,,0.0,0
2059100072,W,R,W,W,WRWW,ODD,Not Predicted,,0.0,0
2059100073,R,W,W,W,RWWW,ODD,Not Predicted,,0.0,0
2059100074,W,R,W,R,WRWR,EVEN,Not Predicted,,0.0,0
2059100075,R,W,W,R,RWWR,EVEN,Not Predicted,,0.0,0
2059100076,W,W,R,W,WWRW,ODD,Not Predicted,,0.0,0
2059100077,R,R,R,R,RRRR,EVEN,Not Predicted,,0.0,0
2059100078,W,W,R,W,WWRW,ODD,Not Predicted,,0.0,0
2059100079,W,R,R,R,WRRR,ODD,Not Predicted,,0.0,0
2059100080,W,R,R,R,WRRR,ODD,Not Predicted,,0.0,0
2059100081,W,R,R,R,WRRR,ODD,Not Predicted,,0.0,0
2059100082,R,W,W,W,RWWW,ODD,Not Predicted,,0.0,0
2059100083,R,W,W,W,RWWW,ODD,Not Predicted,,0.0,0
2059100084,W,R,W,R,WRWR,EVEN,Not Predicted,,0.0,0
2059100085,R,R,R,R,RRRR,EVEN,Not Predicted,,0.0,0
2059100086,W,W,R,R,WWRR,EVEN,Not Predicted,,0.0,0
2059100087,R,W,W,W,RWWW,ODD,Not Predicted,,0.0,0
2059100088,R,W,R,R,RWRR,ODD,Not Predicted,,0.0,0
2059100089,W,R,W,W,WRWW,ODD,Not Predicted,,0.0,0
2059100090,R,R,R,R,RRRR,EVEN,Not Predicted,,0.0,0
2059100091,R,R,R,W,RRRW,ODD,Not Predicted,,0.0,0
2059100092,W,W,W,W,WWWW,EVEN,Not Predicted,,0.0,0
2059100093,R,R,W,W,RRWW,EVEN,Not Predicted,,0.0,0
2059100094,W,R,W,R,WRWR,EVEN,Not Predicted,,0.0,0
2059100095,W,W,R,R,WWRR,EVEN,Not Predicted,,0.0,0
2059100096,R,R,R,R,RRRR,EVEN,Not Predicted,,0.0,0
2059100097,R,W,R,R,RWRR,ODD,Not Predicted,,0.0,0
2059100098,W,W,W,R,WWWR,ODD,Not Predicted,,0.0,0
2059100099,R,R,R,R,RRRR,EVEN,Not Predicted,,0.0,0
2059100100,W,W,R,W,WWRW,ODD,Not Predicted,,0.0,0
2059100101,W,R,R,R,WRRR,ODD,Not Predicted,,0.0,0
2059100102,R,W,W,W,RWWW,ODD,Not Predicted,,0.0,0
2059100103,W,W,W,W,WWWW,EVEN,Not Predicted,,0.0,0
2059100104,R,W,R,W,RWRW,EVEN,Not Predicted,,0.0,0
2059100105,R,W,R,W,RWRW,EVEN,Not Predicted,,0.0,0
2059100106,W,W,W,R,WWWR,ODD,Not Predicted,,0.0,0
2059100107,W,W,R,W,WWRW,ODD,Not Predicted,,0.0,0
2059100108,W,W,W,W,WWWW,EVEN,Not Predicted,,0.0,0
2059100109,W,R,R,W,WRRW,EVEN,Not Predicted,,0.0,0
2059100110,R,R,W,R,RRWR,ODD,Not Predicted,,0.0,0
2059100111,R,R,R,R,RRRR,EVEN,Not Predicted,,0.0,0
2059100112,R,W,R,R,RWRR,ODD,Not Predicted,,0.0,0
2059100113,R,W,R,W,RWRW,EVEN,Not Predicted,,0.0,0
2059100114,W,R,W,W,WRWW,ODD,Not Predicted,,0.0,0
2059100115,R,W,W,W,RWWW,ODD,Not Predicted,,0.0,0
2059100116,R,R,W,W,RRWW,EVEN,Not Predicted,,0.0,0
2059100117,W,W,R,W,WWRW,ODD,Not Predicted,,0.0,0
2059100118,R,R,R,R,RRRR,EVEN,Not Predicted,,0.0,0
2059100119,W,R,W,W,WRWW,ODD,Not Predicted,,0.0,0
2059100120,R,W,W,W,RWWW,ODD,Not Predicted,,0.0,0
2059100121,W,R,W,R,WRWR,EVEN,Not Predicted,,0.0,0
2059100122,W,R,W,W,WRWW,ODD,Not Predicted,,0.0,0
2059100123,W,R,R,R,WRRR,ODD,Not Predicted,,0.0,0
2059100124,W,W,R,W,WWRW,ODD,Not Predicted,,0.0,0
2059100125,W,W,W,R,WWWR,ODD,Not Predicted,,0.0,0
2059100126,W,R,W,W,WRWW,ODD,Not Predicted,,0.0,0
2059100127,W,R,R,W,WRRW,EVEN,Not Predicted,,0.0,0
2059100128,W,R,R,R,WRRR,ODD,Not Predicted,,0.0,0
2059100129,W,R,W,R,WRWR,EVEN,Not Predicted,,0.0,0
2059100130,W,W,R,W,WWRW,ODD,Not Predicted,,0.0,0
2059100131,W,R,W,R,WRWR,EVEN,Not Predicted,,0.0,0
2059100132,W,W,R,W,WWRW,ODD,Not Predicted,,0.0,0
2059100133,W,W,R,R,WWRR,EVEN,Not Predicted,,0.0,0
2059100134,W,R,R,W,WRRW,EVEN,Not Predicted,,0.0,0
2059100135,W,W,R,W,WWRW,ODD,Not Predicted,,0.0,0
2059100136,W,R,R,W,WRRW,EVEN,Not Predicted,,0.0,0
2059100137,W,R,W,R,WRWR,EVEN,Not Predicted,,0.0,0
2059100138,R,R,R,W,RRRW,ODD,Not Predicted,,0.0,0
2059100139,W,R,R,R,WRRR,ODD,Not Predicted,,0.0,0
2059100140,W,R,R,W,WRRW,EVEN,Not Predicted,,0.0,0
2059100141,R,W,W,R,RWWR,EVEN,Not Predicted,,0.0,0
2059100142,R,R,R,R,RRRR,EVEN,Not Predicted,,0.0,0
2059100143,R,W,R,R,RWRR,ODD,Not Predicted,,0.0,0
2059100144,W,W,W,W,WWWW,EVEN,Not Predicted,,0.0,0
2059100145,R,W,W,W,RWWW,ODD,Not Predicted,,0.0,0
2059100146,R,R,W,W,RRWW,EVEN,Not Predicted,,0.0,0
2059100147,W,R,W,W,WRWW,ODD,Not Predicted,,0.0,0
2059100148,W,R,R,R,WRRR,ODD,Not Predicted,,0.0,0
2059100149,W,R,R,W,WRRW,EVEN,Not Predicted,,0.0,0
2059100150,W,W,W,R,WWWR,ODD,Not Predicted,,0.0,0
2059100151,R,W,W,W,RWWW,ODD,Not Predicted,,0.0,0
2059100152,W,W,W,W,WWWW,EVEN,Not Predicted,,0.0,0
2059100153,W,W,R,R,WWRR,EVEN,Not Predicted,,0.0,0
2059100154,W,W,R,R,WWRR,EVEN,Not Predicted,,0.0,0
2059100155,R,W,R,W,RWRW,EVEN,Not Predicted,,0.0,0
2059100156,W,R,W,R,WRWR,EVEN,Not Predicted,,0.0,0
2059100157,R,W,R,W,RWRW,EVEN,Not Predicted,,0.0,0
2059100158,W,R,W,W,WRWW,ODD,Not Predicted,,0.0,0
2059100159,R,W,R,W,RWRW,EVEN,Not Predicted,,0.0,0
2059100160,R,R,R,W,RRRW,ODD,Not Predicted,,0.0,0
2059100161,R,R,W,W,RRWW,EVEN,Not Predicted,,0.0,0
2059100162,R,R,W,W,RRWW,EVEN,Not Predicted,,0.0,0
2059100163,W,W,W,R,WWWR,ODD,Not Predicted,,0.0,0
2059100164,W,R,R,W,WRRW,EVEN,Not Predicted,,0.0,0
2059100165,R,W,R,W,RWRW,EVEN,Not Predicted,,0.0,0
2059100166,W,R,W,W,WRWW,ODD,Not Predicted,,0.0,0
2059100167,R,R,R,W,RRRW,ODD,Not Predicted,,0.0,0
2059100168,R,W,W,R,RWWR,EVEN,Not Predicted,,0.0,0
2059100169,W,W,R,R,WWRR,EVEN,Not Predicted,,0.0,0
2059100170,R,W,W,R,RWWR,EVEN,Not Predicted,,0.0,0
2059100171,W,W,R,W,WWRW,ODD,Not Predicted,,0.0,0
2059100172,R,R,R,W,RRRW,ODD,Not Predicted,,0.0,0
2059100173,R,R,W,W,RRWW,EVEN,Not Predicted,,0.0,0
2059100174,R,R,R,R,RRRR,EVEN,Not Predicted,,0.0,0
2059100175,R,R,W,W,RRWW,EVEN,Not Predicted,,0.0,0
2059100176,W,R,W,W,WRWW,ODD,Not Predicted,,0.0,0
2059100177,R,R,R,R,RRRR,EVEN,Not Predicted,,0.0,0
2059100178,W,W,R,R,WWRR,EVEN,Not Predicted,,0.0,0
2059100179,W,W,R,W,WWRW,ODD,Not Predicted,,0.0,0
2059100180,W,W,W,R,WWWR,ODD,Not Predicted,,0.0,0
2059100181,W,R,W,R,WRWR,EVEN,Not Predicted,,0.0,0
2059100182,R,W,R,R,RWRR,ODD,Not Predicted,,0.0,0
2059100183,W,W,R,R,WWRR,EVEN,Not Predicted,,0.0,0
2059100184,R,R,R,R,RRRR,EVEN,Not Predicted,,0.0,0
2059100185,W,W,R,R,WWRR,EVEN,Not Predicted,,0.0,0
2059100186,W,R,R,R,WRRR,ODD,Not Predicted,,0.0,0
2059100187,R,W,R,W,RWRW,EVEN,Not Predicted,,0.0,0
2059100188,W,R,R,R,WRRR,ODD,Not Predicted,,0.0,0
2059100189,R,W,W,W,RWWW,ODD,Not Predicted,,0.0,0
2059100190,R,R,R,R,RRRR,EVEN,Not Predicted,,0.0,0
2059100191,R,W,W,R,RWWR,EVEN,Not Predicted,,0.0,0
2059100192,W,R,R,R,WRRR,ODD,Not Predicted,,0.0,0
2059100193,W,W,R,W,WWRW,ODD,Not Predicted,,0.0,0
2059100194,W,R,R,R,WRRR,ODD,Not Predicted,,0.0,0
2059100195,W,W,W,W,WWWW,EVEN,Not Predicted,,0.0,0
2059100196,W,W,W,W,WWWW,EVEN,Not Predicted,,0.0,0
2059100197,W,R,R,W,WRRW,EVEN,Not Predicted,,0.0,0
2059100198,R,W,W,R,RWWR,EVEN,Not Predicted,,0.0,0
2059100199,W,W,W,W,WWWW,EVEN,Not Predicted,,0.0,0
2059100200,R,R,R,W,RRRW,ODD,Not Predicted,,0.0,0
2059100201,R,W,R,W,RWRW,EVEN,Not Predicted,,0.0,0
2059100202,W,W,R,R,WWRR,EVEN,Not Predicted,,0.0,0
2059100203,W,W,W,W,WWWW,EVEN,Not Predicted,,0.0,0
2059100204,W,R,W,W,WRWW,ODD,Not Predicted,,0.0,0
2059100205,R,W,R,R,RWRR,ODD,Not Predicted,,0.0,0
2059100206,W,W,R,R,WWRR,EVEN,Not Predicted,,0.0,0
2059100207,R,W,W,W,RWWW,ODD,Not Predicted,,0.0,0
2059100208,W,R,R,R,WRRR,ODD,Not Predicted,,0.0,0
2059100209,W,W,W,R,WWWR,ODD,Not Predicted,,0.0,0
2059100210,W,W,R,R,WWRR,EVEN,Not Predicted,,0.0,0
2059100211,R,R,R,W,RRRW,ODD,Not Predicted,,0.0,0
2059100212,R,W,W,W,RWWW,ODD,Not Predicted,,0.0,0
2059100213,W,R,W,R,WRWR,EVEN,Not Predicted,,0.0,0
2059100214,R,R,W,W,RRWW,EVEN,Not Predicted,,0.0,0
2059100215,R,W,W,R,RWWR,EVEN,Not Predicted,,0.0,0
2059100216,R,W,R,W,RWRW,EVEN,Not Predicted,,0.0,0
2059100217,R,W,R,R,RWRR,ODD,Not Predicted,,0.0,0
2059100218,W,R,R,W,WRRW,EVEN,Not Predicted,,0.0,0
2059100219,R,W,W,R,RWWR,EVEN,Not Predicted,,0.0,0
2059100220,R,R,W,R,RRWR,ODD,Not Predicted,,0.0,0
2059100221,R,W,W,R,RWWR,EVEN,Not Predicted,,0.0,0
2059100222,R,W,W,R,RWWR,EVEN,Not Predicted,,0.0,0
2059100223,R,W,R,R,RWRR,ODD,Not Predicted,,0.0,0
2059100224,W,W,R,W,WWRW,ODD,Not Predicted,,0.0,0
2059100225,W,W,W,R,WWWR,ODD,Not Predicted,,0.0,0
2059100226,W,R,R,W,WRRW,EVEN,Not Predicted,,0.0,0
2059100227,W,R,W,W,WRWW,ODD,Not Predicted,,0.0,0
2059100228,R,R,W,R,RRWR,ODD,Not Predicted,,0.0,0
2059100229,R,W,W,W,RWWW,ODD,Not Predicted,,0.0,0
2059100230,R,R,W,R,RRWR,ODD,Not Predicted,,0.0,0
2059100231,R,R,W,R,RRWR,ODD,Not Predicted,,0.0,0
2059100232,W,R,R,W,WRRW,EVEN,Not Predicted,,0.0,0
2059100233,R,W,R,R,RWRR,ODD,Not Predicted,,0.0,0
2059100234,R,R,W,R,RRWR,ODD,Not Predicted,,0.0,0
2059100235,W,R,R,W,WRRW,EVEN,Not Predicted,,0.0,0
2059100236,W,R,R,R,WRRR,ODD,Not Predicted,,0.0,0
2059100237,W,R,R,W,WRRW,EVEN,Not Predicted,,0.0,0
2059100238,W,W,W,R,WWWR,ODD,Not Predicted,,0.0,0
2059100239,W,W,R,R,WWRR,EVEN,Not Predicted,,0.0,0
2059100240,W,W,W,R,WWWR,ODD,Not Predicted,,0.0,0
2059100241,R,R,W,W,RRWW,EVEN,Not Predicted,,0.0,0
2059100242,W,R,R,W,WRRW,EVEN,Not Predicted,,0.0,0
2059100243,W,W,W,R,WWWR,ODD,Not Predicted,,0.0,0
2059100244,R,R,R,W,RRRW,ODD,Not Predicted,,0.0,0
2059100245,W,R,W,W,WRWW,ODD,Not Predicted,,0.0,0
2059100246,W,R,W,W,WRWW,ODD,Not Predicted,,0.0,0
2059100247,W,W,W,R,WWWR,ODD,Not Predicted,,0.0,0
2059100248,W,R,W,W,WRWW,ODD,Not Predicted,,0.0,0
2059100249,W,W,R,W,WWRW,ODD,Not Predicted,,0.0,0
2059100250,W,W,W,R,WWWR,ODD,Not Predicted,,0.0,0
2059100251,W,R,R,R,WRRR,ODD,Not Predicted,,0.0,0
2059100252,W,R,R,W,WRRW,EVEN,Not Predicted,,0.0,0
2059100253,R,R,W,W,RRWW,EVEN,Not Predicted,,0.0,0
2059100254,R,W,R,W,RWRW,EVEN,Not Predicted,,0.0,0
2059100255,W,R,R,W,WRRW,EVEN,Not Predicted,,0.0,0
2059100256,W,R,R,W,WRRW,EVEN,Not Predicted,,0.0,0
2059100257,W,W,R,W,WWRW,ODD,Not Predicted,,0.0,0
2059100258,W,W,R,W,WWRW,ODD,Not Predicted,,0.0,0
2059100259,R,R,R,W,RRRW,ODD,Not Predicted,,0.0,0
2059100260,W,R,W,W,WRWW,ODD,Not Predicted,,0.0,0
2059100261,R,W,R,R,RWRR,ODD,Not Predicted,,0.0,0
2059100262,W,W,R,W,WWRW,ODD,Not Predicted,,0.0,0
2059100263,W,R,R,W,WRRW,EVEN,Not Predicted,,0.0,0
2059100264,R,R,R,W,RRRW,ODD,Not Predicted,,0.0,0
2059100265,W,W,R,R,WWRR,EVEN,Not Predicted,,0.0,0
2059100266,R,W,R,W,RWRW,EVEN,Not Predicted,,0.0,0
2059100267,W,R,R,W,WRRW,EVEN,Not Predicted,,0.0,0
2059100268,R,R,W,W,RRWW,EVEN,Not Predicted,,0.0,0
2059100269,R,R,W,R,RRWR,ODD,Not Predicted,,0.0,0
2059100270,R,W,W,R,RWWR,EVEN,Not Predicted,,0.0,0
2059100271,R,R,R,W,RRRW,ODD,Not Predicted,,0.0,0
2059100272,W,W,R,W,WWRW,ODD,Not Predicted,,0.0,0
2059100273,R,R,W,R,RRWR,ODD,Not Predicted,,0.0,0
2059100274,R,R,W,R,RRWR,ODD,Not Predicted,,0.0,0
2059100275,W,R,R,R,WRRR,ODD,Not Predicted,,0.0,0
2059100276,R,R,W,R,RRWR,ODD,Not Predicted,,0.0,0
2059100277,R,R,R,W,RRRW,ODD,Not Predicted,,0.0,0
2059100278,R,W,R,R,RWRR,ODD,Not Predicted,,0.0,0
2059100279,R,R,R,W,RRRW,ODD,Not Predicted,,0.0,0
2059100280,W,R,W,R,WRWR,EVEN,Not Predicted,,0.0,0
2059100281,W,W,W,W,WWWW,EVEN,Not Predicted,,0.0,0
2059100282,R,R,R,R,RRRR,EVEN,Not Predicted,,0.0,0
2059100283,W,W,W,R,WWWR,ODD,Not Predicted,,0.0,0
2059100284,W,R,R,W,WRRW,EVEN,Not Predicted,,0.0,0
2059100285,R,W,R,W,RWRW,EVEN,Not Predicted,,0.0,0
2059100286,W,R,W,W,WRWW,ODD,Not Predicted,,0.0,0
2059100287,R,R,W,W,RRWW,EVEN,Not Predicted,,0.0,0
2059100288,R,W,W,R,RWWR,EVEN,Not Predicted,,0.0,0
2059100289,R,R,W,R,RRWR,ODD,Not Predicted,,0.0,0
2059100290,W,W,W,R,WWWR,ODD,Not Predicted,,0.0,0
2059100291,W,W,R,W,WWRW,ODD,Not Predicted,,0.0,0
2059100292,R,R,R,R,RRRR,EVEN,Not Predicted,,0.0,0
2059100293,W,W,W,R,WWWR,ODD,Not Predicted,,0.0,0
2059100294,R,R,R,R,RRRR,EVEN,Not Predicted,,0.0,0
2059100295,W,W,W,W,WWWW,EVEN,Not Predicted,,0.0,0
2059100296,R,R,R,R,RRRR,EVEN,Not Predicted,,0.0,0
2059100297,W,R,R,R,WRRR,ODD,Not Predicted,,0.0,0
2059100298,W,W,R,W,WWRW,ODD,Not Predicted,,0.0,0
2059100299,W,W,R,W,WWRW,ODD,Not Predicted,,0.0,0
2059100300,R,R,W,W,RRWW,EVEN,Not Predicted,,0.0,0
2059100301,R,R,R,W,RRRW,ODD,Not Predicted,,0.0,0
2059100302,R,R,W,R,RRWR,ODD,Not Predicted,,0.0,0
2059100303,R,R,W,R,RRWR,ODD,Not Predicted,,0.0,0
2059100304,W,R,R,R,WRRR,ODD,Not Predicted,,0.0,0
2059100305,R,R,R,W,RRRW,ODD,Not Predicted,,0.0,0
2059100306,R,R,R,W,RRRW,ODD,Not Predicted,,0.0,0
2059100307,R,R,R,W,RRRW,ODD,Not Predicted,,0.0,0
2059100308,W,R,R,R,WRRR,ODD,Not Predicted,,0.0,0
2059100309,W,W,R,W,WWRW,ODD,Not Predicted,,0.0,0
2059100310,R,R,R,R,RRRR,EVEN,Not Predicted,,0.0,0
2059100311,R,R,W,R,RRWR,ODD,Not Predicted,,0.0,0
2059100312,W,R,W,R,WRWR,EVEN,Not Predicted,,0.0,0
2059100313,W,W,R,R,WWRR,EVEN,Not Predicted,,0.0,0
2059100314,W,R,R,W,WRRW,EVEN,Not Predicted,,0.0,0
2059100315,W,R,R,W,WRRW,EVEN,Not Predicted,,0.0,0
2059100316,R,R,R,R,RRRR,EVEN,Not Predicted,,0.0,0
2059100317,W,R,W,R,WRWR,EVEN,Not Predicted,,0.0,0
2059100318,W,W,R,W,WWRW,ODD,Not Predicted,,0.0,0
2059100319,R,R,W,R,RRWR,ODD,Not Predicted,,0.0,0
2059100320,W,R,R,R,WRRR,ODD,Not Predicted,,0.0,0
2059100321,R,R,W,W,RRWW,EVEN,Not Predicted,,0.0,0
2059100322,R,R,R,R,RRRR,EVEN,Not Predicted,,0.0,0
2059100323,W,W,R,W,WWRW,ODD,Not Predicted,,0.0,0
2059100324,W,W,W,W,WWWW,EVEN,Not Predicted,,0.0,0
2059100325,R,W,W,R,RWWR,EVEN,Not Predicted,,0.0,0
2059100326,R,W,W,W,RWWW,ODD,Not Predicted,,0.0,0
2059100327,W,R,R,W,WRRW,EVEN,Not Predicted,,0.0,0
2059100328,W,W,R,R,WWRR,EVEN,Not Predicted,,0.0,0
2059100329,R,W,R,W,RWRW,EVEN,Not Predicted,,0.0,0
2059100330,R,R,R,W,RRRW,ODD,Not Predicted,,0.0,0
2059100331,W,R,W,W,WRWW,ODD,Not Predicted,,0.0,0
2059100332,W,W,W,W,WWWW,EVEN,Not Predicted,,0.0,0
2059100333,R,R,W,W,RRWW,EVEN,Not Predicted,,0.0,0
2059100334,W,W,W,W,WWWW,EVEN,Not Predicted,,0.0,0
2059100335,R,W,W,W,RWWW,ODD,Not Predicted,,0.0,0
2059100336,W,W,W,W,WWWW,EVEN,Not Predicted,,0.0,0
2059100337,R,R,W,R,RRWR,ODD,Not Predicted,,0.0,0
2059100338,R,R,R,W,RRRW,ODD,Not Predicted,,0.0,0
2059100339,W,R,R,W,WRRW,EVEN,Not Predicted,,0.0,0
2059100340,R,W,W,W,RWWW,ODD,Not Predicted,,0.0,0
2059100341,W,W,W,W,WWWW,EVEN,Not Predicted,,0.0,0
2059100342,W,W,W,W,WWWW,EVEN,Not Predicted,,0.0,0
2059100343,R,R,R,W,RRRW,ODD,Not Predicted,,0.0,0
2059100344,R,R,W,W,RRWW,EVEN,Not Predicted,,0.0,0
2059100345,W,R,W,W,WRWW,ODD,Not Predicted,,0.0,0
2059100346,R,R,W,W,RRWW,EVEN,Not Predicted,,0.0,0
2059100347,W,R,R,W,WRRW,EVEN,Not Predicted,,0.0,0
2059100348,W,W,W,R,WWWR,ODD,Not Predicted,,0.0,0
2059100349,W,W,W,R,WWWR,ODD,Not Predicted,,0.0,0
2059100350,W,R,R,W,WRRW,EVEN,Not Predicted,,0.0,0
2059100351,W,R,W,W,WRWW,ODD,Not Predicted,,0.0,0
2059100352,R,R,R,W,RRRW,ODD,Not Predicted,,0.0,0
2059100353,R,R,W,R,RRWR,ODD,Not Predicted,,0.0,0
2059100354,W,W,R,R,WWRR,EVEN,Not Predicted,,0.0,0
2059100355,R,R,W,W,RRWW,EVEN,Not Predicted,,0.0,0
2059100356,R,R,W,W,RRWW,EVEN,Not Predicted,,0.0,0
2059100357,R,R,R,W,RRRW,ODD,Not Predicted,,0.0,0
2059100358,R,W,W,R,RWWR,EVEN,Not Predicted,,0.0,0
2059100359,R,R,W,R,RRWR,ODD,Not Predicted,,0.0,0
2059100360,W,R,W,W,WRWW,ODD,Not Predicted,,0.0,0
2059100361,W,W,R,R,WWRR,EVEN,Not Predicted,,0.0,0
2059100362,W,W,W,W,WWWW,EVEN,Not Predicted,,0.0,0
2059100363,R,W,W,R,RWWR,EVEN,Not Predicted,,0.0,0
2059100364,R,R,W,W,RRWW,EVEN,Not Predicted,,0.0,0
2059100365,R,R,R,R,RRRR,EVEN,Not Predicted,,0.0,0
2059100366,R,R,R,W,RRRW,ODD,Not Predicted,,0.0,0
2059100367,W,R,R,R,WRRR,ODD,Not Predicted,,0.0,0
2059100368,R,R,R,R,RRRR,EVEN,Not Predicted,,0.0,0
2059100369,W,R,W,W,WRWW,ODD,Not Predicted,,0.0,0
2059100370,W,R,R,W,WRRW,EVEN,Not Predicted,,0.0,0
2059100371,R,R,W,R,RRWR,ODD,Not Predicted,,0.0,0
2059100372,W,W,R,W,WWRW,ODD,Not Predicted,,0.0,0
2059100373,W,R,R,R,WRRR,ODD,Not Predicted,,0.0,0
2059100374,R,R,W,W,RRWW,EVEN,Not Predicted,,0.0,0
2059100375,R,R,W,W,RRWW,EVEN,Not Predicted,,0.0,0
2059100376,R,R,R,R,RRRR,EVEN,Not Predicted,,0.0,0
2059100377,R,R,W,R,RRWR,ODD,Not Predicted,,0.0,0
2059100378,W,W,R,W,WWRW,ODD,Not Predicted,,0.0,0
2059100379,W,W,W,W,WWWW,EVEN,Not Predicted,,0.0,0
2059100380,W,R,W,W,WRWW,ODD,Not Predicted,,0.0,0
2059100381,R,W,R,R,RWRR,ODD,Not Predicted,,0.0,0
2059100382,R,W,W,W,RWWW,ODD,Not Predicted,,0.0,0
2059100383,W,R,W,W,WRWW,ODD,Not Predicted,,0.0,0
2059100384,R,R,R,R,RRRR,EVEN,Not Predicted,,0.0,0
2059100385,W,W,R,R,WWRR,EVEN,Not Predicted,,0.0,0
2059100386,R,R,R,R,RRRR,EVEN,Not Predicted,,0.0,0
2059100387,W,R,R,W,WRRW,EVEN,Not Predicted,,0.0,0
2059100388,W,R,R,R,WRRR,ODD,Not Predicted,,0.0,0
2059100389,R,R,W,W,RRWW,EVEN,Not Predicted,,0.0,0
2059100390,W,W,W,W,WWWW,EVEN,Not Predicted,,0.0,0
2059100391,W,R,R,W,WRRW,EVEN,Not Predicted,,0.0,0
2059100392,R,W,R,R,RWRR,ODD,Not Predicted,,0.0,0
2059100393,W,W,W,W,WWWW,EVEN,Not Predicted,,0.0,0
2059100394,W,R,W,W,WRWW,ODD,Not Predicted,,0.0,0
2059100395,W,R,R,R,WRRR,ODD,Not Predicted,,0.0,0
2059100396,W,W,W,W,WWWW,EVEN,Not Predicted,,0.0,0
2059100397,R,W,W,W,RWWW,ODD,Not Predicted,,0.0,0
2059100398,W,R,R,W,WRRW,EVEN,Not Predicted,,0.0,0
2059100399,R,R,R,W,RRRW,ODD,Not Predicted,,0.0,0
2059100400,R,W,W,W,RWWW,ODD,Not Predicted,,0.0,0
2059100401,W,R,R,R,WRRR,ODD,Not Predicted,,0.0,0
2059100402,R,W,R,R,RWRR,ODD,Not Predicted,,0.0,0
2059100403,R,W,R,W,RWRW,EVEN,Not Predicted,,0.0,0
2059100404,R,R,R,W,RRRW,ODD,Not Predicted,,0.0,0
2059100405,W,R,R,W,WRRW,EVEN,Not Predicted,,0.0,0
2059100406,R,W,W,R,RWWR,EVEN,Not Predicted,,0.0,0
2059100407,R,R,W,W,RRWW,EVEN,Not Predicted,,0.0,0
2059100408,W,W,W,R,WWWR,ODD,Not Predicted,,0.0,0
2059100409,R,R,R,W,RRRW,ODD,Not Predicted,,0.0,0
2059100410,W,W,R,W,WWRW,ODD,Not Predicted,,0.0,0
2059100411,W,W,R,W,WWRW,ODD,Not Predicted,,0.0,0
2059100412,R,W,R,R,RWRR,ODD,Not Predicted,,0.0,0
2059100413,R,R,R,W,RRRW,ODD,Not Predicted,,0.0,0
2059100414,R,R,R,R,RRRR,EVEN,Not Predicted,,0.0,0
2059100415,R,W,R,W,RWRW,EVEN,Not Predicted,,0.0,0
2059100416,R,W,R,W,RWRW,EVEN,Not Predicted,,0.0,0
2059100417,R,R,R,W,RRRW,ODD,Not Predicted,,0.0,0
2059100418,R,R,R,W,RRRW,ODD,Not Predicted,,0.0,0
2059100419,R,W,W,R,RWWR,EVEN,Not Predicted,,0.0,0
2059100420,W,W,R,W,WWRW,ODD,Not Predicted,,0.0,0
2059100421,W,R,R,W,WRRW,EVEN,Not Predicted,,0.0,0
2059100422,W,W,W,R,WWWR,ODD,Not Predicted,,0.0,0
2059100423,W,R,R,W,WRRW,EVEN,Not Predicted,,0.0,0
2059100424,R,W,W,R,RWWR,EVEN,Not Predicted,,0.0,0
2059100425,W,W,R,W,WWRW,ODD,Not Predicted,,0.0,0
2059100426,R,R,R,R,RRRR,EVEN,Not Predicted,,0.0,0
2059100427,W,W,R,W,WWRW,ODD,Not Predicted,,0.0,0
2059100428,W,R,W,W,WRWW,ODD,Not Predicted,,0.0,0
2059100429,W,R,R,R,WRRR,ODD,Not Predicted,,0.0,0
2059100430,W,W,W,W,WWWW,EVEN,Not Predicted,,0.0,0
2059100431,W,R,R,R,WRRR,ODD,Not Predicted,,0.0,0
2059100432,W,R,R,R,WRRR,ODD,Not Predicted,,0.0,0
2059100433,W,W,W,W,WWWW,EVEN,Not Predicted,,0.0,0
2059100434,R,R,W,R,RRWR,ODD,Not Predicted,,0.0,0
2059100435,R,R,W,R,RRWR,ODD,Not Predicted,,0.0,0
2059100436,W,W,R,R,WWRR,EVEN,Not Predicted,,0.0,0
2059100437,R,W,W,R,RWWR,EVEN,Not Predicted,,0.0,0
2059100438,R,R,R,R,RRRR,EVEN,Not Predicted,,0.0,0
2059100439,W,R,R,R,WRRR,ODD,Not Predicted,,0.0,0
2059100440,R,W,W,R,RWWR,EVEN,Not Predicted,,0.0,0
2059100441,W,R,W,R,WRWR,EVEN,Not Predicted,,0.0,0
2059100442,W,W,R,W,WWRW,ODD,Not Predicted,,0.0,0
2059100443,W,W,R,W,WWRW,ODD,Not Predicted,,0.0,0
2059100444,W,R,W,R,WRWR,EVEN,Not Predicted,,0.0,0
2059100445,W,W,R,W,WWRW,ODD,Not Predicted,,0.0,0
2059100446,R,R,W,R,RRWR,ODD,Not Predicted,,0.0,0
2059100447,R,R,W,W,RRWW,EVEN,Not Predicted,,0.0,0
2059100448,W,W,R,R,WWRR,EVEN,Not Predicted,,0.0,0
2059100449,R,R,W,W,RRWW,EVEN,Not Predicted,,0.0,0
2059100450,W,R,R,W,WRRW,EVEN,Not Predicted,,0.0,0
2059100451,R,W,W,R,RWWR,EVEN,Not Predicted,,0.0,0
2059100452,R,W,R,R,RWRR,ODD,Not Predicted,,0.0,0
2059100453,W,W,R,W,WWRW,ODD,Not Predicted,,0.0,0
2059100454,R,W,W,W,RWWW,ODD,Not Predicted,,0.0,0
2059100455,R,W,R,W,RWRW,EVEN,Not Predicted,,0.0,0
2059100456,W,W,R,W,WWRW,ODD,Not Predicted,,0.0,0
2059100457,R,R,W,R,RRWR,ODD,Not Predicted,,0.0,0
2059100458,W,R,R,R,WRRR,ODD,Not Predicted,,0.0,0
2059100459,R,R,R,R,RRRR,EVEN,Not Predicted,,0.0,0
2059100460,R,R,W,R,RRWR,ODD,Not Predicted,,0.0,0
2059100461,R,R,W,W,RRWW,EVEN,Not Predicted,,0.0,0
2059100462,R,W,R,W,RWRW,EVEN,Not Predicted,,0.0,0
2059100463,W,R,R,R,WRRR,ODD,Not Predicted,,0.0,0
2059100464,W,W,R,W,WWRW,ODD,Not Predicted,,0.0,0
2059100465,R,R,W,W,RRWW,EVEN,Not Predicted,,0.0,0
2059100466,R,W,R,W,RWRW,EVEN,Not Predicted,,0.0,0
2059100467,R,W,W,W,RWWW,ODD,Not Predicted,,0.0,0
2059100468,R,R,R,W,RRRW,ODD,Not Predicted,,0.0,0
2059100469,R,W,W,W,RWWW,ODD,Not Predicted,,0.0,0
2059100470,W,R,R,W,WRRW,EVEN,Not Predicted,,0.0,0
2059100471,W,W,R,W,WWRW,ODD,Not Predicted,,0.0,0
2059100472,R,W,W,R,RWWR,EVEN,Not Predicted,,0.0,0
2059100473,R,W,W,W,RWWW,ODD,Not Predicted,,0.0,0
2059100474,R,R,R,R,RRRR,EVEN,Not Predicted,,0.0,0
2059100475,R,W,R,W,RWRW,EVEN,Not Predicted,,0.0,0
2059100476,R,R,R,R,RRRR,EVEN,Not Predicted,,0.0,0
2059100477,R,R,W,R,RRWR,ODD,Not Predicted,,0.0,0
2059100478,W,R,R,R,WRRR,ODD,Not Predicted,,0.0,0
2059100479,W,W,R,W,WWRW,ODD,Not Predicted,,0.0,0
2059100480,W,R,R,W,WRRW,EVEN,Not Predicted,,0.0,0
2059200001,W,W,W,R,WWWR,ODD,Not Predicted,,0.0,0
2059200002,W,R,W,W,WRWW,ODD,Not Predicted,,0.0,0
2059200003,R,W,W,W,RWWW,ODD,Not Predicted,,0.0,0
2059200004,R,R,R,R,RRRR,EVEN,Not Predicted,,0.0,0
2059200005,W,W,W,W,WWWW,EVEN,Not Predicted,,0.0,0
2059200006,W,W,R,R,WWRR,EVEN,Not Predicted,,0.0,0
2059200007,R,R,R,W,RRRW,ODD,Not Predicted,,0.0,0
2059200008,R,W,R,R,RWRR,ODD,Not Predicted,,0.0,0
2059200009,W,W,R,R,WWRR,EVEN,Not Predicted,,0.0,0
2059200010,R,R,W,W,RRWW,EVEN,Not Predicted,,0.0,0
2059200011,R,R,W,R,RRWR,ODD,Not Predicted,,0.0,0
2059200012,R,W,R,R,RWRR,ODD,Not Predicted,,0.0,0
2059200013,R,R,W,W,RRWW,EVEN,Not Predicted,,0.0,0
2059200014,R,R,W,R,RRWR,ODD,Not Predicted,,0.0,0
2059200015,R,R,W,W,RRWW,EVEN,Not Predicted,,0.0,0
2059200016,W,W,W,R,WWWR,ODD,Not Predicted,,0.0,0
2059200017,W,R,W,W,WRWW,ODD,Not Predicted,,0.0,0
2059200018,W,W,R,W,WWRW,ODD,Not Predicted,,0.0,0
2059200019,W,R,W,R,WRWR,EVEN,Not Predicted,,0.0,0
2059200020,W,W,W,R,WWWR,ODD,Not Predicted,,0.0,0
2059200021,R,R,W,W,RRWW,EVEN,Not Predicted,,0.0,0
2059200022,R,R,W,W,RRWW,EVEN,Not Predicted,,0.0,0
2059200023,R,W,R,W,RWRW,EVEN,Not Predicted,,0.0,0
2059200024,W,W,R,W,WWRW,ODD,Not Predicted,,0.0,0
2059200025,R,W,W,W,RWWW,ODD,Not Predicted,,0.0,0
2059200026,W,R,W,R,WRWR,EVEN,Not Predicted,,0.0,0
2059200027,R,R,W,R,RRWR,ODD,Not Predicted,,0.0,0
2059200028,W,R,W,R,WRWR,EVEN,Not Predicted,,0.0,0
2059200029,W,R,W,R,WRWR,EVEN,Not Predicted,,0.0,0
2059200030,W,R,W,W,WRWW,ODD,Not Predicted,,0.0,0
2059200031,R,W,R,W,RWRW,EVEN,Not Predicted,,0.0,0
2059200032,W,W,R,R,WWRR,EVEN,Not Predicted,,0.0,0
2059200033,R,R,W,R,RRWR,ODD,Not Predicted,,0.0,0
2059200034,W,R,W,R,WRWR,EVEN,Not Predicted,,0.0,0
2059200035,R,W,R,W,RWRW,EVEN,Not Predicted,,0.0,0
2059200036,W,R,R,W,WRRW,EVEN,Not Predicted,,0.0,0
2059200037,R,R,R,W,RRRW,ODD,Not Predicted,,0.0,0
2059200038,W,W,W,W,WWWW,EVEN,Not Predicted,,0.0,0
2059200039,W,W,W,R,WWWR,ODD,Not Predicted,,0.0,0
2059200040,R,R,R,R,RRRR,EVEN,Not Predicted,,0.0,0
2059200041,R,W,W,R,RWWR,EVEN,Not Predicted,,0.0,0
2059200042,R,R,R,W,RRRW,ODD,Not Predicted,,0.0,0
2059200043,W,W,W,R,WWWR,ODD,Not Predicted,,0.0,0
2059200044,R,W,R,R,RWRR,ODD,Not Predicted,,0.0,0
2059200045,W,R,R,W,WRRW,EVEN,Not Predicted,,0.0,0
2059200046,R,R,W,W,RRWW,EVEN,Not Predicted,,0.0,0
2059200047,R,W,R,R,RWRR,ODD,Not Predicted,,0.0,0
2059200048,W,W,W,R,WWWR,ODD,Not Predicted,,0.0,0
2059200049,W,R,W,W,WRWW,ODD,Not Predicted,,0.0,0
2059200050,W,R,R,W,WRRW,EVEN,Not Predicted,,0.0,0
2059200051,W,R,W,W,WRWW,ODD,Not Predicted,,0.0,0
2059200052,R,W,W,W,RWWW,ODD,Not Predicted,,0.0,0
2059200053,R,W,R,R,RWRR,ODD,Not Predicted,,0.0,0
2059200054,W,W,W,R,WWWR,ODD,Not Predicted,,0.0,0
2059200055,W,W,R,W,WWRW,ODD,Not Predicted,,0.0,0
2059200056,R,R,R,R,RRRR,EVEN,Not Predicted,,0.0,0
2059200057,R,R,R,R,RRRR,EVEN,Not Predicted,,0.0,0
2059200058,R,R,R,W,RRRW,ODD,Not Predicted,,0.0,0
2059200059,W,W,R,W,WWRW,ODD,Not Predicted,,0.0,0
2059200060,W,W,R,W,WWRW,ODD,Not Predicted,,0.0,0
2059200061,R,W,W,R,RWWR,EVEN,Not Predicted,,0.0,0
2059200062,R,W,R,W,RWRW,EVEN,Not Predicted,,0.0,0
2059200063,R,R,W,R,RRWR,ODD,Not Predicted,,0.0,0
2059200064,W,R,R,R,WRRR,ODD,Not Predicted,,0.0,0
2059200065,R,W,R,W,RWRW,EVEN,Not Predicted,,0.0,0
2059200066,R,R,W,R,RRWR,ODD,Not Predicted,,0.0,0
2059200067,R,W,R,R,RWRR,ODD,Not Predicted,,0.0,0
2059200068,W,R,W,R,WRWR,EVEN,Not Predicted,,0.0,0
2059200069,R,R,W,R,RRWR,ODD,Not Predicted,,0.0,0
2059200070,R,W,W,R,RWWR,EVEN,Not Predicted,,0.0,0
2059200071,W,R,W,R,WRWR,EVEN,Not Predicted,,0.0,0
2059200072,R,R,R,R,RRRR,EVEN,Not Predicted,,0.0,0
2059200073,W,W,W,R,WWWR,ODD,Not Predicted,,0.0,0
2059200074,R,W,W,R,RWWR,EVEN,Not Predicted,,0.0,0
2059200075,W,R,R,R,WRRR,ODD,Not Predicted,,0.0,0
2059200076,R,R,W,R,RRWR,ODD,Not Predicted,,0.0,0
2059200077,R,R,R,W,RRRW,ODD,Not Predicted,,0.0,0
2059200078,W,R,R,W,WRRW,EVEN,Not Predicted,,0.0,0
2059200079,R,R,W,R,RRWR,ODD,Not Predicted,,0.0,0
2059200080,W,R,R,R,WRRR,ODD,Not Predicted,,0.0,0
2059200081,R,W,W,W,RWWW,ODD,Not Predicted,,0.0,0
2059200082,R,W,R,W,RWRW,EVEN,Not Predicted,,0.0,0
2059200083,W,R,R,R,WRRR,ODD,Not Predicted,,0.0,0
2059200084,R,R,R,W,RRRW,ODD,Not Predicted,,0.0,0
2059200085,R,R,R,W,RRRW,ODD,Not Predicted,,0.0,0
2059200086,W,R,W,R,WRWR,EVEN,Not Predicted,,0.0,0
2059200087,W,W,R,W,WWRW,ODD,Not Predicted,,0.0,0
2059200088,R,R,W,W,RRWW,EVEN,Not Predicted,,0.0,0
2059200089,R,R,R,W,RRRW,ODD,Not Predicted,,0.0,0
2059200090,R,R,W,W,RRWW,EVEN,Not Predicted,,0.0,0
2059200091,W,R,W,W,WRWW,ODD,Not Predicted,,0.0,0
2059200092,R,W,R,R,RWRR,ODD,Not Predicted,,0.0,0
2059200093,R,R,R,R,RRRR,EVEN,Not Predicted,,0.0,0
2059200094,R,W,W,W,RWWW,ODD,Not Predicted,,0.0,0
2059200095,W,R,W,W,WRWW,ODD,Not Predicted,,0.0,0
2059200096,R,R,R,W,RRRW,ODD,Not Predicted,,0.0,0
2059200097,W,W,W,W,WWWW,EVEN,Not Predicted,,0.0,0
2059200098,W,R,R,R,WRRR,ODD,Not Predicted,,0.0,0
2059200099,R,W,W,R,RWWR,EVEN,Not Predicted,,0.0,0
2059200100,R,W,R,W,RWRW,EVEN,Not Predicted,,0.0,0
2059200101,R,R,W,R,RRWR,ODD,Not Predicted,,0.0,0
2059200102,W,R,W,W,WRWW,ODD,Not Predicted,,0.0,0
2059200103,W,W,W,R,WWWR,ODD,Not Predicted,,0.0,0
2059200104,W,W,W,W,WWWW,EVEN,Not Predicted,,0.0,0
2059200105,W,W,W,W,WWWW,EVEN,Not Predicted,,0.0,0
2059200106,W,W,W,R,WWWR,ODD,Not Predicted,,0.0,0
2059200107,W,R,R,W,WRRW,EVEN,Not Predicted,,0.0,0
2059200108,R,R,R,R,RRRR,EVEN,Not Predicted,,0.0,0
2059200109,R,R,R,W,RRRW,ODD,Not Predicted,,0.0,0
2059200110,W,R,R,W,WRRW,EVEN,Not Predicted,,0.0,0
2059200111,R,W,R,R,RWRR,ODD,Not Predicted,,0.0,0
2059200112,W,W,W,W,WWWW,EVEN,Not Predicted,,0.0,0
2059200113,R,W,R,R,RWRR,ODD,Not Predicted,,0.0,0
2059200114,W,W,R,W,WWRW,ODD,Not Predicted,,0.0,0
2059200115,R,R,R,W,RRRW,ODD,Not Predicted,,0.0,0
2059200116,W,W,W,R,WWWR,ODD,Not Predicted,,0.0,0
2059200117,W,R,R,R,WRRR,ODD,Not Predicted,,0.0,0
2059200118,W,W,W,R,WWWR,ODD,Not Predicted,,0.0,0
2059200119,R,W,W,R,RWWR,EVEN,Not Predicted,,0.0,0
2059200120,R,W,R,R,RWRR,ODD,Not Predicted,,0.0,0
2059200121,R,W,R,W,RWRW,EVEN,Not Predicted,,0.0,0
2059200122,W,R,R,R,WRRR,ODD,Not Predicted,,0.0,0
2059200123,W,W,R,W,WWRW,ODD,Not Predicted,,0.0,0
2059200124,W,W,W,W,WWWW,EVEN,Not Predicted,,0.0,0
2059200125,W,R,R,R,WRRR,ODD,Not Predicted,,0.0,0
2059200126,W,R,W,R,WRWR,EVEN,Not Predicted,,0.0,0
2059200127,R,R,R,W,RRRW,ODD,Not Predicted,,0.0,0
2059200128,R,R,R,W,RRRW,ODD,Not Predicted,,0.0,0
2059200129,W,W,W,R,WWWR,ODD,Not Predicted,,0.0,0
2059200130,R,W,R,W,RWRW,EVEN,Not Predicted,,0.0,0
2059200131,W,R,R,W,WRRW,EVEN,Not Predicted,,0.0,0
2059200132,W,W,W,W,WWWW,EVEN,Not Predicted,,0.0,0
2059200133,W,W,R,R,WWRR,EVEN,Not Predicted,,0.0,0
2059200134,R,R,W,W,RRWW,EVEN,Not Predicted,,0.0,0
2059200135,W,R,W,R,WRWR,EVEN,Not Predicted,,0.0,0
2059200136,R,R,W,W,RRWW,EVEN,Not Predicted,,0.0,0
2059200137,R,R,W,W,RRWW,EVEN,Not Predicted,,0.0,0
2059200138,R,W,R,W,RWRW,EVEN,Not Predicted,,0.0,0
2059200139,R,W,W,R,RWWR,EVEN,Not Predicted,,0.0,0
2059200140,R,W,R,R,RWRR,ODD,Not Predicted,,0.0,0
2059200141,R,W,W,R,RWWR,EVEN,Not Predicted,,0.0,0
2059200142,R,W,W,R,RWWR,EVEN,Not Predicted,,0.0,0
2059200143,R,R,W,W,RRWW,EVEN,Not Predicted,,0.0,0
2059200144,R,W,W,W,RWWW,ODD,Not Predicted,,0.0,0
2059200145,R,R,R,W,RRRW,ODD,Not Predicted,,0.0,0
2059200146,W,R,R,R,WRRR,ODD,Not Predicted,,0.0,0
2059200147,W,W,R,R,WWRR,EVEN,Not Predicted,,0.0,0
2059200148,W,R,R,R,WRRR,ODD,Not Predicted,,0.0,0
2059200149,R,W,W,W,RWWW,ODD,Not Predicted,,0.0,0
2059200150,R,R,W,R,RRWR,ODD,Not Predicted,,0.0,0
2059200151,R,R,R,W,RRRW,ODD,Not Predicted,,0.0,0
2059200152,W,W,W,W,WWWW,EVEN,Not Predicted,,0.0,0
2059200153,R,W,W,W,RWWW,ODD,Not Predicted,,0.0,0
2059200154,R,W,R,R,RWRR,ODD,Not Predicted,,0.0,0
2059200155,R,R,R,W,RRRW,ODD,Not Predicted,,0.0,0
2059200156,R,R,R,W,RRRW,ODD,Not Predicted,,0.0,0
2059200157,R,W,W,R,RWWR,EVEN,Not Predicted,,0.0,0
2059200158,R,W,W,W,RWWW,ODD,Not Predicted,,0.0,0
2059200159,R,W,R,R,RWRR,ODD,Not Predicted,,0.0,0
2059200160,W,W,W,R,WWWR,ODD,Not Predicted,,0.0,0
2059200161,R,R,R,R,RRRR,EVEN,Not Predicted,,0.0,0
2059200162,W,W,R,W,WWRW,ODD,Not Predicted,,0.0,0
2059200163,W,W,R,R,WWRR,EVEN,Not Predicted,,0.0,0
2059200164,R,R,W,W,RRWW,EVEN,Not Predicted,,0.0,0
2059200165,W,R,R,W,WRRW,EVEN,Not Predicted,,0.0,0
2059200166,W,W,W,R,WWWR,ODD,Not Predicted,,0.0,0
2059200167,W,W,R,R,WWRR,EVEN,Not Predicted,,0.0,0
2059200168,W,R,W,R,WRWR,EVEN,Not Predicted,,0.0,0
2059200169,W,W,R,W,WWRW,ODD,Not Predicted,,0.0,0
2059200170,W,W,R,W,WWRW,ODD,Not Predicted,,0.0,0
2059200171,R,R,R,R,RRRR,EVEN,Not Predicted,,0.0,0
2059200172,W,R,W,W,WRWW,ODD,Not Predicted,,0.0,0
2059200173,R,R,R,W,RRRW,ODD,Not Predicted,,0.0,0
2059200174,R,W,W,R,RWWR,EVEN,Not Predicted,,0.0,0
2059200175,W,W,W,R,WWWR,ODD,Not Predicted,,0.0,0
2059200176,W,R,R,R,WRRR,ODD,Not Predicted,,0.0,0
2059200177,R,W,R,W,RWRW,EVEN,Not Predicted,,0.0,0
2059200178,W,W,R,R,WWRR,EVEN,Not Predicted,,0.0,0
2059200179,R,R,R,W,RRRW,ODD,Not Predicted,,0.0,0
2059200180,W,R,R,W,WRRW,EVEN,Not Predicted,,0.0,0
2059200181,R,R,R,R,RRRR,EVEN,Not Predicted,,0.0,0
2059200182,W,W,R,W,WWRW,ODD,Not Predicted,,0.0,0
2059200183,R,R,R,W,RRRW,ODD,Not Predicted,,0.0,0
2059200184,W,R,R,R,WRRR,ODD,Not Predicted,,0.0,0
2059200185,W,R,W,R,WRWR,EVEN,Not Predicted,,0.0,0
2059200186,W,R,W,R,WRWR,EVEN,Not Predicted,,0.0,0
2059200187,R,W,W,W,RWWW,ODD,Not Predicted,,0.0,0
2059200188,W,W,W,R,WWWR,ODD,Not Predicted,,0.0,0
2059200189,R,W,W,R,RWWR,EVEN,Not Predicted,,0.0,0
2059200190,R,R,R,R,RRRR,EVEN,Not Predicted,,0.0,0
2059200191,W,W,R,W,WWRW,ODD,Not Predicted,,0.0,0
2059200192,W,R,W,R,WRWR,EVEN,Not Predicted,,0.0,0
2059200193,W,R,R,W,WRRW,EVEN,Not Predicted,,0.0,0
2059200194,R,R,W,R,RRWR,ODD,Not Predicted,,0.0,0
2059200195,R,R,R,R,RRRR,EVEN,Not Predicted,,0.0,0
2059200196,R,R,W,W,RRWW,EVEN,Not Predicted,,0.0,0
2059200197,W,R,R,W,WRRW,EVEN,Not Predicted,,0.0,0
2059200198,W,R,W,R,WRWR,EVEN,Not Predicted,,0.0,0
2059200199,R,W,R,R,RWRR,ODD,Not Predicted,,0.0,0
2059200200,W,W,W,R,WWWR,ODD,Not Predicted,,0.0,0
2059200201,R,R,R,W,RRRW,ODD,Not Predicted,,0.0,0
2059200202,W,R,R,R,WRRR,ODD,Not Predicted,,0.0,0
2059200203,R,W,W,W,RWWW,ODD,Not Predicted,,0.0,0
2059200204,R,W,W,R,RWWR,EVEN,Not Predicted,,0.0,0
2059200205,R,R,R,R,RRRR,EVEN,Not Predicted,,0.0,0
2059200206,W,W,W,R,WWWR,ODD,Not Predicted,,0.0,0
2059200207,R,R,W,R,RRWR,ODD,Not Predicted,,0.0,0
2059200208,R,W,R,R,RWRR,ODD,Not Predicted,,0.0,0
2059200209,W,W,R,R,WWRR,EVEN,Not Predicted,,0.0,0
2059200210,R,R,R,R,RRRR,EVEN,Not Predicted,,0.0,0
2059200211,R,W,R,W,RWRW,EVEN,Not Predicted,,0.0,0
2059200212,W,R,R,W,WRRW,EVEN,Not Predicted,,0.0,0
2059200213,W,W,R,R,WWRR,EVEN,Not Predicted,,0.0,0
2059200214,W,W,R,R,WWRR,EVEN,Not Predicted,,0.0,0
2059200215,W,W,W,R,WWWR,ODD,Not Predicted,,0.0,0
2059200216,W,W,W,W,WWWW,EVEN,Not Predicted,,0.0,0
2059200217,W,W,R,W,WWRW,ODD,Not Predicted,,0.0,0
2059200218,R,R,R,W,RRRW,ODD,Not Predicted,,0.0,0
2059200219,R,W,W,W,RWWW,ODD,Not Predicted,,0.0,0
2059200220,R,R,W,R,RRWR,ODD,Not Predicted,,0.0,0
2059200221,R,W,W,W,RWWW,ODD,Not Predicted,,0.0,0
2059200222,W,W,R,R,WWRR,EVEN,Not Predicted,,0.0,0
2059200223,R,W,R,R,RWRR,ODD,Not Predicted,,0.0,0
2059200224,W,R,R,R,WRRR,ODD,Not Predicted,,0.0,0
2059200225,W,R,R,W,WRRW,EVEN,Not Predicted,,0.0,0
2059200226,R,R,W,W,RRWW,EVEN,Not Predicted,,0.0,0
2059200227,R,R,R,R,RRRR,EVEN,Not Predicted,,0.0,0
2059200228,W,R,W,W,WRWW,ODD,Not Predicted,,0.0,0
2059200229,W,W,W,R,WWWR,ODD,Not Predicted,,0.0,0
2059200230,W,W,W,W,WWWW,EVEN,Not Predicted,,0.0,0
2059200231,W,W,W,R,WWWR,ODD,Not Predicted,,0.0,0
2059200232,W,R,R,W,WRRW,EVEN,Not Predicted,,0.0,0
2059200233,W,R,W,W,WRWW,ODD,Not Predicted,,0.0,0
2059200234,W,R,R,W,WRRW,EVEN,Not Predicted,,0.0,0
2059200235,W,R,W,W,WRWW,ODD,Not Predicted,,0.0,0
2059200236,R,W,R,W,RWRW,EVEN,Not Predicted,,0.0,0
2059200237,R,R,R,R,RRRR,EVEN,Not Predicted,,0.0,0
2059200238,R,W,R,R,RWRR,ODD,Not Predicted,,0.0,0
2059200239,W,R,R,R,WRRR,ODD,Not Predicted,,0.0,0
2059200240,R,W,R,R,RWRR,ODD,Not Predicted,,0.0,0
2059200241,R,R,R,R,RRRR,EVEN,Not Predicted,,0.0,0
2059200242,W,R,R,R,WRRR,ODD,Not Predicted,,0.0,0
2059200243,W,R,W,W,WRWW,ODD,Not Predicted,,0.0,0
2059200244,R,R,W,R,RRWR,ODD,Not Predicted,,0.0,0
2059200245,R,W,R,R,RWRR,ODD,Not Predicted,,0.0,0
2059200246,R,R,W,R,RRWR,ODD,Not Predicted,,0.0,0
2059200247,W,R,W,W,WRWW,ODD,Not Predicted,,0.0,0
2059200248,R,R,R,W,RRRW,ODD,Not Predicted,,0.0,0
2059200249,W,R,W,W,WRWW,ODD,Not Predicted,,0.0,0
2059200250,R,W,R,R,RWRR,ODD,Not Predicted,,0.0,0
2059200251,R,W,W,R,RWWR,EVEN,Not Predicted,,0.0,0
2059200252,R,W,R,R,RWRR,ODD,Not Predicted,,0.0,0
2059200253,R,R,R,W,RRRW,ODD,Not Predicted,,0.0,0
2059200254,W,R,R,R,WRRR,ODD,Not Predicted,,0.0,0
2059200255,R,R,R,W,RRRW,ODD,Not Predicted,,0.0,0
2059200256,W,R,W,W,WRWW,ODD,Not Predicted,,0.0,0
2059200257,W,W,R,W,WWRW,ODD,Not Predicted,,0.0,0
2059200258,W,R,W,W,WRWW,ODD,Not Predicted,,0.0,0
2059200259,W,R,W,W,WRWW,ODD,Not Predicted,,0.0,0
2059200260,R,R,W,W,RRWW,EVEN,Not Predicted,,0.0,0
2059200261,W,W,W,R,WWWR,ODD,Not Predicted,,0.0,0
2059200262,W,R,R,R,WRRR,ODD,Not Predicted,,0.0,0
2059200263,R,R,R,W,RRRW,ODD,Not Predicted,,0.0,0
2059200264,W,W,R,W,WWRW,ODD,Not Predicted,,0.0,0
2059200265,W,W,W,R,WWWR,ODD,Not Predicted,,0.0,0
2059200266,W,W,W,W,WWWW,EVEN,Not Predicted,,0.0,0
2059200267,R,R,W,W,RRWW,EVEN,Not Predicted,,0.0,0
2059200268,R,R,R,W,RRRW,ODD,Not Predicted,,0.0,0
2059200269,R,R,R,R,RRRR,EVEN,Not Predicted,,0.0,0
2059200270,R,R,W,W,RRWW,EVEN,Not Predicted,,0.0,0
2059200271,R,R,R,W,RRRW,ODD,Not Predicted,,0.0,0
2059200272,R,W,W,R,RWWR,EVEN,Not Predicted,,0.0,0
2059200273,R,R,W,R,RRWR,ODD,Not Predicted,,0.0,0
2059200274,W,W,R,W,WWRW,ODD,Not Predicted,,0.0,0
2059200275,W,R,W,R,WRWR,EVEN,Not Predicted,,0.0,0
2059200276,W,W,R,R,WWRR,EVEN,Not Predicted,,0.0,0
2059200277,R,R,R,R,RRRR,EVEN,Not Predicted,,0.0,0
2059200278,W,R,R,W,WRRW,EVEN,Not Predicted,,0.0,0
2059200279,W,W,R,W,WWRW,ODD,Not Predicted,,0.0,0
2059200280,W,R,W,W,WRWW,ODD,Not Predicted,,0.0,0
2059200281,R,R,R,W,RRRW,ODD,Not Predicted,,0.0,0
2059200282,W,W,R,W,WWRW,ODD,Not Predicted,,0.0,0
2059200283,R,R,R,R,RRRR,EVEN,Not Predicted,,0.0,0
2059200284,W,R,R,R,WRRR,ODD,Not Predicted,,0.0,0
2059200285,W,W,R,R,WWRR,EVEN,Not Predicted,,0.0,0
2059200286,W,W,R,W,WWRW,ODD,Not Predicted,,0.0,0
2059200287,R,R,W,W,RRWW,EVEN,Not Predicted,,0.0,0
2059200288,W,R,W,R,WRWR,EVEN,Not Predicted,,0.0,0
2059200289,W,R,R,R,WRRR,ODD,Not Predicted,,0.0,0
2059200290,R,R,W,W,RRWW,EVEN,Not Predicted,,0.0,0
2059200291,R,W,W,W,RWWW,ODD,Not Predicted,,0.0,0
2059200292,R,W,W,R,RWWR,EVEN,Not Predicted,,0.0,0
2059200293,R,W,W,W,RWWW,ODD,Not Predicted,,0.0,0
2059200294,R,R,R,W,RRRW,ODD,Not Predicted,,0.0,0
2059200295,W,R,R,R,WRRR,ODD,Not Predicted,,0.0,0
2059200296,R,W,R,R,RWRR,ODD,Not Predicted,,0.0,0
2059200297,R,W,R,R,RWRR,ODD,Not Predicted,,0.0,0
2059200298,W,W,W,R,WWWR,ODD,Not Predicted,,0.0,0
2059200299,W,R,W,R,WRWR,EVEN,Not Predicted,,0.0,0
2059200300,R,W,R,R,RWRR,ODD,Not Predicted,,0.0,0
2059200301,R,W,R,W,RWRW,EVEN,Not Predicted,,0.0,0
2059200302,R,W,R,W,RWRW,EVEN,Not Predicted,,0.0,0
2059200303,R,R,W,W,RRWW,EVEN,Not Predicted,,0.0,0
2059200304,W,W,W,R,WWWR,ODD,Not Predicted,,0.0,0
2059200305,W,R,R,W,WRRW,EVEN,Not Predicted,,0.0,0
2059200306,W,R,W,R,WRWR,EVEN,Not Predicted,,0.0,0
2059200307,W,R,W,R,WRWR,EVEN,Not Predicted,,0.0,0
2059200308,R,W,W,W,RWWW,ODD,Not Predicted,,0.0,0
2059200309,R,W,R,R,RWRR,ODD,Not Predicted,,0.0,0
2059200310,R,W,R,W,RWRW,EVEN,Not Predicted,,0.0,0
2059200311,W,R,R,W,WRRW,EVEN,Not Predicted,,0.0,0
2059200312,R,W,W,W,RWWW,ODD,Not Predicted,,0.0,0
2059200313,W,W,W,R,WWWR,ODD,Not Predicted,,0.0,0
2059200314,W,W,R,W,WWRW,ODD,Not Predicted,,0.0,0
2059200315,R,R,W,W,RRWW,EVEN,Not Predicted,,0.0,0
2059200316,R,R,W,W,RRWW,EVEN,Not Predicted,,0.0,0
2059200317,R,R,R,R,RRRR,EVEN,Not Predicted,,0.0,0
2059200318,W,R,R,W,WRRW,EVEN,Not Predicted,,0.0,0
2059200319,R,W,R,R,RWRR,ODD,Not Predicted,,0.0,0
2059200320,W,R,R,W,WRRW,EVEN,Not Predicted,,0.0,0
2059200321,W,W,W,W,WWWW,EVEN,Not Predicted,,0.0,0
2059200322,R,W,W,R,RWWR,EVEN,Not Predicted,,0.0,0
2059200323,R,W,R,R,RWRR,ODD,Not Predicted,,0.0,0
2059200324,R,W,W,R,RWWR,EVEN,Not Predicted,,0.0,0
2059200325,W,W,W,R,WWWR,ODD,Not Predicted,,0.0,0
2059200326,W,W,R,W,WWRW,ODD,Not Predicted,,0.0,0
2059200327,R,R,W,W,RRWW,EVEN,Not Predicted,,0.0,0
2059200328,R,R,W,R,RRWR,ODD,Not Predicted,,0.0,0
2059200329,R,W,R,W,RWRW,EVEN,Not Predicted,,0.0,0
2059200330,W,R,W,W,WRWW,ODD,Not Predicted,,0.0,0
2059200331,W,W,W,W,WWWW,EVEN,Not Predicted,,0.0,0
2059200332,R,W,W,R,RWWR,EVEN,Not Predicted,,0.0,0
2059200333,W,R,R,W,WRRW,EVEN,Not Predicted,,0.0,0
2059200334,R,R,R,W,RRRW,ODD,Not Predicted,,0.0,0
2059200335,R,R,W,W,RRWW,EVEN,Not Predicted,,0.0,0
2059200336,W,W,W,W,WWWW,EVEN,Not Predicted,,0.0,0
2059200337,W,R,R,W,WRRW,EVEN,Not Predicted,,0.0,0
2059200338,W,W,R,R,WWRR,EVEN,Not Predicted,,0.0,0
2059200339,R,W,W,R,RWWR,EVEN,Not Predicted,,0.0,0
2059200340,R,W,W,W,RWWW,ODD,Not Predicted,,0.0,0
2059200341,R,R,W,W,RRWW,EVEN,Not Predicted,,0.0,0
2059200342,R,R,R,R,RRRR,EVEN,Not Predicted,,0.0,0
2059200343,W,R,R,R,WRRR,ODD,Not Predicted,,0.0,0
2059200344,R,R,R,W,RRRW,ODD,Not Predicted,,0.0,0
2059200345,W,R,R,R,WRRR,ODD,Not Predicted,,0.0,0
2059200346,R,R,R,W,RRRW,ODD,Not Predicted,,0.0,0
2059200347,R,W,W,W,RWWW,ODD,Not Predicted,,0.0,0
2059200348,W,W,W,W,WWWW,EVEN,Not Predicted,,0.0,0
2059200349,R,R,W,W,RRWW,EVEN,Not Predicted,,0.0,0
2059200350,W,R,R,R,WRRR,ODD,Not Predicted,,0.0,0
2059200351,W,W,R,R,WWRR,EVEN,Not Predicted,,0.0,0
2059200352,W,R,R,R,WRRR,ODD,Not Predicted,,0.0,0
2059200353,W,R,W,W,WRWW,ODD,Not Predicted,,0.0,0
2059200354,W,R,W,R,WRWR,EVEN,Not Predicted,,0.0,0
2059200355,R,R,R,R,RRRR,EVEN,Not Predicted,,0.0,0
2059200356,W,R,W,R,WRWR,EVEN,Not Predicted,,0.0,0
2059200357,R,W,W,R,RWWR,EVEN,Not Predicted,,0.0,0
2059200358,R,W,W,R,RWWR,EVEN,Not Predicted,,0.0,0
2059200359,R,R,R,R,RRRR,EVEN,Not Predicted,,0.0,0
2059200360,W,R,W,W,WRWW,ODD,Not Predicted,,0.0,0
2059200361,R,W,R,R,RWRR,ODD,Not Predicted,,0.0,0
2059200362,R,R,R,R,RRRR,EVEN,Not Predicted,,0.0,0
2059200363,W,R,W,R,WRWR,EVEN,Not Predicted,,0.0,0
2059200364,R,R,W,W,RRWW,EVEN,Not Predicted,,0.0,0
2059200365,W,R,W,R,WRWR,EVEN,Not Predicted,,0.0,0
2059200366,W,W,W,R,WWWR,ODD,Not Predicted,,0.0,0
2059200367,R,R,W,R,RRWR,ODD,Not Predicted,,0.0,0
2059200368,R,W,R,W,RWRW,EVEN,Not Predicted,,0.0,0
2059200369,R,R,W,R,RRWR,ODD,Not Predicted,,0.0,0
2059200370,R,W,R,R,RWRR,ODD,Not Predicted,,0.0,0
2059200371,W,R,W,W,WRWW,ODD,Not Predicted,,0.0,0
2059200372,R,R,W,W,RRWW,EVEN,Not Predicted,,0.0,0
2059200373,R,W,W,R,RWWR,EVEN,Not Predicted,,0.0,0
2059200374,W,R,R,R,WRRR,ODD,Not Predicted,,0.0,0
2059200375,W,W,R,W,WWRW,ODD,Not Predicted,,0.0,0
2059200376,R,W,R,R,RWRR,ODD,Not Predicted,,0.0,0
2059200377,W,R,W,R,WRWR,EVEN,Not Predicted,,0.0,0
2059200378,R,R,W,R,RRWR,ODD,Not Predicted,,0.0,0
2059200379,W,W,R,R,WWRR,EVEN,Not Predicted,,0.0,0
2059200380,R,W,W,R,RWWR,EVEN,Not Predicted,,0.0,0
2059200381,W,R,R,R,WRRR,ODD,Not Predicted,,0.0,0
2059200382,W,W,R,R,WWRR,EVEN,Not Predicted,,0.0,0
2059200383,W,R,W,W,WRWW,ODD,Not Predicted,,0.0,0
2059200384,W,R,W,R,WRWR,EVEN,Not Predicted,,0.0,0
2059200385,R,W,W,R,RWWR,EVEN,Not Predicted,,0.0,0
2059200386,R,W,R,R,RWRR,ODD,Not Predicted,,0.0,0
2059200387,R,W,R,W,RWRW,EVEN,Not Predicted,,0.0,0
2059200388,W,R,W,R,WRWR,EVEN,Not Predicted,,0.0,0
2059200389,R,W,R,R,RWRR,ODD,Not Predicted,,0.0,0
2059200390,W,W,R,R,WWRR,EVEN,Not Predicted,,0.0,0
2059200391,R,W,R,W,RWRW,EVEN,Not Predicted,,0.0,0
2059200392,R,W,W,W,RWWW,ODD,Not Predicted,,0.0,0
2059200393,W,W,R,R,WWRR,EVEN,Not Predicted,,0.0,0
2059200394,W,W,W,R,WWWR,ODD,Not Predicted,,0.0,0
2059200395,W,W,W,R,WWWR,ODD,Not Predicted,,0.0,0
2059200396,W,R,R,W,WRRW,EVEN,Not Predicted,,0.0,0
2059200397,R,R,R,W,RRRW,ODD,Not Predicted,,0.0,0
2059200398,W,R,W,R,WRWR,EVEN,Not Predicted,,0.0,0
2059200399,R,R,W,W,RRWW,EVEN,Not Predicted,,0.0,0
2059200400,W,R,W,R,WRWR,EVEN,Not Predicted,,0.0,0
2059200401,R,R,R,R,RRRR,EVEN,Not Predicted,,0.0,0
2059200402,W,W,R,W,WWRW,ODD,Not Predicted,,0.0,0
2059200403,R,W,R,W,RWRW,EVEN,Not Predicted,,0.0,0
2059200404,W,W,R,R,WWRR,EVEN,Not Predicted,,0.0,0
2059200405,R,R,R,W,RRRW,ODD,Not Predicted,,0.0,0
2059200406,W,R,R,W,WRRW,EVEN,Not Predicted,,0.0,0
2059200407,R,W,R,R,RWRR,ODD,Not Predicted,,0.0,0
2059200408,R,R,W,R,RRWR,ODD,Not Predicted,,0.0,0
2059200409,W,R,W,R,WRWR,EVEN,Not Predicted,,0.0,0
2059200410,R,W,R,R,RWRR,ODD,Not Predicted,,0.0,0
2059200411,W,W,W,R,WWWR,ODD,Not Predicted,,0.0,0
2059200412,R,R,R,R,RRRR,EVEN,Not Predicted,,0.0,0
2059200413,W,W,R,R,WWRR,EVEN,Not Predicted,,0.0,0
2059200414,R,W,R,R,RWRR,ODD,Not Predicted,,0.0,0
2059200415,R,R,R,R,RRRR,EVEN,Not Predicted,,0.0,0
2059200416,W,W,W,R,WWWR,ODD,Not Predicted,,0.0,0
2059200417,R,W,R,R,RWRR,ODD,Not Predicted,,0.0,0
2059200418,R,W,W,R,RWWR,EVEN,Not Predicted,,0.0,0
2059200419,R,W,W,R,RWWR,EVEN,Not Predicted,,0.0,0
2059200420,R,W,W,R,RWWR,EVEN,Not Predicted,,0.0,0
2059200421,R,W,W,W,RWWW,ODD,Not Predicted,,0.0,0
2059200422,W,W,W,W,WWWW,EVEN,Not Predicted,,0.0,0
2059200423,W,R,W,R,WRWR,EVEN,Not Predicted,,0.0,0
2059200424,W,R,W,R,WRWR,EVEN,Not Predicted,,0.0,0
2059200425,W,R,W,W,WRWW,ODD,Not Predicted,,0.0,0
2059200426,R,W,W,W,RWWW,ODD,Not Predicted,,0.0,0
2059200427,R,R,W,W,RRWW,EVEN,Not Predicted,,0.0,0
2059200428,W,R,R,W,WRRW,EVEN,Not Predicted,,0.0,0
2059200429,R,W,R,W,RWRW,EVEN,Not Predicted,,0.0,0
2059200430,R,W,R,R,RWRR,ODD,Not Predicted,,0.0,0
2059200431,W,W,R,W,WWRW,ODD,Not Predicted,,0.0,0
2059200432,W,W,W,W,WWWW,EVEN,Not Predicted,,0.0,0
2059200433,R,W,W,W,RWWW,ODD,Not Predicted,,0.0,0
2059200434,R,W,W,R,RWWR,EVEN,Not Predicted,,0.0,0
2059200435,R,W,W,W,RWWW,ODD,Not Predicted,,0.0,0
2059200436,W,R,W,W,WRWW,ODD,Not Predicted,,0.0,0
2059200437,W,W,W,R,WWWR,ODD,Not Predicted,,0.0,0
2059200438,W,W,R,R,WWRR,EVEN,Not Predicted,,0.0,0
2059200439,W,W,R,W,WWRW,ODD,Not Predicted,,0.0,0
2059200440,R,W,W,W,RWWW,ODD,Not Predicted,,0.0,0
2059200441,R,R,W,W,RRWW,EVEN,Not Predicted,,0.0,0
2059200442,R,W,R,R,RWRR,ODD,Not Predicted,,0.0,0
2059200443,R,W,W,W,RWWW,ODD,Not Predicted,,0.0,0
2059200444,R,W,W,R,RWWR,EVEN,Not Predicted,,0.0,0
2059200445,W,W,W,R,WWWR,ODD,Not Predicted,,0.0,0
2059200446,W,R,R,W,WRRW,EVEN,Not Predicted,,0.0,0
2059200447,W,W,W,W,WWWW,EVEN,Not Predicted,,0.0,0
2059200448,W,W,R,W,WWRW,ODD,Not Predicted,,0.0,0
2059200449,W,W,W,W,WWWW,EVEN,Not Predicted,,0.0,0
2059200450,W,R,R,R,WRRR,ODD,Not Predicted,,0.0,0
2059200451,W,W,W,W,WWWW,EVEN,Not Predicted,,0.0,0
2059200452,R,R,R,R,RRRR,EVEN,Not Predicted,,0.0,0
2059200453,R,R,W,W,RRWW,EVEN,Not Predicted,,0.0,0
2059200454,R,W,R,R,RWRR,ODD,Not Predicted,,0.0,0
2059200455,W,R,R,R,WRRR,ODD,Not Predicted,,0.0,0
2059200456,R,R,R,W,RRRW,ODD,Not Predicted,,0.0,0
2059200457,W,R,R,R,WRRR,ODD,Not Predicted,,0.0,0
2059200458,W,R,R,R,WRRR,ODD,Not Predicted,,0.0,0
2059200459,R,W,W,W,RWWW,ODD,Not Predicted,,0.0,0
2059200460,W,R,R,W,WRRW,EVEN,Not Predicted,,0.0,0
2059200461,R,W,R,W,RWRW,EVEN,Not Predicted,,0.0,0
2059200462,R,W,R,R,RWRR,ODD,Not Predicted,,0.0,0
2059200463,W,R,W,W,WRWW,ODD,Not Predicted,,0.0,0
2059200464,R,W,R,W,RWRW,EVEN,Not Predicted,,0.0,0
2059200465,R,R,W,W,RRWW,EVEN,Not Predicted,,0.0,0
2059200466,R,R,W,W,RRWW,EVEN,Not Predicted,,0.0,0
2059200467,W,W,W,W,WWWW,EVEN,Not Predicted,,0.0,0
2059200468,R,W,R,R,RWRR,ODD,Not Predicted,,0.0,0
2059200469,R,W,W,R,RWWR,EVEN,Not Predicted,,0.0,0
2059200470,W,R,W,W,WRWW,ODD,Not Predicted,,0.0,0
2059200471,W,W,W,R,WWWR,ODD,Not Predicted,,0.0,0
2059200472,W,R,R,W,WRRW,EVEN,Not Predicted,,0.0,0
2059200473,R,W,R,R,RWRR,ODD,Not Predicted,,0.0,0
2059200474,R,W,R,R,RWRR,ODD,Not Predicted,,0.0,0
2059200475,R,R,R,R,RRRR,EVEN,Not Predicted,,0.0,0
2059200476,R,R,R,W,RRRW,ODD,Not Predicted,,0.0,0
2059200477,R,W,W,W,RWWW,ODD,Not Predicted,,0.0,0
2059200478,R,W,R,W,RWRW,EVEN,Not Predicted,,0.0,0
2059200479,R,R,W,W,RRWW,EVEN,Not Predicted,,0.0,0
2059200480,R,W,W,W,RWWW,ODD,Not Predicted,,0.0,0
2059300001,R,W,R,R,RWRR,ODD,Not Predicted,,0.0,0
2059300002,R,W,W,W,RWWW,ODD,Not Predicted,,0.0,0
2059300003,R,W,W,W,RWWW,ODD,Not Predicted,,0.0,0
2059300004,R,W,R,W,RWRW,EVEN,Not Predicted,,0.0,0
2059300005,W,R,W,R,WRWR,EVEN,Not Predicted,,0.0,0
2059300006,W,R,R,R,WRRR,ODD,Not Predicted,,0.0,0
2059300007,R,W,R,R,RWRR,ODD,Not Predicted,,0.0,0
2059300008,W,W,W,R,WWWR,ODD,Not Predicted,,0.0,0
2059300009,W,R,R,R,WRRR,ODD,Not Predicted,,0.0,0
2059300010,R,W,W,W,RWWW,ODD,Not Predicted,,0.0,0
2059300011,W,W,W,W,WWWW,EVEN,Not Predicted,,0.0,0
2059300012,W,W,R,W,WWRW,ODD,Not Predicted,,0.0,0
2059300013,R,R,W,R,RRWR,ODD,Not Predicted,,0.0,0
2059300014,W,R,W,W,WRWW,ODD,Not Predicted,,0.0,0
2059300015,W,R,W,R,WRWR,EVEN,Not Predicted,,0.0,0
2059300016,R,R,W,R,RRWR,ODD,Not Predicted,,0.0,0
2059300017,W,W,W,W,WWWW,EVEN,Not Predicted,,0.0,0
2059300018,W,W,R,W,WWRW,ODD,Not Predicted,,0.0,0
2059300019,W,W,W,W,WWWW,EVEN,Not Predicted,,0.0,0
2059300020,W,W,R,R,WWRR,EVEN,Not Predicted,,0.0,0
2059300021,W,R,W,W,WRWW,ODD,Not Predicted,,0.0,0
2059300022,R,W,R,R,RWRR,ODD,Not Predicted,,0.0,0
2059300023,W,W,W,W,WWWW,EVEN,Not Predicted,,0.0,0
2059300024,W,R,W,R,WRWR,EVEN,Not Predicted,,0.0,0
2059300025,R,W,R,R,RWRR,ODD,Not Predicted,,0.0,0
2059300026,W,W,R,W,WWRW,ODD,Not Predicted,,0.0,0
2059300027,W,R,W,W,WRWW,ODD,Not Predicted,,0.0,0
2059300028,R,W,W,W,RWWW,ODD,Not Predicted,,0.0,0
2059300029,R,R,R,W,RRRW,ODD,Not Predicted,,0.0,0
2059300030,W,R,W,W,WRWW,ODD,Not Predicted,,0.0,0
2059300031,W,W,W,R,WWWR,ODD,Not Predicted,,0.0,0
2059300032,W,W,R,W,WWRW,ODD,Not Predicted,,0.0,0
2059300033,W,R,W,W,WRWW,ODD,Not Predicted,,0.0,0
2059300034,W,W,W,R,WWWR,ODD,Not Predicted,,0.0,0
2059300035,R,R,R,R,RRRR,EVEN,Not Predicted,,0.0,0
2059300036,R,W,R,W,RWRW,EVEN,Not Predicted,,0.0,0
2059300037,R,W,W,W,RWWW,ODD,Not Predicted,,0.0,0
2059300038,R,R,R,R,RRRR,EVEN,Not Predicted,,0.0,0
2059300039,W,W,R,W,WWRW,ODD,Not Predicted,,0.0,0
2059300040,W,W,R,W,WWRW,ODD,Not Predicted,,0.0,0
2059300041,R,R,W,W,RRWW,EVEN,Not Predicted,,0.0,0
2059300042,R,W,R,R,RWRR,ODD,Not Predicted,,0.0,0
2059300043,R,W,R,R,RWRR,ODD,Not Predicted,,0.0,0
2059300044,R,R,W,W,RRWW,EVEN,Not Predicted,,0.0,0
2059300045,R,R,R,W,RRRW,ODD,Not Predicted,,0.0,0
2059300046,R,W,R,W,RWRW,EVEN,Not Predicted,,0.0,0
2059300047,W,R,W,W,WRWW,ODD,Not Predicted,,0.0,0
2059300048,W,W,W,R,WWWR,ODD,Not Predicted,,0.0,0
2059300049,W,W,W,R,WWWR,ODD,Not Predicted,,0.0,0
2059300050,R,R,R,R,RRRR,EVEN,Not Predicted,,0.0,0
2059300051,W,R,R,R,WRRR,ODD,Not Predicted,,0.0,0
2059300052,R,R,W,R,RRWR,ODD,Not Predicted,,0.0,0
2059300053,W,R,W,W,WRWW,ODD,Not Predicted,,0.0,0
2059300054,R,R,W,W,RRWW,EVEN,Not Predicted,,0.0,0
2059300055,R,W,R,R,RWRR,ODD,Not Predicted,,0.0,0
2059300056,R,R,W,W,RRWW,EVEN,Not Predicted,,0.0,0
2059300057,R,W,R,W,RWRW,EVEN,Not Predicted,,0.0,0
2059300058,R,W,W,R,RWWR,EVEN,Not Predicted,,0.0,0
2059300059,W,W,R,R,WWRR,EVEN,Not Predicted,,0.0,0
2059300060,R,W,W,W,RWWW,ODD,Not Predicted,,0.0,0
2059300061,R,R,R,R,RRRR,EVEN,Not Predicted,,0.0,0
2059300062,W,W,R,W,WWRW,ODD,Not Predicted,,0.0,0
2059300063,W,W,R,R,WWRR,EVEN,Not Predicted,,0.0,0
2059300064,W,W,R,W,WWRW,ODD,Not Predicted,,0.0,0
2059300065,W,W,W,W,WWWW,EVEN,Not Predicted,,0.0,0
2059300066,R,R,W,R,RRWR,ODD,Not Predicted,,0.0,0
2059300067,R,R,W,W,RRWW,EVEN,Not Predicted,,0.0,0
2059300068,W,R,R,R,WRRR,ODD,Not Predicted,,0.0,0
2059300069,R,R,R,R,RRRR,EVEN,Not Predicted,,0.0,0
2059300070,R,W,W,R,RWWR,EVEN,Not Predicted,,0.0,0
2059300071,R,R,W,W,RRWW,EVEN,Not Predicted,,0.0,0
2059300072,R,R,W,R,RRWR,ODD,Not Predicted,,0.0,0
2059300073,R,R,R,R,RRRR,EVEN,Not Predicted,,0.0,0
2059300074,W,R,W,W,WRWW,ODD,Not Predicted,,0.0,0
2059300075,W,R,R,R,WRRR,ODD,Not Predicted,,0.0,0
2059300076,R,W,R,W,RWRW,EVEN,Not Predicted,,0.0,0
2059300077,R,R,W,R,RRWR,ODD,Not Predicted,,0.0,0
2059300078,R,R,R,R,RRRR,EVEN,Not Predicted,,0.0,0
2059300079,R,W,R,R,RWRR,ODD,Not Predicted,,0.0,0
2059300080,W,R,W,R,WRWR,EVEN,Not Predicted,,0.0,0
2059300081,W,W,R,W,WWRW,ODD,Not Predicted,,0.0,0
2059300082,W,W,W,W,WWWW,EVEN,Not Predicted,,0.0,0
2059300083,R,R,W,W,RRWW,EVEN,Not Predicted,,0.0,0
2059300084,R,R,R,W,RRRW,ODD,Not Predicted,,0.0,0
2059300085,R,W,W,W,RWWW,ODD,Not Predicted,,0.0,0
2059300086,R,R,R,R,RRRR,EVEN,Not Predicted,,0.0,0
2059300087,R,W,R,W,RWRW,EVEN,Not Predicted,,0.0,0
2059300088,W,R,R,W,WRRW,EVEN,Not Predicted,,0.0,0
2059300089,R,W,W,W,RWWW,ODD,Not Predicted,,0.0,0
2059300090,R,W,W,R,RWWR,EVEN,Not Predicted,,0.0,0
2059300091,W,W,W,W,WWWW,EVEN,Not Predicted,,0.0,0
2059300092,R,W,W,R,RWWR,EVEN,Not Predicted,,0.0,0
2059300093,R,R,R,W,RRRW,ODD,Not Predicted,,0.0,0
2059300094,R,W,R,W,RWRW,EVEN,Not Predicted,,0.0,0
2059300095,R,W,W,R,RWWR,EVEN,Not Predicted,,0.0,0
2059300096,R,R,W,W,RRWW,EVEN,Not Predicted,,0.0,0
2059300097,R,R,R,W,RRRW,ODD,Not Predicted,,0.0,0
2059300098,R,W,R,W,RWRW,EVEN,Not Predicted,,0.0,0
2059300099,R,W,W,W,RWWW,ODD,Not Predicted,,0.0,0
2059300100,W,W,R,W,WWRW,ODD,Not Predicted,,0.0,0
2059300101,W,W,W,R,WWWR,ODD,Not Predicted,,0.0,0
2059300102,R,W,W,R,RWWR,EVEN,Not Predicted,,0.0,0
2059300103,W,W,W,R,WWWR,ODD,Not Predicted,,0.0,0
2059300104,W,R,R,W,WRRW,EVEN,Not Predicted,,0.0,0
2059300105,R,W,R,R,RWRR,ODD,Not Predicted,,0.0,0
2059300106,W,W,W,W,WWWW,EVEN,Not Predicted,,0.0,0
2059300107,R,W,W,R,RWWR,EVEN,Not Predicted,,0.0,0
2059300108,R,W,W,R,RWWR,EVEN,Not Predicted,,0.0,0
2059300109,W,R,R,R,WRRR,ODD,Not Predicted,,0.0,0
2059300110,W,R,R,R,WRRR,ODD,Not Predicted,,0.0,0
2059300111,R,R,R,W,RRRW,ODD,Not Predicted,,0.0,0
2059300112,W,W,W,R,WWWR,ODD,Not Predicted,,0.0,0
2059300113,R,R,W,W,RRWW,EVEN,Not Predicted,,0.0,0
2059300114,W,R,R,R,WRRR,ODD,Not Predicted,,0.0,0
2059300115,W,W,R,W,WWRW,ODD,Not Predicted,,0.0,0
2059300116,W,W,W,R,WWWR,ODD,Not Predicted,,0.0,0
2059300117,W,R,W,W,WRWW,ODD,Not Predicted,,0.0,0
2059300118,W,R,W,W,WRWW,ODD,Not Predicted,,0.0,0
2059300119,R,W,R,R,RWRR,ODD,Not Predicted,,0.0,0
2059300120,R,W,W,W,RWWW,ODD,Not Predicted,,0.0,0
2059300121,W,W,W,R,WWWR,ODD,Not Predicted,,0.0,0
2059300122,W,R,W,R,WRWR,EVEN,Not Predicted,,0.0,0
2059300123,W,R,W,W,WRWW,ODD,Not Predicted,,0.0,0
2059300124,W,W,W,W,WWWW,EVEN,Not Predicted,,0.0,0
2059300125,R,R,R,R,RRRR,EVEN,Not Predicted,,0.0,0
2059300126,R,W,R,R,RWRR,ODD,Not Predicted,,0.0,0
2059300127,W,R,R,W,WRRW,EVEN,Not Predicted,,0.0,0
2059300128,W,W,R,R,WWRR,EVEN,Not Predicted,,0.0,0
2059300129,W,W,W,R,WWWR,ODD,Not Predicted,,0.0,0
2059300130,R,R,W,W,RRWW,EVEN,Not Predicted,,0.0,0
2059300131,R,W,W,W,RWWW,ODD,Not Predicted,,0.0,0
2059300132,W,W,W,W,WWWW,EVEN,Not Predicted,,0.0,0
2059300133,W,R,R,W,WRRW,EVEN,Not Predicted,,0.0,0
2059300134,W,R,W,R,WRWR,EVEN,Not Predicted,,0.0,0
2059300135,W,W,W,R,WWWR,ODD,Not Predicted,,0.0,0
2059300136,R,W,W,W,RWWW,ODD,Not Predicted,,0.0,0
2059300137,W,R,R,R,WRRR,ODD,Not Predicted,,0.0,0
2059300138,W,R,W,R,WRWR,EVEN,Not Predicted,,0.0,0
2059300139,R,R,W,R,RRWR,ODD,Not Predicted,,0.0,0
2059300140,R,R,W,W,RRWW,EVEN,Not Predicted,,0.0,0
2059300141,R,W,W,R,RWWR,EVEN,Not Predicted,,0.0,0
2059300142,R,W,R,W,RWRW,EVEN,Not Predicted,,0.0,0
2059300143,W,W,R,W,WWRW,ODD,Not Predicted,,0.0,0
2059300144,R,R,W,R,RRWR,ODD,Not Predicted,,0.0,0
2059300145,R,W,R,W,RWRW,EVEN,Not Predicted,,0.0,0
2059300146,W,W,R,W,WWRW,ODD,Not Predicted,,0.0,0
2059300147,R,R,R,W,RRRW,ODD,Not Predicted,,0.0,0
2059300148,W,R,R,R,WRRR,ODD,Not Predicted,,0.0,0
2059300149,R,R,W,R,RRWR,ODD,Not Predicted,,0.0,0
2059300150,R,R,W,W,RRWW,EVEN,Not Predicted,,0.0,0
2059300151,W,W,R,W,WWRW,ODD,Not Predicted,,0.0,0
2059300152,W,R,R,R,WRRR,ODD,Not Predicted,,0.0,0
2059300153,R,R,W,R,RRWR,ODD,Not Predicted,,0.0,0
2059300154,W,R,R,R,WRRR,ODD,Not Predicted,,0.0,0
2059300155,W,W,W,W,WWWW,EVEN,Not Predicted,,0.0,0
2059300156,R,W,W,R,RWWR,EVEN,Not Predicted,,0.0,0
2059300157,W,W,R,R,WWRR,EVEN,Not Predicted,,0.0,0
2059300158,W,W,R,W,WWRW,ODD,Not Predicted,,0.0,0
2059300159,R,W,R,R,RWRR,ODD,Not Predicted,,0.0,0
2059300160,W,W,R,R,WWRR,EVEN,Not Predicted,,0.0,0
2059300161,W,W,R,R,WWRR,EVEN,Not Predicted,,0.0,0
2059300162,R,R,R,W,RRRW,ODD,Not Predicted,,0.0,0
2059300163,W,W,R,R,WWRR,EVEN,Not Predicted,,0.0,0
2059300164,W,W,R,W,WWRW,ODD,Not Predicted,,0.0,0
2059300165,R,R,W,W,RRWW,EVEN,Not Predicted,,0.0,0
2059300166,W,R,W,R,WRWR,EVEN,Not Predicted,,0.0,0
2059300167,R,R,R,W,RRRW,ODD,Not Predicted,,0.0,0
2059300168,R,R,R,R,RRRR,EVEN,Not Predicted,,0.0,0
2059300169,W,W,W,R,WWWR,ODD,Not Predicted,,0.0,0
2059300170,R,R,W,R,RRWR,ODD,Not Predicted,,0.0,0
2059300171,W,R,W,R,WRWR,EVEN,Not Predicted,,0.0,0
2059300172,R,R,W,W,RRWW,EVEN,Not Predicted,,0.0,0
2059300173,W,W,W,R,WWWR,ODD,Not Predicted,,0.0,0
2059300174,W,R,W,R,WRWR,EVEN,Not Predicted,,0.0,0
2059300175,W,W,R,W,WWRW,ODD,Not Predicted,,0.0,0
2059300176,R,R,R,W,RRRW,ODD,Not Predicted,,0.0,0
2059300177,R,W,W,W,RWWW,ODD,Not Predicted,,0.0,0
2059300178,W,W,W,W,WWWW,EVEN,Not Predicted,,0.0,0
2059300179,R,R,R,W,RRRW,ODD,Not Predicted,,0.0,0
2059300180,R,W,R,R,RWRR,ODD,Not Predicted,,0.0,0
2059300181,W,W,R,W,WWRW,ODD,Not Predicted,,0.0,0
2059300182,R,R,W,R,RRWR,ODD,Not Predicted,,0.0,0
2059300183,R,R,R,W,RRRW,ODD,Not Predicted,,0.0,0
2059300184,R,W,R,R,RWRR,ODD,Not Predicted,,0.0,0
2059300185,R,R,W,W,RRWW,EVEN,Not Predicted,,0.0,0
2059300186,R,W,R,W,RWRW,EVEN,Not Predicted,,0.0,0
2059300187,R,W,R,R,RWRR,ODD,Not Predicted,,0.0,0
2059300188,W,W,W,W,WWWW,EVEN,Not Predicted,,0.0,0
2059300189,W,R,W,W,WRWW,ODD,Not Predicted,,0.0,0
2059300190,R,W,W,W,RWWW,ODD,Not Predicted,,0.0,0
2059300191,W,R,W,R,WRWR,EVEN,Not Predicted,,0.0,0
2059300192,R,R,R,R,RRRR,EVEN,Not Predicted,,0.0,0
2059300193,W,W,W,R,WWWR,ODD,Not Predicted,,0.0,0
2059300194,R,W,W,R,RWWR,EVEN,Not Predicted,,0.0,0
2059300195,W,W,R,W,WWRW,ODD,Not Predicted,,0.0,0
2059300196,R,W,R,R,RWRR,ODD,Not Predicted,,0.0,0
2059300197,W,W,W,R,WWWR,ODD,Not Predicted,,0.0,0
2059300198,W,W,W,R,WWWR,ODD,Not Predicted,,0.0,0
2059300199,R,R,R,R,RRRR,EVEN,Not Predicted,,0.0,0
2059300200,R,R,R,R,RRRR,EVEN,Not Predicted,,0.0,0
2059300201,W,R,W,W,WRWW,ODD,Not Predicted,,0.0,0
2059300202,W,R,W,W,WRWW,ODD,Not Predicted,,0.0,0
2059300203,W,W,W,W,WWWW,EVEN,Not Predicted,,0.0,0
2059300204,R,R,R,R,RRRR,EVEN,Not Predicted,,0.0,0
2059300205,R,R,R,W,RRRW,ODD,Not Predicted,,0.0,0
2059300206,R,W,R,W,RWRW,EVEN,Not Predicted,,0.0,0
2059300207,W,W,R,R,WWRR,EVEN,Not Predicted,,0.0,0
2059300208,R,R,W,W,RRWW,EVEN,Not Predicted,,0.0,0
2059300209,W,R,W,W,WRWW,ODD,Not Predicted,,0.0,0
2059300210,W,R,W,R,WRWR,EVEN,Not Predicted,,0.0,0
2059300211,R,W,R,R,RWRR,ODD,Not Predicted,,0.0,0
2059300212,W,R,R,R,WRRR,ODD,Not Predicted,,0.0,0
2059300213,W,R,W,W,WRWW,ODD,Not Predicted,,0.0,0
2059300214,R,R,W,W,RRWW,EVEN,Not Predicted,,0.0,0
2059300215,W,R,R,W,WRRW,EVEN,Not Predicted,,0.0,0
2059300216,W,R,W,W,WRWW,ODD,Not Predicted,,0.0,0
2059300217,W,R,W,R,WRWR,EVEN,Not Predicted,,0.0,0
2059300218,R,R,W,R,RRWR,ODD,Not Predicted,,0.0,0
2059300219,W,R,R,W,WRRW,EVEN,Not Predicted,,0.0,0
2059300220,R,W,W,W,RWWW,ODD,Not Predicted,,0.0,0
2059300221,R,W,R,W,RWRW,EVEN,Not Predicted,,0.0,0
2059300222,W,W,R,W,WWRW,ODD,Not Predicted,,0.0,0
2059300223,R,W,R,W,RWRW,EVEN,Not Predicted,,0.0,0
2059300224,W,W,R,W,WWRW,ODD,Not Predicted,,0.0,0
2059300225,W,W,R,W,WWRW,ODD,Not Predicted,,0.0,0
2059300226,W,W,R,R,WWRR,EVEN,Not Predicted,,0.0,0
2059300227,R,W,R,R,RWRR,ODD,Not Predicted,,0.0,0
2059300228,R,W,W,W,RWWW,ODD,Not Predicted,,0.0,0
2059300229,W,R,R,R,WRRR,ODD,Not Predicted,,0.0,0
2059300230,R,W,R,W,RWRW,EVEN,Not Predicted,,0.0,0
2059300231,R,R,W,W,RRWW,EVEN,Not Predicted,,0.0,0
2059300232,W,R,R,R,WRRR,ODD,Not Predicted,,0.0,0
2059300233,R,W,W,W,RWWW,ODD,Not Predicted,,0.0,0
2059300234,R,W,W,W,RWWW,ODD,Not Predicted,,0.0,0
2059300235,W,R,W,R,WRWR,EVEN,Not Predicted,,0.0,0
2059300236,W,R,R,R,WRRR,ODD,Not Predicted,,0.0,0
2059300237,W,W,R,W,WWRW,ODD,Not Predicted,,0.0,0
2059300238,W,W,W,R,WWWR,ODD,Not Predicted,,0.0,0
2059300239,W,R,W,R,WRWR,EVEN,Not Predicted,,0.0,0
2059300240,W,R,W,W,WRWW,ODD,Not Predicted,,0.0,0
2059300241,W,W,W,W,WWWW,EVEN,Not Predicted,,0.0,0
2059300242,R,W,W,W,RWWW,ODD,Not Predicted,,0.0,0
2059300243,R,W,R,R,RWRR,ODD,Not Predicted,,0.0,0
2059300244,W,W,W,R,WWWR,ODD,Not Predicted,,0.0,0
2059300245,W,R,R,R,WRRR,ODD,Not Predicted,,0.0,0
2059300246,R,W,R,R,RWRR,ODD,Not Predicted,,0.0,0
2059300247,W,W,W,R,WWWR,ODD,Not Predicted,,0.0,0
2059300248,R,R,R,W,RRRW,ODD,Not Predicted,,0.0,0
2059300249,R,W,W,R,RWWR,EVEN,Not Predicted,,0.0,0
2059300250,W,W,W,R,WWWR,ODD,Not Predicted,,0.0,0
2059300251,W,R,W,R,WRWR,EVEN,Not Predicted,,0.0,0
2059300252,R,R,R,R,RRRR,EVEN,Not Predicted,,0.0,0
2059300253,W,W,R,W,WWRW,ODD,Not Predicted,,0.0,0
2059300254,W,W,W,W,WWWW,EVEN,Not Predicted,,0.0,0
2059300255,R,W,W,W,RWWW,ODD,Not Predicted,,0.0,0
2059300256,R,W,W,W,RWWW,ODD,Not Predicted,,0.0,0
2059300257,W,R,W,R,WRWR,EVEN,Not Predicted,,0.0,0
2059300258,R,W,R,R,RWRR,ODD,Not Predicted,,0.0,0
2059300259,R,W,R,W,RWRW,EVEN,Not Predicted,,0.0,0
2059300260,W,R,W,R,WRWR,EVEN,Not Predicted,,0.0,0
2059300261,R,W,R,W,RWRW,EVEN,Not Predicted,,0.0,0
2059300262,R,W,W,W,RWWW,ODD,Not Predicted,,0.0,0
2059300263,R,W,R,W,RWRW,EVEN,Not Predicted,,0.0,0
2059300264,R,W,W,W,RWWW,ODD,Not Predicted,,0.0,0
2059300265,W,R,W,W,WRWW,ODD,Not Predicted,,0.0,0
2059300266,W,W,W,R,WWWR,ODD,Not Predicted,,0.0,0
2059300267,R,R,W,R,RRWR,ODD,Not Predicted,,0.0,0
2059300268,R,W,R,R,RWRR,ODD,Not Predicted,,0.0,0
2059300269,R,W,R,R,RWRR,ODD,Not Predicted,,0.0,0
2059300270,W,W,R,W,WWRW,ODD,Not Predicted,,0.0,0
2059300271,R,R,R,R,RRRR,EVEN,Not Predicted,,0.0,0
2059300272,R,R,W,R,RRWR,ODD,Not Predicted,,0.0,0
2059300273,R,W,R,W,RWRW,EVEN,Not Predicted,,0.0,0
2059300274,R,R,R,R,RRRR,EVEN,Not Predicted,,0.0,0
2059300275,R,R,R,W,RRRW,ODD,Not Predicted,,0.0,0
2059300276,W,R,R,R,WRRR,ODD,Not Predicted,,0.0,0
2059300277,W,R,W,R,WRWR,EVEN,Not Predicted,,0.0,0
2059300278,W,R,W,W,WRWW,ODD,Not Predicted,,0.0,0
2059300279,W,W,R,W,WWRW,ODD,Not Predicted,,0.0,0
2059300280,W,R,R,W,WRRW,EVEN,Not Predicted,,0.0,0
2059300281,R,R,R,R,RRRR,EVEN,Not Predicted,,0.0,0
2059300282,W,W,R,W,WWRW,ODD,Not Predicted,,0.0,0
2059300283,R,R,R,W,RRRW,ODD,Not Predicted,,0.0,0
2059300284,W,R,R,W,WRRW,EVEN,Not Predicted,,0.0,0
2059300285,W,R,W,W,WRWW,ODD,Not Predicted,,0.0,0
2059300286,R,W,W,W,RWWW,ODD,Not Predicted,,0.0,0
2059300287,R,W,W,W,RWWW,ODD,Not Predicted,,0.0,0
2059300288,W,R,R,W,WRRW,EVEN,Not Predicted,,0.0,0
2059300289,R,W,W,R,RWWR,EVEN,Not Predicted,,0.0,0
2059300290,W,W,W,W,WWWW,EVEN,Not Predicted,,0.0,0
2059300291,R,R,R,R,RRRR,EVEN,Not Predicted,,0.0,0
2059300292,R,W,R,W,RWRW,EVEN,Not Predicted,,0.0,0
2059300293,R,R,R,R,RRRR,EVEN,Not Predicted,,0.0,0
2059300294,W,R,R,W,WRRW,EVEN,Not Predicted,,0.0,0
2059300295,W,R,R,W,WRRW,EVEN,Not Predicted,,0.0,0
2059300296,R,R,R,W,RRRW,ODD,Not Predicted,,0.0,0
2059300297,R,R,R,R,RRRR,EVEN,Not Predicted,,0.0,0
2059300298,R,R,R,R,RRRR,EVEN,Not Predicted,,0.0,0
2059300299,R,R,R,R,RRRR,EVEN,Not Predicted,,0.0,0
2059300300,W,R,R,W,WRRW,EVEN,Not Predicted,,0.0,0
2059300301,R,R,W,R,RRWR,ODD,Not Predicted,,0.0,0
2059300302,R,R,W,R,RRWR,ODD,Not Predicted,,0.0,0
2059300303,R,W,R,R,RWRR,ODD,Not Predicted,,0.0,0
2059300304,R,W,R,W,RWRW,EVEN,Not Predicted,,0.0,0
2059300305,R,W,W,R,RWWR,EVEN,Not Predicted,,0.0,0
2059300306,W,W,R,W,WWRW,ODD,Not Predicted,,0.0,0
2059300307,W,W,R,R,WWRR,EVEN,Not Predicted,,0.0,0
2059300308,R,R,W,W,RRWW,EVEN,Not Predicted,,0.0,0
2059300309,R,W,R,W,RWRW,EVEN,Not Predicted,,0.0,0
2059300310,R,R,W,R,RRWR,ODD,Not Predicted,,0.0,0
2059300311,W,R,W,W,WRWW,ODD,Not Predicted,,0.0,0
2059300312,R,R,W,R,RRWR,ODD,Not Predicted,,0.0,0
2059300313,R,R,W,R,RRWR,ODD,Not Predicted,,0.0,0
2059300314,R,W,R,W,RWRW,EVEN,Not Predicted,,0.0,0
2059300315,W,W,W,R,WWWR,ODD,Not Predicted,,0.0,0
2059300316,R,W,R,W,RWRW,EVEN,Not Predicted,,0.0,0
2059300317,W,R,R,R,WRRR,ODD,Not Predicted,,0.0,0
2059300318,W,W,W,R,WWWR,ODD,Not Predicted,,0.0,0
2059300319,W,R,W,W,WRWW,ODD,Not Predicted,,0.0,0
2059300320,W,R,W,R,WRWR,EVEN,Not Predicted,,0.0,0
2059300321,W,W,R,R,WWRR,EVEN,Not Predicted,,0.0,0
2059300322,W,W,W,W,WWWW,EVEN,Not Predicted,,0.0,0
2059300323,W,R,R,W,WRRW,EVEN,Not Predicted,,0.0,0
2059300324,W,W,R,R,WWRR,EVEN,Not Predicted,,0.0,0
2059300325,W,W,W,W,WWWW,EVEN,Not Predicted,,0.0,0
2059300326,W,W,W,W,WWWW,EVEN,Not Predicted,,0.0,0
2059300327,W,R,W,W,WRWW,ODD,Not Predicted,,0.0,0
2059300328,R,R,W,W,RRWW,EVEN,Not Predicted,,0.0,0
2059300329,W,R,W,R,WRWR,EVEN,Not Predicted,,0.0,0
2059300330,R,W,W,R,RWWR,EVEN,Not Predicted,,0.0,0
2059300331,W,W,W,R,WWWR,ODD,Not Predicted,,0.0,0
2059300332,R,R,W,R,RRWR,ODD,Not Predicted,,0.0,0
2059300333,R,W,W,R,RWWR,EVEN,Not Predicted,,0.0,0
2059300334,W,R,W,W,WRWW,ODD,Not Predicted,,0.0,0
2059300335,R,R,R,W,RRRW,ODD,Not Predicted,,0.0,0
2059300336,W,R,W,W,WRWW,ODD,Not Predicted,,0.0,0
2059300337,R,W,W,R,RWWR,EVEN,Not Predicted,,0.0,0
2059300338,R,R,W,R,RRWR,ODD,Not Predicted,,0.0,0
2059300339,R,W,R,R,RWRR,ODD,Not Predicted,,0.0,0
2059300340,W,R,W,R,WRWR,EVEN,Not Predicted,,0.0,0
2059300341,R,W,R,R,RWRR,ODD,Not Predicted,,0.0,0
2059300342,R,R,W,W,RRWW,EVEN,Not Predicted,,0.0,0
2059300343,R,R,W,R,RRWR,ODD,Not Predicted,,0.0,0
2059300344,R,R,W,W,RRWW,EVEN,Not Predicted,,0.0,0
2059300345,W,W,R,W,WWRW,ODD,Not Predicted,,0.0,0
2059300346,W,R,W,W,WRWW,ODD,Not Predicted,,0.0,0
2059300347,R,W,W,W,RWWW,ODD,Not Predicted,,0.0,0
2059300348,W,W,W,R,WWWR,ODD,Not Predicted,,0.0,0
2059300349,R,W,W,R,RWWR,EVEN,Not Predicted,,0.0,0
2059300350,W,W,R,R,WWRR,EVEN,Not Predicted,,0.0,0
2059300351,R,W,W,W,RWWW,ODD,Not Predicted,,0.0,0
2059300352,W,W,W,W,WWWW,EVEN,Not Predicted,,0.0,0
2059300353,R,W,R,W,RWRW,EVEN,Not Predicted,,0.0,0
2059300354,W,R,R,R,WRRR,ODD,Not Predicted,,0.0,0
2059300355,R,R,R,R,RRRR,EVEN,Not Predicted,,0.0,0
2059300356,W,W,W,W,WWWW,EVEN,Not Predicted,,0.0,0
2059300357,R,W,R,W,RWRW,EVEN,Not Predicted,,0.0,0
2059300358,R,R,W,W,RRWW,EVEN,Not Predicted,,0.0,0
2059300359,R,R,R,R,RRRR,EVEN,Not Predicted,,0.0,0
2059300360,R,W,W,W,RWWW,ODD,Not Predicted,,0.0,0
2059300361,R,W,R,W,RWRW,EVEN,Not Predicted,,0.0,0
2059300362,R,W,R,W,RWRW,EVEN,Not Predicted,,0.0,0
2059300363,W,R,R,R,WRRR,ODD,Not Predicted,,0.0,0
2059300364,R,R,W,R,RRWR,ODD,Not Predicted,,0.0,0
2059300365,W,W,W,W,WWWW,EVEN,Not Predicted,,0.0,0
2059300366,W,R,W,R,WRWR,EVEN,Not Predicted,,0.0,0
2059300367,R,W,W,W,RWWW,ODD,Not Predicted,,0.0,0
2059300368,R,R,W,R,RRWR,ODD,Not Predicted,,0.0,0
2059300369,R,R,R,W,RRRW,ODD,Not Predicted,,0.0,0
2059300370,W,W,W,W,WWWW,EVEN,Not Predicted,,0.0,0
2059300371,W,W,R,W,WWRW,ODD,Not Predicted,,0.0,0
2059300372,W,W,R,W,WWRW,ODD,Not Predicted,,0.0,0
2059300373,R,R,W,W,RRWW,EVEN,Not Predicted,,0.0,0
2059300374,R,R,W,R,RRWR,ODD,Not Predicted,,0.0,0
2059300375,W,W,W,W,WWWW,EVEN,Not Predicted,,0.0,0
2059300376,W,R,R,W,WRRW,EVEN,Not Predicted,,0.0,0
2059300377,W,W,R,R,WWRR,EVEN,Not Predicted,,0.0,0
2059300378,W,W,W,R,WWWR,ODD,Not Predicted,,0.0,0
2059300379,W,W,W,W,WWWW,EVEN,Not Predicted,,0.0,0
2059300380,R,W,R,R,RWRR,ODD,Not Predicted,,0.0,0
2059300381,W,W,W,R,WWWR,ODD,Not Predicted,,0.0,0
2059300382,R,W,R,R,RWRR,ODD,Not Predicted,,0.0,0
2059300383,W,R,R,W,WRRW,EVEN,Not Predicted,,0.0,0
2059300384,R,W,R,R,RWRR,ODD,Not Predicted,,0.0,0
2059300385,R,W,R,R,RWRR,ODD,Not Predicted,,0.0,0
2059300386,R,R,W,R,RRWR,ODD,Not Predicted,,0.0,0
2059300387,W,W,W,W,WWWW,EVEN,Not Predicted,,0.0,0
2059300388,W,W,R,R,WWRR,EVEN,Not Predicted,,0.0,0
2059300389,W,R,W,R,WRWR,EVEN,Not Predicted,,0.0,0
2059300390,W,W,W,R,WWWR,ODD,Not Predicted,,0.0,0
2059300391,W,R,W,W,WRWW,ODD,Not Predicted,,0.0,0
2059300392,R,R,R,W,RRRW,ODD,Not Predicted,,0.0,0
2059300393,W,R,R,R,WRRR,ODD,Not Predicted,,0.0,0
2059300394,W,W,R,R,WWRR,EVEN,Not Predicted,,0.0,0
2059300395,R,R,R,R,RRRR,EVEN,Not Predicted,,0.0,0
2059300396,R,R,R,R,RRRR,EVEN,Not Predicted,,0.0,0
2059300397,W,R,W,W,WRWW,ODD,Not Predicted,,0.0,0
2059300398,R,R,W,W,RRWW,EVEN,Not Predicted,,0.0,0
2059300399,W,R,W,W,WRWW,ODD,Not Predicted,,0.0,0
2059300400,R,W,R,R,RWRR,ODD,Not Predicted,,0.0,0
2059300401,W,W,R,W,WWRW,ODD,Not Predicted,,0.0,0
2059300402,W,R,W,W,WRWW,ODD,Not Predicted,,0.0,0
2059300403,R,R,R,R,RRRR,EVEN,Not Predicted,,0.0,0
2059300404,R,R,W,R,RRWR,ODD,Not Predicted,,0.0,0
2059300405,W,W,W,R,WWWR,ODD,Not Predicted,,0.0,0
2059300406,R,W,W,W,RWWW,ODD,Not Predicted,,0.0,0
2059300407,R,W,W,R,RWWR,EVEN,Not Predicted,,0.0,0
2059300408,R,W,R,R,RWRR,ODD,Not Predicted,,0.0,0
2059300409,R,R,W,W,RRWW,EVEN,Not Predicted,,0.0,0
2059300410,R,R,W,W,RRWW,EVEN,Not Predicted,,0.0,0
2059300411,W,R,W,R,WRWR,EVEN,Not Predicted,,0.0,0
2059300412,W,R,R,W,WRRW,EVEN,Not Predicted,,0.0,0
2059300413,W,R,W,W,WRWW,ODD,Not Predicted,,0.0,0
2059300414,W,W,W,R,WWWR,ODD,Not Predicted,,0.0,0
2059300415,W,R,R,W,WRRW,EVEN,Not Predicted,,0.0,0
2059300416,W,R,W,R,WRWR,EVEN,Not Predicted,,0.0,0
2059300417,R,R,W,W,RRWW,EVEN,Not Predicted,,0.0,0
2059300418,W,R,R,R,WRRR,ODD,Not Predicted,,0.0,0
2059300419,R,R,W,W,RRWW,EVEN,Not Predicted,,0.0,0
2059300420,W,R,W,R,WRWR,EVEN,Not Predicted,,0.0,0
2059300421,R,R,R,R,RRRR,EVEN,Not Predicted,,0.0,0
2059300422,R,W,W,R,RWWR,EVEN,Not Predicted,,0.0,0
2059300423,W,W,W,W,WWWW,EVEN,Not Predicted,,0.0,0
2059300424,W,W,R,R,WWRR,EVEN,Not Predicted,,0.0,0
2059300425,R,W,R,W,RWRW,EVEN,Not Predicted,,0.0,0
2059300426,R,W,W,R,RWWR,EVEN,Not Predicted,,0.0,0
2059300427,R,W,W,R,RWWR,EVEN,Not Predicted,,0.0,0
2059300428,W,R,R,R,WRRR,ODD,Not Predicted,,0.0,0
2059300429,W,R,W,R,WRWR,EVEN,Not Predicted,,0.0,0
2059300430,R,W,W,R,RWWR,EVEN,Not Predicted,,0.0,0
2059300431,R,W,W,R,RWWR,EVEN,Not Predicted,,0.0,0
2059300432,W,W,R,W,WWRW,ODD,Not Predicted,,0.0,0
2059300433,R,W,R,R,RWRR,ODD,Not Predicted,,0.0,0
2059300434,R,W,W,W,RWWW,ODD,Not Predicted,,0.0,0
2059300435,R,W,R,R,RWRR,ODD,Not Predicted,,0.0,0
2059300436,W,R,W,R,WRWR,EVEN,Not Predicted,,0.0,0
2059300437,W,W,R,W,WWRW,ODD,Not Predicted,,0.0,0
2059300438,R,W,W,R,RWWR,EVEN,Not Predicted,,0.0,0
2059300439,W,R,R,W,WRRW,EVEN,Not Predicted,,0.0,0
2059300440,R,W,R,W,RWRW,EVEN,Not Predicted,,0.0,0
2059300441,R,W,R,W,RWRW,EVEN,Not Predicted,,0.0,0
2059300442,W,W,W,W,WWWW,EVEN,Not Predicted,,0.0,0
2059300443,R,W,R,R,RWRR,ODD,Not Predicted,,0.0,0
2059300444,W,W,W,R,WWWR,ODD,Not Predicted,,0.0,0
2059300445,R,W,R,R,RWRR,ODD,Not Predicted,,0.0,0
2059300446,R,R,R,R,RRRR,EVEN,Not Predicted,,0.0,0
2059300447,W,R,W,R,WRWR,EVEN,Not Predicted,,0.0,0
2059300448,W,R,R,R,WRRR,ODD,Not Predicted,,0.0,0
2059300449,R,W,W,R,RWWR,EVEN,Not Predicted,,0.0,0
2059300450,W,W,W,R,WWWR,ODD,Not Predicted,,0.0,0
2059300451,W,W,R,R,WWRR,EVEN,Not Predicted,,0.0,0
2059300452,W,R,R,W,WRRW,EVEN,Not Predicted,,0.0,0
2059300453,W,R,R,W,WRRW,EVEN,Not Predicted,,0.0,0
2059300454,R,W,W,R,RWWR,EVEN,Not Predicted,,0.0,0
2059300455,R,R,W,R,RRWR,ODD,Not Predicted,,0.0,0
2059300456,R,W,W,R,RWWR,EVEN,Not Predicted,,0.0,0
2059300457,W,R,R,R,WRRR,ODD,Not Predicted,,0.0,0
2059300458,W,R,R,W,WRRW,EVEN,Not Predicted,,0.0,0
2059300459,W,W,R,W,WWRW,ODD,Not Predicted,,0.0,0
2059300460,W,W,R,R,WWRR,EVEN,Not Predicted,,0.0,0
2059300461,W,W,R,W,WWRW,ODD,Not Predicted,,0.0,0
2059300462,W,W,R,R,WWRR,EVEN,Not Predicted,,0.0,0
2059300463,W,R,W,W,WRWW,ODD,Not Predicted,,0.0,0
2059300464,R,W,R,W,RWRW,EVEN,Not Predicted,,0.0,0
2059300465,W,W,R,R,WWRR,EVEN,Not Predicted,,0.0,0
2059300466,R,W,W,R,RWWR,EVEN,Not Predicted,,0.0,0
2059300467,W,R,W,W,WRWW,ODD,Not Predicted,,0.0,0
2059300468,R,W,W,R,RWWR,EVEN,Not Predicted,,0.0,0
2059300469,W,W,R,W,WWRW,ODD,Not Predicted,,0.0,0
2059300470,R,W,R,W,RWRW,EVEN,Not Predicted,,0.0,0
2059300471,W,W,W,W,WWWW,EVEN,Not Predicted,,0.0,0
2059300472,R,W,R,W,RWRW,EVEN,Not Predicted,,0.0,0
2059300473,R,W,R,W,RWRW,EVEN,Not Predicted,,0.0,0
2059300474,W,W,W,R,WWWR,ODD,Not Predicted,,0.0,0
2059300475,W,W,R,W,WWRW,ODD,Not Predicted,,0.0,0
2059300476,R,W,W,W,RWWW,ODD,Not Predicted,,0.0,0
2059300477,W,W,W,W,WWWW,EVEN,Not Predicted,,0.0,0
2059300478,R,R,R,W,RRRW,ODD,Not Predicted,,0.0,0
2059300479,R,R,W,W,RRWW,EVEN,Not Predicted,,0.0,0
2059300480,W,W,W,R,WWWR,ODD,Not Predicted,,0.0,0
2059400001,W,W,W,R,WWWR,ODD,Not Predicted,,0.0,0
2059400002,R,W,R,R,RWRR,ODD,Not Predicted,,0.0,0
2059400003,R,R,R,W,RRRW,ODD,Not Predicted,,0.0,0
2059400004,R,R,R,W,RRRW,ODD,Not Predicted,,0.0,0
2059400005,R,R,W,W,RRWW,EVEN,Not Predicted,,0.0,0
2059400006,W,R,W,W,WRWW,ODD,Not Predicted,,0.0,0
2059400007,R,R,R,W,RRRW,ODD,Not Predicted,,0.0,0
2059400008,R,R,W,R,RRWR,ODD,Not Predicted,,0.0,0
2059400009,W,W,W,W,WWWW,EVEN,Not Predicted,,0.0,0
2059400010,R,R,W,W,RRWW,EVEN,Not Predicted,,0.0,0
2059400011,R,R,W,R,RRWR,ODD,Not Predicted,,0.0,0
2059400012,W,W,R,R,WWRR,EVEN,Not Predicted,,0.0,0
2059400013,W,R,W,R,WRWR,EVEN,Not Predicted,,0.0,0
2059400014,R,W,W,W,RWWW,ODD,Not Predicted,,0.0,0
2059400015,R,W,R,W,RWRW,EVEN,Not Predicted,,0.0,0
2059400016,W,R,R,W,WRRW,EVEN,Not Predicted,,0.0,0
2059400017,R,R,R,R,RRRR,EVEN,Not Predicted,,0.0,0
2059400018,W,W,R,W,WWRW,ODD,Not Predicted,,0.0,0
2059400019,W,R,R,R,WRRR,ODD,Not Predicted,,0.0,0
2059400020,R,W,W,R,RWWR,EVEN,Not Predicted,,0.0,0
2059400021,W,R,R,W,WRRW,EVEN,Not Predicted,,0.0,0
2059400022,R,W,R,R,RWRR,ODD,Not Predicted,,0.0,0
2059400023,R,R,R,R,RRRR,EVEN,Not Predicted,,0.0,0
2059400024,R,W,R,R,RWRR,ODD,Not Predicted,,0.0,0
2059400025,R,W,R,R,RWRR,ODD,Not Predicted,,0.0,0
2059400026,W,W,W,R,WWWR,ODD,Not Predicted,,0.0,0
2059400027,W,R,R,R,WRRR,ODD,Not Predicted,,0.0,0
2059400028,R,W,W,W,RWWW,ODD,Not Predicted,,0.0,0
2059400029,W,R,W,R,WRWR,EVEN,Not Predicted,,0.0,0
2059400030,W,R,R,W,WRRW,EVEN,Not Predicted,,0.0,0
2059400031,R,W,W,R,RWWR,EVEN,Not Predicted,,0.0,0
2059400032,R,W,R,W,RWRW,EVEN,Not Predicted,,0.0,0
2059400033,R,W,W,R,RWWR,EVEN,Not Predicted,,0.0,0
2059400034,W,R,R,W,WRRW,EVEN,Not Predicted,,0.0,0
2059400035,R,W,W,R,RWWR,EVEN,Not Predicted,,0.0,0
2059400036,R,W,W,R,RWWR,EVEN,Not Predicted,,0.0,0
2059400037,W,W,R,R,WWRR,EVEN,Not Predicted,,0.0,0
2059400038,W,R,R,R,WRRR,ODD,Not Predicted,,0.0,0
2059400039,W,R,R,R,WRRR,ODD,Not Predicted,,0.0,0
2059400040,R,R,R,R,RRRR,EVEN,Not Predicted,,0.0,0
2059400041,W,R,W,R,WRWR,EVEN,Not Predicted,,0.0,0
2059400042,R,R,R,R,RRRR,EVEN,Not Predicted,,0.0,0
2059400043,W,W,R,R,WWRR,EVEN,Not Predicted,,0.0,0
2059400044,W,R,R,W,WRRW,EVEN,Not Predicted,,0.0,0
2059400045,R,R,R,R,RRRR,EVEN,Not Predicted,,0.0,0
2059400046,R,W,W,W,RWWW,ODD,Not Predicted,,0.0,0
2059400047,R,W,W,W,RWWW,ODD,Not Predicted,,0.0,0
2059400048,W,R,R,R,WRRR,ODD,Not Predicted,,0.0,0
2059400049,R,W,W,W,RWWW,ODD,Not Predicted,,0.0,0
2059400050,W,R,R,W,WRRW,EVEN,Not Predicted,,0.0,0
2059400051,R,W,W,W,RWWW,ODD,Not Predicted,,0.0,0
2059400052,W,R,R,R,WRRR,ODD,Not Predicted,,0.0,0
2059400053,R,W,W,W,RWWW,ODD,Not Predicted,,0.0,0
2059400054,W,R,W,R,WRWR,EVEN,Not Predicted,,0.0,0
2059400055,R,R,W,R,RRWR,ODD,Not Predicted,,0.0,0
2059400056,W,R,R,R,WRRR,ODD,Not Predicted,,0.0,0
2059400057,W,W,W,R,WWWR,ODD,Not Predicted,,0.0,0
2059400058,R,W,W,R,RWWR,EVEN,Not Predicted,,0.0,0
2059400059,R,R,R,R,RRRR,EVEN,Not Predicted,,0.0,0
2059400060,W,R,R,W,WRRW,EVEN,Not Predicted,,0.0,0
2059400061,R,R,W,W,RRWW,EVEN,Not Predicted,,0.0,0
2059400062,W,W,W,R,WWWR,ODD,Not Predicted,,0.0,0
2059400063,W,W,R,R,WWRR,EVEN,Not Predicted,,0.0,0
2059400064,W,R,R,W,WRRW,EVEN,Not Predicted,,0.0,0
2059400065,R,R,R,R,RRRR,EVEN,Not Predicted,,0.0,0
2059400066,R,W,W,R,RWWR,EVEN,Not Predicted,,0.0,0
2059400067,W,R,R,W,WRRW,EVEN,Not Predicted,,0.0,0
2059400068,W,R,W,W,WRWW,ODD,Not Predicted,,0.0,0
2059400069,W,R,W,R,WRWR,EVEN,Not Predicted,,0.0,0
2059400070,R,R,R,W,RRRW,ODD,Not Predicted,,0.0,0
2059400071,W,W,W,W,WWWW,EVEN,Not Predicted,,0.0,0
2059400072,R,R,W,R,RRWR,ODD,Not Predicted,,0.0,0
2059400073,R,R,W,W,RRWW,EVEN,Not Predicted,,0.0,0
2059400074,W,R,R,W,WRRW,EVEN,Not Predicted,,0.0,0
2059400075,R,W,W,R,RWWR,EVEN,Not Predicted,,0.0,0
2059400076,R,R,W,R,RRWR,ODD,Not Predicted,,0.0,0
2059400077,W,W,R,R,WWRR,EVEN,Not Predicted,,0.0,0
2059400078,R,R,R,R,RRRR,EVEN,Not Predicted,,0.0,0
2059400079,W,W,W,R,WWWR,ODD,Not Predicted,,0.0,0
2059400080,W,W,R,R,WWRR,EVEN,Not Predicted,,0.0,0
2059400081,R,R,W,W,RRWW,EVEN,Not Predicted,,0.0,0
2059400082,W,W,W,R,WWWR,ODD,Not Predicted,,0.0,0
2059400083,W,R,W,R,WRWR,EVEN,Not Predicted,,0.0,0
2059400084,R,R,R,R,RRRR,EVEN,Not Predicted,,0.0,0
2059400085,W,R,R,R,WRRR,ODD,Not Predicted,,0.0,0
2059400086,W,R,W,W,WRWW,ODD,Not Predicted,,0.0,0
2059400087,W,R,R,W,WRRW,EVEN,Not Predicted,,0.0,0
2059400088,W,W,R,R,WWRR,EVEN,Not Predicted,,0.0,0
2059400089,R,W,W,R,RWWR,EVEN,Not Predicted,,0.0,0
2059400090,R,W,R,W,RWRW,EVEN,Not Predicted,,0.0,0
2059400091,R,W,R,W,RWRW,EVEN,Not Predicted,,0.0,0
2059400092,R,W,W,R,RWWR,EVEN,Not Predicted,,0.0,0
2059400093,W,R,R,W,WRRW,EVEN,Not Predicted,,0.0,0
2059400094,R,W,W,R,RWWR,EVEN,Not Predicted,,0.0,0
2059400095,W,R,R,W,WRRW,EVEN,Not Predicted,,0.0,0
2059400096,W,W,R,W,WWRW,ODD,Not Predicted,,0.0,0
2059400097,R,W,W,W,RWWW,ODD,Not Predicted,,0.0,0
2059400098,R,R,R,R,RRRR,EVEN,Not Predicted,,0.0,0
2059400099,W,R,W,W,WRWW,ODD,Not Predicted,,0.0,0
2059400100,R,W,W,W,RWWW,ODD,Not Predicted,,0.0,0
2059400101,R,R,R,W,RRRW,ODD,Not Predicted,,0.0,0
2059400102,W,R,W,R,WRWR,EVEN,Not Predicted,,0.0,0
2059400103,W,W,R,W,WWRW,ODD,Not Predicted,,0.0,0
2059400104,W,W,W,R,WWWR,ODD,Not Predicted,,0.0,0
2059400105,W,R,W,W,WRWW,ODD,Not Predicted,,0.0,0
2059400106,W,R,R,R,WRRR,ODD,Not Predicted,,0.0,0
2059400107,W,R,W,W,WRWW,ODD,Not Predicted,,0.0,0
2059400108,R,W,W,R,RWWR,EVEN,Not Predicted,,0.0,0
2059400109,W,R,W,R,WRWR,EVEN,Not Predicted,,0.0,0
2059400110,W,R,R,W,WRRW,EVEN,Not Predicted,,0.0,0
2059400111,W,W,W,R,WWWR,ODD,Not Predicted,,0.0,0
2059400112,R,W,W,R,RWWR,EVEN,Not Predicted,,0.0,0
2059400113,W,W,R,R,WWRR,EVEN,Not Predicted,,0.0,0
2059400114,W,R,R,W,WRRW,EVEN,Not Predicted,,0.0,0
2059400115,W,R,W,R,WRWR,EVEN,Not Predicted,,0.0,0
2059400116,R,R,R,R,RRRR,EVEN,Not Predicted,,0.0,0
2059400117,W,W,W,W,WWWW,EVEN,Not Predicted,,0.0,0
2059400118,W,W,R,R,WWRR,EVEN,Not Predicted,,0.0,0
2059400119,W,W,W,W,WWWW,EVEN,Not Predicted,,0.0,0
2059400120,W,W,W,R,WWWR,ODD,Not Predicted,,0.0,0
2059400121,R,R,W,R,RRWR,ODD,Not Predicted,,0.0,0
2059400122,W,R,W,R,WRWR,EVEN,Not Predicted,,0.0,0
2059400123,W,W,R,R,WWRR,EVEN,Not Predicted,,0.0,0
2059400124,W,W,R,W,WWRW,ODD,Not Predicted,,0.0,0
2059400125,R,R,W,R,RRWR,ODD,Not Predicted,,0.0,0
2059400126,R,R,R,W,RRRW,ODD,Not Predicted,,0.0,0
2059400127,R,R,R,R,RRRR,EVEN,Not Predicted,,0.0,0
2059400128,R,W,R,R,RWRR,ODD,Not Predicted,,0.0,0
2059400129,R,R,R,R,RRRR,EVEN,Not Predicted,,0.0,0
2059400130,W,W,W,R,WWWR,ODD,Not Predicted,,0.0,0
2059400131,R,R,W,R,RRWR,ODD,Not Predicted,,0.0,0
2059400132,W,W,R,W,WWRW,ODD,Not Predicted,,0.0,0
2059400133,W,R,W,W,WRWW,ODD,Not Predicted,,0.0,0
2059400134,R,W,W,R,RWWR,EVEN,Not Predicted,,0.0,0
2059400135,W,R,R,R,WRRR,ODD,Not Predicted,,0.0,0
2059400136,R,R,R,R,RRRR,EVEN,Not Predicted,,0.0,0
2059400137,R,R,W,W,RRWW,EVEN,Not Predicted,,0.0,0
2059400138,W,R,R,R,WRRR,ODD,Not Predicted,,0.0,0
2059400139,R,R,W,W,RRWW,EVEN,Not Predicted,,0.0,0
2059400140,W,R,R,R,WRRR,ODD,Not Predicted,,0.0,0
2059400141,W,W,W,R,WWWR,ODD,Not Predicted,,0.0,0
2059400142,R,R,W,W,RRWW,EVEN,Not Predicted,,0.0,0
2059400143,W,R,R,R,WRRR,ODD,Not Predicted,,0.0,0
2059400144,W,R,R,W,WRRW,EVEN,Not Predicted,,0.0,0
2059400145,R,W,W,R,RWWR,EVEN,Not Predicted,,0.0,0
2059400146,W,R,R,R,WRRR,ODD,Not Predicted,,0.0,0
2059400147,R,W,W,W,RWWW,ODD,Not Predicted,,0.0,0
2059400148,R,W,R,R,RWRR,ODD,Not Predicted,,0.0,0
2059400149,R,W,R,R,RWRR,ODD,Not Predicted,,0.0,0
2059400150,R,W,R,R,RWRR,ODD,Not Predicted,,0.0,0
2059400151,R,W,W,W,RWWW,ODD,Not Predicted,,0.0,0
2059400152,R,R,R,W,RRRW,ODD,Not Predicted,,0.0,0
2059400153,R,R,R,R,RRRR,EVEN,Not Predicted,,0.0,0
2059400154,W,R,R,R,WRRR,ODD,Not Predicted,,0.0,0
2059400155,W,W,W,W,WWWW,EVEN,Not Predicted,,0.0,0
2059400156,W,W,W,R,WWWR,ODD,Not Predicted,,0.0,0
2059400157,W,W,R,R,WWRR,EVEN,Not Predicted,,0.0,0
2059400158,R,R,W,W,RRWW,EVEN,Not Predicted,,0.0,0
2059400159,W,W,R,R,WWRR,EVEN,Not Predicted,,0.0,0
2059400160,W,R,W,R,WRWR,EVEN,Not Predicted,,0.0,0
2059400161,R,R,W,W,RRWW,EVEN,Not Predicted,,0.0,0
2059400162,W,R,W,R,WRWR,EVEN,Not Predicted,,0.0,0
2059400163,R,W,R,R,RWRR,ODD,Not Predicted,,0.0,0
2059400164,W,R,W,R,WRWR,EVEN,Not Predicted,,0.0,0
2059400165,R,W,W,R,RWWR,EVEN,Not Predicted,,0.0,0
2059400166,R,R,R,R,RRRR,EVEN,Not Predicted,,0.0,0
2059400167,W,W,R,W,WWRW,ODD,Not Predicted,,0.0,0
2059400168,R,W,R,W,RWRW,EVEN,Not Predicted,,0.0,0
2059400169,W,R,R,R,WRRR,ODD,Not Predicted,,0.0,0
2059400170,R,W,W,R,RWWR,EVEN,Not Predicted,,0.0,0
2059400171,R,W,W,R,RWWR,EVEN,Not Predicted,,0.0,0
2059400172,W,W,W,R,WWWR,ODD,Not Predicted,,0.0,0
2059400173,R,R,R,R,RRRR,EVEN,Not Predicted,,0.0,0
2059400174,W,W,R,W,WWRW,ODD,Not Predicted,,0.0,0
2059400175,W,W,R,R,WWRR,EVEN,Not Predicted,,0.0,0
2059400176,W,R,W,W,WRWW,ODD,Not Predicted,,0.0,0
2059400177,W,W,W,R,WWWR,ODD,Not Predicted,,0.0,0
2059400178,W,W,W,R,WWWR,ODD,Not Predicted,,0.0,0
2059400179,R,R,R,W,RRRW,ODD,Not Predicted,,0.0,0
2059400180,W,R,W,W,WRWW,ODD,Not Predicted,,0.0,0
2059400181,R,R,W,W,RRWW,EVEN,Not Predicted,,0.0,0
2059400182,R,R,R,W,RRRW,ODD,Not Predicted,,0.0,0
2059400183,R,R,R,W,RRRW,ODD,Not Predicted,,0.0,0
2059400184,R,W,R,R,RWRR,ODD,Not Predicted,,0.0,0
2059400185,W,R,R,W,WRRW,EVEN,Not Predicted,,0.0,0
2059400186,W,R,R,R,WRRR,ODD,Not Predicted,,0.0,0
2059400187,W,W,R,W,WWRW,ODD,Not Predicted,,0.0,0
2059400188,R,W,R,R,RWRR,ODD,Not Predicted,,0.0,0
2059400189,W,W,R,R,WWRR,EVEN,Not Predicted,,0.0,0
2059400190,R,W,R,R,RWRR,ODD,Not Predicted,,0.0,0
2059400191,R,R,W,R,RRWR,ODD,Not Predicted,,0.0,0
2059400192,R,R,R,W,RRRW,ODD,Not Predicted,,0.0,0
2059400193,W,W,W,R,WWWR,ODD,Not Predicted,,0.0,0
2059400194,R,W,R,R,RWRR,ODD,Not Predicted,,0.0,0
2059400195,W,W,W,R,WWWR,ODD,Not Predicted,,0.0,0
2059400196,W,W,W,W,WWWW,EVEN,Not Predicted,,0.0,0
2059400197,R,R,W,R,RRWR,ODD,Not Predicted,,0.0,0
2059400198,R,R,R,R,RRRR,EVEN,Not Predicted,,0.0,0
2059400199,W,R,W,W,WRWW,ODD,Not Predicted,,0.0,0
2059400200,R,R,W,W,RRWW,EVEN,Not Predicted,,0.0,0
2059400201,R,R,R,W,RRRW,ODD,Not Predicted,,0.0,0
2059400202,W,R,W,R,WRWR,EVEN,Not Predicted,,0.0,0
2059400203,W,W,W,W,WWWW,EVEN,Not Predicted,,0.0,0
2059400204,R,W,R,W,RWRW,EVEN,Not Predicted,,0.0,0
2059400205,W,R,W,R,WRWR,EVEN,Not Predicted,,0.0,0
2059400206,R,R,R,R,RRRR,EVEN,Not Predicted,,0.0,0
2059400207,R,R,R,W,RRRW,ODD,Not Predicted,,0.0,0
2059400208,W,W,R,R,WWRR,EVEN,Not Predicted,,0.0,0
2059400209,R,R,R,W,RRRW,ODD,Not Predicted,,0.0,0
2059400210,R,R,R,R,RRRR,EVEN,Not Predicted,,0.0,0
2059400211,R,W,W,R,RWWR,EVEN,Not Predicted,,0.0,0
2059400212,W,R,W,R,WRWR,EVEN,Not Predicted,,0.0,0
2059400213,W,R,R,W,WRRW,EVEN,Not Predicted,,0.0,0
2059400214,R,W,R,W,RWRW,EVEN,Not Predicted,,0.0,0
2059400215,W,W,R,R,WWRR,EVEN,Not Predicted,,0.0,0
2059400216,R,W,W,W,RWWW,ODD,Not Predicted,,0.0,0
2059400217,R,W,R,R,RWRR,ODD,Not Predicted,,0.0,0
2059400218,R,W,W,R,RWWR,EVEN,Not Predicted,,0.0,0
2059400219,W,W,R,W,WWRW,ODD,Not Predicted,,0.0,0
2059400220,W,R,W,R,WRWR,EVEN,Not Predicted,,0.0,0
2059400221,R,W,W,W,RWWW,ODD,Not Predicted,,0.0,0
2059400222,W,W,R,W,WWRW,ODD,Not Predicted,,0.0,0
2059400223,W,R,R,W,WRRW,EVEN,Not Predicted,,0.0,0
2059400224,W,R,W,W,WRWW,ODD,Not Predicted,,0.0,0
2059400225,W,W,W,W,WWWW,EVEN,Not Predicted,,0.0,0
2059400226,W,W,W,W,WWWW,EVEN,Not Predicted,,0.0,0
2059400227,R,R,W,W,RRWW,EVEN,Not Predicted,,0.0,0
2059400228,W,W,R,W,WWRW,ODD,Not Predicted,,0.0,0
2059400229,R,W,W,W,RWWW,ODD,Not Predicted,,0.0,0
2059400230,R,R,R,R,RRRR,EVEN,Not Predicted,,0.0,0
2059400231,R,R,W,W,RRWW,EVEN,Not Predicted,,0.0,0
2059400232,R,R,W,R,RRWR,ODD,Not Predicted,,0.0,0
2059400233,W,W,R,R,WWRR,EVEN,Not Predicted,,0.0,0
2059400234,R,W,W,R,RWWR,EVEN,Not Predicted,,0.0,0
2059400235,W,R,R,R,WRRR,ODD,Not Predicted,,0.0,0
2059400236,W,W,R,R,WWRR,EVEN,Not Predicted,,0.0,0
2059400237,R,R,R,R,RRRR,EVEN,Not Predicted,,0.0,0
2059400238,R,W,R,W,RWRW,EVEN,Not Predicted,,0.0,0
2059400239,W,W,W,R,WWWR,ODD,Not Predicted,,0.0,0
2059400240,R,W,W,R,RWWR,EVEN,Not Predicted,,0.0,0
2059400241,R,R,R,W,RRRW,ODD,Not Predicted,,0.0,0
2059400242,W,W,R,R,WWRR,EVEN,Not Predicted,,0.0,0
2059400243,R,W,W,R,RWWR,EVEN,Not Predicted,,0.0,0
2059400244,R,R,W,W,RRWW,EVEN,Not Predicted,,0.0,0
2059400245,W,W,W,W,WWWW,EVEN,Not Predicted,,0.0,0
2059400246,W,W,R,W,WWRW,ODD,Not Predicted,,0.0,0
2059400247,W,R,W,W,WRWW,ODD,Not Predicted,,0.0,0
2059400248,R,R,W,R,RRWR,ODD,Not Predicted,,0.0,0
2059400249,W,W,R,R,WWRR,EVEN,Not Predicted,,0.0,0
2059400250,W,R,W,W,WRWW,ODD,Not Predicted,,0.0,0
2059400251,R,W,W,W,RWWW,ODD,Not Predicted,,0.0,0
2059400252,R,R,R,R,RRRR,EVEN,Not Predicted,,0.0,0
2059400253,R,W,W,W,RWWW,ODD,Not Predicted,,0.0,0
2059400254,W,W,W,W,WWWW,EVEN,Not Predicted,,0.0,0
2059400255,R,R,R,W,RRRW,ODD,Not Predicted,,0.0,0
2059400256,R,R,R,R,RRRR,EVEN,Not Predicted,,0.0,0
2059400257,R,R,R,W,RRRW,ODD,Not Predicted,,0.0,0
2059400258,R,R,R,W,RRRW,ODD,Not Predicted,,0.0,0
2059400259,R,R,R,R,RRRR,EVEN,Not Predicted,,0.0,0
2059400260,W,W,W,W,WWWW,EVEN,Not Predicted,,0.0,0
2059400261,W,W,W,W,WWWW,EVEN,Not Predicted,,0.0,0
2059400262,R,R,W,R,RRWR,ODD,Not Predicted,,0.0,0
2059400263,W,R,W,R,WRWR,EVEN,Not Predicted,,0.0,0
2059400264,R,R,R,W,RRRW,ODD,Not Predicted,,0.0,0
2059400265,W,W,R,W,WWRW,ODD,Not Predicted,,0.0,0
2059400266,W,R,R,R,WRRR,ODD,Not Predicted,,0.0,0
2059400267,W,R,W,W,WRWW,ODD,Not Predicted,,0.0,0
2059400268,R,W,R,W,RWRW,EVEN,Not Predicted,,0.0,0
2059400269,R,R,W,W,RRWW,EVEN,Not Predicted,,0.0,0
2059400270,R,R,W,R,RRWR,ODD,Not Predicted,,0.0,0
2059400271,W,R,R,R,WRRR,ODD,Not Predicted,,0.0,0
2059400272,R,R,R,W,RRRW,ODD,Not Predicted,,0.0,0
2059400273,R,R,R,W,RRRW,ODD,Not Predicted,,0.0,0
2059400274,W,W,W,W,WWWW,EVEN,Not Predicted,,0.0,0
2059400275,W,R,W,W,WRWW,ODD,Not Predicted,,0.0,0
2059400276,R,W,R,W,RWRW,EVEN,Not Predicted,,0.0,0
2059400277,R,R,R,W,RRRW,ODD,Not Predicted,,0.0,0
2059400278,R,R,W,R,RRWR,ODD,Not Predicted,,0.0,0
2059400279,R,R,R,R,RRRR,EVEN,Not Predicted,,0.0,0
2059400280,W,R,R,R,WRRR,ODD,Not Predicted,,0.0,0
2059400281,W,W,W,W,WWWW,EVEN,Not Predicted,,0.0,0
2059400282,W,W,R,R,WWRR,EVEN,Not Predicted,,0.0,0
2059400283,W,W,W,R,WWWR,ODD,Not Predicted,,0.0,0
2059400284,R,R,W,W,RRWW,EVEN,Not Predicted,,0.0,0
2059400285,W,R,W,R,WRWR,EVEN,Not Predicted,,0.0,0
2059400286,R,W,R,R,RWRR,ODD,Not Predicted,,0.0,0
2059400287,W,W,W,R,WWWR,ODD,Not Predicted,,0.0,0
2059400288,W,W,W,W,WWWW,EVEN,Not Predicted,,0.0,0
2059400289,W,W,R,W,WWRW,ODD,Not Predicted,,0.0,0
2059400290,W,W,W,W,WWWW,EVEN,Not Predicted,,0.0,0
2059400291,R,W,R,R,RWRR,ODD,Not Predicted,,0.0,0
2059400292,R,R,R,W,RRRW,ODD,Not Predicted,,0.0,0
2059400293,R,W,R,W,RWRW,EVEN,Not Predicted,,0.0,0
2059400294,W,R,W,W,WRWW,ODD,Not Predicted,,0.0,0
2059400295,R,W,W,R,RWWR,EVEN,Not Predicted,,0.0,0
2059400296,R,R,W,R,RRWR,ODD,Not Predicted,,0.0,0
2059400297,W,R,R,W,WRRW,EVEN,Not Predicted,,0.0,0
2059400298,R,R,W,R,RRWR,ODD,Not Predicted,,0.0,0
2059400299,R,R,R,W,RRRW,ODD,Not Predicted,,0.0,0
2059400300,W,R,R,R,WRRR,ODD,Not Predicted,,0.0,0
2059400301,W,W,R,R,WWRR,EVEN,Not Predicted,,0.0,0
2059400302,R,R,R,W,RRRW,ODD,Not Predicted,,0.0,0
2059400303,R,W,R,W,RWRW,EVEN,Not Predicted,,0.0,0
2059400304,W,R,W,W,WRWW,ODD,Not Predicted,,0.0,0
2059400305,R,W,W,W,RWWW,ODD,Not Predicted,,0.0,0
2059400306,W,W,W,W,WWWW,EVEN,Not Predicted,,0.0,0
2059400307,W,R,W,W,WRWW,ODD,Not Predicted,,0.0,0
2059400308,R,R,R,R,RRRR,EVEN,Not Predicted,,0.0,0
2059400309,W,W,R,R,WWRR,EVEN,Not Predicted,,0.0,0
2059400310,R,W,W,R,RWWR,EVEN,Not Predicted,,0.0,0
2059400311,W,R,W,R,WRWR,EVEN,Not Predicted,,0.0,0
2059400312,R,R,R,W,RRRW,ODD,Not Predicted,,0.0,0
2059400313,R,R,W,W,RRWW,EVEN,Not Predicted,,0.0,0
2059400314,R,R,W,W,RRWW,EVEN,Not Predicted,,0.0,0
2059400315,W,R,R,R,WRRR,ODD,Not Predicted,,0.0,0
2059400316,R,W,W,R,RWWR,EVEN,Not Predicted,,0.0,0
2059400317,W,R,W,R,WRWR,EVEN,Not Predicted,,0.0,0
2059400318,W,R,R,R,WRRR,ODD,Not Predicted,,0.0,0
2059400319,R,R,W,W,RRWW,EVEN,Not Predicted,,0.0,0
2059400320,W,R,R,W,WRRW,EVEN,Not Predicted,,0.0,0
2059400321,W,R,W,W,WRWW,ODD,Not Predicted,,0.0,0
2059400322,R,W,R,W,RWRW,EVEN,Not Predicted,,0.0,0
2059400323,W,W,R,R,WWRR,EVEN,Not Predicted,,0.0,0
2059400324,W,R,R,W,WRRW,EVEN,Not Predicted,,0.0,0
2059400325,W,W,W,R,WWWR,ODD,Not Predicted,,0.0,0
2059400326,W,W,W,W,WWWW,EVEN,Not Predicted,,0.0,0
2059400327,R,R,W,R,RRWR,ODD,Not Predicted,,0.0,0
2059400328,W,W,W,W,WWWW,EVEN,Not Predicted,,0.0,0
2059400329,W,R,W,R,WRWR,EVEN,Not Predicted,,0.0,0
2059400330,R,W,W,W,RWWW,ODD,Not Predicted,,0.0,0
2059400331,R,W,R,W,RWRW,EVEN,Not Predicted,,0.0,0
2059400332,R,R,R,W,RRRW,ODD,Not Predicted,,0.0,0
2059400333,R,R,R,W,RRRW,ODD,Not Predicted,,0.0,0
2059400334,R,W,R,W,RWRW,EVEN,Not Predicted,,0.0,0
2059400335,W,R,R,R,WRRR,ODD,Not Predicted,,0.0,0
2059400336,W,R,W,W,WRWW,ODD,Not Predicted,,0.0,0
2059400337,W,R,R,R,WRRR,ODD,Not Predicted,,0.0,0
2059400338,W,W,W,W,WWWW,EVEN,Not Predicted,,0.0,0
2059400339,W,R,R,R,WRRR,ODD,Not Predicted,,0.0,0
2059400340,R,R,W,R,RRWR,ODD,Not Predicted,,0.0,0
2059400341,W,R,R,R,WRRR,ODD,Not Predicted,,0.0,0
2059400342,W,R,W,W,WRWW,ODD,Not Predicted,,0.0,0
2059400343,R,W,R,W,RWRW,EVEN,Not Predicted,,0.0,0
2059400344,R,R,R,R,RRRR,EVEN,Not Predicted,,0.0,0
2059400345,W,W,W,R,WWWR,ODD,Not Predicted,,0.0,0
2059400346,R,W,R,W,RWRW,EVEN,Not Predicted,,0.0,0
2059400347,W,W,W,R,WWWR,ODD,Not Predicted,,0.0,0
2059400348,R,R,R,W,RRRW,ODD,Not Predicted,,0.0,0
2059400349,R,W,R,W,RWRW,EVEN,Not Predicted,,0.0,0
2059400350,W,R,R,W,WRRW,EVEN,Not Predicted,,0.0,0
2059400351,R,W,R,W,RWRW,EVEN,Not Predicted,,0.0,0
2059400352,W,R,R,R,WRRR,ODD,Not Predicted,,0.0,0
2059400353,W,W,R,R,WWRR,EVEN,Not Predicted,,0.0,0
2059400354,R,R,R,R,RRRR,EVEN,Not Predicted,,0.0,0
2059400355,W,R,W,W,WRWW,ODD,Not Predicted,,0.0,0
2059400356,R,R,R,R,RRRR,EVEN,Not Predicted,,0.0,0
2059400357,R,R,R,W,RRRW,ODD,Not Predicted,,0.0,0
2059400358,W,W,R,R,WWRR,EVEN,Not Predicted,,0.0,0
2059400359,W,W,W,W,WWWW,EVEN,Not Predicted,,0.0,0
2059400360,R,W,R,W,RWRW,EVEN,Not Predicted,,0.0,0
2059400361,W,R,W,W,WRWW,ODD,Not Predicted,,0.0,0
2059400362,W,R,R,W,WRRW,EVEN,Not Predicted,,0.0,0
2059400363,W,R,R,R,WRRR,ODD,Not Predicted,,0.0,0
2059400364,W,W,W,W,WWWW,EVEN,Not Predicted,,0.0,0
2059400365,W,W,W,W,WWWW,EVEN,Not Predicted,,0.0,0
2059400366,W,R,R,R,WRRR,ODD,Not Predicted,,0.0,0
2059400367,R,W,W,R,RWWR,EVEN,Not Predicted,,0.0,0
2059400368,W,W,W,R,WWWR,ODD,Not Predicted,,0.0,0
2059400369,R,W,W,W,RWWW,ODD,Not Predicted,,0.0,0
2059400370,R,R,W,W,RRWW,EVEN,Not Predicted,,0.0,0
2059400371,R,W,R,R,RWRR,ODD,Not Predicted,,0.0,0
2059400372,W,W,R,R,WWRR,EVEN,Not Predicted,,0.0,0
2059400373,W,W,R,W,WWRW,ODD,Not Predicted,,0.0,0
2059400374,R,R,W,R,RRWR,ODD,Not Predicted,,0.0,0
2059400375,R,W,W,R,RWWR,EVEN,Not Predicted,,0.0,0
2059400376,W,R,W,W,WRWW,ODD,Not Predicted,,0.0,0
2059400377,R,W,R,W,RWRW,EVEN,Not Predicted,,0.0,0
2059400378,R,R,W,W,RRWW,EVEN,Not Predicted,,0.0,0
2059400379,R,W,R,R,RWRR,ODD,Not Predicted,,0.0,0
2059400380,R,W,R,R,RWRR,ODD,Not Predicted,,0.0,0
2059400381,W,W,W,W,WWWW,EVEN,Not Predicted,,0.0,0
2059400382,W,R,R,R,WRRR,ODD,Not Predicted,,0.0,0
2059400383,R,R,W,W,RRWW,EVEN,Not Predicted,,0.0,0
2059400384,R,R,W,R,RRWR,ODD,Not Predicted,,0.0,0
2059400385,W,R,R,R,WRRR,ODD,Not Predicted,,0.0,0
2059400386,W,W,R,W,WWRW,ODD,Not Predicted,,0.0,0
2059400387,W,R,R,W,WRRW,EVEN,Not Predicted,,0.0,0
2059400388,W,W,W,R,WWWR,ODD,Not Predicted,,0.0,0
2059400389,W,R,R,R,WRRR,ODD,Not Predicted,,0.0,0
2059400390,W,W,W,W,WWWW,EVEN,Not Predicted,,0.0,0
2059400391,R,W,R,R,RWRR,ODD,Not Predicted,,0.0,0
2059400392,W,W,W,W,WWWW,EVEN,Not Predicted,,0.0,0
2059400393,W,R,W,W,WRWW,ODD,Not Predicted,,0.0,0
2059400394,R,W,W,W,RWWW,ODD,Not Predicted,,0.0,0
2059400395,R,W,W,R,RWWR,EVEN,Not Predicted,,0.0,0
2059400396,W,W,R,W,WWRW,ODD,Not Predicted,,0.0,0
2059400397,R,R,R,W,RRRW,ODD,Not Predicted,,0.0,0
2059400398,R,R,W,R,RRWR,ODD,Not Predicted,,0.0,0
2059400399,R,R,R,R,RRRR,EVEN,Not Predicted,,0.0,0
2059400400,W,W,W,R,WWWR,ODD,Not Predicted,,0.0,0
2059400401,W,R,R,W,WRRW,EVEN,Not Predicted,,0.0,0
2059400402,W,R,R,W,WRRW,EVEN,Not Predicted,,0.0,0
2059400403,W,W,W,W,WWWW,EVEN,Not Predicted,,0.0,0
2059400404,R,R,W,R,RRWR,ODD,Not Predicted,,0.0,0
2059400405,W,W,R,W,WWRW,ODD,Not Predicted,,0.0,0
2059400406,R,R,W,R,RRWR,ODD,Not Predicted,,0.0,0
2059400407,W,R,R,R,WRRR,ODD,Not Predicted,,0.0,0
2059400408,R,R,R,W,RRRW,ODD,Not Predicted,,0.0,0
2059400409,R,R,R,W,RRRW,ODD,Not Predicted,,0.0,0
2059400410,W,W,R,R,WWRR,EVEN,Not Predicted,,0.0,0
2059400411,R,W,W,R,RWWR,EVEN,Not Predicted,,0.0,0
2059400412,W,R,W,W,WRWW,ODD,Not Predicted,,0.0,0
2059400413,W,R,R,R,WRRR,ODD,Not Predicted,,0.0,0
2059400414,W,W,W,W,WWWW,EVEN,Not Predicted,,0.0,0
2059400415,W,W,W,W,WWWW,EVEN,Not Predicted,,0.0,0
2059400416,W,W,W,R,WWWR,ODD,Not Predicted,,0.0,0
2059400417,W,W,W,R,WWWR,ODD,Not Predicted,,0.0,0
2059400418,R,W,W,R,RWWR,EVEN,Not Predicted,,0.0,0
2059400419,W,W,W,W,WWWW,EVEN,Not Predicted,,0.0,0
2059400420,R,W,W,R,RWWR,EVEN,Not Predicted,,0.0,0
2059400421,R,W,R,W,RWRW,EVEN,Not Predicted,,0.0,0
2059400422,R,R,R,R,RRRR,EVEN,Not Predicted,,0.0,0
2059400423,R,W,W,W,RWWW,ODD,Not Predicted,,0.0,0
2059400424,R,R,W,R,RRWR,ODD,Not Predicted,,0.0,0
2059400425,R,W,W,W,RWWW,ODD,Not Predicted,,0.0,0
2059400426,R,W,R,R,RWRR,ODD,Not Predicted,,0.0,0
2059400427,R,R,R,W,RRRW,ODD,Not Predicted,,0.0,0
2059400428,R,R,W,R,RRWR,ODD,Not Predicted,,0.0,0
2059400429,R,W,R,W,RWRW,EVEN,Not Predicted,,0.0,0
2059400430,R,W,R,R,RWRR,ODD,Not Predicted,,0.0,0
2059400431,W,R,R,W,WRRW,EVEN,Not Predicted,,0.0,0
2059400432,R,R,W,R,RRWR,ODD,Not Predicted,,0.0,0
2059400433,R,R,R,R,RRRR,EVEN,Not Predicted,,0.0,0
2059400434,R,W,R,W,RWRW,EVEN,Not Predicted,,0.0,0
2059400435,W,W,R,R,WWRR,EVEN,Not Predicted,,0.0,0
2059400436,R,W,W,W,RWWW,ODD,Not Predicted,,0.0,0
2059400437,R,W,R,W,RWRW,EVEN,Not Predicted,,0.0,0
2059400438,W,W,W,R,WWWR,ODD,Not Predicted,,0.0,0
2059400439,W,R,W,W,WRWW,ODD,Not Predicted,,0.0,0
2059400440,W,R,R,W,WRRW,EVEN,Not Predicted,,0.0,0
2059400441,W,R,R,R,WRRR,ODD,Not Predicted,,0.0,0
2059400442,W,W,W,W,WWWW,EVEN,Not Predicted,,0.0,0
2059400443,W,R,W,W,WRWW,ODD,Not Predicted,,0.0,0
2059400444,W,R,R,R,WRRR,ODD,Not Predicted,,0.0,0
2059400445,R,R,W,W,RRWW,EVEN,Not Predicted,,0.0,0
2059400446,W,R,W,W,WRWW,ODD,Not Predicted,,0.0,0
2059400447,W,W,W,R,WWWR,ODD,Not Predicted,,0.0,0
2059400448,W,W,W,W,WWWW,EVEN,Not Predicted,,0.0,0
2059400449,R,R,R,W,RRRW,ODD,Not Predicted,,0.0,0
2059400450,W,W,W,W,WWWW,EVEN,Not Predicted,,0.0,0
2059400451,W,W,W,R,WWWR,ODD,Not Predicted,,0.0,0
2059400452,R,R,R,W,RRRW,ODD,Not Predicted,,0.0,0
2059400453,R,R,W,W,RRWW,EVEN,Not Predicted,,0.0,0
2059400454,R,W,R,R,RWRR,ODD,Not Predicted,,0.0,0
2059400455,R,W,W,W,RWWW,ODD,Not Predicted,,0.0,0
2059400456,W,R,W,W,WRWW,ODD,Not Predicted,,0.0,0
2059400457,R,R,R,W,RRRW,ODD,Not Predicted,,0.0,0
2059400458,R,W,R,R,RWRR,ODD,Not Predicted,,0.0,0
2059400459,R,R,W,R,RRWR,ODD,Not Predicted,,0.0,0
2059400460,W,R,R,R,WRRR,ODD,Not Predicted,,0.0,0
2059400461,R,W,W,W,RWWW,ODD,Not Predicted,,0.0,0
2059400462,W,W,W,R,WWWR,ODD,Not Predicted,,0.0,0
2059400463,R,W,W,R,RWWR,EVEN,Not Predicted,,0.0,0
2059400464,W,W,R,W,WWRW,ODD,Not Predicted,,0.0,0
2059400465,R,W,R,R,RWRR,ODD,Not Predicted,,0.0,0
2059400466,R,W,R,W,RWRW,EVEN,Not Predicted,,0.0,0
2059400467,R,R,W,R,RRWR,ODD,Not Predicted,,0.0,0
2059400468,R,W,W,R,RWWR,EVEN,Not Predicted,,0.0,0
2059400469,R,W,W,R,RWWR,EVEN,Not Predicted,,0.0,0
2059400470,W,W,W,W,WWWW,EVEN,Not Predicted,,0.0,0
2059400471,R,R,W,R,RRWR,ODD,Not Predicted,,0.0,0
2059400472,R,W,W,R,RWWR,EVEN,Not Predicted,,0.0,0
2059400473,W,W,R,R,WWRR,EVEN,Not Predicted,,0.0,0
2059400474,W,R,R,R,WRRR,ODD,Not Predicted,,0.0,0
2059400475,R,W,W,W,RWWW,ODD,Not Predicted,,0.0,0
2059400476,R,R,R,R,RRRR,EVEN,Not Predicted,,0.0,0
2059400477,R,W,R,W,RWRW,EVEN,Not Predicted,,0.0,0
2059400478,R,W,R,W,RWRW,EVEN,Not Predicted,,0.0,0
2059400479,W,W,W,W,WWWW,EVEN,Not Predicted,,0.0,0
2059400480,W,W,R,R,WWRR,EVEN,Not Predicted,,0.0,0
2059500001,R,W,W,W,RWWW,ODD,Not Predicted,,0.0,0
2059500002,R,R,R,W,RRRW,ODD,Not Predicted,,0.0,0
2059500003,W,W,W,W,WWWW,EVEN,Not Predicted,,0.0,0
2059500004,R,R,R,W,RRRW,ODD,Not Predicted,,0.0,0
2059500005,W,W,W,W,WWWW,EVEN,Not Predicted,,0.0,0
2059500006,R,W,W,W,RWWW,ODD,Not Predicted,,0.0,0
2059500007,W,W,R,W,WWRW,ODD,Not Predicted,,0.0,0
2059500008,W,W,R,R,WWRR,EVEN,Not Predicted,,0.0,0
2059500009,W,R,R,W,WRRW,EVEN,Not Predicted,,0.0,0
2059500010,R,W,W,R,RWWR,EVEN,Not Predicted,,0.0,0
2059500011,W,R,R,W,WRRW,EVEN,Not Predicted,,0.0,0
2059500012,R,W,R,W,RWRW,EVEN,Not Predicted,,0.0,0
2059500013,R,R,R,W,RRRW,ODD,Not Predicted,,0.0,0
2059500014,R,R,W,W,RRWW,EVEN,Not Predicted,,0.0,0
2059500015,W,R,R,R,WRRR,ODD,Not Predicted,,0.0,0
2059500016,W,W,W,R,WWWR,ODD,Not Predicted,,0.0,0
2059500017,R,R,R,W,RRRW,ODD,Not Predicted,,0.0,0
2059500018,R,R,W,R,RRWR,ODD,Not Predicted,,0.0,0
2059500019,R,W,W,R,RWWR,EVEN,Not Predicted,,0.0,0
2059500020,W,R,W,R,WRWR,EVEN,Not Predicted,,0.0,0
2059500021,W,R,R,R,WRRR,ODD,Not Predicted,,0.0,0
2059500022,R,R,R,R,RRRR,EVEN,Not Predicted,,0.0,0
2059500023,R,W,R,W,RWRW,EVEN,Not Predicted,,0.0,0
2059500024,R,R,R,R,RRRR,EVEN,Not Predicted,,0.0,0
2059500025,W,W,W,R,WWWR,ODD,Not Predicted,,0.0,0
2059500026,R,R,R,W,RRRW,ODD,Not Predicted,,0.0,0
2059500027,W,R,W,R,WRWR,EVEN,Not Predicted,,0.0,0
2059500028,W,R,W,W,WRWW,ODD,Not Predicted,,0.0,0
2059500029,R,R,R,R,RRRR,EVEN,Not Predicted,,0.0,0
2059500030,W,R,W,R,WRWR,EVEN,Not Predicted,,0.0,0
2059500031,R,W,W,R,RWWR,EVEN,Not Predicted,,0.0,0
2059500032,R,W,W,W,RWWW,ODD,Not Predicted,,0.0,0
2059500033,R,R,R,W,RRRW,ODD,Not Predicted,,0.0,0
2059500034,R,W,W,R,RWWR,EVEN,Not Predicted,,0.0,0
2059500035,W,W,W,W,WWWW,EVEN,Not Predicted,,0.0,0
2059500036,W,W,W,W,WWWW,EVEN,Not Predicted,,0.0,0
2059500037,W,W,W,R,WWWR,ODD,Not Predicted,,0.0,0
2059500038,R,W,R,W,RWRW,EVEN,Not Predicted,,0.0,0
2059500039,W,W,R,W,WWRW,ODD,Not Predicted,,0.0,0
2059500040,W,R,R,W,WRRW,EVEN,Not Predicted,,0.0,0
2059500041,W,R,R,R,WRRR,ODD,Not Predicted,,0.0,0
2059500042,R,R,W,W,RRWW,EVEN,Not Predicted,,0.0,0
2059500043,R,W,R,R,RWRR,ODD,Not Predicted,,0.0,0
2059500044,R,R,W,W,RRWW,EVEN,Not Predicted,,0.0,0
2059500045,W,R,R,W,WRRW,EVEN,Not Predicted,,0.0,0
2059500046,R,W,R,R,RWRR,ODD,Not Predicted,,0.0,0
2059500047,R,W,W,R,RWWR,EVEN,Not Predicted,,0.0,0
2059500048,W,W,R,W,WWRW,ODD,Not Predicted,,0.0,0
2059500049,R,R,R,W,RRRW,ODD,Not Predicted,,0.0,0
2059500050,R,W,R,W,RWRW,EVEN,Not Predicted,,0.0,0
2059500051,R,W,R,R,RWRR,ODD,Not Predicted,,0.0,0
2059500052,W,W,R,R,WWRR,EVEN,Not Predicted,,0.0,0
2059500053,R,W,W,W,RWWW,ODD,Not Predicted,,0.0,0
2059500054,R,R,W,R,RRWR,ODD,Not Predicted,,0.0,0
2059500055,W,W,W,R,WWWR,ODD,Not Predicted,,0.0,0
2059500056,R,R,W,W,RRWW,EVEN,Not Predicted,,0.0,0
2059500057,R,R,W,W,RRWW,EVEN,Not Predicted,,0.0,0
2059500058,R,W,W,W,RWWW,ODD,Not Predicted,,0.0,0
2059500059,W,R,W,W,WRWW,ODD,Not Predicted,,0.0,0
2059500060,W,W,W,W,WWWW,EVEN,Not Predicted,,0.0,0
2059500061,R,W,R,W,RWRW,EVEN,Not Predicted,,0.0,0
2059500062,W,W,R,R,WWRR,EVEN,Not Predicted,,0.0,0
2059500063,R,R,R,R,RRRR,EVEN,Not Predicted,,0.0,0
2059500064,R,W,W,R,RWWR,EVEN,Not Predicted,,0.0,0
2059500065,R,R,R,W,RRRW,ODD,Not Predicted,,0.0,0
2059500066,R,W,W,R,RWWR,EVEN,Not Predicted,,0.0,0
2059500067,W,W,R,R,WWRR,EVEN,Not Predicted,,0.0,0
2059500068,R,W,W,W,RWWW,ODD,Not Predicted,,0.0,0
2059500069,R,W,W,R,RWWR,EVEN,Not Predicted,,0.0,0
2059500070,W,W,R,R,WWRR,EVEN,Not Predicted,,0.0,0
2059500071,W,W,W,R,WWWR,ODD,Not Predicted,,0.0,0
2059500072,R,R,R,W,RRRW,ODD,Not Predicted,,0.0,0
2059500073,W,R,W,W,WRWW,ODD,Not Predicted,,0.0,0
2059500074,W,R,W,R,WRWR,EVEN,Not Predicted,,0.0,0
2059500075,W,W,W,W,WWWW,EVEN,Not Predicted,,0.0,0
2059500076,R,R,W,W,RRWW,EVEN,Not Predicted,,0.0,0
2059500077,R,W,R,W,RWRW,EVEN,Not Predicted,,0.0,0
2059500078,W,W,W,R,WWWR,ODD,Not Predicted,,0.0,0
2059500079,W,R,W,R,WRWR,EVEN,Not Predicted,,0.0,0
2059500080,R,W,W,W,RWWW,ODD,Not Predicted,,0.0,0
2059500081,R,R,R,W,RRRW,ODD,Not Predicted,,0.0,0
2059500082,W,W,R,W,WWRW,ODD,Not Predicted,,0.0,0
2059500083,R,W,R,R,RWRR,ODD,Not Predicted,,0.0,0
2059500084,R,R,R,R,RRRR,EVEN,Not Predicted,,0.0,0
2059500085,W,R,R,W,WRRW,EVEN,Not Predicted,,0.0,0
2059500086,R,R,R,R,RRRR,EVEN,Not Predicted,,0.0,0
2059500087,W,R,W,R,WRWR,EVEN,Not Predicted,,0.0,0
2059500088,W,R,W,R,WRWR,EVEN,Not Predicted,,0.0,0
2059500089,W,W,R,R,WWRR,EVEN,Not Predicted,,0.0,0
2059500090,R,R,W,R,RRWR,ODD,Not Predicted,,0.0,0
2059500091,W,W,W,W,WWWW,EVEN,Not Predicted,,0.0,0
2059500092,W,W,R,R,WWRR,EVEN,Not Predicted,,0.0,0
2059500093,W,R,W,W,WRWW,ODD,Not Predicted,,0.0,0
2059500094,R,W,R,R,RWRR,ODD,Not Predicted,,0.0,0
2059500095,R,R,R,W,RRRW,ODD,Not Predicted,,0.0,0
2059500096,W,R,R,W,WRRW,EVEN,Not Predicted,,0.0,0
2059500097,R,R,R,W,RRRW,ODD,Not Predicted,,0.0,0
2059500098,W,W,W,W,WWWW,EVEN,Not Predicted,,0.0,0
2059500099,R,R,R,W,RRRW,ODD,Not Predicted,,0.0,0
2059500100,W,W,R,R,WWRR,EVEN,Not Predicted,,0.0,0
2059500101,R,W,R,R,RWRR,ODD,Not Predicted,,0.0,0
2059500102,R,R,W,W,RRWW,EVEN,Not Predicted,,0.0,0
2059500103,W,R,R,W,WRRW,EVEN,Not Predicted,,0.0,0
2059500104,W,R,W,R,WRWR,EVEN,Not Predicted,,0.0,0
2059500105,W,W,R,W,WWRW,ODD,Not Predicted,,0.0,0
2059500106,R,R,W,W,RRWW,EVEN,Not Predicted,,0.0,0
2059500107,R,R,R,R,RRRR,EVEN,Not Predicted,,0.0,0
2059500108,W,R,R,R,WRRR,ODD,Not Predicted,,0.0,0
2059500109,R,W,R,R,RWRR,ODD,Not Predicted,,0.0,0
2059500110,R,R,R,W,RRRW,ODD,Not Predicted,,0.0,0
2059500111,R,R,R,R,RRRR,EVEN,Not Predicted,,0.0,0
2059500112,R,W,R,W,RWRW,EVEN,Not Predicted,,0.0,0
2059500113,R,R,R,R,RRRR,EVEN,Not Predicted,,0.0,0
2059500114,R,R,W,R,RRWR,ODD,Not Predicted,,0.0,0
2059500115,R,W,W,R,RWWR,EVEN,Not Predicted,,0.0,0
2059500116,R,R,W,R,RRWR,ODD,Not Predicted,,0.0,0
2059500117,R,W,W,R,RWWR,EVEN,Not Predicted,,0.0,0
2059500118,W,W,R,W,WWRW,ODD,Not Predicted,,0.0,0
2059500119,W,R,W,R,WRWR,EVEN,Not Predicted,,0.0,0
2059500120,R,R,W,R,RRWR,ODD,Not Predicted,,0.0,0
2059500121,R,W,W,W,RWWW,ODD,Not Predicted,,0.0,0
2059500122,R,W,R,W,RWRW,EVEN,Not Predicted,,0.0,0
2059500123,W,W,W,R,WWWR,ODD,Not Predicted,,0.0,0
2059500124,W,W,W,R,WWWR,ODD,Not Predicted,,0.0,0
2059500125,W,W,W,R,WWWR,ODD,Not Predicted,,0.0,0
2059500126,R,R,R,R,RRRR,EVEN,Not Predicted,,0.0,0
2059500127,R,R,W,R,RRWR,ODD,Not Predicted,,0.0,0
2059500128,R,R,W,R,RRWR,ODD,Not Predicted,,0.0,0
2059500129,R,W,R,R,RWRR,ODD,Not Predicted,,0.0,0
2059500130,R,W,W,R,RWWR,EVEN,Not Predicted,,0.0,0
2059500131,R,W,R,R,RWRR,ODD,Not Predicted,,0.0,0
2059500132,W,R,W,R,WRWR,EVEN,Not Predicted,,0.0,0
2059500133,R,W,W,W,RWWW,ODD,Not Predicted,,0.0,0
2059500134,W,W,W,R,WWWR,ODD,Not Predicted,,0.0,0
2059500135,R,R,W,W,RRWW,EVEN,Not Predicted,,0.0,0
2059500136,W,W,R,R,WWRR,EVEN,Not Predicted,,0.0,0
2059500137,W,W,R,R,WWRR,EVEN,Not Predicted,,0.0,0
2059500138,W,R,R,W,WRRW,EVEN,Not Predicted,,0.0,0
2059500139,W,R,R,W,WRRW,EVEN,Not Predicted,,0.0,0
2059500140,W,R,R,R,WRRR,ODD,Not Predicted,,0.0,0
2059500141,R,W,W,R,RWWR,EVEN,Not Predicted,,0.0,0
2059500142,R,W,R,W,RWRW,EVEN,Not Predicted,,0.0,0
2059500143,W,R,R,W,WRRW,EVEN,Not Predicted,,0.0,0
2059500144,R,R,R,R,RRRR,EVEN,Not Predicted,,0.0,0
2059500145,W,W,R,W,WWRW,ODD,Not Predicted,,0.0,0
2059500146,W,W,W,R,WWWR,ODD,Not Predicted,,0.0,0
2059500147,W,W,R,W,WWRW,ODD,Not Predicted,,0.0,0
2059500148,R,W,W,R,RWWR,EVEN,Not Predicted,,0.0,0
2059500149,R,R,W,W,RRWW,EVEN,Not Predicted,,0.0,0
2059500150,W,R,R,R,WRRR,ODD,Not Predicted,,0.0,0
2059500151,W,R,W,R,WRWR,EVEN,Not Predicted,,0.0,0
2059500152,R,W,W,R,RWWR,EVEN,Not Predicted,,0.0,0
2059500153,W,R,R,R,WRRR,ODD,Not Predicted,,0.0,0
2059500154,R,R,W,R,RRWR,ODD,Not Predicted,,0.0,0
2059500155,W,W,R,W,WWRW,ODD,Not Predicted,,0.0,0
2059500156,R,W,W,R,RWWR,EVEN,Not Predicted,,0.0,0
2059500157,W,R,W,W,WRWW,ODD,Not Predicted,,0.0,0
2059500158,R,R,R,W,RRRW,ODD,Not Predicted,,0.0,0
2059500159,R,W,R,R,RWRR,ODD,Not Predicted,,0.0,0
2059500160,W,W,W,W,WWWW,EVEN,Not Predicted,,0.0,0
2059500161,W,R,W,W,WRWW,ODD,Not Predicted,,0.0,0
2059500162,R,W,R,W,RWRW,EVEN,Not Predicted,,0.0,0
2059500163,R,W,R,W,RWRW,EVEN,Not Predicted,,0.0,0
2059500164,R,R,R,W,RRRW,ODD,Not Predicted,,0.0,0
2059500165,R,R,R,W,RRRW,ODD,Not Predicted,,0.0,0
2059500166,R,R,W,W,RRWW,EVEN,Not Predicted,,0.0,0
2059500167,R,W,R,R,RWRR,ODD,Not Predicted,,0.0,0
2059500168,W,W,W,W,WWWW,EVEN,Not Predicted,,0.0,0
2059500169,R,R,R,R,RRRR,EVEN,Not Predicted,,0.0,0
2059500170,W,R,W,W,WRWW,ODD,Not Predicted,,0.0,0
2059500171,R,R,R,R,RRRR,EVEN,Not Predicted,,0.0,0
2059500172,W,R,R,W,WRRW,EVEN,Not Predicted,,0.0,0
2059500173,W,W,R,W,WWRW,ODD,Not Predicted,,0.0,0
2059500174,R,R,R,R,RRRR,EVEN,Not Predicted,,0.0,0
2059500175,R,W,R,R,RWRR,ODD,Not Predicted,,0.0,0
2059500176,W,W,R,W,WWRW,ODD,Not Predicted,,0.0,0
2059500177,R,W,W,R,RWWR,EVEN,Not Predicted,,0.0,0
2059500178,R,W,R,W,RWRW,EVEN,Not Predicted,,0.0,0
2059500179,R,R,W,R,RRWR,ODD,Not Predicted,,0.0,0
2059500180,R,W,R,W,RWRW,EVEN,Not Predicted,,0.0,0
2059500181,W,R,W,R,WRWR,EVEN,Not Predicted,,0.0,0
2059500182,W,W,R,R,WWRR,EVEN,Not Predicted,,0.0,0
2059500183,R,R,W,R,RRWR,ODD,Not Predicted,,0.0,0
2059500184,R,W,W,R,RWWR,EVEN,Not Predicted,,0.0,0
2059500185,W,W,W,R,WWWR,ODD,Not Predicted,,0.0,0
2059500186,W,W,W,R,WWWR,ODD,Not Predicted,,0.0,0
2059500187,W,R,R,R,WRRR,ODD,Not Predicted,,0.0,0
2059500188,W,W,R,R,WWRR,EVEN,Not Predicted,,0.0,0
2059500189,R,R,R,W,RRRW,ODD,Not Predicted,,0.0,0
2059500190,W,R,R,R,WRRR,ODD,Not Predicted,,0.0,0
2059500191,R,W,R,R,RWRR,ODD,Not Predicted,,0.0,0
2059500192,R,R,W,R,RRWR,ODD,Not Predicted,,0.0,0
2059500193,R,R,R,R,RRRR,EVEN,Not Predicted,,0.0,0
2059500194,W,R,R,W,WRRW,EVEN,Not Predicted,,0.0,0
2059500195,R,R,W,W,RRWW,EVEN,Not Predicted,,0.0,0
2059500196,W,R,W,R,WRWR,EVEN,Not Predicted,,0.0,0
2059500197,R,W,R,R,RWRR,ODD,Not Predicted,,0.0,0
2059500198,R,R,W,W,RRWW,EVEN,Not Predicted,,0.0,0
2059500199,W,W,R,R,WWRR,EVEN,Not Predicted,,0.0,0
2059500200,W,W,W,R,WWWR,ODD,Not Predicted,,0.0,0
2059500201,W,W,W,R,WWWR,ODD,Not Predicted,,0.0,0
2059500202,W,R,W,W,WRWW,ODD,Not Predicted,,0.0,0
2059500203,W,R,W,R,WRWR,EVEN,Not Predicted,,0.0,0
2059500204,R,W,R,R,RWRR,ODD,Not Predicted,,0.0,0
2059500205,W,W,W,R,WWWR,ODD,Not Predicted,,0.0,0
2059500206,R,W,R,W,RWRW,EVEN,Not Predicted,,0.0,0
2059500207,R,R,R,W,RRRW,ODD,Not Predicted,,0.0,0
2059500208,R,W,W,W,RWWW,ODD,Not Predicted,,0.0,0
2059500209,R,W,W,R,RWWR,EVEN,Not Predicted,,0.0,0
2059500210,W,R,R,W,WRRW,EVEN,Not Predicted,,0.0,0
2059500211,W,W,R,W,WWRW,ODD,Not Predicted,,0.0,0
2059500212,W,R,W,R,WRWR,EVEN,Not Predicted,,0.0,0
2059500213,W,W,R,W,WWRW,ODD,Not Predicted,,0.0,0
2059500214,W,R,R,W,WRRW,EVEN,Not Predicted,,0.0,0
2059500215,R,W,W,W,RWWW,ODD,Not Predicted,,0.0,0
2059500216,R,W,W,R,RWWR,EVEN,Not Predicted,,0.0,0
2059500217,R,W,R,R,RWRR,ODD,Not Predicted,,0.0,0
2059500218,W,W,W,R,WWWR,ODD,Not Predicted,,0.0,0
2059500219,R,R,W,W,RRWW,EVEN,Not Predicted,,0.0,0
2059500220,W,R,R,W,WRRW,EVEN,Not Predicted,,0.0,0
2059500221,W,W,R,R,WWRR,EVEN,Not Predicted,,0.0,0
2059500222,R,W,W,R,RWWR,EVEN,Not Predicted,,0.0,0
2059500223,R,R,W,W,RRWW,EVEN,Not Predicted,,0.0,0
2059500224,R,W,W,R,RWWR,EVEN,Not Predicted,,0.0,0
2059500225,W,W,W,W,WWWW,EVEN,Not Predicted,,0.0,0
2059500226,W,W,R,R,WWRR,EVEN,Not Predicted,,0.0,0
2059500227,W,W,W,R,WWWR,ODD,Not Predicted,,0.0,0
2059500228,R,R,R,W,RRRW,ODD,Not Predicted,,0.0,0
2059500229,R,W,W,R,RWWR,EVEN,Not Predicted,,0.0,0
2059500230,W,W,W,W,WWWW,EVEN,Not Predicted,,0.0,0
2059500231,W,R,W,W,WRWW,ODD,Not Predicted,,0.0,0
2059500232,W,R,W,R,WRWR,EVEN,Not Predicted,,0.0,0
2059500233,R,W,W,W,RWWW,ODD,Not Predicted,,0.0,0
2059500234,R,R,W,R,RRWR,ODD,Not Predicted,,0.0,0
2059500235,W,W,R,R,WWRR,EVEN,Not Predicted,,0.0,0
2059500236,R,R,W,R,RRWR,ODD,Not Predicted,,0.0,0
2059500237,R,W,R,W,RWRW,EVEN,Not Predicted,,0.0,0
2059500238,R,R,R,R,RRRR,EVEN,Not Predicted,,0.0,0
2059500239,W,W,R,W,WWRW,ODD,Not Predicted,,0.0,0
2059500240,W,W,R,R,WWRR,EVEN,Not Predicted,,0.0,0
2059500241,R,W,R,W,RWRW,EVEN,Not Predicted,,0.0,0
2059500242,W,W,W,R,WWWR,ODD,Not Predicted,,0.0,0
2059500243,W,R,R,W,WRRW,EVEN,Not Predicted,,0.0,0
2059500244,W,W,R,W,WWRW,ODD,Not Predicted,,0.0,0
2059500245,W,W,R,W,WWRW,ODD,Not Predicted,,0.0,0
2059500246,R,R,W,W,RRWW,EVEN,Not Predicted,,0.0,0
2059500247,W,R,R,W,WRRW,EVEN,Not Predicted,,0.0,0
2059500248,R,R,R,R,RRRR,EVEN,Not Predicted,,0.0,0
2059500249,R,R,R,R,RRRR,EVEN,Not Predicted,,0.0,0
2059500250,R,W,R,R,RWRR,ODD,Not Predicted,,0.0,0
2059500251,R,R,W,W,RRWW,EVEN,Not Predicted,,0.0,0
2059500252,W,R,R,W,WRRW,EVEN,Not Predicted,,0.0,0
2059500253,W,R,R,W,WRRW,EVEN,Not Predicted,,0.0,0
2059500254,R,R,W,R,RRWR,ODD,Not Predicted,,0.0,0
2059500255,R,R,R,R,RRRR,EVEN,Not Predicted,,0.0,0
2059500256,R,W,W,R,RWWR,EVEN,Not Predicted,,0.0,0
2059500257,R,R,R,W,RRRW,ODD,Not Predicted,,0.0,0
2059500258,R,R,R,W,RRRW,ODD,Not Predicted,,0.0,0
2059500259,R,W,W,R,RWWR,EVEN,Not Predicted,,0.0,0
2059500260,R,W,W,W,RWWW,ODD,Not Predicted,,0.0,0
2059500261,R,W,W,W,RWWW,ODD,Not Predicted,,0.0,0
2059500262,R,W,W,R,RWWR,EVEN,Not Predicted,,0.0,0
2059500263,W,R,R,W,WRRW,EVEN,Not Predicted,,0.0,0
2059500264,R,W,R,W,RWRW,EVEN,Not Predicted,,0.0,0
2059500265,W,R,W,R,WRWR,EVEN,Not Predicted,,0.0,0
2059500266,W,R,R,W,WRRW,EVEN,Not Predicted,,0.0,0
2059500267,R,R,R,R,RRRR,EVEN,Not Predicted,,0.0,0
2059500268,W,R,R,W,WRRW,EVEN,Not Predicted,,0.0,0
2059500269,W,W,W,W,WWWW,EVEN,Not Predicted,,0.0,0
2059500270,R,W,W,R,RWWR,EVEN,Not Predicted,,0.0,0
2059500271,W,W,R,R,WWRR,EVEN,Not Predicted,,0.0,0
2059500272,W,W,R,R,WWRR,EVEN,Not Predicted,,0.0,0
2059500273,W,R,W,R,WRWR,EVEN,Not Predicted,,0.0,0
2059500274,W,W,R,W,WWRW,ODD,Not Predicted,,0.0,0
2059500275,W,R,W,R,WRWR,EVEN,Not Predicted,,0.0,0
2059500276,R,W,W,R,RWWR,EVEN,Not Predicted,,0.0,0
2059500277,W,W,W,R,WWWR,ODD,Not Predicted,,0.0,0
2059500278,W,W,W,R,WWWR,ODD,Not Predicted,,0.0,0
2059500279,R,R,W,W,RRWW,EVEN,Not Predicted,,0.0,0
2059500280,W,W,R,W,WWRW,ODD,Not Predicted,,0.0,0
2059500281,W,W,W,R,WWWR,ODD,Not Predicted,,0.0,0
2059500282,W,R,R,W,WRRW,EVEN,Not Predicted,,0.0,0
2059500283,R,W,R,W,RWRW,EVEN,Not Predicted,,0.0,0
2059500284,W,R,W,W,WRWW,ODD,Not Predicted,,0.0,0
2059500285,R,W,R,R,RWRR,ODD,Not Predicted,,0.0,0
2059500286,R,W,R,W,RWRW,EVEN,Not Predicted,,0.0,0
2059500287,R,W,W,R,RWWR,EVEN,Not Predicted,,0.0,0
2059500288,W,W,W,W,WWWW,EVEN,Not Predicted,,0.0,0
2059500289,W,W,R,R,WWRR,EVEN,Not Predicted,,0.0,0
2059500290,W,R,R,W,WRRW,EVEN,Not Predicted,,0.0,0
2059500291,R,R,W,R,RRWR,ODD,Not Predicted,,0.0,0
2059500292,R,R,W,W,RRWW,EVEN,Not Predicted,,0.0,0
2059500293,R,W,W,W,RWWW,ODD,Not Predicted,,0.0,0
2059500294,W,R,W,W,WRWW,ODD,Not Predicted,,0.0,0
2059500295,W,R,R,W,WRRW,EVEN,Not Predicted,,0.0,0
2059500296,W,W,W,R,WWWR,ODD,Not Predicted,,0.0,0
2059500297,W,W,R,W,WWRW,ODD,Not Predicted,,0.0,0
2059500298,W,R,W,W,WRWW,ODD,Not Predicted,,0.0,0
2059500299,R,R,R,R,RRRR,EVEN,Not Predicted,,0.0,0
2059500300,W,R,W,R,WRWR,EVEN,Not Predicted,,0.0,0
2059500301,W,R,W,W,WRWW,ODD,Not Predicted,,0.0,0
2059500302,R,W,R,R,RWRR,ODD,Not Predicted,,0.0,0
2059500303,W,W,W,W,WWWW,EVEN,Not Predicted,,0.0,0
2059500304,R,W,R,R,RWRR,ODD,Not Predicted,,0.0,0
2059500305,R,R,R,R,RRRR,EVEN,Not Predicted,,0.0,0
2059500306,R,W,W,W,RWWW,ODD,Not Predicted,,0.0,0
2059500307,W,W,W,R,WWWR,ODD,Not Predicted,,0.0,0
2059500308,W,R,W,W,WRWW,ODD,Not Predicted,,0.0,0
2059500309,R,R,W,R,RRWR,ODD,Not Predicted,,0.0,0
2059500310,R,W,W,W,RWWW,ODD,Not Predicted,,0.0,0
2059500311,R,W,R,R,RWRR,ODD,Not Predicted,,0.0,0
2059500312,R,R,R,W,RRRW,ODD,Not Predicted,,0.0,0
2059500313,R,R,R,R,RRRR,EVEN,Not Predicted,,0.0,0
2059500314,W,R,W,R,WRWR,EVEN,Not Predicted,,0.0,0
2059500315,W,W,W,W,WWWW,EVEN,Not Predicted,,0.0,0
2059500316,W,R,R,R,WRRR,ODD,Not Predicted,,0.0,0
2059500317,R,R,R,W,RRRW,ODD,Not Predicted,,0.0,0
2059500318,R,R,R,W,RRRW,ODD,Not Predicted,,0.0,0
2059500319,W,R,W,R,WRWR,EVEN,Not Predicted,,0.0,0
2059500320,R,R,R,R,RRRR,EVEN,Not Predicted,,0.0,0
2059500321,W,R,W,W,WRWW,ODD,Not Predicted,,0.0,0
2059500322,W,R,R,W,WRRW,EVEN,Not Predicted,,0.0,0
2059500323,R,W,R,R,RWRR,ODD,Not Predicted,,0.0,0
2059500324,W,W,R,W,WWRW,ODD,Not Predicted,,0.0,0
2059500325,W,R,W,W,WRWW,ODD,Not Predicted,,0.0,0
2059500326,W,R,W,W,WRWW,ODD,Not Predicted,,0.0,0
2059500327,W,R,W,W,WRWW,ODD,Not Predicted,,0.0,0
2059500328,R,R,R,W,RRRW,ODD,Not Predicted,,0.0,0
2059500329,W,R,W,W,WRWW,ODD,Not Predicted,,0.0,0
2059500330,W,W,W,R,WWWR,ODD,Not Predicted,,0.0,0
2059500331,W,R,W,R,WRWR,EVEN,Not Predicted,,0.0,0
2059500332,R,W,R,R,RWRR,ODD,Not Predicted,,0.0,0
2059500333,R,R,R,R,RRRR,EVEN,Not Predicted,,0.0,0
2059500334,W,W,W,W,WWWW,EVEN,Not Predicted,,0.0,0
2059500335,R,R,R,W,RRRW,ODD,Not Predicted,,0.0,0
2059500336,W,W,R,R,WWRR,EVEN,Not Predicted,,0.0,0
2059500337,W,W,W,R,WWWR,ODD,Not Predicted,,0.0,0
2059500338,W,R,R,R,WRRR,ODD,Not Predicted,,0.0,0
2059500339,W,R,W,R,WRWR,EVEN,Not Predicted,,0.0,0
2059500340,R,W,R,R,RWRR,ODD,Not Predicted,,0.0,0
2059500341,W,W,W,R,WWWR,ODD,Not Predicted,,0.0,0
2059500342,W,W,R,R,WWRR,EVEN,Not Predicted,,0.0,0
2059500343,W,W,W,R,WWWR,ODD,Not Predicted,,0.0,0
2059500344,W,W,W,R,WWWR,ODD,Not Predicted,,0.0,0
2059500345,R,W,R,W,RWRW,EVEN,Not Predicted,,0.0,0
2059500346,W,W,R,R,WWRR,EVEN,Not Predicted,,0.0,0
2059500347,W,W,W,W,WWWW,EVEN,Not Predicted,,0.0,0
2059500348,R,R,R,W,RRRW,ODD,Not Predicted,,0.0,0
2059500349,R,W,R,W,RWRW,EVEN,Not Predicted,,0.0,0
2059500350,R,R,W,R,RRWR,ODD,Not Predicted,,0.0,0
2059500351,W,R,R,W,WRRW,EVEN,Not Predicted,,0.0,0
2059500352,R,W,W,W,RWWW,ODD,Not Predicted,,0.0,0
2059500353,W,W,W,R,WWWR,ODD,Not Predicted,,0.0,0
2059500354,R,R,R,R,RRRR,EVEN,Not Predicted,,0.0,0
2059500355,W,W,W,W,WWWW,EVEN,Not Predicted,,0.0,0
2059500356,W,R,R,W,WRRW,EVEN,Not Predicted,,0.0,0
2059500357,W,R,R,W,WRRW,EVEN,Not Predicted,,0.0,0
2059500358,R,R,W,W,RRWW,EVEN,Not Predicted,,0.0,0
2059500359,R,W,W,R,RWWR,EVEN,Not Predicted,,0.0,0
2059500360,W,W,W,R,WWWR,ODD,Not Predicted,,0.0,0
2059500361,W,R,W,R,WRWR,EVEN,Not Predicted,,0.0,0
2059500362,R,W,W,R,RWWR,EVEN,Not Predicted,,0.0,0
2059500363,R,W,R,R,RWRR,ODD,Not Predicted,,0.0,0
2059500364,W,R,R,W,WRRW,EVEN,Not Predicted,,0.0,0
2059500365,R,W,W,W,RWWW,ODD,Not Predicted,,0.0,0
2059500366,R,R,R,R,RRRR,EVEN,Not Predicted,,0.0,0
2059500367,R,W,W,R,RWWR,EVEN,Not Predicted,,0.0,0
2059500368,W,R,R,W,WRRW,EVEN,Not Predicted,,0.0,0
2059500369,R,W,R,R,RWRR,ODD,Not Predicted,,0.0,0
2059500370,W,W,R,R,WWRR,EVEN,Not Predicted,,0.0,0
2059500371,R,W,W,W,RWWW,ODD,Not Predicted,,0.0,0
2059500372,R,W,W,R,RWWR,EVEN,Not Predicted,,0.0,0
2059500373,W,R,R,W,WRRW,EVEN,Not Predicted,,0.0,0
2059500374,R,R,R,R,RRRR,EVEN,Not Predicted,,0.0,0
2059500375,W,R,R,W,WRRW,EVEN,Not Predicted,,0.0,0
2059500376,W,R,W,R,WRWR,EVEN,Not Predicted,,0.0,0
2059500377,W,W,R,W,WWRW,ODD,Not Predicted,,0.0,0
2059500378,R,W,R,R,RWRR,ODD,Not Predicted,,0.0,0
2059500379,R,R,R,W,RRRW,ODD,Not Predicted,,0.0,0
2059500380,R,W,R,W,RWRW,EVEN,Not Predicted,,0.0,0
2059500381,R,W,R,W,RWRW,EVEN,Not Predicted,,0.0,0
2059500382,R,W,R,W,RWRW,EVEN,Not Predicted,,0.0,0
2059500383,W,R,W,R,WRWR,EVEN,Not Predicted,,0.0,0
2059500384,R,R,R,R,RRRR,EVEN,Not Predicted,,0.0,0
2059500385,R,W,W,W,RWWW,ODD,Not Predicted,,0.0,0
2059500386,R,W,W,R,RWWR,EVEN,Not Predicted,,0.0,0
2059500387,W,W,W,R,WWWR,ODD,Not Predicted,,0.0,0
2059500388,R,R,W,R,RRWR,ODD,Not Predicted,,0.0,0
2059500389,W,W,R,R,WWRR,EVEN,Not Predicted,,0.0,0
2059500390,R,W,W,R,RWWR,EVEN,Not Predicted,,0.0,0
2059500391,R,W,W,R,RWWR,EVEN,Not Predicted,,0.0,0
2059500392,W,W,R,W,WWRW,ODD,Not Predicted,,0.0,0
2059500393,R,R,W,W,RRWW,EVEN,Not Predicted,,0.0,0
2059500394,R,R,W,R,RRWR,ODD,Not Predicted,,0.0,0
2059500395,R,W,W,W,RWWW,ODD,Not Predicted,,0.0,0
2059500396,W,R,R,R,WRRR,ODD,Not Predicted,,0.0,0
2059500397,W,R,W,W,WRWW,ODD,Not Predicted,,0.0,0
2059500398,W,R,W,W,WRWW,ODD,Not Predicted,,0.0,0
2059500399,R,W,W,R,RWWR,EVEN,Not Predicted,,0.0,0
2059500400,R,R,W,R,RRWR,ODD,Not Predicted,,0.0,0
2059500401,W,W,W,R,WWWR,ODD,Not Predicted,,0.0,0
2059500402,W,R,W,R,WRWR,EVEN,Not Predicted,,0.0,0
2059500403,R,W,W,W,RWWW,ODD,Not Predicted,,0.0,0
2059500404,R,R,R,W,RRRW,ODD,Not Predicted,,0.0,0
2059500405,R,W,R,R,RWRR,ODD,Not Predicted,,0.0,0
2059500406,W,W,W,R,WWWR,ODD,Not Predicted,,0.0,0
2059500407,W,R,R,W,WRRW,EVEN,Not Predicted,,0.0,0
2059500408,R,W,R,W,RWRW,EVEN,Not Predicted,,0.0,0
2059500409,R,W,R,R,RWRR,ODD,Not Predicted,,0.0,0
2059500410,W,R,R,W,WRRW,EVEN,Not Predicted,,0.0,0
2059500411,W,W,R,W,WWRW,ODD,Not Predicted,,0.0,0
2059500412,W,R,W,R,WRWR,EVEN,Not Predicted,,0.0,0
2059500413,W,R,W,R,WRWR,EVEN,Not Predicted,,0.0,0
2059500414,W,W,R,R,WWRR,EVEN,Not Predicted,,0.0,0
2059500415,W,W,W,R,WWWR,ODD,Not Predicted,,0.0,0
2059500416,R,W,R,W,RWRW,EVEN,Not Predicted,,0.0,0
2059500417,W,R,W,R,WRWR,EVEN,Not Predicted,,0.0,0
2059500418,W,R,R,W,WRRW,EVEN,Not Predicted,,0.0,0
2059500419,W,R,W,R,WRWR,EVEN,Not Predicted,,0.0,0
2059500420,R,R,W,W,RRWW,EVEN,Not Predicted,,0.0,0
2059500421,W,W,R,R,WWRR,EVEN,Not Predicted,,0.0,0
2059500422,W,R,R,R,WRRR,ODD,Not Predicted,,0.0,0
2059500423,R,R,W,W,RRWW,EVEN,Not Predicted,,0.0,0
2059500424,W,W,W,R,WWWR,ODD,Not Predicted,,0.0,0
2059500425,R,W,W,W,RWWW,ODD,Not Predicted,,0.0,0
2059500426,W,R,W,R,WRWR,EVEN,Not Predicted,,0.0,0
2059500427,R,W,R,R,RWRR,ODD,Not Predicted,,0.0,0
2059500428,W,R,W,W,WRWW,ODD,Not Predicted,,0.0,0
2059500429,W,W,W,R,WWWR,ODD,Not Predicted,,0.0,0
2059500430,R,R,R,R,RRRR,EVEN,Not Predicted,,0.0,0
2059500431,W,R,W,W,WRWW,ODD,Not Predicted,,0.0,0
2059500432,W,R,R,W,WRRW,EVEN,Not Predicted,,0.0,0
2059500433,R,W,R,W,RWRW,EVEN,Not Predicted,,0.0,0
2059500434,R,W,R,R,RWRR,ODD,Not Predicted,,0.0,0
2059500435,R,R,R,W,RRRW,ODD,Not Predicted,,0.0,0
2059500436,R,W,R,R,RWRR,ODD,Not Predicted,,0.0,0
2059500437,W,R,R,W,WRRW,EVEN,Not Predicted,,0.0,0
2059500438,R,W,W,W,RWWW,ODD,Not Predicted,,0.0,0
2059500439,R,W,W,R,RWWR,EVEN,Not Predicted,,0.0,0
2059500440,W,W,W,W,WWWW,EVEN,Not Predicted,,0.0,0
2059500441,R,R,R,R,RRRR,EVEN,Not Predicted,,0.0,0
2059500442,W,R,W,W,WRWW,ODD,Not Predicted,,0.0,0
2059500443,R,R,R,W,RRRW,ODD,Not Predicted,,0.0,0
2059500444,R,W,R,W,RWRW,EVEN,Not Predicted,,0.0,0
2059500445,R,W,R,R,RWRR,ODD,Not Predicted,,0.0,0
2059500446,R,W,R,R,RWRR,ODD,Not Predicted,,0.0,0
2059500447,W,W,R,R,WWRR,EVEN,Not Predicted,,0.0,0
2059500448,R,W,W,R,RWWR,EVEN,Not Predicted,,0.0,0
2059500449,W,W,R,W,WWRW,ODD,Not Predicted,,0.0,0
2059500450,R,W,W,R,RWWR,EVEN,Not Predicted,,0.0,0
2059500451,W,R,W,R,WRWR,EVEN,Not Predicted,,0.0,0
2059500452,W,R,W,R,WRWR,EVEN,Not Predicted,,0.0,0
2059500453,W,W,W,W,WWWW,EVEN,Not Predicted,,0.0,0
2059500454,R,W,W,W,RWWW,ODD,Not Predicted,,0.0,0
2059500455,W,R,W,W,WRWW,ODD,Not Predicted,,0.0,0
2059500456,W,W,R,R,WWRR,EVEN,Not Predicted,,0.0,0
2059500457,R,W,W,W,RWWW,ODD,Not Predicted,,0.0,0
2059500458,R,R,R,W,RRRW,ODD,Not Predicted,,0.0,0
2059500459,W,W,R,W,WWRW,ODD,Not Predicted,,0.0,0
2059500460,R,R,R,W,RRRW,ODD,Not Predicted,,0.0,0
2059500461,W,R,R,R,WRRR,ODD,Not Predicted,,0.0,0
2059500462,W,R,W,R,WRWR,EVEN,Not Predicted,,0.0,0
2059500463,W,R,R,R,WRRR,ODD,Not Predicted,,0.0,0
2059500464,W,W,R,W,WWRW,ODD,Not Predicted,,0.0,0
2059500465,W,R,W,W,WRWW,ODD,Not Predicted,,0.0,0
2059500466,R,R,W,W,RRWW,EVEN,Not Predicted,,0.0,0
2059500467,W,W,W,W,WWWW,EVEN,Not Predicted,,0.0,0
2059500468,W,R,W,W,WRWW,ODD,Not Predicted,,0.0,0
2059500469,R,R,W,R,RRWR,ODD,Not Predicted,,0.0,0
2059500470,W,R,W,W,WRWW,ODD,Not Predicted,,0.0,0
2059500471,R,R,W,W,RRWW,EVEN,Not Predicted,,0.0,0
2059500472,R,R,R,R,RRRR,EVEN,Not Predicted,,0.0,0
2059500473,R,R,R,R,RRRR,EVEN,Not Predicted,,0.0,0
2059500474,R,R,R,R,RRRR,EVEN,Not Predicted,,0.0,0
2059500475,R,W,W,W,RWWW,ODD,Not Predicted,,0.0,0
2059500476,R,W,W,W,RWWW,ODD,Not Predicted,,0.0,0
2059500477,R,R,R,W,RRRW,ODD,Not Predicted,,0.0,0
2059500478,W,W,W,R,WWWR,ODD,Not Predicted,,0.0,0
2059500479,W,W,W,W,WWWW,EVEN,Not Predicted,,0.0,0
2059500480,R,R,W,R,RRWR,ODD,Not Predicted,,0.0,0
2059600001,W,W,R,R,WWRR,EVEN,Not Predicted,,0.0,0
2059600002,R,R,R,R,RRRR,EVEN,Not Predicted,,0.0,0
2059600003,W,W,W,W,WWWW,EVEN,Not Predicted,,0.0,0
2059600004,R,R,R,W,RRRW,ODD,Not Predicted,,0.0,0
2059600005,W,W,W,R,WWWR,ODD,Not Predicted,,0.0,0
2059600006,R,W,W,R,RWWR,EVEN,Not Predicted,,0.0,0
2059600007,R,R,R,R,RRRR,EVEN,Not Predicted,,0.0,0
2059600008,R,W,R,W,RWRW,EVEN,Not Predicted,,0.0,0
2059600009,W,W,R,W,WWRW,ODD,Not Predicted,,0.0,0
2059600010,R,R,W,W,RRWW,EVEN,Not Predicted,,0.0,0
2059600011,W,W,W,R,WWWR,ODD,Not Predicted,,0.0,0
2059600012,R,R,W,W,RRWW,EVEN,Not Predicted,,0.0,0
2059600013,R,R,W,R,RRWR,ODD,Not Predicted,,0.0,0
2059600014,W,R,W,R,WRWR,EVEN,Not Predicted,,0.0,0
2059600015,R,W,W,R,RWWR,EVEN,Not Predicted,,0.0,0
2059600016,W,W,R,R,WWRR,EVEN,Not Predicted,,0.0,0
2059600017,W,W,R,W,WWRW,ODD,Not Predicted,,0.0,0
2059600018,R,W,W,R,RWWR,EVEN,Not Predicted,,0.0,0
2059600019,R,W,R,R,RWRR,ODD,Not Predicted,,0.0,0
2059600020,W,W,W,W,WWWW,EVEN,Not Predicted,,0.0,0
2059600021,R,W,W,R,RWWR,EVEN,Not Predicted,,0.0,0
2059600022,W,W,W,W,WWWW,EVEN,Not Predicted,,0.0,0
2059600023,W,W,R,R,WWRR,EVEN,Not Predicted,,0.0,0
2059600024,R,W,R,R,RWRR,ODD,Not Predicted,,0.0,0
2059600025,W,W,W,W,WWWW,EVEN,Not Predicted,,0.0,0
2059600026,W,R,W,W,WRWW,ODD,Not Predicted,,0.0,0
2059600027,R,W,R,W,RWRW,EVEN,Not Predicted,,0.0,0
2059600028,R,R,R,W,RRRW,ODD,Not Predicted,,0.0,0
2059600029,W,R,R,R,WRRR,ODD,Not Predicted,,0.0,0
2059600030,R,W,W,W,RWWW,ODD,Not Predicted,,0.0,0
2059600031,R,W,W,R,RWWR,EVEN,Not Predicted,,0.0,0
2059600032,R,W,W,R,RWWR,EVEN,Not Predicted,,0.0,0
2059600033,W,R,R,W,WRRW,EVEN,Not Predicted,,0.0,0
2059600034,R,R,R,R,RRRR,EVEN,Not Predicted,,0.0,0
2059600035,W,R,R,R,WRRR,ODD,Not Predicted,,0.0,0
2059600036,W,R,W,W,WRWW,ODD,Not Predicted,,0.0,0
2059600037,R,R,R,R,RRRR,EVEN,Not Predicted,,0.0,0
2059600038,R,W,R,W,RWRW,EVEN,Not Predicted,,0.0,0
2059600039,R,W,R,W,RWRW,EVEN,Not Predicted,,0.0,0
2059600040,W,W,R,R,WWRR,EVEN,Not Predicted,,0.0,0
2059600041,R,W,W,R,RWWR,EVEN,Not Predicted,,0.0,0
2059600042,R,R,R,W,RRRW,ODD,Not Predicted,,0.0,0
2059600043,W,W,W,W,WWWW,EVEN,Not Predicted,,0.0,0
2059600044,W,R,R,W,WRRW,EVEN,Not Predicted,,0.0,0
2059600045,W,W,W,W,WWWW,EVEN,Not Predicted,,0.0,0
2059600046,R,R,W,R,RRWR,ODD,Not Predicted,,0.0,0
2059600047,W,R,R,W,WRRW,EVEN,Not Predicted,,0.0,0
2059600048,W,W,R,W,WWRW,ODD,Not Predicted,,0.0,0
2059600049,W,W,W,R,WWWR,ODD,Not Predicted,,0.0,0
2059600050,W,R,W,W,WRWW,ODD,Not Predicted,,0.0,0
2059600051,R,W,W,W,RWWW,ODD,Not Predicted,,0.0,0
2059600052,R,W,W,R,RWWR,EVEN,Not Predicted,,0.0,0
2059600053,R,W,R,W,RWRW,EVEN,Not Predicted,,0.0,0
2059600054,W,R,W,R,WRWR,EVEN,Not Predicted,,0.0,0
2059600055,W,W,W,R,WWWR,ODD,Not Predicted,,0.0,0
2059600056,W,R,W,R,WRWR,EVEN,Not Predicted,,0.0,0
2059600057,W,R,W,W,WRWW,ODD,Not Predicted,,0.0,0
2059600058,W,W,W,R,WWWR,ODD,Not Predicted,,0.0,0
2059600059,R,W,R,W,RWRW,EVEN,Not Predicted,,0.0,0
2059600060,R,R,R,R,RRRR,EVEN,Not Predicted,,0.0,0
2059600061,W,R,R,R,WRRR,ODD,Not Predicted,,0.0,0
2059600062,R,W,R,R,RWRR,ODD,Not Predicted,,0.0,0
2059600063,R,W,W,W,RWWW,ODD,Not Predicted,,0.0,0
2059600064,R,R,R,R,RRRR,EVEN,Not Predicted,,0.0,0
2059600065,W,W,R,R,WWRR,EVEN,Not Predicted,,0.0,0
2059600066,W,W,R,R,WWRR,EVEN,Not Predicted,,0.0,0
2059600067,R,R,R,W,RRRW,ODD,Not Predicted,,0.0,0
2059600068,W,R,W,W,WRWW,ODD,Not Predicted,,0.0,0
2059600069,R,W,W,W,RWWW,ODD,Not Predicted,,0.0,0
2059600070,R,R,W,R,RRWR,ODD,Not Predicted,,0.0,0
2059600071,R,W,R,W,RWRW,EVEN,Not Predicted,,0.0,0
2059600072,R,W,R,R,RWRR,ODD,Not Predicted,,0.0,0
2059600073,W,W,W,W,WWWW,EVEN,Not Predicted,,0.0,0
2059600074,W,R,R,W,WRRW,EVEN,Not Predicted,,0.0,0
2059600075,R,R,W,R,RRWR,ODD,Not Predicted,,0.0,0
2059600076,W,R,W,R,WRWR,EVEN,Not Predicted,,0.0,0
2059600077,W,R,R,W,WRRW,EVEN,Not Predicted,,0.0,0
2059600078,W,R,W,W,WRWW,ODD,Not Predicted,,0.0,0
2059600079,R,R,W,W,RRWW,EVEN,Not Predicted,,0.0,0
2059600080,R,W,W,W,RWWW,ODD,Not Predicted,,0.0,0
2059600081,R,W,W,R,RWWR,EVEN,Not Predicted,,0.0,0
2059600082,R,R,R,R,RRRR,EVEN,Not Predicted,,0.0,0
2059600083,R,R,W,W,RRWW,EVEN,Not Predicted,,0.0,0
2059600084,R,R,R,W,RRRW,ODD,Not Predicted,,0.0,0
2059600085,R,R,R,R,RRRR,EVEN,Not Predicted,,0.0,0
2059600086,R,R,R,R,RRRR,EVEN,Not Predicted,,0.0,0
2059600087,W,W,R,W,WWRW,ODD,Not Predicted,,0.0,0
2059600088,W,R,W,R,WRWR,EVEN,Not Predicted,,0.0,0
2059600089,W,R,R,R,WRRR,ODD,Not Predicted,,0.0,0
2059600090,W,R,R,R,WRRR,ODD,Not Predicted,,0.0,0
2059600091,R,W,R,W,RWRW,EVEN,Not Predicted,,0.0,0
2059600092,R,R,R,W,RRRW,ODD,Not Predicted,,0.0,0
2059600093,R,R,R,W,RRRW,ODD,Not Predicted,,0.0,0
2059600094,W,W,R,W,WWRW,ODD,Not Predicted,,0.0,0
2059600095,W,R,W,W,WRWW,ODD,Not Predicted,,0.0,0
2059600096,R,W,R,R,RWRR,ODD,Not Predicted,,0.0,0
2059600097,W,R,R,W,WRRW,EVEN,Not Predicted,,0.0,0
2059600098,R,W,W,R,RWWR,EVEN,Not Predicted,,0.0,0
2059600099,W,R,R,W,WRRW,EVEN,Not Predicted,,0.0,0
2059600100,W,R,R,R,WRRR,ODD,Not Predicted,,0.0,0
2059600101,R,R,R,R,RRRR,EVEN,Not Predicted,,0.0,0
2059600102,W,R,R,R,WRRR,ODD,Not Predicted,,0.0,0
2059600103,W,R,R,R,WRRR,ODD,Not Predicted,,0.0,0
2059600104,W,W,W,R,WWWR,ODD,Not Predicted,,0.0,0
2059600105,W,R,W,R,WRWR,EVEN,Not Predicted,,0.0,0
2059600106,R,W,R,R,RWRR,ODD,Not Predicted,,0.0,0
2059600107,R,R,W,W,RRWW,EVEN,Not Predicted,,0.0,0
2059600108,W,W,R,R,WWRR,EVEN,Not Predicted,,0.0,0
2059600109,W,W,W,R,WWWR,ODD,Not Predicted,,0.0,0
2059600110,W,R,R,W,WRRW,EVEN,Not Predicted,,0.0,0
2059600111,R,W,R,W,RWRW,EVEN,Not Predicted,,0.0,0
2059600112,R,R,R,W,RRRW,ODD,Not Predicted,,0.0,0
2059600113,R,R,W,R,RRWR,ODD,Not Predicted,,0.0,0
2059600114,R,R,R,R,RRRR,EVEN,Not Predicted,,0.0,0
2059600115,R,W,W,R,RWWR,EVEN,Not Predicted,,0.0,0
2059600116,W,W,R,R,WWRR,EVEN,Not Predicted,,0.0,0
2059600117,R,W,R,R,RWRR,ODD,Not Predicted,,0.0,0
2059600118,R,R,R,W,RRRW,ODD,Not Predicted,,0.0,0
2059600119,R,W,W,W,RWWW,ODD,Not Predicted,,0.0,0
2059600120,W,R,R,W,WRRW,EVEN,Not Predicted,,0.0,0
2059600121,W,R,R,R,WRRR,ODD,Not Predicted,,0.0,0
2059600122,W,R,R,R,WRRR,ODD,Not Predicted,,0.0,0
2059600123,W,W,R,R,WWRR,EVEN,Not Predicted,,0.0,0
2059600124,R,W,R,R,RWRR,ODD,Not Predicted,,0.0,0
2059600125,W,W,R,R,WWRR,EVEN,Not Predicted,,0.0,0
2059600126,R,R,W,W,RRWW,EVEN,Not Predicted,,0.0,0
2059600127,W,R,W,W,WRWW,ODD,Not Predicted,,0.0,0
2059600128,W,W,R,W,WWRW,ODD,Not Predicted,,0.0,0
2059600129,R,R,R,W,RRRW,ODD,Not Predicted,,0.0,0
2059600130,R,W,R,R,RWRR,ODD,Not Predicted,,0.0,0
2059600131,W,R,R,W,WRRW,EVEN,Not Predicted,,0.0,0
2059600132,W,W,W,W,WWWW,EVEN,Not Predicted,,0.0,0
2059600133,W,R,W,R,WRWR,EVEN,Not Predicted,,0.0,0
2059600134,R,R,R,W,RRRW,ODD,Not Predicted,,0.0,0
2059600135,W,R,W,W,WRWW,ODD,Not Predicted,,0.0,0
2059600136,R,W,R,R,RWRR,ODD,Not Predicted,,0.0,0
2059600137,R,W,W,W,RWWW,ODD,Not Predicted,,0.0,0
2059600138,W,W,R,R,WWRR,EVEN,Not Predicted,,0.0,0
2059600139,W,R,R,R,WRRR,ODD,Not Predicted,,0.0,0
2059600140,R,R,R,R,RRRR,EVEN,Not Predicted,,0.0,0
2059600141,W,W,W,R,WWWR,ODD,Not Predicted,,0.0,0
2059600142,W,W,W,W,WWWW,EVEN,Not Predicted,,0.0,0
2059600143,R,R,W,R,RRWR,ODD,Not Predicted,,0.0,0
2059600144,R,R,W,R,RRWR,ODD,Not Predicted,,0.0,0
2059600145,W,W,R,W,WWRW,ODD,Not Predicted,,0.0,0
2059600146,R,R,R,R,RRRR,EVEN,Not Predicted,,0.0,0
2059600147,R,R,R,R,RRRR,EVEN,Not Predicted,,0.0,0
2059600148,W,W,R,W,WWRW,ODD,Not Predicted,,0.0,0
2059600149,W,W,R,W,WWRW,ODD,Not Predicted,,0.0,0
2059600150,W,W,W,R,WWWR,ODD,Not Predicted,,0.0,0
2059600151,W,R,R,W,WRRW,EVEN,Not Predicted,,0.0,0
2059600152,R,R,R,R,RRRR,EVEN,Not Predicted,,0.0,0
2059600153,W,W,R,W,WWRW,ODD,Not Predicted,,0.0,0
2059600154,R,R,W,W,RRWW,EVEN,Not Predicted,,0.0,0
2059600155,R,R,W,R,RRWR,ODD,Not Predicted,,0.0,0
2059600156,R,R,W,R,RRWR,ODD,Not Predicted,,0.0,0
2059600157,R,W,W,W,RWWW,ODD,Not Predicted,,0.0,0
2059600158,W,W,W,R,WWWR,ODD,Not Predicted,,0.0,0
2059600159,R,R,W,R,RRWR,ODD,Not Predicted,,0.0,0
2059600160,W,W,W,R,WWWR,ODD,Not Predicted,,0.0,0
2059600161,R,W,W,R,RWWR,EVEN,Not Predicted,,0.0,0
2059600162,R,W,R,R,RWRR,ODD,Not Predicted,,0.0,0
2059600163,W,W,R,W,WWRW,ODD,Not Predicted,,0.0,0
2059600164,R,R,R,R,RRRR,EVEN,Not Predicted,,0.0,0
2059600165,R,R,W,W,RRWW,EVEN,Not Predicted,,0.0,0
2059600166,W,W,R,W,WWRW,ODD,Not Predicted,,0.0,0
2059600167,W,W,R,W,WWRW,ODD,Not Predicted,,0.0,0
2059600168,W,R,R,R,WRRR,ODD,Not Predicted,,0.0,0
2059600169,W,W,R,W,WWRW,ODD,Not Predicted,,0.0,0
2059600170,R,W,R,W,RWRW,EVEN,Not Predicted,,0.0,0
2059600171,W,W,R,W,WWRW,ODD,Not Predicted,,0.0,0
2059600172,R,R,R,W,RRRW,ODD,Not Predicted,,0.0,0
2059600173,W,W,W,R,WWWR,ODD,Not Predicted,,0.0,0
2059600174,R,R,R,R,RRRR,EVEN,Not Predicted,,0.0,0
2059600175,R,R,W,W,RRWW,EVEN,Not Predicted,,0.0,0
2059600176,W,W,R,R,WWRR,EVEN,Not Predicted,,0.0,0
2059600177,R,W,R,R,RWRR,ODD,Not Predicted,,0.0,0
2059600178,R,W,R,R,RWRR,ODD,Not Predicted,,0.0,0
2059600179,W,R,W,R,WRWR,EVEN,Not Predicted,,0.0,0
2059600180,W,R,R,W,WRRW,EVEN,Not Predicted,,0.0,0
2059600181,R,R,R,R,RRRR,EVEN,Not Predicted,,0.0,0
2059600182,R,R,R,R,RRRR,EVEN,Not Predicted,,0.0,0
2059600183,W,W,W,W,WWWW,EVEN,Not Predicted,,0.0,0
2059600184,W,R,R,R,WRRR,ODD,Not Predicted,,0.0,0
2059600185,R,W,R,W,RWRW,EVEN,Not Predicted,,0.0,0
2059600186,R,W,R,W,RWRW,EVEN,Not Predicted,,0.0,0
2059600187,R,R,W,R,RRWR,ODD,Not Predicted,,0.0,0
2059600188,W,R,R,W,WRRW,EVEN,Not Predicted,,0.0,0
2059600189,R,R,W,R,RRWR,ODD,Not Predicted,,0.0,0
2059600190,R,R,W,W,RRWW,EVEN,Not Predicted,,0.0,0
2059600191,R,R,W,R,RRWR,ODD,Not Predicted,,0.0,0
2059600192,W,W,R,R,WWRR,EVEN,Not Predicted,,0.0,0
2059600193,W,R,W,R,WRWR,EVEN,Not Predicted,,0.0,0
2059600194,W,W,W,R,WWWR,ODD,Not Predicted,,0.0,0
2059600195,W,W,R,R,WWRR,EVEN,Not Predicted,,0.0,0
2059600196,R,R,R,R,RRRR,EVEN,Not Predicted,,0.0,0
2059600197,R,W,W,W,RWWW,ODD,Not Predicted,,0.0,0
2059600198,W,W,R,W,WWRW,ODD,Not Predicted,,0.0,0
2059600199,W,W,W,W,WWWW,EVEN,Not Predicted,,0.0,0
2059600200,W,W,R,R,WWRR,EVEN,Not Predicted,,0.0,0
2059600201,W,R,R,R,WRRR,ODD,Not Predicted,,0.0,0
2059600202,W,R,R,R,WRRR,ODD,Not Predicted,,0.0,0
2059600203,R,W,W,R,RWWR,EVEN,Not Predicted,,0.0,0
2059600204,R,W,W,R,RWWR,EVEN,Not Predicted,,0.0,0
2059600205,R,W,W,W,RWWW,ODD,Not Predicted,,0.0,0
2059600206,W,W,R,W,WWRW,ODD,Not Predicted,,0.0,0
2059600207,W,R,R,W,WRRW,EVEN,Not Predicted,,0.0,0
2059600208,W,W,W,R,WWWR,ODD,Not Predicted,,0.0,0
2059600209,W,W,W,W,WWWW,EVEN,Not Predicted,,0.0,0
2059600210,W,R,W,W,WRWW,ODD,Not Predicted,,0.0,0
2059600211,W,R,W,W,WRWW,ODD,Not Predicted,,0.0,0
2059600212,R,W,W,W,RWWW,ODD,Not Predicted,,0.0,0
2059600213,W,W,W,R,WWWR,ODD,Not Predicted,,0.0,0
2059600214,R,R,R,R,RRRR,EVEN,Not Predicted,,0.0,0
2059600215,R,W,R,R,RWRR,ODD,Not Predicted,,0.0,0
2059600216,R,R,R,R,RRRR,EVEN,Not Predicted,,0.0,0
2059600217,W,W,R,W,WWRW,ODD,Not Predicted,,0.0,0
2059600218,W,W,W,R,WWWR,ODD,Not Predicted,,0.0,0
2059600219,W,R,R,R,WRRR,ODD,Not Predicted,,0.0,0
2059600220,R,R,W,W,RRWW,EVEN,Not Predicted,,0.0,0
2059600221,W,W,W,R,WWWR,ODD,Not Predicted,,0.0,0
2059600222,W,W,W,W,WWWW,EVEN,Not Predicted,,0.0,0
2059600223,W,R,R,R,WRRR,ODD,Not Predicted,,0.0,0
2059600224,R,W,R,W,RWRW,EVEN,Not Predicted,,0.0,0
2059600225,R,R,R,W,RRRW,ODD,Not Predicted,,0.0,0
2059600226,W,R,W,W,WRWW,ODD,Not Predicted,,0.0,0
2059600227,R,R,W,W,RRWW,EVEN,Not Predicted,,0.0,0
2059600228,R,R,W,W,RRWW,EVEN,Not Predicted,,0.0,0
2059600229,W,W,W,W,WWWW,EVEN,Not Predicted,,0.0,0
2059600230,W,W,R,R,WWRR,EVEN,Not Predicted,,0.0,0
2059600231,W,R,W,R,WRWR,EVEN,Not Predicted,,0.0,0
2059600232,W,R,R,W,WRRW,EVEN,Not Predicted,,0.0,0
2059600233,R,W,W,W,RWWW,ODD,Not Predicted,,0.0,0
2059600234,R,R,R,R,RRRR,EVEN,Not Predicted,,0.0,0
2059600235,R,W,R,W,RWRW,EVEN,Not Predicted,,0.0,0
2059600236,R,R,W,W,RRWW,EVEN,Not Predicted,,0.0,0
2059600237,W,R,W,R,WRWR,EVEN,Not Predicted,,0.0,0
2059600238,R,R,W,W,RRWW,EVEN,Not Predicted,,0.0,0
2059600239,R,R,R,W,RRRW,ODD,Not Predicted,,0.0,0
2059600240,W,R,W,R,WRWR,EVEN,Not Predicted,,0.0,0
2059600241,R,R,R,W,RRRW,ODD,Not Predicted,,0.0,0
2059600242,R,W,W,R,RWWR,EVEN,Not Predicted,,0.0,0
2059600243,R,W,R,W,RWRW,EVEN,Not Predicted,,0.0,0
2059600244,R,W,W,W,RWWW,ODD,Not Predicted,,0.0,0
2059600245,R,W,W,W,RWWW,ODD,Not Predicted,,0.0,0
2059600246,R,W,W,R,RWWR,EVEN,Not Predicted,,0.0,0
2059600247,R,R,W,R,RRWR,ODD,Not Predicted,,0.0,0
2059600248,W,W,W,R,WWWR,ODD,Not Predicted,,0.0,0
2059600249,W,W,R,W,WWRW,ODD,Not Predicted,,0.0,0
2059600250,W,W,R,R,WWRR,EVEN,Not Predicted,,0.0,0
2059600251,R,W,R,R,RWRR,ODD,Not Predicted,,0.0,0
2059600252,R,R,W,W,RRWW,EVEN,Not Predicted,,0.0,0
2059600253,W,R,W,R,WRWR,EVEN,Not Predicted,,0.0,0
2059600254,W,W,W,R,WWWR,ODD,Not Predicted,,0.0,0
2059600255,W,W,W,W,WWWW,EVEN,Not Predicted,,0.0,0
2059600256,W,R,R,W,WRRW,EVEN,Not Predicted,,0.0,0
2059600257,R,W,W,W,RWWW,ODD,Not Predicted,,0.0,0
2059600258,W,R,R,R,WRRR,ODD,Not Predicted,,0.0,0
2059600259,W,W,W,R,WWWR,ODD,Not Predicted,,0.0,0
2059600260,R,W,R,W,RWRW,EVEN,Not Predicted,,0.0,0
2059600261,W,R,W,W,WRWW,ODD,Not Predicted,,0.0,0
2059600262,R,R,W,R,RRWR,ODD,Not Predicted,,0.0,0
2059600263,W,W,W,R,WWWR,ODD,Not Predicted,,0.0,0
2059600264,W,R,R,R,WRRR,ODD,Not Predicted,,0.0,0
2059600265,W,W,R,W,WWRW,ODD,Not Predicted,,0.0,0
2059600266,W,W,W,W,WWWW,EVEN,Not Predicted,,0.0,0
2059600267,W,R,R,R,WRRR,ODD,Not Predicted,,0.0,0
2059600268,W,W,R,W,WWRW,ODD,Not Predicted,,0.0,0
2059600269,W,R,W,R,WRWR,EVEN,Not Predicted,,0.0,0
2059600270,R,W,W,W,RWWW,ODD,Not Predicted,,0.0,0
2059600271,R,R,W,R,RRWR,ODD,Not Predicted,,0.0,0
2059600272,R,W,W,W,RWWW,ODD,Not Predicted,,0.0,0
2059600273,W,W,W,R,WWWR,ODD,Not Predicted,,0.0,0
2059600274,W,R,W,R,WRWR,EVEN,Not Predicted,,0.0,0
2059600275,R,W,W,W,RWWW,ODD,Not Predicted,,0.0,0
2059600276,R,R,R,W,RRRW,ODD,Not Predicted,,0.0,0
2059600277,W,W,W,R,WWWR,ODD,Not Predicted,,0.0,0
2059600278,W,R,R,W,WRRW,EVEN,Not Predicted,,0.0,0
2059600279,R,W,R,W,RWRW,EVEN,Not Predicted,,0.0,0
2059600280,R,R,R,R,RRRR,EVEN,Not Predicted,,0.0,0
2059600281,W,W,R,R,WWRR,EVEN,Not Predicted,,0.0,0
2059600282,W,W,W,W,WWWW,EVEN,Not Predicted,,0.0,0
2059600283,W,R,R,W,WRRW,EVEN,Not Predicted,,0.0,0
2059600284,W,R,W,R,WRWR,EVEN,Not Predicted,,0.0,0
2059600285,R,W,R,W,RWRW,EVEN,Not Predicted,,0.0,0
2059600286,R,R,W,R,RRWR,ODD,Not Predicted,,0.0,0
2059600287,W,R,R,R,WRRR,ODD,Not Predicted,,0.0,0
2059600288,W,W,W,R,WWWR,ODD,Not Predicted,,0.0,0
2059600289,W,W,R,R,WWRR,EVEN,Not Predicted,,0.0,0
2059600290,W,W,W,W,WWWW,EVEN,Not Predicted,,0.0,0
2059600291,W,R,R,R,WRRR,ODD,Not Predicted,,0.0,0
2059600292,R,W,W,R,RWWR,EVEN,Not Predicted,,0.0,0
2059600293,R,R,R,W,RRRW,ODD,Not Predicted,,0.0,0
2059600294,W,R,R,R,WRRR,ODD,Not Predicted,,0.0,0
2059600295,W,R,R,R,WRRR,ODD,Not Predicted,,0.0,0
2059600296,W,W,W,R,WWWR,ODD,Not Predicted,,0.0,0
2059600297,R,R,W,W,RRWW,EVEN,Not Predicted,,0.0,0
2059600298,W,W,R,W,WWRW,ODD,Not Predicted,,0.0,0
2059600299,W,W,W,R,WWWR,ODD,Not Predicted,,0.0,0
2059600300,R,W,W,R,RWWR,EVEN,Not Predicted,,0.0,0
2059600301,W,R,W,R,WRWR,EVEN,Not Predicted,,0.0,0
2059600302,R,R,R,W,RRRW,ODD,Not Predicted,,0.0,0
2059600303,W,R,W,R,WRWR,EVEN,Not Predicted,,0.0,0
2059600304,R,W,W,W,RWWW,ODD,Not Predicted,,0.0,0
2059600305,R,W,W,W,RWWW,ODD,Not Predicted,,0.0,0
2059600306,W,R,R,R,WRRR,ODD,Not Predicted,,0.0,0
2059600307,R,W,W,W,RWWW,ODD,Not Predicted,,0.0,0
2059600308,R,W,R,R,RWRR,ODD,Not Predicted,,0.0,0
2059600309,W,R,W,W,WRWW,ODD,Not Predicted,,0.0,0
2059600310,R,W,R,W,RWRW,EVEN,Not Predicted,,0.0,0
2059600311,R,R,R,R,RRRR,EVEN,Not Predicted,,0.0,0
2059600312,W,W,W,W,WWWW,EVEN,Not Predicted,,0.0,0
2059600313,W,R,R,W,WRRW,EVEN,Not Predicted,,0.0,0
2059600314,W,W,R,R,WWRR,EVEN,Not Predicted,,0.0,0
2059600315,W,W,R,R,WWRR,EVEN,Not Predicted,,0.0,0
2059600316,W,W,W,W,WWWW,EVEN,Not Predicted,,0.0,0
2059600317,R,R,R,W,RRRW,ODD,Not Predicted,,0.0,0
2059600318,R,W,W,W,RWWW,ODD,Not Predicted,,0.0,0
2059600319,R,W,R,R,RWRR,ODD,Not Predicted,,0.0,0
2059600320,R,R,R,R,RRRR,EVEN,Not Predicted,,0.0,0
2059600321,R,W,W,W,RWWW,ODD,Not Predicted,,0.0,0
2059600322,W,W,W,W,WWWW,EVEN,Not Predicted,,0.0,0
2059600323,W,R,W,R,WRWR,EVEN,Not Predicted,,0.0,0
2059600324,W,W,W,W,WWWW,EVEN,Not Predicted,,0.0,0
2059600325,R,W,W,W,RWWW,ODD,Not Predicted,,0.0,0
2059600326,R,W,R,W,RWRW,EVEN,Not Predicted,,0.0,0
2059600327,R,W,W,R,RWWR,EVEN,Not Predicted,,0.0,0
2059600328,W,W,R,W,WWRW,ODD,Not Predicted,,0.0,0
2059600329,W,R,R,W,WRRW,EVEN,Not Predicted,,0.0,0
2059600330,R,R,W,W,RRWW,EVEN,Not Predicted,,0.0,0
2059600331,R,W,W,W,RWWW,ODD,Not Predicted,,0.0,0
2059600332,W,R,W,R,WRWR,EVEN,Not Predicted,,0.0,0
2059600333,R,W,R,W,RWRW,EVEN,Not Predicted,,0.0,0
2059600334,W,W,W,W,WWWW,EVEN,Not Predicted,,0.0,0
2059600335,W,W,W,R,WWWR,ODD,Not Predicted,,0.0,0
2059600336,W,R,R,R,WRRR,ODD,Not Predicted,,0.0,0
2059600337,R,R,W,R,RRWR,ODD,Not Predicted,,0.0,0
2059600338,W,R,W,W,WRWW,ODD,Not Predicted,,0.0,0
2059600339,W,W,R,R,WWRR,EVEN,Not Predicted,,0.0,0
2059600340,R,R,R,W,RRRW,ODD,Not Predicted,,0.0,0
2059600341,W,W,R,W,WWRW,ODD,Not Predicted,,0.0,0
2059600342,R,R,R,R,RRRR,EVEN,Not Predicted,,0.0,0
2059600343,R,R,W,R,RRWR,ODD,Not Predicted,,0.0,0
2059600344,R,W,W,R,RWWR,EVEN,Not Predicted,,0.0,0
2059600345,R,R,W,W,RRWW,EVEN,Not Predicted,,0.0,0
2059600346,R,R,W,W,RRWW,EVEN,Not Predicted,,0.0,0
2059600347,W,R,W,R,WRWR,EVEN,Not Predicted,,0.0,0
2059600348,R,W,R,R,RWRR,ODD,Not Predicted,,0.0,0
2059600349,W,W,R,R,WWRR,EVEN,Not Predicted,,0.0,0
2059600350,W,W,W,W,WWWW,EVEN,Not Predicted,,0.0,0
2059600351,R,R,R,W,RRRW,ODD,Not Predicted,,0.0,0
2059600352,W,R,W,R,WRWR,EVEN,Not Predicted,,0.0,0
2059600353,R,R,W,W,RRWW,EVEN,Not Predicted,,0.0,0
2059600354,R,W,R,R,RWRR,ODD,Not Predicted,,0.0,0
2059600355,W,R,W,W,WRWW,ODD,Not Predicted,,0.0,0
2059600356,W,W,R,R,WWRR,EVEN,Not Predicted,,0.0,0
2059600357,R,R,W,R,RRWR,ODD,Not Predicted,,0.0,0
2059600358,W,R,W,R,WRWR,EVEN,Not Predicted,,0.0,0
2059600359,W,R,R,W,WRRW,EVEN,Not Predicted,,0.0,0
2059600360,R,W,R,R,RWRR,ODD,Not Predicted,,0.0,0
2059600361,W,W,W,R,WWWR,ODD,Not Predicted,,0.0,0
2059600362,W,W,R,R,WWRR,EVEN,Not Predicted,,0.0,0
2059600363,W,R,W,W,WRWW,ODD,Not Predicted,,0.0,0
2059600364,R,R,W,W,RRWW,EVEN,Not Predicted,,0.0,0
2059600365,R,W,W,R,RWWR,EVEN,Not Predicted,,0.0,0
2059600366,R,W,W,R,RWWR,EVEN,Not Predicted,,0.0,0
2059600367,R,W,W,W,RWWW,ODD,Not Predicted,,0.0,0
2059600368,R,R,W,W,RRWW,EVEN,Not Predicted,,0.0,0
2059600369,W,R,W,R,WRWR,EVEN,Not Predicted,,0.0,0
2059600370,R,R,R,R,RRRR,EVEN,Not Predicted,,0.0,0
2059600371,W,W,W,W,WWWW,EVEN,Not Predicted,,0.0,0
2059600372,R,W,R,R,RWRR,ODD,Not Predicted,,0.0,0
2059600373,W,R,R,R,WRRR,ODD,Not Predicted,,0.0,0
2059600374,W,W,W,R,WWWR,ODD,Not Predicted,,0.0,0
2059600375,R,W,R,W,RWRW,EVEN,Not Predicted,,0.0,0
2059600376,R,R,W,W,RRWW,EVEN,Not Predicted,,0.0,0
2059600377,W,R,R,W,WRRW,EVEN,Not Predicted,,0.0,0
2059600378,R,W,R,W,RWRW,EVEN,Not Predicted,,0.0,0
2059600379,W,R,R,R,WRRR,ODD,Not Predicted,,0.0,0
2059600380,R,R,W,R,RRWR,ODD,Not Predicted,,0.0,0
2059600381,W,W,W,R,WWWR,ODD,Not Predicted,,0.0,0
2059600382,W,R,R,R,WRRR,ODD,Not Predicted,,0.0,0
2059600383,R,W,R,W,RWRW,EVEN,Not Predicted,,0.0,0
2059600384,W,W,R,R,WWRR,EVEN,Not Predicted,,0.0,0
2059600385,R,R,R,R,RRRR,EVEN,Not Predicted,,0.0,0
2059600386,W,R,W,W,WRWW,ODD,Not Predicted,,0.0,0
2059600387,W,W,R,W,WWRW,ODD,Not Predicted,,0.0,0
2059600388,R,R,R,W,RRRW,ODD,Not Predicted,,0.0,0
2059600389,W,W,W,R,WWWR,ODD,Not Predicted,,0.0,0
2059600390,W,R,W,R,WRWR,EVEN,Not Predicted,,0.0,0
2059600391,W,R,R,W,WRRW,EVEN,Not Predicted,,0.0,0
2059600392,R,W,R,W,RWRW,EVEN,Not Predicted,,0.0,0
2059600393,R,W,R,R,RWRR,ODD,Not Predicted,,0.0,0
2059600394,R,R,W,W,RRWW,EVEN,Not Predicted,,0.0,0
2059600395,W,R,R,R,WRRR,ODD,Not Predicted,,0.0,0
2059600396,R,W,W,W,RWWW,ODD,Not Predicted,,0.0,0
2059600397,R,R,W,R,RRWR,ODD,Not Predicted,,0.0,0
2059600398,W,W,R,W,WWRW,ODD,Not Predicted,,0.0,0
2059600399,R,W,R,R,RWRR,ODD,Not Predicted,,0.0,0
2059600400,W,R,R,W,WRRW,EVEN,Not Predicted,,0.0,0
2059600401,R,R,W,W,RRWW,EVEN,Not Predicted,,0.0,0
2059600402,W,R,W,R,WRWR,EVEN,Not Predicted,,0.0,0
2059600403,W,R,W,W,WRWW,ODD,Not Predicted,,0.0,0
2059600404,R,R,R,W,RRRW,ODD,Not Predicted,,0.0,0
2059600405,W,W,W,W,WWWW,EVEN,Not Predicted,,0.0,0
2059600406,W,W,R,R,WWRR,EVEN,Not Predicted,,0.0,0
2059600407,R,W,W,R,RWWR,EVEN,Not Predicted,,0.0,0
2059600408,W,R,W,R,WRWR,EVEN,Not Predicted,,0.0,0
2059600409,R,R,R,R,RRRR,EVEN,Not Predicted,,0.0,0
2059600410,R,W,R,W,RWRW,EVEN,Not Predicted,,0.0,0
2059600411,W,R,R,R,WRRR,ODD,Not Predicted,,0.0,0
2059600412,W,R,W,R,WRWR,EVEN,Not Predicted,,0.0,0
2059600413,R,R,W,W,RRWW,EVEN,Not Predicted,,0.0,0
2059600414,W,R,R,W,WRRW,EVEN,Not Predicted,,0.0,0
2059600415,W,W,W,R,WWWR,ODD,Not Predicted,,0.0,0
2059600416,W,W,R,R,WWRR,EVEN,Not Predicted,,0.0,0
2059600417,W,R,W,W,WRWW,ODD,Not Predicted,,0.0,0
2059600418,R,W,W,R,RWWR,EVEN,Not Predicted,,0.0,0
2059600419,R,W,W,R,RWWR,EVEN,Not Predicted,,0.0,0
2059600420,W,R,R,W,WRRW,EVEN,Not Predicted,,0.0,0
2059600421,W,W,R,W,WWRW,ODD,Not Predicted,,0.0,0
2059600422,R,R,W,W,RRWW,EVEN,Not Predicted,,0.0,0
2059600423,W,W,R,W,WWRW,ODD,Not Predicted,,0.0,0
2059600424,R,W,R,R,RWRR,ODD,Not Predicted,,0.0,0
2059600425,R,R,W,R,RRWR,ODD,Not Predicted,,0.0,0
2059600426,W,R,W,W,WRWW,ODD,Not Predicted,,0.0,0
2059600427,R,R,W,R,RRWR,ODD,Not Predicted,,0.0,0
2059600428,W,R,W,R,WRWR,EVEN,Not Predicted,,0.0,0
2059600429,W,W,W,W,WWWW,EVEN,Not Predicted,,0.0,0
2059600430,R,R,W,R,RRWR,ODD,Not Predicted,,0.0,0
2059600431,R,W,R,W,RWRW,EVEN,Not Predicted,,0.0,0
2059600432,W,W,R,R,WWRR,EVEN,Not Predicted,,0.0,0
2059600433,W,W,R,R,WWRR,EVEN,Not Predicted,,0.0,0
2059600434,W,R,R,W,WRRW,EVEN,Not Predicted,,0.0,0
2059600435,W,R,W,R,WRWR,EVEN,Not Predicted,,0.0,0
2059600436,W,R,W,R,WRWR,EVEN,Not Predicted,,0.0,0
2059600437,R,R,W,W,RRWW,EVEN,Not Predicted,,0.0,0
2059600438,W,R,R,W,WRRW,EVEN,Not Predicted,,0.0,0
2059600439,R,R,W,W,RRWW,EVEN,Not Predicted,,0.0,0
2059600440,R,R,R,W,RRRW,ODD,Not Predicted,,0.0,0
2059600441,R,W,W,R,RWWR,EVEN,Not Predicted,,0.0,0
2059600442,W,R,R,W,WRRW,EVEN,Not Predicted,,0.0,0
2059600443,R,W,W,W,RWWW,ODD,Not Predicted,,0.0,0
2059600444,R,W,R,R,RWRR,ODD,Not Predicted,,0.0,0
2059600445,W,R,W,W,WRWW,ODD,Not Predicted,,0.0,0
2059600446,R,W,R,W,RWRW,EVEN,Not Predicted,,0.0,0
2059600447,R,R,W,W,RRWW,EVEN,Not Predicted,,0.0,0
2059600448,W,W,W,R,WWWR,ODD,Not Predicted,,0.0,0
2059600449,R,W,W,R,RWWR,EVEN,Not Predicted,,0.0,0
2059600450,R,W,R,R,RWRR,ODD,Not Predicted,,0.0,0
2059600451,R,W,W,W,RWWW,ODD,Not Predicted,,0.0,0
2059600452,W,W,W,R,WWWR,ODD,Not Predicted,,0.0,0
2059600453,W,R,R,W,WRRW,EVEN,Not Predicted,,0.0,0
2059600454,W,W,W,R,WWWR,ODD,Not Predicted,,0.0,0
2059600455,W,W,W,W,WWWW,EVEN,Not Predicted,,0.0,0
2059600456,R,W,W,W,RWWW,ODD,Not Predicted,,0.0,0
2059600457,R,W,W,W,RWWW,ODD,Not Predicted,,0.0,0
2059600458,R,W,R,W,RWRW,EVEN,Not Predicted,,0.0,0
2059600459,W,R,R,R,WRRR,ODD,Not Predicted,,0.0,0
2059600460,R,W,W,W,RWWW,ODD,Not Predicted,,0.0,0
2059600461,R,R,W,R,RRWR,ODD,Not Predicted,,0.0,0
2059600462,R,W,R,R,RWRR,ODD,Not Predicted,,0.0,0
2059600463,W,R,R,R,WRRR,ODD,Not Predicted,,0.0,0
2059600464,W,R,R,R,WRRR,ODD,Not Predicted,,0.0,0
2059600465,W,W,W,W,WWWW,EVEN,Not Predicted,,0.0,0
2059600466,W,R,W,W,WRWW,ODD,Not Predicted,,0.0,0
2059600467,R,R,R,R,RRRR,EVEN,Not Predicted,,0.0,0
2059600468,W,W,W,W,WWWW,EVEN,Not Predicted,,0.0,0
2059600469,W,W,W,W,WWWW,EVEN,Not Predicted,,0.0,0
2059600470,R,W,W,R,RWWR,EVEN,Not Predicted,,0.0,0
2059600471,W,R,W,W,WRWW,ODD,Not Predicted,,0.0,0
2059600472,R,R,W,R,RRWR,ODD,Not Predicted,,0.0,0
2059600473,W,R,W,R,WRWR,EVEN,Not Predicted,,0.0,0
2059600474,R,R,W,R,RRWR,ODD,Not Predicted,,0.0,0
2059600475,R,R,W,R,RRWR,ODD,Not Predicted,,0.0,0
2059600476,R,R,R,W,RRRW,ODD,Not Predicted,,0.0,0
2059600477,R,W,W,W,RWWW,ODD,Not Predicted,,0.0,0
2059600478,W,R,R,R,WRRR,ODD,Not Predicted,,0.0,0
2059600479,W,R,R,R,WRRR,ODD,Not Predicted,,0.0,0
2059600480,W,W,W,R,WWWR,ODD,Not Predicted,,0.0,0
2059700001,W,W,R,R,WWRR,EVEN,Not Predicted,,0.0,0
2059700002,W,R,W,R,WRWR,EVEN,Not Predicted,,0.0,0
2059700003,W,R,R,R,WRRR,ODD,Not Predicted,,0.0,0
2059700004,R,W,W,W,RWWW,ODD,Not Predicted,,0.0,0
2059700005,R,R,W,W,RRWW,EVEN,Not Predicted,,0.0,0
2059700006,R,W,W,R,RWWR,EVEN,Not Predicted,,0.0,0
2059700007,R,R,R,R,RRRR,EVEN,Not Predicted,,0.0,0
2059700008,W,R,R,W,WRRW,EVEN,Not Predicted,,0.0,0
2059700009,W,W,R,W,WWRW,ODD,Not Predicted,,0.0,0
2059700010,W,R,W,R,WRWR,EVEN,Not Predicted,,0.0,0
2059700011,R,R,R,W,RRRW,ODD,Not Predicted,,0.0,0
2059700012,W,R,R,R,WRRR,ODD,Not Predicted,,0.0,0
2059700013,W,R,W,W,WRWW,ODD,Not Predicted,,0.0,0
2059700014,R,R,W,R,RRWR,ODD,Not Predicted,,0.0,0
2059700015,W,W,R,W,WWRW,ODD,Not Predicted,,0.0,0
2059700016,W,W,R,W,WWRW,ODD,Not Predicted,,0.0,0
2059700017,R,R,R,R,RRRR,EVEN,Not Predicted,,0.0,0
2059700018,W,R,W,W,WRWW,ODD,Not Predicted,,0.0,0
2059700019,W,W,R,W,WWRW,ODD,Not Predicted,,0.0,0
2059700020,R,W,R,W,RWRW,EVEN,Not Predicted,,0.0,0
2059700021,W,W,W,R,WWWR,ODD,Not Predicted,,0.0,0
2059700022,R,W,W,W,RWWW,ODD,Not Predicted,,0.0,0
2059700023,R,R,R,W,RRRW,ODD,Not Predicted,,0.0,0
2059700024,R,R,W,W,RRWW,EVEN,Not Predicted,,0.0,0
2059700025,W,R,R,W,WRRW,EVEN,Not Predicted,,0.0,0
2059700026,R,W,R,W,RWRW,EVEN,Not Predicted,,0.0,0
2059700027,W,W,R,W,WWRW,ODD,Not Predicted,,0.0,0
2059700028,R,W,R,W,RWRW,EVEN,Not Predicted,,0.0,0
2059700029,R,R,R,W,RRRW,ODD,Not Predicted,,0.0,0
2059700030,R,R,W,W,RRWW,EVEN,Not Predicted,,0.0,0
2059700031,W,W,W,W,WWWW,EVEN,Not Predicted,,0.0,0
2059700032,R,W,W,W,RWWW,ODD,Not Predicted,,0.0,0
2059700033,W,R,W,W,WRWW,ODD,Not Predicted,,0.0,0
2059700034,R,R,R,R,RRRR,EVEN,Not Predicted,,0.0,0
2059700035,W,R,W,W,WRWW,ODD,Not Predicted,,0.0,0
2059700036,W,W,W,W,WWWW,EVEN,Not Predicted,,0.0,0
2059700037,W,W,W,W,WWWW,EVEN,Not Predicted,,0.0,0
2059700038,W,W,R,W,WWRW,ODD,Not Predicted,,0.0,0
2059700039,R,R,R,W,RRRW,ODD,Not Predicted,,0.0,0
2059700040,R,W,W,R,RWWR,EVEN,Not Predicted,,0.0,0
2059700041,W,R,R,R,WRRR,ODD,Not Predicted,,0.0,0
2059700042,W,W,R,W,WWRW,ODD,Not Predicted,,0.0,0
2059700043,R,W,R,R,RWRR,ODD,Not Predicted,,0.0,0
2059700044,R,W,W,R,RWWR,EVEN,Not Predicted,,0.0,0
2059700045,W,R,W,W,WRWW,ODD,Not Predicted,,0.0,0
2059700046,W,W,W,W,WWWW,EVEN,Not Predicted,,0.0,0
2059700047,R,W,W,R,RWWR,EVEN,Not Predicted,,0.0,0
2059700048,W,W,W,W,WWWW,EVEN,Not Predicted,,0.0,0
2059700049,R,R,W,R,RRWR,ODD,Not Predicted,,0.0,0
2059700050,R,W,R,W,RWRW,EVEN,Not Predicted,,0.0,0
2059700051,W,R,W,W,WRWW,ODD,Not Predicted,,0.0,0
2059700052,W,W,R,R,WWRR,EVEN,Not Predicted,,0.0,0
2059700053,R,W,W,W,RWWW,ODD,Not Predicted,,0.0,0
2059700054,R,W,R,W,RWRW,EVEN,Not Predicted,,0.0,0
2059700055,R,W,W,W,RWWW,ODD,Not Predicted,,0.0,0
2059700056,W,R,W,R,WRWR,EVEN,Not Predicted,,0.0,0
2059700057,W,R,W,W,WRWW,ODD,Not Predicted,,0.0,0
2059700058,W,W,W,R,WWWR,ODD,Not Predicted,,0.0,0
2059700059,R,R,R,W,RRRW,ODD,Not Predicted,,0.0,0
2059700060,R,R,R,W,RRRW,ODD,Not Predicted,,0.0,0
2059700061,W,R,R,R,WRRR,ODD,Not Predicted,,0.0,0
2059700062,W,R,W,R,WRWR,EVEN,Not Predicted,,0.0,0
2059700063,R,W,R,R,RWRR,ODD,Not Predicted,,0.0,0
2059700064,R,R,W,W,RRWW,EVEN,Not Predicted,,0.0,0
2059700065,W,W,W,R,WWWR,ODD,Not Predicted,,0.0,0
2059700066,W,R,W,W,WRWW,ODD,Not Predicted,,0.0,0
2059700067,R,W,W,R,RWWR,EVEN,Not Predicted,,0.0,0
2059700068,W,W,W,R,WWWR,ODD,Not Predicted,,0.0,0
2059700069,W,R,R,W,WRRW,EVEN,Not Predicted,,0.0,0
2059700070,R,W,W,W,RWWW,ODD,Not Predicted,,0.0,0
2059700071,R,W,R,R,RWRR,ODD,Not Predicted,,0.0,0
2059700072,R,W,W,R,RWWR,EVEN,Not Predicted,,0.0,0
2059700073,W,W,W,R,WWWR,ODD,Not Predicted,,0.0,0
2059700074,W,R,W,W,WRWW,ODD,Not Predicted,,0.0,0
2059700075,R,W,W,W,RWWW,ODD,Not Predicted,,0.0,0
2059700076,W,R,W,W,WRWW,ODD,Not Predicted,,0.0,0
2059700077,W,W,R,W,WWRW,ODD,Not Predicted,,0.0,0
2059700078,R,W,W,R,RWWR,EVEN,Not Predicted,,0.0,0
2059700079,W,W,W,R,WWWR,ODD,Not Predicted,,0.0,0
2059700080,R,W,R,W,RWRW,EVEN,Not Predicted,,0.0,0
2059700081,R,W,R,R,RWRR,ODD,Not Predicted,,0.0,0
2059700082,R,R,W,W,RRWW,EVEN,Not Predicted,,0.0,0
2059700083,W,R,R,R,WRRR,ODD,Not Predicted,,0.0,0
2059700084,R,R,R,R,RRRR,EVEN,Not Predicted,,0.0,0
2059700085,W,R,W,R,WRWR,EVEN,Not Predicted,,0.0,0
2059700086,R,W,R,W,RWRW,EVEN,Not Predicted,,0.0,0
2059700087,R,R,R,R,RRRR,EVEN,Not Predicted,,0.0,0
2059700088,W,W,W,W,WWWW,EVEN,Not Predicted,,0.0,0
2059700089,W,W,R,W,WWRW,ODD,Not Predicted,,0.0,0
2059700090,R,W,W,W,RWWW,ODD,Not Predicted,,0.0,0
2059700091,W,W,W,W,WWWW,EVEN,Not Predicted,,0.0,0
2059700092,W,W,W,W,WWWW,EVEN,Not Predicted,,0.0,0
2059700093,W,R,R,W,WRRW,EVEN,Not Predicted,,0.0,0
2059700094,W,W,R,W,WWRW,ODD,Not Predicted,,0.0,0
2059700095,R,W,W,R,RWWR,EVEN,Not Predicted,,0.0,0
2059700096,W,R,W,R,WRWR,EVEN,Not Predicted,,0.0,0
2059700097,R,R,R,W,RRRW,ODD,Not Predicted,,0.0,0
2059700098,R,W,R,W,RWRW,EVEN,Not Predicted,,0.0,0
2059700099,R,R,R,R,RRRR,EVEN,Not Predicted,,0.0,0
2059700100,R,W,R,W,RWRW,EVEN,Not Predicted,,0.0,0
2059700101,R,R,R,W,RRRW,ODD,Not Predicted,,0.0,0
2059700102,R,R,R,W,RRRW,ODD,Not Predicted,,0.0,0
2059700103,R,W,W,R,RWWR,EVEN,Not Predicted,,0.0,0
2059700104,R,R,W,W,RRWW,EVEN,Not Predicted,,0.0,0
2059700105,W,W,W,R,WWWR,ODD,Not Predicted,,0.0,0
2059700106,W,W,R,W,WWRW,ODD,Not Predicted,,0.0,0
2059700107,W,R,W,R,WRWR,EVEN,Not Predicted,,0.0,0
2059700108,R,R,R,R,RRRR,EVEN,Not Predicted,,0.0,0
2059700109,R,W,R,R,RWRR,ODD,Not Predicted,,0.0,0
2059700110,W,R,W,W,WRWW,ODD,Not Predicted,,0.0,0
2059700111,W,W,R,R,WWRR,EVEN,Not Predicted,,0.0,0
2059700112,R,R,R,R,RRRR,EVEN,Not Predicted,,0.0,0
2059700113,R,W,R,R,RWRR,ODD,Not Predicted,,0.0,0
2059700114,R,W,R,W,RWRW,EVEN,Not Predicted,,0.0,0
2059700115,W,R,W,R,WRWR,EVEN,Not Predicted,,0.0,0
2059700116,W,R,W,W,WRWW,ODD,Not Predicted,,0.0,0
2059700117,R,W,W,W,RWWW,ODD,Not Predicted,,0.0,0
2059700118,R,R,W,R,RRWR,ODD,Not Predicted,,0.0,0
2059700119,R,R,R,W,RRRW,ODD,Not Predicted,,0.0,0
2059700120,R,W,R,W,RWRW,EVEN,Not Predicted,,0.0,0
2059700121,W,W,W,R,WWWR,ODD,Not Predicted,,0.0,0
2059700122,R,R,W,W,RRWW,EVEN,Not Predicted,,0.0,0
2059700123,W,W,R,R,WWRR,EVEN,Not Predicted,,0.0,0
2059700124,W,R,R,W,WRRW,EVEN,Not Predicted,,0.0,0
2059700125,W,R,W,W,WRWW,ODD,Not Predicted,,0.0,0
2059700126,W,W,W,W,WWWW,EVEN,Not Predicted,,0.0,0
2059700127,R,W,W,W,RWWW,ODD,Not Predicted,,0.0,0
2059700128,R,R,W,W,RRWW,EVEN,Not Predicted,,0.0,0
2059700129,R,W,R,R,RWRR,ODD,Not Predicted,,0.0,0
2059700130,R,R,R,R,RRRR,EVEN,Not Predicted,,0.0,0
2059700131,W,W,R,W,WWRW,ODD,Not Predicted,,0.0,0
2059700132,W,W,R,R,WWRR,EVEN,Not Predicted,,0.0,0
2059700133,W,W,W,W,WWWW,EVEN,Not Predicted,,0.0,0
2059700134,R,R,R,R,RRRR,EVEN,Not Predicted,,0.0,0
2059700135,R,R,R,R,RRRR,EVEN,Not Predicted,,0.0,0
2059700136,W,W,W,W,WWWW,EVEN,Not Predicted,,0.0,0
2059700137,W,R,W,R,WRWR,EVEN,Not Predicted,,0.0,0
2059700138,R,W,W,R,RWWR,EVEN,Not Predicted,,0.0,0
2059700139,W,W,W,W,WWWW,EVEN,Not Predicted,,0.0,0
2059700140,W,W,R,W,WWRW,ODD,Not Predicted,,0.0,0
2059700141,W,W,W,R,WWWR,ODD,Not Predicted,,0.0,0
2059700142,W,R,W,R,WRWR,EVEN,Not Predicted,,0.0,0
2059700143,R,R,R,R,RRRR,EVEN,Not Predicted,,0.0,0
2059700144,R,W,R,W,RWRW,EVEN,Not Predicted,,0.0,0
2059700145,W,R,R,W,WRRW,EVEN,Not Predicted,,0.0,0
2059700146,R,W,R,W,RWRW,EVEN,Not Predicted,,0.0,0
2059700147,W,R,W,W,WRWW,ODD,Not Predicted,,0.0,0
2059700148,W,R,R,R,WRRR,ODD,Not Predicted,,0.0,0
2059700149,R,R,W,R,RRWR,ODD,Not Predicted,,0.0,0
2059700150,W,W,R,R,WWRR,EVEN,Not Predicted,,0.0,0
2059700151,W,W,R,R,WWRR,EVEN,Not Predicted,,0.0,0
2059700152,W,R,R,R,WRRR,ODD,Not Predicted,,0.0,0
2059700153,R,W,W,R,RWWR,EVEN,Not Predicted,,0.0,0
2059700154,R,R,W,W,RRWW,EVEN,Not Predicted,,0.0,0
2059700155,W,R,W,W,WRWW,ODD,Not Predicted,,0.0,0
2059700156,W,R,W,R,WRWR,EVEN,Not Predicted,,0.0,0
2059700157,W,W,R,W,WWRW,ODD,Not Predicted,,0.0,0
2059700158,R,R,R,R,RRRR,EVEN,Not Predicted,,0.0,0
2059700159,W,R,W,W,WRWW,ODD,Not Predicted,,0.0,0
2059700160,W,W,W,R,WWWR,ODD,Not Predicted,,0.0,0
2059700161,R,W,W,R,RWWR,EVEN,Not Predicted,,0.0,0
2059700162,W,R,R,R,WRRR,ODD,Not Predicted,,0.0,0
2059700163,R,R,W,R,RRWR,ODD,Not Predicted,,0.0,0
2059700164,R,R,W,R,RRWR,ODD,Not Predicted,,0.0,0
2059700165,R,W,W,R,RWWR,EVEN,Not Predicted,,0.0,0
2059700166,W,R,W,W,WRWW,ODD,Not Predicted,,0.0,0
2059700167,W,R,R,R,WRRR,ODD,Not Predicted,,0.0,0
2059700168,R,R,R,W,RRRW,ODD,Not Predicted,,0.0,0
2059700169,R,R,W,R,RRWR,ODD,Not Predicted,,0.0,0
2059700170,W,R,R,W,WRRW,EVEN,Not Predicted,,0.0,0
2059700171,R,R,R,W,RRRW,ODD,Not Predicted,,0.0,0
2059700172,R,R,R,R,RRRR,EVEN,Not Predicted,,0.0,0
2059700173,W,W,R,W,WWRW,ODD,Not Predicted,,0.0,0
2059700174,W,R,W,R,WRWR,EVEN,Not Predicted,,0.0,0
2059700175,R,W,W,W,RWWW,ODD,Not Predicted,,0.0,0
2059700176,W,W,R,R,WWRR,EVEN,Not Predicted,,0.0,0
2059700177,W,R,R,R,WRRR,ODD,Not Predicted,,0.0,0
2059700178,W,R,W,R,WRWR,EVEN,Not Predicted,,0.0,0
2059700179,R,R,R,W,RRRW,ODD,Not Predicted,,0.0,0
2059700180,W,W,R,R,WWRR,EVEN,Not Predicted,,0.0,0
2059700181,W,W,R,W,WWRW,ODD,Not Predicted,,0.0,0
2059700182,R,R,R,W,RRRW,ODD,Not Predicted,,0.0,0
2059700183,R,R,W,R,RRWR,ODD,Not Predicted,,0.0,0
2059700184,R,R,W,W,RRWW,EVEN,Not Predicted,,0.0,0
2059700185,W,R,W,W,WRWW,ODD,Not Predicted,,0.0,0
2059700186,W,R,W,R,WRWR,EVEN,Not Predicted,,0.0,0
2059700187,W,W,W,W,WWWW,EVEN,Not Predicted,,0.0,0
2059700188,R,R,W,R,RRWR,ODD,Not Predicted,,0.0,0
2059700189,W,W,W,W,WWWW,EVEN,Not Predicted,,0.0,0
2059700190,R,R,R,R,RRRR,EVEN,Not Predicted,,0.0,0
2059700191,W,W,R,W,WWRW,ODD,Not Predicted,,0.0,0
2059700192,W,W,R,R,WWRR,EVEN,Not Predicted,,0.0,0
2059700193,W,W,W,W,WWWW,EVEN,Not Predicted,,0.0,0
2059700194,W,W,R,R,WWRR,EVEN,Not Predicted,,0.0,0
2059700195,W,W,R,R,WWRR,EVEN,Not Predicted,,0.0,0
2059700196,R,W,R,R,RWRR,ODD,Not Predicted,,0.0,0
2059700197,W,W,R,W,WWRW,ODD,Not Predicted,,0.0,0
2059700198,W,R,R,R,WRRR,ODD,Not Predicted,,0.0,0
2059700199,W,R,W,W,WRWW,ODD,Not Predicted,,0.0,0
2059700200,R,W,R,W,RWRW,EVEN,Not Predicted,,0.0,0
2059700201,W,R,R,W,WRRW,EVEN,Not Predicted,,0.0,0
2059700202,R,R,W,R,RRWR,ODD,Not Predicted,,0.0,0
2059700203,R,R,W,R,RRWR,ODD,Not Predicted,,0.0,0
2059700204,W,R,W,R,WRWR,EVEN,Not Predicted,,0.0,0
2059700205,W,R,W,R,WRWR,EVEN,Not Predicted,,0.0,0
2059700206,R,W,W,W,RWWW,ODD,Not Predicted,,0.0,0
2059700207,R,W,W,W,RWWW,ODD,Not Predicted,,0.0,0
2059700208,R,R,W,W,RRWW,EVEN,Not Predicted,,0.0,0
2059700209,R,W,R,R,RWRR,ODD,Not Predicted,,0.0,0
2059700210,R,W,R,W,RWRW,EVEN,Not Predicted,,0.0,0
2059700211,W,R,R,W,WRRW,EVEN,Not Predicted,,0.0,0
2059700212,R,W,R,W,RWRW,EVEN,Not Predicted,,0.0,0
2059700213,R,W,W,R,RWWR,EVEN,Not Predicted,,0.0,0
2059700214,R,R,W,R,RRWR,ODD,Not Predicted,,0.0,0
2059700215,W,W,R,W,WWRW,ODD,Not Predicted,,0.0,0
2059700216,R,R,R,W,RRRW,ODD,Not Predicted,,0.0,0
2059700217,R,R,R,W,RRRW,ODD,Not Predicted,,0.0,0
2059700218,W,W,W,R,WWWR,ODD,Not Predicted,,0.0,0
2059700219,R,W,W,W,RWWW,ODD,Not Predicted,,0.0,0
2059700220,R,W,W,W,RWWW,ODD,Not Predicted,,0.0,0
2059700221,R,W,R,W,RWRW,EVEN,Not Predicted,,0.0,0
2059700222,W,W,R,R,WWRR,EVEN,Not Predicted,,0.0,0
2059700223,R,R,R,R,RRRR,EVEN,Not Predicted,,0.0,0
2059700224,W,W,R,R,WWRR,EVEN,Not Predicted,,0.0,0
2059700225,R,W,W,W,RWWW,ODD,Not Predicted,,0.0,0
2059700226,R,R,R,W,RRRW,ODD,Not Predicted,,0.0,0
2059700227,R,W,R,W,RWRW,EVEN,Not Predicted,,0.0,0
2059700228,W,R,W,R,WRWR,EVEN,Not Predicted,,0.0,0
2059700229,R,R,R,R,RRRR,EVEN,Not Predicted,,0.0,0
2059700230,R,R,W,R,RRWR,ODD,Not Predicted,,0.0,0
2059700231,W,W,W,R,WWWR,ODD,Not Predicted,,0.0,0
2059700232,R,R,R,R,RRRR,EVEN,Not Predicted,,0.0,0
2059700233,W,R,R,W,WRRW,EVEN,Not Predicted,,0.0,0
2059700234,W,W,R,R,WWRR,EVEN,Not Predicted,,0.0,0
2059700235,W,W,W,R,WWWR,ODD,Not Predicted,,0.0,0
2059700236,R,W,W,R,RWWR,EVEN,Not Predicted,,0.0,0
2059700237,R,W,W,W,RWWW,ODD,Not Predicted,,0.0,0
2059700238,W,W,W,R,WWWR,ODD,Not Predicted,,0.0,0
2059700239,W,W,W,R,WWWR,ODD,Not Predicted,,0.0,0
2059700240,R,R,W,R,RRWR,ODD,Not Predicted,,0.0,0
2059700241,R,R,R,W,RRRW,ODD,Not Predicted,,0.0,0
2059700242,R,R,R,R,RRRR,EVEN,Not Predicted,,0.0,0
2059700243,R,W,R,R,RWRR,ODD,Not Predicted,,0.0,0
2059700244,W,W,W,R,WWWR,ODD,Not Predicted,,0.0,0
2059700245,R,R,R,W,RRRW,ODD,Not Predicted,,0.0,0
2059700246,W,R,W,R,WRWR,EVEN,Not Predicted,,0.0,0
2059700247,R,W,R,W,RWRW,EVEN,Not Predicted,,0.0,0
2059700248,R,W,R,R,RWRR,ODD,Not Predicted,,0.0,0
2059700249,R,W,R,W,RWRW,EVEN,Not Predicted,,0.0,0
2059700250,R,W,R,W,RWRW,EVEN,Not Predicted,,0.0,0
2059700251,R,W,W,W,RWWW,ODD,Not Predicted,,0.0,0
2059700252,R,W,R,R,RWRR,ODD,Not Predicted,,0.0,0
2059700253,R,R,R,R,RRRR,EVEN,Not Predicted,,0.0,0
2059700254,R,R,W,W,RRWW,EVEN,Not Predicted,,0.0,0
2059700255,W,W,W,R,WWWR,ODD,Not Predicted,,0.0,0
2059700256,W,R,R,R,WRRR,ODD,Not Predicted,,0.0,0
2059700257,W,R,W,R,WRWR,EVEN,Not Predicted,,0.0,0
2059700258,W,R,R,W,WRRW,EVEN,Not Predicted,,0.0,0
2059700259,W,W,R,W,WWRW,ODD,Not Predicted,,0.0,0
2059700260,W,R,R,W,WRRW,EVEN,Not Predicted,,0.0,0
2059700261,W,R,R,W,WRRW,EVEN,Not Predicted,,0.0,0
2059700262,R,R,R,W,RRRW,ODD,Not Predicted,,0.0,0
2059700263,W,W,R,W,WWRW,ODD,Not Predicted,,0.0,0
2059700264,R,W,R,W,RWRW,EVEN,Not Predicted,,0.0,0
2059700265,R,R,R,R,RRRR,EVEN,Not Predicted,,0.0,0
2059700266,R,R,R,W,RRRW,ODD,Not Predicted,,0.0,0
2059700267,R,R,R,R,RRRR,EVEN,Not Predicted,,0.0,0
2059700268,W,R,R,R,WRRR,ODD,Not Predicted,,0.0,0
2059700269,R,W,W,R,RWWR,EVEN,Not Predicted,,0.0,0
2059700270,R,R,R,W,RRRW,ODD,Not Predicted,,0.0,0
2059700271,R,R,W,R,RRWR,ODD,Not Predicted,,0.0,0
2059700272,R,W,W,R,RWWR,EVEN,Not Predicted,,0.0,0
2059700273,W,R,W,W,WRWW,ODD,Not Predicted,,0.0,0
2059700274,W,W,W,R,WWWR,ODD,Not Predicted,,0.0,0
2059700275,R,R,W,R,RRWR,ODD,Not Predicted,,0.0,0
2059700276,R,W,R,W,RWRW,EVEN,Not Predicted,,0.0,0
2059700277,R,W,W,R,RWWR,EVEN,Not Predicted,,0.0,0
2059700278,W,R,R,W,WRRW,EVEN,Not Predicted,,0.0,0
2059700279,R,W,R,W,RWRW,EVEN,Not Predicted,,0.0,0
2059700280,W,W,R,R,WWRR,EVEN,Not Predicted,,0.0,0
2059700281,W,W,W,W,WWWW,EVEN,Not Predicted,,0.0,0
2059700282,W,R,R,R,WRRR,ODD,Not Predicted,,0.0,0
2059700283,R,R,R,W,RRRW,ODD,Not Predicted,,0.0,0
2059700284,W,R,R,W,WRRW,EVEN,Not Predicted,,0.0,0
2059700285,W,R,W,R,WRWR,EVEN,Not Predicted,,0.0,0
2059700286,R,W,W,W,RWWW,ODD,Not Predicted,,0.0,0
2059700287,W,R,W,W,WRWW,ODD,Not Predicted,,0.0,0
2059700288,R,W,W,W,RWWW,ODD,Not Predicted,,0.0,0
2059700289,W,W,R,R,WWRR,EVEN,Not Predicted,,0.0,0
2059700290,W,W,R,R,WWRR,EVEN,Not Predicted,,0.0,0
2059700291,W,R,R,R,WRRR,ODD,Not Predicted,,0.0,0
2059700292,R,W,W,W,RWWW,ODD,Not Predicted,,0.0,0
2059700293,W,R,W,R,WRWR,EVEN,Not Predicted,,0.0,0
2059700294,W,R,R,R,WRRR,ODD,Not Predicted,,0.0,0
2059700295,W,R,R,R,WRRR,ODD,Not Predicted,,0.0,0
2059700296,W,W,R,R,WWRR,EVEN,Not Predicted,,0.0,0
2059700297,R,W,W,R,RWWR,EVEN,Not Predicted,,0.0,0
2059700298,R,R,R,R,RRRR,EVEN,Not Predicted,,0.0,0
2059700299,R,R,R,W,RRRW,ODD,Not Predicted,,0.0,0
2059700300,W,W,R,W,WWRW,ODD,Not Predicted,,0.0,0
2059700301,R,R,W,W,RRWW,EVEN,Not Predicted,,0.0,0
2059700302,R,W,W,W,RWWW,ODD,Not Predicted,,0.0,0
2059700303,R,W,W,R,RWWR,EVEN,Not Predicted,,0.0,0
2059700304,R,W,W,R,RWWR,EVEN,Not Predicted,,0.0,0
2059700305,R,R,W,W,RRWW,EVEN,Not Predicted,,0.0,0
2059700306,W,W,W,R,WWWR,ODD,Not Predicted,,0.0,0
2059700307,W,W,W,W,WWWW,EVEN,Not Predicted,,0.0,0
2059700308,W,R,W,R,WRWR,EVEN,Not Predicted,,0.0,0
2059700309,W,R,W,W,WRWW,ODD,Not Predicted,,0.0,0
2059700310,W,W,R,W,WWRW,ODD,Not Predicted,,0.0,0
2059700311,W,R,R,R,WRRR,ODD,Not Predicted,,0.0,0
2059700312,W,W,W,W,WWWW,EVEN,Not Predicted,,0.0,0
2059700313,W,R,W,W,WRWW,ODD,Not Predicted,,0.0,0
2059700314,R,R,W,R,RRWR,ODD,Not Predicted,,0.0,0
2059700315,W,R,W,W,WRWW,ODD,Not Predicted,,0.0,0
2059700316,R,W,R,W,RWRW,EVEN,Not Predicted,,0.0,0
2059700317,W,R,W,R,WRWR,EVEN,Not Predicted,,0.0,0
2059700318,W,W,W,R,WWWR,ODD,Not Predicted,,0.0,0
2059700319,W,W,W,W,WWWW,EVEN,Not Predicted,,0.0,0
2059700320,R,R,W,W,RRWW,EVEN,Not Predicted,,0.0,0
2059700321,R,R,R,R,RRRR,EVEN,Not Predicted,,0.0,0
2059700322,W,R,R,W,WRRW,EVEN,Not Predicted,,0.0,0
2059700323,R,W,R,W,RWRW,EVEN,Not Predicted,,0.0,0
2059700324,R,R,W,W,RRWW,EVEN,Not Predicted,,0.0,0
2059700325,W,W,W,W,WWWW,EVEN,Not Predicted,,0.0,0
2059700326,W,W,W,W,WWWW,EVEN,Not Predicted,,0.0,0
2059700327,W,R,W,W,WRWW,ODD,Not Predicted,,0.0,0
2059700328,W,R,W,W,WRWW,ODD,Not Predicted,,0.0,0
2059700329,R,R,R,R,RRRR,EVEN,Not Predicted,,0.0,0
2059700330,W,W,W,R,WWWR,ODD,Not Predicted,,0.0,0
2059700331,W,W,W,W,WWWW,EVEN,Not Predicted,,0.0,0
2059700332,W,W,W,R,WWWR,ODD,Not Predicted,,0.0,0
2059700333,R,R,W,W,RRWW,EVEN,Not Predicted,,0.0,0
2059700334,W,R,R,W,WRRW,EVEN,Not Predicted,,0.0,0
2059700335,R,R,W,W,RRWW,EVEN,Not Predicted,,0.0,0
2059700336,R,R,R,R,RRRR,EVEN,Not Predicted,,0.0,0
2059700337,W,R,R,R,WRRR,ODD,Not Predicted,,0.0,0
2059700338,R,R,W,R,RRWR,ODD,Not Predicted,,0.0,0
2059700339,W,R,W,R,WRWR,EVEN,Not Predicted,,0.0,0
2059700340,R,R,W,R,RRWR,ODD,Not Predicted,,0.0,0
2059700341,R,W,W,R,RWWR,EVEN,Not Predicted,,0.0,0
2059700342,R,W,W,R,RWWR,EVEN,Not Predicted,,0.0,0
2059700343,R,R,W,W,RRWW,EVEN,Not Predicted,,0.0,0
2059700344,W,W,W,R,WWWR,ODD,Not Predicted,,0.0,0
2059700345,W,R,W,R,WRWR,EVEN,Not Predicted,,0.0,0
2059700346,W,R,W,W,WRWW,ODD,Not Predicted,,0.0,0
2059700347,R,W,W,W,RWWW,ODD,Not Predicted,,0.0,0
2059700348,R,W,R,R,RWRR,ODD,Not Predicted,,0.0,0
2059700349,W,R,W,R,WRWR,EVEN,Not Predicted,,0.0,0
2059700350,R,R,R,W,RRRW,ODD,Not Predicted,,0.0,0
2059700351,W,W,W,R,WWWR,ODD,Not Predicted,,0.0,0
2059700352,W,R,R,W,WRRW,EVEN,Not Predicted,,0.0,0
2059700353,R,R,R,R,RRRR,EVEN,Not Predicted,,0.0,0
2059700354,W,W,R,R,WWRR,EVEN,Not Predicted,,0.0,0
2059700355,R,W,W,W,RWWW,ODD,Not Predicted,,0.0,0
2059700356,W,W,W,W,WWWW,EVEN,Not Predicted,,0.0,0
2059700357,W,R,W,W,WRWW,ODD,Not Predicted,,0.0,0
2059700358,W,W,R,W,WWRW,ODD,Not Predicted,,0.0,0
2059700359,W,R,R,R,WRRR,ODD,Not Predicted,,0.0,0
2059700360,R,W,R,W,RWRW,EVEN,Not Predicted,,0.0,0
2059700361,W,W,R,W,WWRW,ODD,Not Predicted,,0.0,0
2059700362,R,W,R,W,RWRW,EVEN,Not Predicted,,0.0,0
2059700363,W,R,R,R,WRRR,ODD,Not Predicted,,0.0,0
2059700364,R,R,R,R,RRRR,EVEN,Not Predicted,,0.0,0
2059700365,W,W,R,W,WWRW,ODD,Not Predicted,,0.0,0
2059700366,R,R,W,W,RRWW,EVEN,Not Predicted,,0.0,0
2059700367,R,W,W,R,RWWR,EVEN,Not Predicted,,0.0,0
2059700368,W,W,R,R,WWRR,EVEN,Not Predicted,,0.0,0
2059700369,W,R,W,R,WRWR,EVEN,Not Predicted,,0.0,0
2059700370,R,R,R,W,RRRW,ODD,Not Predicted,,0.0,0
2059700371,W,W,W,R,WWWR,ODD,Not Predicted,,0.0,0
2059700372,R,W,W,W,RWWW,ODD,Not Predicted,,0.0,0
2059700373,R,R,W,R,RRWR,ODD,Not Predicted,,0.0,0
2059700374,W,W,W,W,WWWW,EVEN,Not Predicted,,0.0,0
2059700375,W,W,R,R,WWRR,EVEN,Not Predicted,,0.0,0
2059700376,R,W,R,W,RWRW,EVEN,Not Predicted,,0.0,0
2059700377,W,W,R,W,WWRW,ODD,Not Predicted,,0.0,0
2059700378,W,R,R,R,WRRR,ODD,Not Predicted,,0.0,0
2059700379,W,R,R,W,WRRW,EVEN,Not Predicted,,0.0,0
2059700380,R,R,W,W,RRWW,EVEN,Not Predicted,,0.0,0
2059700381,R,W,R,R,RWRR,ODD,Not Predicted,,0.0,0
2059700382,W,W,W,R,WWWR,ODD,Not Predicted,,0.0,0
2059700383,W,R,R,W,WRRW,EVEN,Not Predicted,,0.0,0
2059700384,W,R,R,R,WRRR,ODD,Not Predicted,,0.0,0
2059700385,R,W,R,R,RWRR,ODD,Not Predicted,,0.0,0
2059700386,R,W,R,W,RWRW,EVEN,Not Predicted,,0.0,0
2059700387,R,W,W,R,RWWR,EVEN,Not Predicted,,0.0,0
2059700388,W,R,W,W,WRWW,ODD,Not Predicted,,0.0,0
2059700389,W,R,W,W,WRWW,ODD,Not Predicted,,0.0,0
2059700390,R,W,R,W,RWRW,EVEN,Not Predicted,,0.0,0
2059700391,W,R,W,W,WRWW,ODD,Not Predicted,,0.0,0
2059700392,W,R,R,W,WRRW,EVEN,Not Predicted,,0.0,0
2059700393,W,W,R,W,WWRW,ODD,Not Predicted,,0.0,0
2059700394,R,W,W,R,RWWR,EVEN,Not Predicted,,0.0,0
2059700395,W,W,W,W,WWWW,EVEN,Not Predicted,,0.0,0
2059700396,R,R,W,W,RRWW,EVEN,Not Predicted,,0.0,0
2059700397,R,W,W,W,RWWW,ODD,Not Predicted,,0.0,0
2059700398,R,W,R,W,RWRW,EVEN,Not Predicted,,0.0,0
2059700399,W,R,W,W,WRWW,ODD,Not Predicted,,0.0,0
2059700400,R,R,R,W,RRRW,ODD,Not Predicted,,0.0,0
2059700401,R,R,W,R,RRWR,ODD,Not Predicted,,0.0,0
2059700402,W,W,W,W,WWWW,EVEN,Not Predicted,,0.0,0
2059700403,W,W,R,W,WWRW,ODD,Not Predicted,,0.0,0
2059700404,R,W,R,W,RWRW,EVEN,Not Predicted,,0.0,0
2059700405,W,W,W,R,WWWR,ODD,Not Predicted,,0.0,0
2059700406,R,R,R,R,RRRR,EVEN,Not Predicted,,0.0,0
2059700407,R,R,W,R,RRWR,ODD,Not Predicted,,0.0,0
2059700408,R,R,W,R,RRWR,ODD,Not Predicted,,0.0,0
2059700409,W,R,R,R,WRRR,ODD,Not Predicted,,0.0,0
2059700410,W,W,R,R,WWRR,EVEN,Not Predicted,,0.0,0
2059700411,W,R,R,W,WRRW,EVEN,Not Predicted,,0.0,0
2059700412,W,R,W,R,WRWR,EVEN,Not Predicted,,0.0,0
2059700413,W,R,R,W,WRRW,EVEN,Not Predicted,,0.0,0
2059700414,W,R,R,R,WRRR,ODD,Not Predicted,,0.0,0
2059700415,W,R,R,R,WRRR,ODD,Not Predicted,,0.0,0
2059700416,R,W,R,W,RWRW,EVEN,Not Predicted,,0.0,0
2059700417,R,W,R,W,RWRW,EVEN,Not Predicted,,0.0,0
2059700418,W,R,W,W,WRWW,ODD,Not Predicted,,0.0,0
2059700419,R,R,R,W,RRRW,ODD,Not Predicted,,0.0,0
2059700420,R,W,W,R,RWWR,EVEN,Not Predicted,,0.0,0
2059700421,R,W,W,W,RWWW,ODD,Not Predicted,,0.0,0
2059700422,R,R,W,R,RRWR,ODD,Not Predicted,,0.0,0
2059700423,W,R,R,R,WRRR,ODD,Not Predicted,,0.0,0
2059700424,R,R,W,R,RRWR,ODD,Not Predicted,,0.0,0
2059700425,R,W,R,W,RWRW,EVEN,Not Predicted,,0.0,0
2059700426,W,W,R,R,WWRR,EVEN,Not Predicted,,0.0,0
2059700427,W,R,W,R,WRWR,EVEN,Not Predicted,,0.0,0
2059700428,W,R,R,R,WRRR,ODD,Not Predicted,,0.0,0
2059700429,R,W,R,W,RWRW,EVEN,Not Predicted,,0.0,0
2059700430,W,R,R,W,WRRW,EVEN,Not Predicted,,0.0,0
2059700431,R,W,R,W,RWRW,EVEN,Not Predicted,,0.0,0
2059700432,W,W,R,W,WWRW,ODD,Not Predicted,,0.0,0
2059700433,R,W,W,W,RWWW,ODD,Not Predicted,,0.0,0
2059700434,R,W,W,W,RWWW,ODD,Not Predicted,,0.0,0
2059700435,W,W,W,W,WWWW,EVEN,Not Predicted,,0.0,0
2059700436,R,W,W,W,RWWW,ODD,Not Predicted,,0.0,0
2059700437,R,R,W,W,RRWW,EVEN,Not Predicted,,0.0,0
2059700438,R,W,R,W,RWRW,EVEN,Not Predicted,,0.0,0
2059700439,W,W,W,R,WWWR,ODD,Not Predicted,,0.0,0
2059700440,R,W,W,W,RWWW,ODD,Not Predicted,,0.0,0
2059700441,W,W,W,W,WWWW,EVEN,Not Predicted,,0.0,0
2059700442,R,R,W,R,RRWR,ODD,Not Predicted,,0.0,0
2059700443,R,W,W,R,RWWR,EVEN,Not Predicted,,0.0,0
2059700444,R,R,W,R,RRWR,ODD,Not Predicted,,0.0,0
2059700445,R,W,W,W,RWWW,ODD,Not Predicted,,0.0,0
2059700446,R,R,R,R,RRRR,EVEN,Not Predicted,,0.0,0
2059700447,W,R,W,W,WRWW,ODD,Not Predicted,,0.0,0
2059700448,W,R,W,W,WRWW,ODD,Not Predicted,,0.0,0
2059700449,R,W,W,W,RWWW,ODD,Not Predicted,,0.0,0
2059700450,R,R,W,R,RRWR,ODD,Not Predicted,,0.0,0
2059700451,W,W,R,W,WWRW,ODD,Not Predicted,,0.0,0
2059700452,W,W,R,R,WWRR,EVEN,Not Predicted,,0.0,0
2059700453,R,W,R,R,RWRR,ODD,Not Predicted,,0.0,0
2059700454,W,W,W,R,WWWR,ODD,Not Predicted,,0.0,0
2059700455,R,R,W,W,RRWW,EVEN,Not Predicted,,0.0,0
2059700456,R,W,W,R,RWWR,EVEN,Not Predicted,,0.0,0
2059700457,R,W,W,W,RWWW,ODD,Not Predicted,,0.0,0
2059700458,W,W,W,R,WWWR,ODD,Not Predicted,,0.0,0
2059700459,W,R,R,R,WRRR,ODD,Not Predicted,,0.0,0
2059700460,W,W,W,R,WWWR,ODD,Not Predicted,,0.0,0
2059700461,R,W,R,W,RWRW,EVEN,Not Predicted,,0.0,0
2059700462,R,R,R,R,RRRR,EVEN,Not Predicted,,0.0,0
2059700463,R,R,W,W,RRWW,EVEN,Not Predicted,,0.0,0
2059700464,W,W,W,R,WWWR,ODD,Not Predicted,,0.0,0
2059700465,R,R,R,W,RRRW,ODD,Not Predicted,,0.0,0
2059700466,R,R,W,W,RRWW,EVEN,Not Predicted,,0.0,0
2059700467,R,R,W,R,RRWR,ODD,Not Predicted,,0.0,0
2059700468,R,R,W,W,RRWW,EVEN,Not Predicted,,0.0,0
2059700469,R,R,W,W,RRWW,EVEN,Not Predicted,,0.0,0
2059700470,R,R,R,W,RRRW,ODD,Not Predicted,,0.0,0
2059700471,R,W,R,R,RWRR,ODD,Not Predicted,,0.0,0
2059700472,R,R,W,R,RRWR,ODD,Not Predicted,,0.0,0
2059700473,W,W,W,R,WWWR,ODD,Not Predicted,,0.0,0
2059700474,R,W,W,R,RWWR,EVEN,Not Predicted,,0.0,0
2059700475,R,R,R,R,RRRR,EVEN,Not Predicted,,0.0,0
2059700476,W,W,W,R,WWWR,ODD,Not Predicted,,0.0,0
2059700477,R,W,W,R,RWWR,EVEN,Not Predicted,,0.0,0
2059700478,W,W,W,W,WWWW,EVEN,Not Predicted,,0.0,0
2059700479,W,W,W,W,WWWW,EVEN,Not Predicted,,0.0,0
2059700480,W,W,W,W,WWWW,EVEN,Not Predicted,,0.0,0
2059800001,R,R,W,W,RRWW,EVEN,Not Predicted,,0.0,0
2059800002,W,W,R,R,WWRR,EVEN,Not Predicted,,0.0,0
2059800003,R,W,W,R,RWWR,EVEN,Not Predicted,,0.0,0
2059800004,R,R,W,W,RRWW,EVEN,Not Predicted,,0.0,0
2059800005,R,R,R,R,RRRR,EVEN,Not Predicted,,0.0,0
2059800006,W,R,R,W,WRRW,EVEN,Not Predicted,,0.0,0
2059800007,W,W,R,R,WWRR,EVEN,Not Predicted,,0.0,0
2059800008,R,W,W,R,RWWR,EVEN,Not Predicted,,0.0,0
2059800009,R,R,W,R,RRWR,ODD,Not Predicted,,0.0,0
2059800010,R,W,R,R,RWRR,ODD,Not Predicted,,0.0,0
2059800011,W,R,W,R,WRWR,EVEN,Not Predicted,,0.0,0
2059800012,R,R,R,R,RRRR,EVEN,Not Predicted,,0.0,0
2059800013,R,R,W,W,RRWW,EVEN,Not Predicted,,0.0,0
2059800014,R,W,W,R,RWWR,EVEN,Not Predicted,,0.0,0
2059800015,R,W,R,R,RWRR,ODD,Not Predicted,,0.0,0
2059800016,R,R,W,R,RRWR,ODD,Not Predicted,,0.0,0
2059800017,R,W,R,W,RWRW,EVEN,Not Predicted,,0.0,0
2059800018,R,W,W,R,RWWR,EVEN,Not Predicted,,0.0,0
2059800019,W,W,R,W,WWRW,ODD,Not Predicted,,0.0,0
2059800020,R,W,W,W,RWWW,ODD,Not Predicted,,0.0,0
2059800021,R,W,R,R,RWRR,ODD,Not Predicted,,0.0,0
2059800022,R,R,R,R,RRRR,EVEN,Not Predicted,,0.0,0
2059800023,W,W,W,R,WWWR,ODD,Not Predicted,,0.0,0
2059800024,W,R,R,W,WRRW,EVEN,Not Predicted,,0.0,0
2059800025,R,W,R,R,RWRR,ODD,Not Predicted,,0.0,0
2059800026,W,R,R,W,WRRW,EVEN,Not Predicted,,0.0,0
2059800027,W,R,R,W,WRRW,EVEN,Not Predicted,,0.0,0
2059800028,W,W,W,W,WWWW,EVEN,Not Predicted,,0.0,0
2059800029,W,W,R,W,WWRW,ODD,Not Predicted,,0.0,0
2059800030,W,W,W,R,WWWR,ODD,Not Predicted,,0.0,0
2059800031,R,W,W,R,RWWR,EVEN,Not Predicted,,0.0,0
2059800032,R,W,R,W,RWRW,EVEN,Not Predicted,,0.0,0
2059800033,W,W,R,R,WWRR,EVEN,Not Predicted,,0.0,0
2059800034,R,R,R,R,RRRR,EVEN,Not Predicted,,0.0,0
2059800035,R,R,R,W,RRRW,ODD,Not Predicted,,0.0,0
2059800036,W,R,W,R,WRWR,EVEN,Not Predicted,,0.0,0
2059800037,W,R,R,R,WRRR,ODD,Not Predicted,,0.0,0
2059800038,R,W,R,W,RWRW,EVEN,Not Predicted,,0.0,0
2059800039,R,R,R,W,RRRW,ODD,Not Predicted,,0.0,0
2059800040,R,W,R,R,RWRR,ODD,Not Predicted,,0.0,0
2059800041,R,W,R,W,RWRW,EVEN,Not Predicted,,0.0,0
2059800042,W,R,W,R,WRWR,EVEN,Not Predicted,,0.0,0
2059800043,W,R,W,W,WRWW,ODD,Not Predicted,,0.0,0
2059800044,W,W,W,R,WWWR,ODD,Not Predicted,,0.0,0
2059800045,W,W,W,R,WWWR,ODD,Not Predicted,,0.0,0
2059800046,R,R,R,W,RRRW,ODD,Not Predicted,,0.0,0
2059800047,R,W,W,R,RWWR,EVEN,Not Predicted,,0.0,0
2059800048,R,W,R,R,RWRR,ODD,Not Predicted,,0.0,0
2059800049,R,W,R,W,RWRW,EVEN,Not Predicted,,0.0,0
2059800050,R,W,R,R,RWRR,ODD,Not Predicted,,0.0,0
2059800051,R,W,W,W,RWWW,ODD,Not Predicted,,0.0,0
2059800052,W,R,W,R,WRWR,EVEN,Not Predicted,,0.0,0
2059800053,W,W,W,W,WWWW,EVEN,Not Predicted,,0.0,0
2059800054,W,R,R,R,WRRR,ODD,Not Predicted,,0.0,0
2059800055,R,W,W,W,RWWW,ODD,Not Predicted,,0.0,0
2059800056,W,R,W,R,WRWR,EVEN,Not Predicted,,0.0,0
2059800057,W,W,W,R,WWWR,ODD,Not Predicted,,0.0,0
2059800058,R,R,W,W,RRWW,EVEN,Not Predicted,,0.0,0
2059800059,R,W,W,R,RWWR,EVEN,Not Predicted,,0.0,0
2059800060,R,R,W,W,RRWW,EVEN,Not Predicted,,0.0,0
2059800061,R,W,W,W,RWWW,ODD,Not Predicted,,0.0,0
2059800062,R,W,W,W,RWWW,ODD,Not Predicted,,0.0,0
2059800063,R,W,W,W,RWWW,ODD,Not Predicted,,0.0,0
2059800064,W,R,R,W,WRRW,EVEN,Not Predicted,,0.0,0
2059800065,W,R,R,W,WRRW,EVEN,Not Predicted,,0.0,0
2059800066,W,R,R,W,WRRW,EVEN,Not Predicted,,0.0,0
2059800067,R,R,W,W,RRWW,EVEN,Not Predicted,,0.0,0
2059800068,W,R,R,W,WRRW,EVEN,Not Predicted,,0.0,0
2059800069,R,R,W,R,RRWR,ODD,Not Predicted,,0.0,0
2059800070,W,R,R,W,WRRW,EVEN,Not Predicted,,0.0,0
2059800071,R,R,W,W,RRWW,EVEN,Not Predicted,,0.0,0
2059800072,W,W,W,R,WWWR,ODD,Not Predicted,,0.0,0
2059800073,W,R,R,R,WRRR,ODD,Not Predicted,,0.0,0
2059800074,R,W,R,R,RWRR,ODD,Not Predicted,,0.0,0
2059800075,R,R,W,R,RRWR,ODD,Not Predicted,,0.0,0
2059800076,W,W,R,W,WWRW,ODD,Not Predicted,,0.0,0
2059800077,W,W,R,W,WWRW,ODD,Not Predicted,,0.0,0
2059800078,R,R,W,W,RRWW,EVEN,Not Predicted,,0.0,0
2059800079,R,R,R,R,RRRR,EVEN,Not Predicted,,0.0,0
2059800080,W,R,W,W,WRWW,ODD,Not Predicted,,0.0,0
2059800081,R,W,R,R,RWRR,ODD,Not Predicted,,0.0,0
2059800082,W,W,W,R,WWWR,ODD,Not Predicted,,0.0,0
2059800083,W,R,R,W,WRRW,EVEN,Not Predicted,,0.0,0
2059800084,R,R,R,W,RRRW,ODD,Not Predicted,,0.0,0
2059800085,W,R,R,W,WRRW,EVEN,Not Predicted,,0.0,0
2059800086,W,R,W,R,WRWR,EVEN,Not Predicted,,0.0,0
2059800087,R,R,W,W,RRWW,EVEN,Not Predicted,,0.0,0
2059800088,R,R,W,R,RRWR,ODD,Not Predicted,,0.0,0
2059800089,W,R,R,W,WRRW,EVEN,Not Predicted,,0.0,0
2059800090,R,W,R,W,RWRW,EVEN,Not Predicted,,0.0,0
2059800091,W,W,W,W,WWWW,EVEN,Not Predicted,,0.0,0
2059800092,W,W,R,R,WWRR,EVEN,Not Predicted,,0.0,0
2059800093,W,W,R,R,WWRR,EVEN,Not Predicted,,0.0,0
2059800094,R,R,R,R,RRRR,EVEN,Not Predicted,,0.0,0
2059800095,R,R,W,R,RRWR,ODD,Not Predicted,,0.0,0
2059800096,R,R,R,R,RRRR,EVEN,Not Predicted,,0.0,0
2059800097,R,R,W,W,RRWW,EVEN,Not Predicted,,0.0,0
2059800098,W,R,R,W,WRRW,EVEN,Not Predicted,,0.0,0
2059800099,R,W,R,R,RWRR,ODD,Not Predicted,,0.0,0
2059800100,W,W,R,W,WWRW,ODD,Not Predicted,,0.0,0
2059800101,W,R,W,W,WRWW,ODD,Not Predicted,,0.0,0
2059800102,R,W,R,R,RWRR,ODD,Not Predicted,,0.0,0
2059800103,W,W,R,W,WWRW,ODD,Not Predicted,,0.0,0
2059800104,W,R,W,R,WRWR,EVEN,Not Predicted,,0.0,0
2059800105,R,W,R,W,RWRW,EVEN,Not Predicted,,0.0,0
2059800106,W,W,R,W,WWRW,ODD,Not Predicted,,0.0,0
2059800107,R,R,R,R,RRRR,EVEN,Not Predicted,,0.0,0
2059800108,R,R,R,R,RRRR,EVEN,Not Predicted,,0.0,0
2059800109,R,R,W,R,RRWR,ODD,Not Predicted,,0.0,0
2059800110,R,W,W,W,RWWW,ODD,Not Predicted,,0.0,0
2059800111,R,R,R,W,RRRW,ODD,Not Predicted,,0.0,0
2059800112,W,R,W,R,WRWR,EVEN,Not Predicted,,0.0,0
2059800113,R,W,R,R,RWRR,ODD,Not Predicted,,0.0,0
2059800114,W,W,W,R,WWWR,ODD,Not Predicted,,0.0,0
2059800115,R,W,W,W,RWWW,ODD,Not Predicted,,0.0,0
2059800116,R,W,W,R,RWWR,EVEN,Not Predicted,,0.0,0
2059800117,W,R,W,W,WRWW,ODD,Not Predicted,,0.0,0
2059800118,R,W,R,W,RWRW,EVEN,Not Predicted,,0.0,0
2059800119,R,W,R,W,RWRW,EVEN,Not Predicted,,0.0,0
2059800120,R,W,R,W,RWRW,EVEN,Not Predicted,,0.0,0
2059800121,R,R,R,W,RRRW,ODD,Not Predicted,,0.0,0
2059800122,R,W,W,W,RWWW,ODD,Not Predicted,,0.0,0
2059800123,W,R,R,R,WRRR,ODD,Not Predicted,,0.0,0
2059800124,W,W,R,R,WWRR,EVEN,Not Predicted,,0.0,0
2059800125,R,R,W,W,RRWW,EVEN,Not Predicted,,0.0,0
2059800126,W,W,R,W,WWRW,ODD,Not Predicted,,0.0,0
2059800127,R,R,W,W,RRWW,EVEN,Not Predicted,,0.0,0
2059800128,W,R,R,R,WRRR,ODD,Not Predicted,,0.0,0
2059800129,W,R,W,W,WRWW,ODD,Not Predicted,,0.0,0
2059800130,W,W,R,R,WWRR,EVEN,Not Predicted,,0.0,0
2059800131,W,R,W,W,WRWW,ODD,Not Predicted,,0.0,0
2059800132,W,W,R,R,WWRR,EVEN,Not Predicted,,0.0,0
2059800133,R,R,W,W,RRWW,EVEN,Not Predicted,,0.0,0
2059800134,R,R,W,W,RRWW,EVEN,Not Predicted,,0.0,0
2059800135,R,W,R,W,RWRW,EVEN,Not Predicted,,0.0,0
2059800136,R,W,R,R,RWRR,ODD,Not Predicted,,0.0,0
2059800137,W,R,R,R,WRRR,ODD,Not Predicted,,0.0,0
2059800138,R,R,W,W,RRWW,EVEN,Not Predicted,,0.0,0
2059800139,R,W,W,W,RWWW,ODD,Not Predicted,,0.0,0
2059800140,R,R,R,W,RRRW,ODD,Not Predicted,,0.0,0
2059800141,R,W,R,W,RWRW,EVEN,Not Predicted,,0.0,0
2059800142,W,R,W,W,WRWW,ODD,Not Predicted,,0.0,0
2059800143,R,R,R,R,RRRR,EVEN,Not Predicted,,0.0,0
2059800144,W,W,R,W,WWRW,ODD,Not Predicted,,0.0,0
2059800145,R,W,R,R,RWRR,ODD,Not Predicted,,0.0,0
2059800146,R,W,R,W,RWRW,EVEN,Not Predicted,,0.0,0
2059800147,W,W,W,R,WWWR,ODD,Not Predicted,,0.0,0
2059800148,R,W,R,W,RWRW,EVEN,Not Predicted,,0.0,0
2059800149,W,R,W,W,WRWW,ODD,Not Predicted,,0.0,0
2059800150,R,R,R,W,RRRW,ODD,Not Predicted,,0.0,0
2059800151,W,W,R,W,WWRW,ODD,Not Predicted,,0.0,0
2059800152,W,W,W,W,WWWW,EVEN,Not Predicted,,0.0,0
2059800153,W,W,R,R,WWRR,EVEN,Not Predicted,,0.0,0
2059800154,W,W,W,W,WWWW,EVEN,Not Predicted,,0.0,0
2059800155,R,W,W,W,RWWW,ODD,Not Predicted,,0.0,0
2059800156,R,W,R,R,RWRR,ODD,Not Predicted,,0.0,0
2059800157,R,W,W,W,RWWW,ODD,Not Predicted,,0.0,0
2059800158,W,R,R,R,WRRR,ODD,Not Predicted,,0.0,0
2059800159,R,R,W,R,RRWR,ODD,Not Predicted,,0.0,0
2059800160,R,W,R,R,RWRR,ODD,Not Predicted,,0.0,0
2059800161,R,W,R,W,RWRW,EVEN,Not Predicted,,0.0,0
2059800162,R,W,W,W,RWWW,ODD,Not Predicted,,0.0,0
2059800163,R,R,R,W,RRRW,ODD,Not Predicted,,0.0,0
2059800164,W,W,R,R,WWRR,EVEN,Not Predicted,,0.0,0
2059800165,W,R,W,R,WRWR,EVEN,Not Predicted,,0.0,0
2059800166,R,R,R,W,RRRW,ODD,Not Predicted,,0.0,0
2059800167,R,R,W,R,RRWR,ODD,Not Predicted,,0.0,0
2059800168,R,R,R,R,RRRR,EVEN,Not Predicted,,0.0,0
2059800169,R,W,W,R,RWWR,EVEN,Not Predicted,,0.0,0
2059800170,R,W,W,W,RWWW,ODD,Not Predicted,,0.0,0
2059800171,W,W,R,W,WWRW,ODD,Not Predicted,,0.0,0
2059800172,R,W,R,R,RWRR,ODD,Not Predicted,,0.0,0
2059800173,W,W,W,W,WWWW,EVEN,Not Predicted,,0.0,0
2059800174,R,R,R,W,RRRW,ODD,Not Predicted,,0.0,0
2059800175,W,R,R,W,WRRW,EVEN,Not Predicted,,0.0,0
2059800176,W,R,W,W,WRWW,ODD,Not Predicted,,0.0,0
2059800177,W,W,W,W,WWWW,EVEN,Not Predicted,,0.0,0
2059800178,R,R,R,R,RRRR,EVEN,Not Predicted,,0.0,0
2059800179,W,W,R,W,WWRW,ODD,Not Predicted,,0.0,0
2059800180,R,W,R,R,RWRR,ODD,Not Predicted,,0.0,0
2059800181,R,R,R,R,RRRR,EVEN,Not Predicted,,0.0,0
2059800182,W,W,W,R,WWWR,ODD,Not Predicted,,0.0,0
2059800183,R,R,W,W,RRWW,EVEN,Not Predicted,,0.0,0
2059800184,R,R,R,W,RRRW,ODD,Not Predicted,,0.0,0
2059800185,W,R,R,R,WRRR,ODD,Not Predicted,,0.0,0
2059800186,W,R,R,R,WRRR,ODD,Not Predicted,,0.0,0
2059800187,R,W,W,W,RWWW,ODD,Not Predicted,,0.0,0
2059800188,R,W,R,R,RWRR,ODD,Not Predicted,,0.0,0
2059800189,W,R,W,W,WRWW,ODD,Not Predicted,,0.0,0
2059800190,W,R,W,W,WRWW,ODD,Not Predicted,,0.0,0
2059800191,W,R,R,W,WRRW,EVEN,Not Predicted,,0.0,0
2059800192,W,R,R,W,WRRW,EVEN,Not Predicted,,0.0,0
2059800193,W,R,R,W,WRRW,EVEN,Not Predicted,,0.0,0
2059800194,W,R,R,R,WRRR,ODD,Not Predicted,,0.0,0
2059800195,W,R,W,R,WRWR,EVEN,Not Predicted,,0.0,0
2059800196,W,R,R,W,WRRW,EVEN,Not Predicted,,0.0,0
2059800197,W,R,R,W,WRRW,EVEN,Not Predicted,,0.0,0
2059800198,R,W,R,W,RWRW,EVEN,Not Predicted,,0.0,0
2059800199,W,W,R,R,WWRR,EVEN,Not Predicted,,0.0,0
2059800200,R,W,W,W,RWWW,ODD,Not Predicted,,0.0,0
2059800201,R,R,R,W,RRRW,ODD,Not Predicted,,0.0,0
2059800202,W,R,W,W,WRWW,ODD,Not Predicted,,0.0,0
2059800203,R,W,W,R,RWWR,EVEN,Not Predicted,,0.0,0
2059800204,W,R,R,W,WRRW,EVEN,Not Predicted,,0.0,0
2059800205,R,W,W,W,RWWW,ODD,Not Predicted,,0.0,0
2059800206,R,R,R,W,RRRW,ODD,Not Predicted,,0.0,0
2059800207,W,R,W,W,WRWW,ODD,Not Predicted,,0.0,0
2059800208,R,R,W,R,RRWR,ODD,Not Predicted,,0.0,0
2059800209,R,W,R,R,RWRR,ODD,Not Predicted,,0.0,0
2059800210,W,W,R,W,WWRW,ODD,Not Predicted,,0.0,0
2059800211,W,R,W,R,WRWR,EVEN,Not Predicted,,0.0,0
2059800212,W,W,W,R,WWWR,ODD,Not Predicted,,0.0,0
2059800213,R,W,W,R,RWWR,EVEN,Not Predicted,,0.0,0
2059800214,W,R,R,W,WRRW,EVEN,Not Predicted,,0.0,0
2059800215,W,W,W,R,WWWR,ODD,Not Predicted,,0.0,0
2059800216,R,W,R,R,RWRR,ODD,Not Predicted,,0.0,0
2059800217,W,R,W,R,WRWR,EVEN,Not Predicted,,0.0,0
2059800218,R,W,W,R,RWWR,EVEN,Not Predicted,,0.0,0
2059800219,R,W,R,W,RWRW,EVEN,Not Predicted,,0.0,0
2059800220,R,R,W,W,RRWW,EVEN,Not Predicted,,0.0,0
2059800221,W,W,W,R,WWWR,ODD,Not Predicted,,0.0,0
2059800222,R,R,R,R,RRRR,EVEN,Not Predicted,,0.0,0
2059800223,R,R,W,R,RRWR,ODD,Not Predicted,,0.0,0
2059800224,R,W,W,W,RWWW,ODD,Not Predicted,,0.0,0
2059800225,R,W,R,R,RWRR,ODD,Not Predicted,,0.0,0
2059800226,W,R,R,W,WRRW,EVEN,Not Predicted,,0.0,0
2059800227,R,W,W,W,RWWW,ODD,Not Predicted,,0.0,0
2059800228,R,W,R,R,RWRR,ODD,Not Predicted,,0.0,0
2059800229,W,R,W,R,WRWR,EVEN,Not Predicted,,0.0,0
2059800230,R,W,W,W,RWWW,ODD,Not Predicted,,0.0,0
2059800231,W,W,W,R,WWWR,ODD,Not Predicted,,0.0,0
2059800232,R,R,W,R,RRWR,ODD,Not Predicted,,0.0,0
2059800233,W,W,W,W,WWWW,EVEN,Not Predicted,,0.0,0
2059800234,R,R,R,W,RRRW,ODD,Not Predicted,,0.0,0
2059800235,W,R,R,W,WRRW,EVEN,Not Predicted,,0.0,0
2059800236,W,W,W,W,WWWW,EVEN,Not Predicted,,0.0,0
2059800237,R,R,R,W,RRRW,ODD,Not Predicted,,0.0,0
2059800238,R,R,R,W,RRRW,ODD,Not Predicted,,0.0,0
2059800239,R,R,W,R,RRWR,ODD,Not Predicted,,0.0,0
2059800240,W,R,W,R,WRWR,EVEN,Not Predicted,,0.0,0
2059800241,R,R,W,R,RRWR,ODD,Not Predicted,,0.0,0
2059800242,W,W,R,R,WWRR,EVEN,Not Predicted,,0.0,0
2059800243,R,W,W,R,RWWR,EVEN,Not Predicted,,0.0,0
2059800244,W,W,R,R,WWRR,EVEN,Not Predicted,,0.0,0
2059800245,R,W,R,R,RWRR,ODD,Not Predicted,,0.0,0
2059800246,R,W,R,W,RWRW,EVEN,Not Predicted,,0.0,0
2059800247,R,R,W,R,RRWR,ODD,Not Predicted,,0.0,0
2059800248,W,R,W,R,WRWR,EVEN,Not Predicted,,0.0,0
2059800249,R,R,W,R,RRWR,ODD,Not Predicted,,0.0,0
2059800250,W,W,R,W,WWRW,ODD,Not Predicted,,0.0,0
2059800251,W,W,W,W,WWWW,EVEN,Not Predicted,,0.0,0
2059800252,W,W,R,R,WWRR,EVEN,Not Predicted,,0.0,0
2059800253,R,W,W,R,RWWR,EVEN,Not Predicted,,0.0,0
2059800254,R,W,W,W,RWWW,ODD,Not Predicted,,0.0,0
2059800255,R,R,W,W,RRWW,EVEN,Not Predicted,,0.0,0
2059800256,R,R,R,W,RRRW,ODD,Not Predicted,,0.0,0
2059800257,W,W,W,W,WWWW,EVEN,Not Predicted,,0.0,0
2059800258,W,R,W,R,WRWR,EVEN,Not Predicted,,0.0,0
2059800259,R,W,R,R,RWRR,ODD,Not Predicted,,0.0,0
2059800260,W,R,W,R,WRWR,EVEN,Not Predicted,,0.0,0
2059800261,W,R,W,R,WRWR,EVEN,Not Predicted,,0.0,0
2059800262,R,W,W,W,RWWW,ODD,Not Predicted,,0.0,0
2059800263,W,R,R,R,WRRR,ODD,Not Predicted,,0.0,0
2059800264,W,R,W,R,WRWR,EVEN,Not Predicted,,0.0,0
2059800265,W,W,R,W,WWRW,ODD,Not Predicted,,0.0,0
2059800266,W,W,W,W,WWWW,EVEN,Not Predicted,,0.0,0
2059800267,W,W,W,R,WWWR,ODD,Not Predicted,,0.0,0
2059800268,R,R,W,W,RRWW,EVEN,Not Predicted,,0.0,0
2059800269,R,R,R,R,RRRR,EVEN,Not Predicted,,0.0,0
2059800270,R,W,W,R,RWWR,EVEN,Not Predicted,,0.0,0
2059800271,R,W,W,W,RWWW,ODD,Not Predicted,,0.0,0
2059800272,R,W,W,R,RWWR,EVEN,Not Predicted,,0.0,0
2059800273,W,R,W,R,WRWR,EVEN,Not Predicted,,0.0,0
2059800274,R,R,R,R,RRRR,EVEN,Not Predicted,,0.0,0
2059800275,W,W,R,W,WWRW,ODD,Not Predicted,,0.0,0
2059800276,R,W,R,W,RWRW,EVEN,Not Predicted,,0.0,0
2059800277,W,W,R,R,WWRR,EVEN,Not Predicted,,0.0,0
2059800278,W,R,R,W,WRRW,EVEN,Not Predicted,,0.0,0
2059800279,W,R,R,W,WRRW,EVEN,Not Predicted,,0.0,0
2059800280,W,R,W,R,WRWR,EVEN,Not Predicted,,0.0,0
2059800281,R,R,R,W,RRRW,ODD,Not Predicted,,0.0,0
2059800282,W,W,W,W,WWWW,EVEN,Not Predicted,,0.0,0
2059800283,W,W,R,R,WWRR,EVEN,Not Predicted,,0.0,0
2059800284,W,R,R,W,WRRW,EVEN,Not Predicted,,0.0,0
2059800285,W,R,W,W,WRWW,ODD,Not Predicted,,0.0,0
2059800286,W,R,R,W,WRRW,EVEN,Not Predicted,,0.0,0
2059800287,R,R,W,R,RRWR,ODD,Not Predicted,,0.0,0
2059800288,W,W,W,W,WWWW,EVEN,Not Predicted,,0.0,0
2059800289,W,W,R,W,WWRW,ODD,Not Predicted,,0.0,0
2059800290,R,W,R,W,RWRW,EVEN,Not Predicted,,0.0,0
2059800291,W,R,R,R,WRRR,ODD,Not Predicted,,0.0,0
2059800292,W,W,W,R,WWWR,ODD,Not Predicted,,0.0,0
2059800293,R,W,W,W,RWWW,ODD,Not Predicted,,0.0,0
2059800294,R,W,R,W,RWRW,EVEN,Not Predicted,,0.0,0
2059800295,W,W,R,W,WWRW,ODD,Not Predicted,,0.0,0
2059800296,W,W,W,R,WWWR,ODD,Not Predicted,,0.0,0
2059800297,W,R,R,R,WRRR,ODD,Not Predicted,,0.0,0
2059800298,W,W,R,R,WWRR,EVEN,Not Predicted,,0.0,0
2059800299,R,W,W,R,RWWR,EVEN,Not Predicted,,0.0,0
2059800300,R,W,W,W,RWWW,ODD,Not Predicted,,0.0,0
2059800301,R,W,R,R,RWRR,ODD,Not Predicted,,0.0,0
2059800302,R,W,W,W,RWWW,ODD,Not Predicted,,0.0,0
2059800303,W,R,W,W,WRWW,ODD,Not Predicted,,0.0,0
2059800304,R,W,R,R,RWRR,ODD,Not Predicted,,0.0,0
2059800305,R,W,R,W,RWRW,EVEN,Not Predicted,,0.0,0
2059800306,R,R,W,W,RRWW,EVEN,Not Predicted,,0.0,0
2059800307,W,W,W,W,WWWW,EVEN,Not Predicted,,0.0,0
2059800308,W,W,W,R,WWWR,ODD,Not Predicted,,0.0,0
2059800309,W,R,R,R,WRRR,ODD,Not Predicted,,0.0,0
2059800310,W,W,W,W,WWWW,EVEN,Not Predicted,,0.0,0
2059800311,R,W,R,R,RWRR,ODD,Not Predicted,,0.0,0
2059800312,R,W,R,R,RWRR,ODD,Not Predicted,,0.0,0
2059800313,R,W,R,R,RWRR,ODD,Not Predicted,,0.0,0
2059800314,W,R,R,R,WRRR,ODD,Not Predicted,,0.0,0
2059800315,R,R,W,W,RRWW,EVEN,Not Predicted,,0.0,0
2059800316,W,R,R,R,WRRR,ODD,Not Predicted,,0.0,0
2059800317,W,W,W,W,WWWW,EVEN,Not Predicted,,0.0,0
2059800318,W,R,R,W,WRRW,EVEN,Not Predicted,,0.0,0
2059800319,R,R,W,W,RRWW,EVEN,Not Predicted,,0.0,0
2059800320,W,R,W,W,WRWW,ODD,Not Predicted,,0.0,0
2059800321,W,R,R,W,WRRW,EVEN,Not Predicted,,0.0,0
2059800322,R,R,W,W,RRWW,EVEN,Not Predicted,,0.0,0
2059800323,R,R,R,R,RRRR,EVEN,Not Predicted,,0.0,0
2059800324,W,W,W,R,WWWR,ODD,Not Predicted,,0.0,0
2059800325,W,R,W,W,WRWW,ODD,Not Predicted,,0.0,0
2059800326,W,W,R,R,WWRR,EVEN,Not Predicted,,0.0,0
2059800327,R,W,W,R,RWWR,EVEN,Not Predicted,,0.0,0
2059800328,W,W,W,R,WWWR,ODD,Not Predicted,,0.0,0
2059800329,R,R,W,R,RRWR,ODD,Not Predicted,,0.0,0
2059800330,R,W,R,R,RWRR,ODD,Not Predicted,,0.0,0
2059800331,W,W,W,R,WWWR,ODD,Not Predicted,,0.0,0
2059800332,W,R,W,W,WRWW,ODD,Not Predicted,,0.0,0
2059800333,R,R,R,R,RRRR,EVEN,Not Predicted,,0.0,0
2059800334,W,R,W,W,WRWW,ODD,Not Predicted,,0.0,0
2059800335,R,R,R,W,RRRW,ODD,Not Predicted,,0.0,0
2059800336,W,R,R,R,WRRR,ODD,Not Predicted,,0.0,0
2059800337,R,R,R,R,RRRR,EVEN,Not Predicted,,0.0,0
2059800338,R,R,R,W,RRRW,ODD,Not Predicted,,0.0,0
2059800339,R,R,R,R,RRRR,EVEN,Not Predicted,,0.0,0
2059800340,W,R,R,R,WRRR,ODD,Not Predicted,,0.0,0
2059800341,W,R,W,R,WRWR,EVEN,Not Predicted,,0.0,0
2059800342,R,W,R,W,RWRW,EVEN,Not Predicted,,0.0,0
2059800343,W,W,R,R,WWRR,EVEN,Not Predicted,,0.0,0
2059800344,R,W,W,R,RWWR,EVEN,Not Predicted,,0.0,0
2059800345,W,W,R,W,WWRW,ODD,Not Predicted,,0.0,0
2059800346,R,R,W,R,RRWR,ODD,Not Predicted,,0.0,0
2059800347,R,W,W,R,RWWR,EVEN,Not Predicted,,0.0,0
2059800348,R,W,W,W,RWWW,ODD,Not Predicted,,0.0,0
2059800349,W,W,W,R,WWWR,ODD,Not Predicted,,0.0,0
2059800350,R,R,R,W,RRRW,ODD,Not Predicted,,0.0,0
2059800351,W,R,W,W,WRWW,ODD,Not Predicted,,0.0,0
2059800352,R,W,W,R,RWWR,EVEN,Not Predicted,,0.0,0
2059800353,W,W,W,R,WWWR,ODD,Not Predicted,,0.0,0
2059800354,R,W,R,W,RWRW,EVEN,Not Predicted,,0.0,0
2059800355,R,R,R,R,RRRR,EVEN,Not Predicted,,0.0,0
2059800356,W,R,R,W,WRRW,EVEN,Not Predicted,,0.0,0
2059800357,R,W,R,W,RWRW,EVEN,Not Predicted,,0.0,0
2059800358,R,R,R,R,RRRR,EVEN,Not Predicted,,0.0,0
2059800359,W,R,R,R,WRRR,ODD,Not Predicted,,0.0,0
2059800360,W,W,R,R,WWRR,EVEN,Not Predicted,,0.0,0
2059800361,R,R,R,W,RRRW,ODD,Not Predicted,,0.0,0
2059800362,W,R,R,W,WRRW,EVEN,Not Predicted,,0.0,0
2059800363,W,W,R,R,WWRR,EVEN,Not Predicted,,0.0,0
2059800364,R,W,R,R,RWRR,ODD,Not Predicted,,0.0,0
2059800365,R,W,W,W,RWWW,ODD,Not Predicted,,0.0,0
2059800366,W,R,W,R,WRWR,EVEN,Not Predicted,,0.0,0
2059800367,W,W,R,R,WWRR,EVEN,Not Predicted,,0.0,0
2059800368,R,R,R,W,RRRW,ODD,Not Predicted,,0.0,0
2059800369,W,R,R,R,WRRR,ODD,Not Predicted,,0.0,0
2059800370,R,R,W,R,RRWR,ODD,Not Predicted,,0.0,0
2059800371,W,R,W,R,WRWR,EVEN,Not Predicted,,0.0,0
2059800372,W,R,W,R,WRWR,EVEN,Not Predicted,,0.0,0
2059800373,W,R,R,W,WRRW,EVEN,Not Predicted,,0.0,0
2059800374,W,W,W,W,WWWW,EVEN,Not Predicted,,0.0,0
2059800375,W,R,R,R,WRRR,ODD,Not Predicted,,0.0,0
2059800376,W,W,W,R,WWWR,ODD,Not Predicted,,0.0,0
2059800377,W,R,R,W,WRRW,EVEN,Not Predicted,,0.0,0
2059800378,R,R,W,R,RRWR,ODD,Not Predicted,,0.0,0
2059800379,W,W,W,W,WWWW,EVEN,Not Predicted,,0.0,0
2059800380,W,R,W,R,WRWR,EVEN,Not Predicted,,0.0,0
2059800381,R,W,W,R,RWWR,EVEN,Not Predicted,,0.0,0
2059800382,W,W,W,W,WWWW,EVEN,Not Predicted,,0.0,0
2059800383,R,R,W,R,RRWR,ODD,Not Predicted,,0.0,0
2059800384,W,W,W,R,WWWR,ODD,Not Predicted,,0.0,0
2059800385,R,R,W,W,RRWW,EVEN,Not Predicted,,0.0,0
2059800386,R,R,R,R,RRRR,EVEN,Not Predicted,,0.0,0
2059800387,W,R,R,R,WRRR,ODD,Not Predicted,,0.0,0
2059800388,R,R,W,R,RRWR,ODD,Not Predicted,,0.0,0
2059800389,R,R,W,W,RRWW,EVEN,Not Predicted,,0.0,0
2059800390,W,R,W,W,WRWW,ODD,Not Predicted,,0.0,0
2059800391,W,R,R,R,WRRR,ODD,Not Predicted,,0.0,0
2059800392,R,R,R,R,RRRR,EVEN,Not Predicted,,0.0,0
2059800393,R,R,W,W,RRWW,EVEN,Not Predicted,,0.0,0
2059800394,W,W,R,W,WWRW,ODD,Not Predicted,,0.0,0
2059800395,R,W,R,W,RWRW,EVEN,Not Predicted,,0.0,0
2059800396,W,W,R,R,WWRR,EVEN,Not Predicted,,0.0,0
2059800397,R,W,R,W,RWRW,EVEN,Not Predicted,,0.0,0
2059800398,R,W,W,R,RWWR,EVEN,Not Predicted,,0.0,0
2059800399,W,R,W,R,WRWR,EVEN,Not Predicted,,0.0,0
2059800400,R,R,W,R,RRWR,ODD,Not Predicted,,0.0,0
2059800401,R,R,R,W,RRRW,ODD,Not Predicted,,0.0,0
2059800402,R,W,W,R,RWWR,EVEN,Not Predicted,,0.0,0
2059800403,W,R,R,W,WRRW,EVEN,Not Predicted,,0.0,0
2059800404,W,W,R,W,WWRW,ODD,Not Predicted,,0.0,0
2059800405,W,W,R,R,WWRR,EVEN,Not Predicted,,0.0,0
2059800406,R,R,R,W,RRRW,ODD,Not Predicted,,0.0,0
2059800407,W,R,W,W,WRWW,ODD,Not Predicted,,0.0,0
2059800408,R,W,W,R,RWWR,EVEN,Not Predicted,,0.0,0
2059800409,W,W,W,W,WWWW,EVEN,Not Predicted,,0.0,0
2059800410,R,W,R,W,RWRW,EVEN,Not Predicted,,0.0,0
2059800411,R,R,R,R,RRRR,EVEN,Not Predicted,,0.0,0
2059800412,R,W,R,R,RWRR,ODD,Not Predicted,,0.0,0
2059800413,R,R,W,R,RRWR,ODD,Not Predicted,,0.0,0
2059800414,R,R,R,W,RRRW,ODD,Not Predicted,,0.0,0
2059800415,R,W,W,R,RWWR,EVEN,Not Predicted,,0.0,0
2059800416,R,W,W,R,RWWR,EVEN,Not Predicted,,0.0,0
2059800417,R,R,W,R,RRWR,ODD,Not Predicted,,0.0,0
2059800418,W,W,W,R,WWWR,ODD,Not Predicted,,0.0,0
2059800419,W,W,R,W,WWRW,ODD,Not Predicted,,0.0,0
2059800420,W,W,W,W,WWWW,EVEN,Not Predicted,,0.0,0
2059800421,R,R,W,W,RRWW,EVEN,Not Predicted,,0.0,0
2059800422,W,W,W,R,WWWR,ODD,Not Predicted,,0.0,0
2059800423,R,W,W,R,RWWR,EVEN,Not Predicted,,0.0,0
2059800424,W,R,W,R,WRWR,EVEN,Not Predicted,,0.0,0
2059800425,W,R,R,W,WRRW,EVEN,Not Predicted,,0.0,0
2059800426,R,W,R,R,RWRR,ODD,Not Predicted,,0.0,0
2059800427,R,R,R,R,RRRR,EVEN,Not Predicted,,0.0,0
2059800428,W,R,W,W,WRWW,ODD,Not Predicted,,0.0,0
2059800429,W,W,R,R,WWRR,EVEN,Not Predicted,,0.0,0
2059800430,W,R,R,W,WRRW,EVEN,Not Predicted,,0.0,0
2059800431,W,W,R,W,WWRW,ODD,Not Predicted,,0.0,0
2059800432,R,W,W,W,RWWW,ODD,Not Predicted,,0.0,0
2059800433,R,R,R,R,RRRR,EVEN,Not Predicted,,0.0,0
2059800434,W,R,W,W,WRWW,ODD,Not Predicted,,0.0,0
2059800435,W,W,W,R,WWWR,ODD,Not Predicted,,0.0,0
2059800436,R,R,W,W,RRWW,EVEN,Not Predicted,,0.0,0
2059800437,W,W,W,R,WWWR,ODD,Not Predicted,,0.0,0
2059800438,W,W,R,W,WWRW,ODD,Not Predicted,,0.0,0
2059800439,W,R,W,W,WRWW,ODD,Not Predicted,,0.0,0
2059800440,R,W,W,R,RWWR,EVEN,Not Predicted,,0.0,0
2059800441,R,R,W,R,RRWR,ODD,Not Predicted,,0.0,0
2059800442,W,R,W,R,WRWR,EVEN,Not Predicted,,0.0,0
2059800443,R,R,W,R,RRWR,ODD,Not Predicted,,0.0,0
2059800444,R,W,W,R,RWWR,EVEN,Not Predicted,,0.0,0
2059800445,R,W,W,R,RWWR,EVEN,Not Predicted,,0.0,0
2059800446,W,R,W,R,WRWR,EVEN,Not Predicted,,0.0,0
2059800447,W,R,R,W,WRRW,EVEN,Not Predicted,,0.0,0
2059800448,R,W,R,R,RWRR,ODD,Not Predicted,,0.0,0
2059800449,W,W,W,W,WWWW,EVEN,Not Predicted,,0.0,0
2059800450,R,W,W,R,RWWR,EVEN,Not Predicted,,0.0,0
2059800451,R,R,R,W,RRRW,ODD,Not Predicted,,0.0,0
2059800452,W,R,W,R,WRWR,EVEN,Not Predicted,,0.0,0
2059800453,W,W,R,W,WWRW,ODD,Not Predicted,,0.0,0
2059800454,R,W,W,W,RWWW,ODD,Not Predicted,,0.0,0
2059800455,R,W,W,R,RWWR,EVEN,Not Predicted,,0.0,0
2059800456,R,W,R,W,RWRW,EVEN,Not Predicted,,0.0,0
2059800457,W,W,W,W,WWWW,EVEN,Not Predicted,,0.0,0
2059800458,R,R,R,W,RRRW,ODD,Not Predicted,,0.0,0
2059800459,R,W,R,W,RWRW,EVEN,Not Predicted,,0.0,0
2059800460,W,W,R,R,WWRR,EVEN,Not Predicted,,0.0,0
2059800461,R,W,W,W,RWWW,ODD,Not Predicted,,0.0,0
2059800462,R,W,R,R,RWRR,ODD,Not Predicted,,0.0,0
2059800463,R,W,W,R,RWWR,EVEN,Not Predicted,,0.0,0
2059800464,W,R,W,R,WRWR,EVEN,Not Predicted,,0.0,0
2059800465,R,R,R,R,RRRR,EVEN,Not Predicted,,0.0,0
2059800466,R,W,R,R,RWRR,ODD,Not Predicted,,0.0,0
2059800467,W,W,R,R,WWRR,EVEN,Not Predicted,,0.0,0
2059800468,R,W,W,R,RWWR,EVEN,Not Predicted,,0.0,0
2059800469,R,W,R,W,RWRW,EVEN,Not Predicted,,0.0,0
2059800470,R,R,R,W,RRRW,ODD,Not Predicted,,0.0,0
2059800471,R,W,W,W,RWWW,ODD,Not Predicted,,0.0,0
2059800472,R,W,R,R,RWRR,ODD,Not Predicted,,0.0,0
2059800473,R,W,R,R,RWRR,ODD,Not Predicted,,0.0,0
2059800474,W,R,R,W,WRRW,EVEN,Not Predicted,,0.0,0
2059800475,W,R,W,R,WRWR,EVEN,Not Predicted,,0.0,0
2059800476,W,R,R,R,WRRR,ODD,Not Predicted,,0.0,0
2059800477,R,R,W,R,RRWR,ODD,Not Predicted,,0.0,0
2059800478,W,R,W,W,WRWW,ODD,Not Predicted,,0.0,0
2059800479,W,W,R,R,WWRR,EVEN,Not Predicted,,0.0,0
2059800480,R,W,W,W,RWWW,ODD,Not Predicted,,0.0,0
2059900001,R,W,R,R,RWRR,ODD,Not Predicted,,0.0,0
2059900002,W,R,W,R,WRWR,EVEN,Not Predicted,,0.0,0
2059900003,R,R,R,R,RRRR,EVEN,Not Predicted,,0.0,0
2059900004,W,W,W,W,WWWW,EVEN,Not Predicted,,0.0,0
2059900005,W,W,R,W,WWRW,ODD,Not Predicted,,0.0,0
2059900006,R,R,W,R,RRWR,ODD,Not Predicted,,0.0,0
2059900007,R,W,R,W,RWRW,EVEN,Not Predicted,,0.0,0
2059900008,W,W,W,R,WWWR,ODD,Not Predicted,,0.0,0
2059900009,R,W,R,R,RWRR,ODD,Not Predicted,,0.0,0
2059900010,R,W,R,W,RWRW,EVEN,Not Predicted,,0.0,0
2059900011,R,R,R,R,RRRR,EVEN,Not Predicted,,0.0,0
2059900012,R,R,R,W,RRRW,ODD,Not Predicted,,0.0,0
2059900013,W,W,R,W,WWRW,ODD,Not Predicted,,0.0,0
2059900014,W,W,R,R,WWRR,EVEN,Not Predicted,,0.0,0
2059900015,R,W,W,R,RWWR,EVEN,Not Predicted,,0.0,0
2059900016,R,R,R,R,RRRR,EVEN,Not Predicted,,0.0,0
2059900017,R,R,W,W,RRWW,EVEN,Not Predicted,,0.0,0
2059900018,R,W,R,W,RWRW,EVEN,Not Predicted,,0.0,0
2059900019,W,R,W,R,WRWR,EVEN,Not Predicted,,0.0,0
2059900020,W,W,R,R,WWRR,EVEN,Not Predicted,,0.0,0
2059900021,W,W,R,R,WWRR,EVEN,Not Predicted,,0.0,0
2059900022,R,R,R,R,RRRR,EVEN,Not Predicted,,0.0,0
2059900023,R,R,W,W,RRWW,EVEN,Not Predicted,,0.0,0
2059900024,R,W,R,W,RWRW,EVEN,Not Predicted,,0.0,0
2059900025,W,R,W,R,WRWR,EVEN,Not Predicted,,0.0,0
2059900026,R,R,W,R,RRWR,ODD,Not Predicted,,0.0,0
2059900027,W,W,W,R,WWWR,ODD,Not Predicted,,0.0,0
2059900028,W,W,R,R,WWRR,EVEN,Not Predicted,,0.0,0
2059900029,R,W,R,W,RWRW,EVEN,Not Predicted,,0.0,0
2059900030,W,R,R,R,WRRR,ODD,Not Predicted,,0.0,0
2059900031,W,W,W,W,WWWW,EVEN,Not Predicted,,0.0,0
2059900032,R,R,W,R,RRWR,ODD,Not Predicted,,0.0,0
2059900033,R,R,R,W,RRRW,ODD,Not Predicted,,0.0,0
2059900034,W,W,W,R,WWWR,ODD,Not Predicted,,0.0,0
2059900035,R,R,R,W,RRRW,ODD,Not Predicted,,0.0,0
2059900036,R,R,W,R,RRWR,ODD,Not Predicted,,0.0,0
2059900037,R,R,W,R,RRWR,ODD,Not Predicted,,0.0,0
2059900038,R,W,W,W,RWWW,ODD,Not Predicted,,0.0,0
2059900039,W,W,R,W,WWRW,ODD,Not Predicted,,0.0,0
2059900040,R,W,W,R,RWWR,EVEN,Not Predicted,,0.0,0
2059900041,W,W,W,W,WWWW,EVEN,Not Predicted,,0.0,0
2059900042,W,W,W,R,WWWR,ODD,Not Predicted,,0.0,0
2059900043,R,W,R,R,RWRR,ODD,Not Predicted,,0.0,0
2059900044,W,R,R,R,WRRR,ODD,Not Predicted,,0.0,0
2059900045,W,R,R,W,WRRW,EVEN,Not Predicted,,0.0,0
2059900046,R,R,W,W,RRWW,EVEN,Not Predicted,,0.0,0
2059900047,W,R,R,R,WRRR,ODD,Not Predicted,,0.0,0
2059900048,R,W,W,R,RWWR,EVEN,Not Predicted,,0.0,0
2059900049,R,R,R,R,RRRR,EVEN,Not Predicted,,0.0,0
2059900050,W,W,W,R,WWWR,ODD,Not Predicted,,0.0,0
2059900051,R,R,R,R,RRRR,EVEN,Not Predicted,,0.0,0
2059900052,R,R,W,R,RRWR,ODD,Not Predicted,,0.0,0
2059900053,W,R,R,W,WRRW,EVEN,Not Predicted,,0.0,0
2059900054,W,R,R,W,WRRW,EVEN,Not Predicted,,0.0,0
2059900055,R,R,R,R,RRRR,EVEN,Not Predicted,,0.0,0
2059900056,R,R,R,W,RRRW,ODD,Not Predicted,,0.0,0
2059900057,W,R,R,R,WRRR,ODD,Not Predicted,,0.0,0
2059900058,W,R,W,R,WRWR,EVEN,Not Predicted,,0.0,0
2059900059,W,W,R,R,WWRR,EVEN,Not Predicted,,0.0,0
2059900060,W,W,R,W,WWRW,ODD,Not Predicted,,0.0,0
2059900061,R,R,R,R,RRRR,EVEN,Not Predicted,,0.0,0
2059900062,W,W,R,W,WWRW,ODD,Not Predicted,,0.0,0
2059900063,W,W,R,W,WWRW,ODD,Not Predicted,,0.0,0
2059900064,W,R,W,W,WRWW,ODD,Not Predicted,,0.0,0
2059900065,R,W,W,R,RWWR,EVEN,Not Predicted,,0.0,0
2059900066,W,R,W,W,WRWW,ODD,Not Predicted,,0.0,0
2059900067,W,W,R,R,WWRR,EVEN,Not Predicted,,0.0,0
2059900068,R,W,R,R,RWRR,ODD,Not Predicted,,0.0,0
2059900069,W,R,R,R,WRRR,ODD,Not Predicted,,0.0,0
2059900070,R,W,R,R,RWRR,ODD,Not Predicted,,0.0,0
2059900071,R,W,R,R,RWRR,ODD,Not Predicted,,0.0,0
2059900072,W,R,R,W,WRRW,EVEN,Not Predicted,,0.0,0
2059900073,W,R,R,R,WRRR,ODD,Not Predicted,,0.0,0
2059900074,R,R,R,W,RRRW,ODD,Not Predicted,,0.0,0
2059900075,R,R,W,R,RRWR,ODD,Not Predicted,,0.0,0
2059900076,W,R,W,R,WRWR,EVEN,Not Predicted,,0.0,0
2059900077,R,R,W,R,RRWR,ODD,Not Predicted,,0.0,0
2059900078,W,R,W,W,WRWW,ODD,Not Predicted,,0.0,0
2059900079,R,R,R,R,RRRR,EVEN,Not Predicted,,0.0,0
2059900080,W,W,R,W,WWRW,ODD,Not Predicted,,0.0,0
2059900081,W,W,R,R,WWRR,EVEN,Not Predicted,,0.0,0
2059900082,R,R,W,W,RRWW,EVEN,Not Predicted,,0.0,0
2059900083,R,W,W,R,RWWR,EVEN,Not Predicted,,0.0,0
2059900084,W,R,W,R,WRWR,EVEN,Not Predicted,,0.0,0
2059900085,W,W,R,W,WWRW,ODD,Not Predicted,,0.0,0
2059900086,W,W,W,W,WWWW,EVEN,Not Predicted,,0.0,0
2059900087,R,W,W,R,RWWR,EVEN,Not Predicted,,0.0,0
2059900088,R,R,R,W,RRRW,ODD,Not Predicted,,0.0,0
2059900089,R,R,W,W,RRWW,EVEN,Not Predicted,,0.0,0
2059900090,R,R,W,R,RRWR,ODD,Not Predicted,,0.0,0
2059900091,W,R,W,R,WRWR,EVEN,Not Predicted,,0.0,0
2059900092,W,R,R,W,WRRW,EVEN,Not Predicted,,0.0,0
2059900093,W,R,R,W,WRRW,EVEN,Not Predicted,,0.0,0
2059900094,R,R,R,R,RRRR,EVEN,Not Predicted,,0.0,0
2059900095,R,W,R,R,RWRR,ODD,Not Predicted,,0.0,0
2059900096,W,R,W,R,WRWR,EVEN,Not Predicted,,0.0,0
2059900097,W,W,W,W,WWWW,EVEN,Not Predicted,,0.0,0
2059900098,W,R,R,R,WRRR,ODD,Not Predicted,,0.0,0
2059900099,W,W,R,W,WWRW,ODD,Not Predicted,,0.0,0
2059900100,W,R,R,R,WRRR,ODD,Not Predicted,,0.0,0
2059900101,R,R,W,R,RRWR,ODD,Not Predicted,,0.0,0
2059900102,R,R,W,R,RRWR,ODD,Not Predicted,,0.0,0
2059900103,R,R,R,R,RRRR,EVEN,Not Predicted,,0.0,0
2059900104,W,W,W,W,WWWW,EVEN,Not Predicted,,0.0,0
2059900105,R,W,R,R,RWRR,ODD,Not Predicted,,0.0,0
2059900106,W,W,W,R,WWWR,ODD,Not Predicted,,0.0,0
2059900107,W,W,R,W,WWRW,ODD,Not Predicted,,0.0,0
2059900108,R,W,R,W,RWRW,EVEN,Not Predicted,,0.0,0
2059900109,W,W,W,R,WWWR,ODD,Not Predicted,,0.0,0
2059900110,R,R,W,R,RRWR,ODD,Not Predicted,,0.0,0
2059900111,R,R,W,W,RRWW,EVEN,Not Predicted,,0.0,0
2059900112,R,R,R,R,RRRR,EVEN,Not Predicted,,0.0,0
2059900113,R,R,R,R,RRRR,EVEN,Not Predicted,,0.0,0
2059900114,R,R,R,R,RRRR,EVEN,Not Predicted,,0.0,0
2059900115,R,R,R,R,RRRR,EVEN,Not Predicted,,0.0,0
2059900116,W,W,R,R,WWRR,EVEN,Not Predicted,,0.0,0
2059900117,R,W,W,W,RWWW,ODD,Not Predicted,,0.0,0
2059900118,W,R,W,R,WRWR,EVEN,Not Predicted,,0.0,0
2059900119,W,W,W,W,WWWW,EVEN,Not Predicted,,0.0,0
2059900120,W,R,W,W,WRWW,ODD,Not Predicted,,0.0,0
2059900121,W,W,R,R,WWRR,EVEN,Not Predicted,,0.0,0
2059900122,W,W,W,W,WWWW,EVEN,Not Predicted,,0.0,0
2059900123,W,R,W,W,WRWW,ODD,Not Predicted,,0.0,0
2059900124,W,W,R,W,WWRW,ODD,Not Predicted,,0.0,0
2059900125,R,R,W,R,RRWR,ODD,Not Predicted,,0.0,0
2059900126,R,R,W,W,RRWW,EVEN,Not Predicted,,0.0,0
2059900127,R,R,W,R,RRWR,ODD,Not Predicted,,0.0,0
2059900128,R,R,R,W,RRRW,ODD,Not Predicted,,0.0,0
2059900129,R,R,W,W,RRWW,EVEN,Not Predicted,,0.0,0
2059900130,W,R,W,R,WRWR,EVEN,Not Predicted,,0.0,0
2059900131,R,R,W,R,RRWR,ODD,Not Predicted,,0.0,0
2059900132,R,W,W,W,RWWW,ODD,Not Predicted,,0.0,0
2059900133,W,W,R,R,WWRR,EVEN,Not Predicted,,0.0,0
2059900134,R,R,W,R,RRWR,ODD,Not Predicted,,0.0,0
2059900135,R,W,W,R,RWWR,EVEN,Not Predicted,,0.0,0
2059900136,W,W,R,W,WWRW,ODD,Not Predicted,,0.0,0
2059900137,W,W,R,W,WWRW,ODD,Not Predicted,,0.0,0
2059900138,W,W,W,R,WWWR,ODD,Not Predicted,,0.0,0
2059900139,R,R,W,R,RRWR,ODD,Not Predicted,,0.0,0
2059900140,R,R,R,R,RRRR,EVEN,Not Predicted,,0.0,0
2059900141,W,R,R,R,WRRR,ODD,Not Predicted,,0.0,0
2059900142,W,W,R,R,WWRR,EVEN,Not Predicted,,0.0,0
2059900143,R,W,R,W,RWRW,EVEN,Not Predicted,,0.0,0
2059900144,W,R,W,R,WRWR,EVEN,Not Predicted,,0.0,0
2059900145,W,R,R,W,WRRW,EVEN,Not Predicted,,0.0,0
2059900146,R,R,R,R,RRRR,EVEN,Not Predicted,,0.0,0
2059900147,W,R,R,R,WRRR,ODD,Not Predicted,,0.0,0
2059900148,R,W,R,W,RWRW,EVEN,Not Predicted,,0.0,0
2059900149,W,R,W,W,WRWW,ODD,Not Predicted,,0.0,0
2059900150,W,W,R,W,WWRW,ODD,Not Predicted,,0.0,0
2059900151,W,W,W,W,WWWW,EVEN,Not Predicted,,0.0,0
2059900152,W,W,R,W,WWRW,ODD,Not Predicted,,0.0,0
2059900153,R,W,W,W,RWWW,ODD,Not Predicted,,0.0,0
2059900154,W,R,W,W,WRWW,ODD,Not Predicted,,0.0,0
2059900155,R,R,W,W,RRWW,EVEN,Not Predicted,,0.0,0
2059900156,W,R,W,W,WRWW,ODD,Not Predicted,,0.0,0
2059900157,W,R,R,R,WRRR,ODD,Not Predicted,,0.0,0
2059900158,W,W,W,R,WWWR,ODD,Not Predicted,,0.0,0
2059900159,R,R,W,R,RRWR,ODD,Not Predicted,,0.0,0
2059900160,W,W,R,W,WWRW,ODD,Not Predicted,,0.0,0
2059900161,W,R,W,R,WRWR,EVEN,Not Predicted,,0.0,0
2059900162,W,W,R,R,WWRR,EVEN,Not Predicted,,0.0,0
2059900163,R,W,R,R,RWRR,ODD,Not Predicted,,0.0,0
2059900164,W,W,R,W,WWRW,ODD,Not Predicted,,0.0,0
2059900165,R,R,W,R,RRWR,ODD,Not Predicted,,0.0,0
2059900166,W,W,R,R,WWRR,EVEN,Not Predicted,,0.0,0
2059900167,W,W,W,W,WWWW,EVEN,Not Predicted,,0.0,0
2059900168,R,R,W,W,RRWW,EVEN,Not Predicted,,0.0,0
2059900169,W,W,W,W,WWWW,EVEN,Not Predicted,,0.0,0
2059900170,R,W,W,R,RWWR,EVEN,Not Predicted,,0.0,0
2059900171,W,R,R,R,WRRR,ODD,Not Predicted,,0.0,0
2059900172,R,R,W,R,RRWR,ODD,Not Predicted,,0.0,0
2059900173,W,R,R,W,WRRW,EVEN,Not Predicted,,0.0,0
2059900174,R,W,W,W,RWWW,ODD,Not Predicted,,0.0,0
2059900175,W,W,R,R,WWRR,EVEN,Not Predicted,,0.0,0
2059900176,W,W,R,R,WWRR,EVEN,Not Predicted,,0.0,0
2059900177,W,R,W,R,WRWR,EVEN,Not Predicted,,0.0,0
2059900178,R,R,R,R,RRRR,EVEN,Not Predicted,,0.0,0
2059900179,W,W,W,R,WWWR,ODD,Not Predicted,,0.0,0
2059900180,R,R,R,R,RRRR,EVEN,Not Predicted,,0.0,0
2059900181,W,R,W,W,WRWW,ODD,Not Predicted,,0.0,0
2059900182,W,W,W,R,WWWR,ODD,Not Predicted,,0.0,0
2059900183,R,R,W,W,RRWW,EVEN,Not Predicted,,0.0,0
2059900184,W,R,R,R,WRRR,ODD,Not Predicted,,0.0,0
2059900185,W,R,W,W,WRWW,ODD,Not Predicted,,0.0,0
2059900186,W,W,W,W,WWWW,EVEN,Not Predicted,,0.0,0
2059900187,W,R,R,W,WRRW,EVEN,Not Predicted,,0.0,0
2059900188,R,W,W,W,RWWW,ODD,Not Predicted,,0.0,0
2059900189,W,W,W,W,WWWW,EVEN,Not Predicted,,0.0,0
2059900190,R,R,W,R,RRWR,ODD,Not Predicted,,0.0,0
2059900191,R,W,R,R,RWRR,ODD,Not Predicted,,0.0,0
2059900192,W,W,R,R,WWRR,EVEN,Not Predicted,,0.0,0
2059900193,W,R,W,R,WRWR,EVEN,Not Predicted,,0.0,0
2059900194,W,W,W,R,WWWR,ODD,Not Predicted,,0.0,0
2059900195,W,R,W,R,WRWR,EVEN,Not Predicted,,0.0,0
2059900196,W,R,W,R,WRWR,EVEN,Not Predicted,,0.0,0
2059900197,W,R,R,W,WRRW,EVEN,Not Predicted,,0.0,0
2059900198,R,W,R,W,RWRW,EVEN,Not Predicted,,0.0,0
2059900199,W,R,W,R,WRWR,EVEN,Not Predicted,,0.0,0
2059900200,R,R,R,R,RRRR,EVEN,Not Predicted,,0.0,0
2059900201,W,W,R,R,WWRR,EVEN,Not Predicted,,0.0,0
2059900202,R,R,R,W,RRRW,ODD,Not Predicted,,0.0,0
2059900203,W,R,W,R,WRWR,EVEN,Not Predicted,,0.0,0
2059900204,R,R,R,R,RRRR,EVEN,Not Predicted,,0.0,0
2059900205,W,W,R,W,WWRW,ODD,Not Predicted,,0.0,0
2059900206,R,W,W,W,RWWW,ODD,Not Predicted,,0.0,0
2059900207,W,W,R,W,WWRW,ODD,Not Predicted,,0.0,0
2059900208,R,W,R,W,RWRW,EVEN,Not Predicted,,0.0,0
2059900209,R,W,W,R,RWWR,EVEN,Not Predicted,,0.0,0
2059900210,R,W,R,R,RWRR,ODD,Not Predicted,,0.0,0
2059900211,R,R,W,W,RRWW,EVEN,Not Predicted,,0.0,0
2059900212,W,W,R,W,WWRW,ODD,Not Predicted,,0.0,0
2059900213,W,R,R,W,WRRW,EVEN,Not Predicted,,0.0,0
2059900214,W,R,W,R,WRWR,EVEN,Not Predicted,,0.0,0
2059900215,W,R,W,W,WRWW,ODD,Not Predicted,,0.0,0
2059900216,R,W,R,W,RWRW,EVEN,Not Predicted,,0.0,0
2059900217,R,W,R,R,RWRR,ODD,Not Predicted,,0.0,0
2059900218,W,W,W,W,WWWW,EVEN,Not Predicted,,0.0,0
2059900219,R,W,W,W,RWWW,ODD,Not Predicted,,0.0,0
2059900220,W,W,W,R,WWWR,ODD,Not Predicted,,0.0,0
2059900221,R,R,R,W,RRRW,ODD,Not Predicted,,0.0,0
2059900222,W,R,R,W,WRRW,EVEN,Not Predicted,,0.0,0
2059900223,R,R,R,W,RRRW,ODD,Not Predicted,,0.0,0
2059900224,W,R,R,R,WRRR,ODD,Not Predicted,,0.0,0
2059900225,W,W,W,R,WWWR,ODD,Not Predicted,,0.0,0
2059900226,W,W,W,R,WWWR,ODD,Not Predicted,,0.0,0
2059900227,W,W,R,R,WWRR,EVEN,Not Predicted,,0.0,0
2059900228,W,R,W,R,WRWR,EVEN,Not Predicted,,0.0,0
2059900229,W,W,R,W,WWRW,ODD,Not Predicted,,0.0,0
2059900230,W,W,W,R,WWWR,ODD,Not Predicted,,0.0,0
2059900231,W,W,W,W,WWWW,EVEN,Not Predicted,,0.0,0
2059900232,W,R,W,R,WRWR,EVEN,Not Predicted,,0.0,0
2059900233,R,R,R,R,RRRR,EVEN,Not Predicted,,0.0,0
2059900234,R,R,W,W,RRWW,EVEN,Not Predicted,,0.0,0
2059900235,W,R,W,W,WRWW,ODD,Not Predicted,,0.0,0
2059900236,W,W,W,R,WWWR,ODD,Not Predicted,,0.0,0
2059900237,W,W,W,W,WWWW,EVEN,Not Predicted,,0.0,0
2059900238,R,R,W,W,RRWW,EVEN,Not Predicted,,0.0,0
2059900239,R,W,R,R,RWRR,ODD,Not Predicted,,0.0,0
2059900240,W,W,R,W,WWRW,ODD,Not Predicted,,0.0,0
2059900241,R,R,R,R,RRRR,EVEN,Not Predicted,,0.0,0
2059900242,R,W,R,R,RWRR,ODD,Not Predicted,,0.0,0
2059900243,R,R,R,W,RRRW,ODD,Not Predicted,,0.0,0
2059900244,R,W,R,R,RWRR,ODD,Not Predicted,,0.0,0
2059900245,W,R,R,R,WRRR,ODD,Not Predicted,,0.0,0
2059900246,W,R,R,R,WRRR,ODD,Not Predicted,,0.0,0
2059900247,W,W,W,R,WWWR,ODD,Not Predicted,,0.0,0
2059900248,R,W,W,R,RWWR,EVEN,Not Predicted,,0.0,0
2059900249,R,W,R,W,RWRW,EVEN,Not Predicted,,0.0,0
2059900250,R,R,R,W,RRRW,ODD,Not Predicted,,0.0,0
2059900251,R,W,R,R,RWRR,ODD,Not Predicted,,0.0,0
2059900252,W,R,W,W,WRWW,ODD,Not Predicted,,0.0,0
2059900253,W,W,W,R,WWWR,ODD,Not Predicted,,0.0,0
2059900254,W,R,W,R,WRWR,EVEN,Not Predicted,,0.0,0
2059900255,R,W,R,W,RWRW,EVEN,Not Predicted,,0.0,0
2059900256,W,W,W,W,WWWW,EVEN,Not Predicted,,0.0,0
2059900257,W,R,W,R,WRWR,EVEN,Not Predicted,,0.0,0
2059900258,R,R,R,W,RRRW,ODD,Not Predicted,,0.0,0
2059900259,W,W,R,R,WWRR,EVEN,Not Predicted,,0.0,0
2059900260,W,W,W,R,WWWR,ODD,Not Predicted,,0.0,0
2059900261,R,W,R,W,RWRW,EVEN,Not Predicted,,0.0,0
2059900262,W,W,R,W,WWRW,ODD,Not Predicted,,0.0,0
2059900263,W,W,R,W,WWRW,ODD,Not Predicted,,0.0,0
2059900264,R,R,W,W,RRWW,EVEN,Not Predicted,,0.0,0
2059900265,R,W,R,W,RWRW,EVEN,Not Predicted,,0.0,0
2059900266,R,R,R,R,RRRR,EVEN,Not Predicted,,0.0,0
2059900267,W,W,R,W,WWRW,ODD,Not Predicted,,0.0,0
2059900268,R,W,R,R,RWRR,ODD,Not Predicted,,0.0,0
2059900269,R,R,W,R,RRWR,ODD,Not Predicted,,0.0,0
2059900270,R,R,R,W,RRRW,ODD,Not Predicted,,0.0,0
2059900271,W,W,W,W,WWWW,EVEN,Not Predicted,,0.0,0
2059900272,W,R,W,R,WRWR,EVEN,Not Predicted,,0.0,0
2059900273,R,W,W,W,RWWW,ODD,Not Predicted,,0.0,0
2059900274,W,W,W,W,WWWW,EVEN,Not Predicted,,0.0,0
2059900275,W,W,R,W,WWRW,ODD,Not Predicted,,0.0,0
2059900276,W,W,W,W,WWWW,EVEN,Not Predicted,,0.0,0
2059900277,R,R,R,R,RRRR,EVEN,Not Predicted,,0.0,0
2059900278,W,R,R,R,WRRR,ODD,Not Predicted,,0.0,0
2059900279,R,R,R,W,RRRW,ODD,Not Predicted,,0.0,0
2059900280,W,R,W,W,WRWW,ODD,Not Predicted,,0.0,0
2059900281,W,W,R,R,WWRR,EVEN,Not Predicted,,0.0,0
2059900282,W,W,R,W,WWRW,ODD,Not Predicted,,0.0,0
2059900283,W,R,W,R,WRWR,EVEN,Not Predicted,,0.0,0
2059900284,R,W,R,W,RWRW,EVEN,Not Predicted,,0.0,0
2059900285,W,W,R,R,WWRR,EVEN,Not Predicted,,0.0,0
2059900286,W,W,W,R,WWWR,ODD,Not Predicted,,0.0,0
2059900287,W,W,W,W,WWWW,EVEN,Not Predicted,,0.0,0
2059900288,R,R,W,W,RRWW,EVEN,Not Predicted,,0.0,0
2059900289,R,R,W,R,RRWR,ODD,Not Predicted,,0.0,0
2059900290,W,W,W,R,WWWR,ODD,Not Predicted,,0.0,0
2059900291,R,R,R,R,RRRR,EVEN,Not Predicted,,0.0,0
2059900292,R,W,R,W,RWRW,EVEN,Not Predicted,,0.0,0
2059900293,W,R,W,W,WRWW,ODD,Not Predicted,,0.0,0
2059900294,R,R,R,R,RRRR,EVEN,Not Predicted,,0.0,0
2059900295,W,R,W,R,WRWR,EVEN,Not Predicted,,0.0,0
2059900296,W,R,W,W,WRWW,ODD,Not Predicted,,0.0,0
2059900297,R,R,R,W,RRRW,ODD,Not Predicted,,0.0,0
2059900298,W,W,W,W,WWWW,EVEN,Not Predicted,,0.0,0
2059900299,R,R,R,R,RRRR,EVEN,Not Predicted,,0.0,0
2059900300,W,R,W,R,WRWR,EVEN,Not Predicted,,0.0,0
2059900301,R,R,R,R,RRRR,EVEN,Not Predicted,,0.0,0
2059900302,W,W,R,R,WWRR,EVEN,Not Predicted,,0.0,0
2059900303,R,W,R,R,RWRR,ODD,Not Predicted,,0.0,0
2059900304,W,W,R,R,WWRR,EVEN,Not Predicted,,0.0,0
2059900305,R,W,R,W,RWRW,EVEN,Not Predicted,,0.0,0
2059900306,W,R,R,R,WRRR,ODD,Not Predicted,,0.0,0
2059900307,R,W,W,W,RWWW,ODD,Not Predicted,,0.0,0
2059900308,R,R,W,W,RRWW,EVEN,Not Predicted,,0.0,0
2059900309,R,R,R,R,RRRR,EVEN,Not Predicted,,0.0,0
2059900310,R,R,W,R,RRWR,ODD,Not Predicted,,0.0,0
2059900311,R,W,R,R,RWRR,ODD,Not Predicted,,0.0,0
2059900312,W,R,W,W,WRWW,ODD,Not Predicted,,0.0,0
2059900313,R,W,W,R,RWWR,EVEN,Not Predicted,,0.0,0
2059900314,W,W,W,W,WWWW,EVEN,Not Predicted,,0.0,0
2059900315,W,R,R,R,WRRR,ODD,Not Predicted,,0.0,0
2059900316,R,W,W,R,RWWR,EVEN,Not Predicted,,0.0,0
2059900317,W,R,W,W,WRWW,ODD,Not Predicted,,0.0,0
2059900318,R,W,R,R,RWRR,ODD,Not Predicted,,0.0,0
2059900319,W,R,W,W,WRWW,ODD,Not Predicted,,0.0,0
2059900320,R,W,W,W,RWWW,ODD,Not Predicted,,0.0,0
2059900321,W,W,W,W,WWWW,EVEN,Not Predicted,,0.0,0
2059900322,R,W,W,R,RWWR,EVEN,Not Predicted,,0.0,0
2059900323,W,W,W,W,WWWW,EVEN,Not Predicted,,0.0,0
2059900324,W,W,R,R,WWRR,EVEN,Not Predicted,,0.0,0
2059900325,R,R,W,W,RRWW,EVEN,Not Predicted,,0.0,0
2059900326,R,R,R,W,RRRW,ODD,Not Predicted,,0.0,0
2059900327,R,W,W,R,RWWR,EVEN,Not Predicted,,0.0,0
2059900328,W,W,R,R,WWRR,EVEN,Not Predicted,,0.0,0
2059900329,W,W,R,R,WWRR,EVEN,Not Predicted,,0.0,0
2059900330,R,W,W,R,RWWR,EVEN,Not Predicted,,0.0,0
2059900331,W,R,W,R,WRWR,EVEN,Not Predicted,,0.0,0
2059900332,W,W,W,W,WWWW,EVEN,Not Predicted,,0.0,0
2059900333,W,R,R,R,WRRR,ODD,Not Predicted,,0.0,0
2059900334,W,W,R,W,WWRW,ODD,Not Predicted,,0.0,0
2059900335,R,R,W,W,RRWW,EVEN,Not Predicted,,0.0,0
2059900336,R,W,R,W,RWRW,EVEN,Not Predicted,,0.0,0
2059900337,R,R,R,W,RRRW,ODD,Not Predicted,,0.0,0
2059900338,W,R,W,R,WRWR,EVEN,Not Predicted,,0.0,0
2059900339,W,W,W,W,WWWW,EVEN,Not Predicted,,0.0,0
2059900340,R,W,R,R,RWRR,ODD,Not Predicted,,0.0,0
2059900341,R,R,R,W,RRRW,ODD,Not Predicted,,0.0,0
2059900342,R,R,W,W,RRWW,EVEN,Not Predicted,,0.0,0
2059900343,W,R,W,W,WRWW,ODD,Not Predicted,,0.0,0
2059900344,R,R,W,W,RRWW,EVEN,Not Predicted,,0.0,0
2059900345,W,W,R,W,WWRW,ODD,Not Predicted,,0.0,0
2059900346,R,W,R,R,RWRR,ODD,Not Predicted,,0.0,0
2059900347,R,W,R,R,RWRR,ODD,Not Predicted,,0.0,0
2059900348,W,R,W,R,WRWR,EVEN,Not Predicted,,0.0,0
2059900349,W,R,W,R,WRWR,EVEN,Not Predicted,,0.0,0
2059900350,W,W,W,R,WWWR,ODD,Not Predicted,,0.0,0
2059900351,W,R,W,R,WRWR,EVEN,Not Predicted,,0.0,0
2059900352,R,R,W,R,RRWR,ODD,Not Predicted,,0.0,0
2059900353,W,R,R,W,WRRW,EVEN,Not Predicted,,0.0,0
2059900354,R,R,R,R,RRRR,EVEN,Not Predicted,,0.0,0
2059900355,W,R,R,W,WRRW,EVEN,Not Predicted,,0.0,0
2059900356,R,R,R,R,RRRR,EVEN,Not Predicted,,0.0,0
2059900357,R,W,W,R,RWWR,EVEN,Not Predicted,,0.0,0
2059900358,R,R,R,R,RRRR,EVEN,Not Predicted,,0.0,0
2059900359,W,W,R,R,WWRR,EVEN,Not Predicted,,0.0,0
2059900360,W,R,W,R,WRWR,EVEN,Not Predicted,,0.0,0
2059900361,W,W,W,W,WWWW,EVEN,Not Predicted,,0.0,0
2059900362,W,W,W,W,WWWW,EVEN,Not Predicted,,0.0,0
2059900363,W,R,R,W,WRRW,EVEN,Not Predicted,,0.0,0
2059900364,R,W,W,W,RWWW,ODD,Not Predicted,,0.0,0
2059900365,R,R,W,W,RRWW,EVEN,Not Predicted,,0.0,0
2059900366,W,R,W,W,WRWW,ODD,Not Predicted,,0.0,0
2059900367,W,R,W,R,WRWR,EVEN,Not Predicted,,0.0,0
2059900368,W,R,W,R,WRWR,EVEN,Not Predicted,,0.0,0
2059900369,W,R,R,W,WRRW,EVEN,Not Predicted,,0.0,0
2059900370,W,W,W,W,WWWW,EVEN,Not Predicted,,0.0,0
2059900371,R,W,W,R,RWWR,EVEN,Not Predicted,,0.0,0
2059900372,R,R,W,R,RRWR,ODD,Not Predicted,,0.0,0
2059900373,R,R,R,W,RRRW,ODD,Not Predicted,,0.0,0
2059900374,W,W,W,R,WWWR,ODD,Not Predicted,,0.0,0
2059900375,W,W,R,W,WWRW,ODD,Not Predicted,,0.0,0
2059900376,W,W,W,W,WWWW,EVEN,Not Predicted,,0.0,0
2059900377,W,R,R,R,WRRR,ODD,Not Predicted,,0.0,0
2059900378,R,W,R,R,RWRR,ODD,Not Predicted,,0.0,0
2059900379,W,R,W,R,WRWR,EVEN,Not Predicted,,0.0,0
2059900380,W,R,R,R,WRRR,ODD,Not Predicted,,0.0,0
2059900381,W,W,R,W,WWRW,ODD,Not Predicted,,0.0,0
2059900382,R,R,W,R,RRWR,ODD,Not Predicted,,0.0,0
2059900383,W,R,W,W,WRWW,ODD,Not Predicted,,0.0,0
2059900384,W,R,W,R,WRWR,EVEN,Not Predicted,,0.0,0
2059900385,W,W,R,W,WWRW,ODD,Not Predicted,,0.0,0
2059900386,R,R,W,W,RRWW,EVEN,Not Predicted,,0.0,0
2059900387,R,R,R,R,RRRR,EVEN,Not Predicted,,0.0,0
2059900388,W,R,W,W,WRWW,ODD,Not Predicted,,0.0,0
2059900389,W,W,R,W,WWRW,ODD,Not Predicted,,0.0,0
2059900390,R,W,R,R,RWRR,ODD,Not Predicted,,0.0,0
2059900391,W,R,R,R,WRRR,ODD,Not Predicted,,0.0,0
2059900392,R,R,R,R,RRRR,EVEN,Not Predicted,,0.0,0
2059900393,R,W,W,W,RWWW,ODD,Not Predicted,,0.0,0
2059900394,W,W,R,W,WWRW,ODD,Not Predicted,,0.0,0
2059900395,R,W,R,R,RWRR,ODD,Not Predicted,,0.0,0
2059900396,W,R,W,W,WRWW,ODD,Not Predicted,,0.0,0
2059900397,W,R,W,W,WRWW,ODD,Not Predicted,,0.0,0
2059900398,W,R,R,R,WRRR,ODD,Not Predicted,,0.0,0
2059900399,W,R,R,W,WRRW,EVEN,Not Predicted,,0.0,0
2059900400,W,R,R,W,WRRW,EVEN,Not Predicted,,0.0,0
2059900401,W,W,R,W,WWRW,ODD,Not Predicted,,0.0,0
2059900402,R,W,R,R,RWRR,ODD,Not Predicted,,0.0,0
2059900403,R,R,R,R,RRRR,EVEN,Not Predicted,,0.0,0
2059900404,R,R,R,W,RRRW,ODD,Not Predicted,,0.0,0
2059900405,R,W,W,R,RWWR,EVEN,Not Predicted,,0.0,0
2059900406,R,R,R,R,RRRR,EVEN,Not Predicted,,0.0,0
2059900407,R,W,R,R,RWRR,ODD,Not Predicted,,0.0,0
2059900408,W,W,R,W,WWRW,ODD,Not Predicted,,0.0,0
2059900409,W,R,W,W,WRWW,ODD,Not Predicted,,0.0,0
2059900410,R,R,R,W,RRRW,ODD,Not Predicted,,0.0,0
2059900411,W,W,W,W,WWWW,EVEN,Not Predicted,,0.0,0
2059900412,W,R,W,R,WRWR,EVEN,Not Predicted,,0.0,0
2059900413,R,R,W,R,RRWR,ODD,Not Predicted,,0.0,0
2059900414,R,R,R,W,RRRW,ODD,Not Predicted,,0.0,0
2059900415,R,W,W,W,RWWW,ODD,Not Predicted,,0.0,0
2059900416,R,R,W,W,RRWW,EVEN,Not Predicted,,0.0,0
2059900417,W,W,R,W,WWRW,ODD,Not Predicted,,0.0,0
2059900418,R,W,R,R,RWRR,ODD,Not Predicted,,0.0,0
2059900419,R,W,R,R,RWRR,ODD,Not Predicted,,0.0,0
2059900420,W,W,R,R,WWRR,EVEN,Not Predicted,,0.0,0
2059900421,R,R,W,R,RRWR,ODD,Not Predicted,,0.0,0
2059900422,W,W,R,W,WWRW,ODD,Not Predicted,,0.0,0
2059900423,R,R,W,R,RRWR,ODD,Not Predicted,,0.0,0
2059900424,R,R,W,W,RRWW,EVEN,Not Predicted,,0.0,0
2059900425,W,R,W,W,WRWW,ODD,Not Predicted,,0.0,0
2059900426,R,R,W,W,RRWW,EVEN,Not Predicted,,0.0,0
2059900427,R,R,R,R,RRRR,EVEN,Not Predicted,,0.0,0
2059900428,W,R,W,W,WRWW,ODD,Not Predicted,,0.0,0
2059900429,W,R,W,W,WRWW,ODD,Not Predicted,,0.0,0
2059900430,R,W,R,R,RWRR,ODD,Not Predicted,,0.0,0
2059900431,W,W,R,R,WWRR,EVEN,Not Predicted,,0.0,0
2059900432,W,W,R,W,WWRW,ODD,Not Predicted,,0.0,0
2059900433,R,W,R,W,RWRW,EVEN,Not Predicted,,0.0,0
2059900434,R,R,W,R,RRWR,ODD,Not Predicted,,0.0,0
2059900435,R,W,W,R,RWWR,EVEN,Not Predicted,,0.0,0
2059900436,W,R,R,W,WRRW,EVEN,Not Predicted,,0.0,0
2059900437,R,R,W,W,RRWW,EVEN,Not Predicted,,0.0,0
2059900438,R,R,W,W,RRWW,EVEN,Not Predicted,,0.0,0
2059900439,R,W,R,W,RWRW,EVEN,Not Predicted,,0.0,0
2059900440,R,R,R,W,RRRW,ODD,Not Predicted,,0.0,0
2059900441,R,W,R,W,RWRW,EVEN,Not Predicted,,0.0,0
2059900442,W,W,W,W,WWWW,EVEN,Not Predicted,,0.0,0
2059900443,W,R,W,W,WRWW,ODD,Not Predicted,,0.0,0
2059900444,W,W,W,R,WWWR,ODD,Not Predicted,,0.0,0
2059900445,W,W,R,R,WWRR,EVEN,Not Predicted,,0.0,0
2059900446,R,R,W,R,RRWR,ODD,Not Predicted,,0.0,0
2059900447,W,W,W,W,WWWW,EVEN,Not Predicted,,0.0,0
2059900448,R,W,R,W,RWRW,EVEN,Not Predicted,,0.0,0
2059900449,W,R,W,R,WRWR,EVEN,Not Predicted,,0.0,0
2059900450,R,W,R,W,RWRW,EVEN,Not Predicted,,0.0,0
2059900451,W,W,R,R,WWRR,EVEN,Not Predicted,,0.0,0
2059900452,R,R,W,W,RRWW,EVEN,Not Predicted,,0.0,0
2059900453,R,R,R,W,RRRW,ODD,Not Predicted,,0.0,0
2059900454,W,W,W,R,WWWR,ODD,Not Predicted,,0.0,0
2059900455,R,R,R,R,RRRR,EVEN,Not Predicted,,0.0,0
2059900456,W,W,W,R,WWWR,ODD,Not Predicted,,0.0,0
2059900457,R,R,W,R,RRWR,ODD,Not Predicted,,0.0,0
2059900458,W,R,R,W,WRRW,EVEN,Not Predicted,,0.0,0
2059900459,W,R,R,W,WRRW,EVEN,Not Predicted,,0.0,0
2059900460,W,R,R,W,WRRW,EVEN,Not Predicted,,0.0,0
2059900461,W,W,R,R,WWRR,EVEN,Not Predicted,,0.0,0
2059900462,R,R,W,W,RRWW,EVEN,Not Predicted,,0.0,0
2059900463,R,R,W,R,RRWR,ODD,Not Predicted,,0.0,0
2059900464,W,W,W,R,WWWR,ODD,Not Predicted,,0.0,0
2059900465,W,R,W,R,WRWR,EVEN,Not Predicted,,0.0,0
2059900466,W,R,W,W,WRWW,ODD,Not Predicted,,0.0,0
2059900467,R,R,W,R,RRWR,ODD,Not Predicted,,0.0,0
2059900468,R,W,R,W,RWRW,EVEN,Not Predicted,,0.0,0
2059900469,W,R,R,R,WRRR,ODD,Not Predicted,,0.0,0
2059900470,W,W,W,R,WWWR,ODD,Not Predicted,,0.0,0
2059900471,W,W,R,W,WWRW,ODD,Not Predicted,,0.0,0
2059900472,R,W,W,R,RWWR,EVEN,Not Predicted,,0.0,0
2059900473,R,W,R,R,RWRR,ODD,Not Predicted,,0.0,0
2059900474,R,R,W,W,RRWW,EVEN,Not Predicted,,0.0,0
2059900475,R,W,R,W,RWRW,EVEN,Not Predicted,,0.0,0
2059900476,R,W,W,R,RWWR,EVEN,Not Predicted,,0.0,0
2059900477,W,W,W,R,WWWR,ODD,Not Predicted,,0.0,0
2059900478,R,R,W,W,RRWW,EVEN,Not Predicted,,0.0,0
2059900479,W,W,R,R,WWRR,EVEN,Not Predicted,,0.0,0
2059900480,R,R,W,W,RRWW,EVEN,Not Predicted,,0.0,0
2060000001,W,R,W,W,WRWW,ODD,Not Predicted,,0.0,0
2060000002,R,W,R,W,RWRW,EVEN,Not Predicted,,0.0,0
2060000003,W,W,W,W,WWWW,EVEN,Not Predicted,,0.0,0
2060000004,R,R,R,W,RRRW,ODD,Not Predicted,,0.0,0
2060000005,W,W,W,W,WWWW,EVEN,Not Predicted,,0.0,0
2060000006,R,W,R,W,RWRW,EVEN,Not Predicted,,0.0,0
2060000007,R,W,W,W,RWWW,ODD,Not Predicted,,0.0,0
2060000008,W,R,W,R,WRWR,EVEN,Not Predicted,,0.0,0
2060000009,R,W,R,R,RWRR,ODD,Not Predicted,,0.0,0
2060000010,R,W,W,W,RWWW,ODD,Not Predicted,,0.0,0
2060000011,R,R,R,W,RRRW,ODD,Not Predicted,,0.0,0
2060000012,R,R,W,W,RRWW,EVEN,Not Predicted,,0.0,0
2060000013,R,R,R,R,RRRR,EVEN,Not Predicted,,0.0,0
2060000014,R,R,R,W,RRRW,ODD,Not Predicted,,0.0,0
2060000015,R,R,W,W,RRWW,EVEN,Not Predicted,,0.0,0
2060000016,W,W,R,W,WWRW,ODD,Not Predicted,,0.0,0
2060000017,R,W,W,R,RWWR,EVEN,Not Predicted,,0.0,0
2060000018,R,R,W,R,RRWR,ODD,Not Predicted,,0.0,0
2060000019,W,R,R,R,WRRR,ODD,Not Predicted,,0.0,0
2060000020,W,W,W,R,WWWR,ODD,Not Predicted,,0.0,0
2060000021,W,W,R,R,WWRR,EVEN,Not Predicted,,0.0,0
2060000022,R,W,R,R,RWRR,ODD,Not Predicted,,0.0,0
2060000023,W,W,R,W,WWRW,ODD,Not Predicted,,0.0,0
2060000024,R,W,W,R,RWWR,EVEN,Not Predicted,,0.0,0
2060000025,R,W,W,W,RWWW,ODD,Not Predicted,,0.0,0
2060000026,R,R,W,W,RRWW,EVEN,Not Predicted,,0.0,0
2060000027,R,W,W,W,RWWW,ODD,Not Predicted,,0.0,0
2060000028,R,W,R,R,RWRR,ODD,Not Predicted,,0.0,0
2060000029,R,W,W,R,RWWR,EVEN,Not Predicted,,0.0,0
2060000030,W,W,W,W,WWWW,EVEN,Not Predicted,,0.0,0
2060000031,W,R,W,R,WRWR,EVEN,Not Predicted,,0.0,0
2060000032,R,W,W,R,RWWR,EVEN,Not Predicted,,0.0,0
2060000033,R,W,W,R,RWWR,EVEN,Not Predicted,,0.0,0
2060000034,W,W,R,R,WWRR,EVEN,Not Predicted,,0.0,0
2060000035,R,W,R,R,RWRR,ODD,Not Predicted,,0.0,0
2060000036,W,R,R,R,WRRR,ODD,Not Predicted,,0.0,0
2060000037,R,R,R,W,RRRW,ODD,Not Predicted,,0.0,0
2060000038,R,W,W,W,RWWW,ODD,Not Predicted,,0.0,0
2060000039,W,R,R,R,WRRR,ODD,Not Predicted,,0.0,0
2060000040,W,R,W,R,WRWR,EVEN,Not Predicted,,0.0,0
2060000041,R,R,W,W,RRWW,EVEN,Not Predicted,,0.0,0
2060000042,W,W,W,R,WWWR,ODD,Not Predicted,,0.0,0
2060000043,R,W,R,R,RWRR,ODD,Not Predicted,,0.0,0
2060000044,R,R,R,W,RRRW,ODD,Not Predicted,,0.0,0
2060000045,R,R,R,W,RRRW,ODD,Not Predicted,,0.0,0
2060000046,W,W,W,W,WWWW,EVEN,Not Predicted,,0.0,0
2060000047,W,W,W,W,WWWW,EVEN,Not Predicted,,0.0,0
2060000048,W,W,R,R,WWRR,EVEN,Not Predicted,,0.0,0
2060000049,R,W,W,W,RWWW,ODD,Not Predicted,,0.0,0
2060000050,W,R,R,R,WRRR,ODD,Not Predicted,,0.0,0
2060000051,R,R,W,R,RRWR,ODD,Not Predicted,,0.0,0
2060000052,R,W,R,R,RWRR,ODD,Not Predicted,,0.0,0
2060000053,W,R,R,W,WRRW,EVEN,Not Predicted,,0.0,0
2060000054,W,R,R,R,WRRR,ODD,Not Predicted,,0.0,0
2060000055,W,W,R,R,WWRR,EVEN,Not Predicted,,0.0,0
2060000056,R,W,W,R,RWWR,EVEN,Not Predicted,,0.0,0
2060000057,W,W,R,W,WWRW,ODD,Not Predicted,,0.0,0
2060000058,W,R,R,W,WRRW,EVEN,Not Predicted,,0.0,0
2060000059,W,W,W,W,WWWW,EVEN,Not Predicted,,0.0,0
2060000060,R,W,W,W,RWWW,ODD,Not Predicted,,0.0,0
2060000061,W,R,W,W,WRWW,ODD,Not Predicted,,0.0,0
2060000062,W,R,W,W,WRWW,ODD,Not Predicted,,0.0,0
2060000063,W,R,W,R,WRWR,EVEN,Not Predicted,,0.0,0
2060000064,W,R,W,W,WRWW,ODD,Not Predicted,,0.0,0
2060000065,W,W,W,W,WWWW,EVEN,Not Predicted,,0.0,0
2060000066,R,R,W,W,RRWW,EVEN,Not Predicted,,0.0,0
2060000067,R,W,R,W,RWRW,EVEN,Not Predicted,,0.0,0
2060000068,W,R,W,R,WRWR,EVEN,Not Predicted,,0.0,0
2060000069,R,R,R,W,RRRW,ODD,Not Predicted,,0.0,0
2060000070,W,W,W,R,WWWR,ODD,Not Predicted,,0.0,0
2060000071,W,R,W,W,WRWW,ODD,Not Predicted,,0.0,0
2060000072,R,R,R,W,RRRW,ODD,Not Predicted,,0.0,0
2060000073,R,R,W,R,RRWR,ODD,Not Predicted,,0.0,0
2060000074,W,R,W,R,WRWR,EVEN,Not Predicted,,0.0,0
2060000075,W,W,R,W,WWRW,ODD,Not Predicted,,0.0,0
2060000076,W,R,W,R,WRWR,EVEN,Not Predicted,,0.0,0
2060000077,W,W,R,W,WWRW,ODD,Not Predicted,,0.0,0
2060000078,W,W,R,R,WWRR,EVEN,Not Predicted,,0.0,0
2060000079,W,W,W,W,WWWW,EVEN,Not Predicted,,0.0,0
2060000080,W,R,R,W,WRRW,EVEN,Not Predicted,,0.0,0
2060000081,W,W,W,W,WWWW,EVEN,Not Predicted,,0.0,0
2060000082,W,W,W,R,WWWR,ODD,Not Predicted,,0.0,0
2060000083,W,W,W,W,WWWW,EVEN,Not Predicted,,0.0,0
2060000084,R,R,W,W,RRWW,EVEN,Not Predicted,,0.0,0
2060000085,W,R,W,W,WRWW,ODD,Not Predicted,,0.0,0
2060000086,W,W,W,W,WWWW,EVEN,Not Predicted,,0.0,0
2060000087,W,R,R,W,WRRW,EVEN,Not Predicted,,0.0,0
2060000088,W,W,W,R,WWWR,ODD,Not Predicted,,0.0,0
2060000089,W,R,R,W,WRRW,EVEN,Not Predicted,,0.0,0
2060000090,W,R,R,R,WRRR,ODD,Not Predicted,,0.0,0
2060000091,W,R,R,W,WRRW,EVEN,Not Predicted,,0.0,0
2060000092,R,R,W,W,RRWW,EVEN,Not Predicted,,0.0,0
2060000093,R,R,R,R,RRRR,EVEN,Not Predicted,,0.0,0
2060000094,R,W,R,W,RWRW,EVEN,Not Predicted,,0.0,0
2060000095,W,R,R,R,WRRR,ODD,Not Predicted,,0.0,0
2060000096,R,W,W,R,RWWR,EVEN,Not Predicted,,0.0,0
2060000097,R,R,R,W,RRRW,ODD,Not Predicted,,0.0,0
2060000098,R,W,W,W,RWWW,ODD,Not Predicted,,0.0,0
2060000099,R,R,R,R,RRRR,EVEN,Not Predicted,,0.0,0
2060000100,W,R,W,W,WRWW,ODD,Not Predicted,,0.0,0
2060000101,W,R,R,W,WRRW,EVEN,Not Predicted,,0.0,0
2060000102,W,R,R,R,WRRR,ODD,Not Predicted,,0.0,0
2060000103,W,W,R,R,WWRR,EVEN,Not Predicted,,0.0,0
2060000104,R,R,R,R,RRRR,EVEN,Not Predicted,,0.0,0
2060000105,R,W,W,W,RWWW,ODD,Not Predicted,,0.0,0
2060000106,W,R,W,R,WRWR,EVEN,Not Predicted,,0.0,0
2060000107,W,W,W,R,WWWR,ODD,Not Predicted,,0.0,0
2060000108,R,W,R,W,RWRW,EVEN,Not Predicted,,0.0,0
2060000109,R,R,W,R,RRWR,ODD,Not Predicted,,0.0,0
2060000110,W,W,R,R,WWRR,EVEN,Not Predicted,,0.0,0
2060000111,R,W,R,W,RWRW,EVEN,Not Predicted,,0.0,0
2060000112,R,R,W,W,RRWW,EVEN,Not Predicted,,0.0,0
2060000113,R,R,W,R,RRWR,ODD,Not Predicted,,0.0,0
2060000114,W,W,W,R,WWWR,ODD,Not Predicted,,0.0,0
2060000115,W,R,W,W,WRWW,ODD,Not Predicted,,0.0,0
2060000116,W,W,R,R,WWRR,EVEN,Not Predicted,,0.0,0
2060000117,R,R,W,W,RRWW,EVEN,Not Predicted,,0.0,0
2060000118,W,W,W,R,WWWR,ODD,Not Predicted,,0.0,0
2060000119,W,W,R,W,WWRW,ODD,Not Predicted,,0.0,0
2060000120,W,R,W,W,WRWW,ODD,Not Predicted,,0.0,0
2060000121,W,R,R,R,WRRR,ODD,Not Predicted,,0.0,0
2060000122,W,R,R,W,WRRW,EVEN,Not Predicted,,0.0,0
2060000123,W,R,R,R,WRRR,ODD,Not Predicted,,0.0,0
2060000124,W,R,R,W,WRRW,EVEN,Not Predicted,,0.0,0
2060000125,W,R,W,R,WRWR,EVEN,Not Predicted,,0.0,0
2060000126,W,W,W,R,WWWR,ODD,Not Predicted,,0.0,0
2060000127,R,W,R,R,RWRR,ODD,Not Predicted,,0.0,0
2060000128,R,R,W,W,RRWW,EVEN,Not Predicted,,0.0,0
2060000129,R,R,R,R,RRRR,EVEN,Not Predicted,,0.0,0
2060000130,W,W,R,R,WWRR,EVEN,Not Predicted,,0.0,0
2060000131,R,R,W,W,RRWW,EVEN,Not Predicted,,0.0,0
2060000132,R,R,W,R,RRWR,ODD,Not Predicted,,0.0,0
2060000133,R,W,W,R,RWWR,EVEN,Not Predicted,,0.0,0
2060000134,R,R,W,R,RRWR,ODD,Not Predicted,,0.0,0
2060000135,W,R,R,R,WRRR,ODD,Not Predicted,,0.0,0
2060000136,R,W,W,W,RWWW,ODD,Not Predicted,,0.0,0
2060000137,R,W,W,R,RWWR,EVEN,Not Predicted,,0.0,0
2060000138,R,R,W,R,RRWR,ODD,Not Predicted,,0.0,0
2060000139,W,R,R,R,WRRR,ODD,Not Predicted,,0.0,0
2060000140,W,W,W,R,WWWR,ODD,Not Predicted,,0.0,0
2060000141,R,W,R,R,RWRR,ODD,Not Predicted,,0.0,0
2060000142,R,W,W,W,RWWW,ODD,Not Predicted,,0.0,0
2060000143,W,R,R,W,WRRW,EVEN,Not Predicted,,0.0,0
2060000144,R,R,R,W,RRRW,ODD,Not Predicted,,0.0,0
2060000145,R,R,W,W,RRWW,EVEN,Not Predicted,,0.0,0
2060000146,W,R,W,W,WRWW,ODD,Not Predicted,,0.0,0
2060000147,W,W,R,R,WWRR,EVEN,Not Predicted,,0.0,0
2060000148,R,R,R,R,RRRR,EVEN,Not Predicted,,0.0,0
2060000149,R,W,R,R,RWRR,ODD,Not Predicted,,0.0,0
2060000150,W,W,R,R,WWRR,EVEN,Not Predicted,,0.0,0
2060000151,R,R,R,W,RRRW,ODD,Not Predicted,,0.0,0
2060000152,W,W,W,R,WWWR,ODD,Not Predicted,,0.0,0
2060000153,R,R,W,R,RRWR,ODD,Not Predicted,,0.0,0
2060000154,W,W,W,R,WWWR,ODD,Not Predicted,,0.0,0
2060000155,W,W,R,R,WWRR,EVEN,Not Predicted,,0.0,0
2060000156,R,R,W,R,RRWR,ODD,Not Predicted,,0.0,0
2060000157,W,R,R,W,WRRW,EVEN,Not Predicted,,0.0,0
2060000158,W,R,R,W,WRRW,EVEN,Not Predicted,,0.0,0
2060000159,R,R,R,R,RRRR,EVEN,Not Predicted,,0.0,0
2060000160,W,W,R,R,WWRR,EVEN,Not Predicted,,0.0,0
2060000161,W,R,R,W,WRRW,EVEN,Not Predicted,,0.0,0
2060000162,R,R,R,R,RRRR,EVEN,Not Predicted,,0.0,0
2060000163,R,R,W,R,RRWR,ODD,Not Predicted,,0.0,0
2060000164,R,R,W,R,RRWR,ODD,Not Predicted,,0.0,0
2060000165,R,R,R,R,RRRR,EVEN,Not Predicted,,0.0,0
2060000166,W,W,R,R,WWRR,EVEN,Not Predicted,,0.0,0
2060000167,R,R,W,W,RRWW,EVEN,Not Predicted,,0.0,0
2060000168,R,R,R,R,RRRR,EVEN,Not Predicted,,0.0,0
2060000169,R,R,W,R,RRWR,ODD,Not Predicted,,0.0,0
2060000170,R,R,W,W,RRWW,EVEN,Not Predicted,,0.0,0
2060000171,R,R,R,R,RRRR,EVEN,Not Predicted,,0.0,0
2060000172,R,W,R,W,RWRW,EVEN,Not Predicted,,0.0,0
2060000173,R,W,R,R,RWRR,ODD,Not Predicted,,0.0,0
2060000174,R,W,W,R,RWWR,EVEN,Not Predicted,,0.0,0
2060000175,W,W,W,W,WWWW,EVEN,Not Predicted,,0.0,0
2060000176,W,R,W,W,WRWW,ODD,Not Predicted,,0.0,0
2060000177,R,W,R,W,RWRW,EVEN,Not Predicted,,0.0,0
2060000178,R,W,W,R,RWWR,EVEN,Not Predicted,,0.0,0
2060000179,W,W,R,R,WWRR,EVEN,Not Predicted,,0.0,0
2060000180,W,W,R,W,WWRW,ODD,Not Predicted,,0.0,0
2060000181,W,W,W,R,WWWR,ODD,Not Predicted,,0.0,0
2060000182,R,R,W,R,RRWR,ODD,Not Predicted,,0.0,0
2060000183,R,R,R,W,RRRW,ODD,Not Predicted,,0.0,0
2060000184,R,R,W,R,RRWR,ODD,Not Predicted,,0.0,0
2060000185,R,R,R,W,RRRW,ODD,Not Predicted,,0.0,0
2060000186,W,W,R,R,WWRR,EVEN,Not Predicted,,0.0,0
2060000187,R,W,R,R,RWRR,ODD,Not Predicted,,0.0,0
2060000188,R,W,W,R,RWWR,EVEN,Not Predicted,,0.0,0
2060000189,R,R,R,W,RRRW,ODD,Not Predicted,,0.0,0
2060000190,R,R,R,R,RRRR,EVEN,Not Predicted,,0.0,0
2060000191,R,W,R,W,RWRW,EVEN,Not Predicted,,0.0,0
2060000192,R,W,W,W,RWWW,ODD,Not Predicted,,0.0,0
2060000193,R,R,R,R,RRRR,EVEN,Not Predicted,,0.0,0
2060000194,R,R,W,W,RRWW,EVEN,Not Predicted,,0.0,0
2060000195,W,R,R,W,WRRW,EVEN,Not Predicted,,0.0,0
2060000196,R,R,R,R,RRRR,EVEN,Not Predicted,,0.0,0
2060000197,R,W,R,W,RWRW,EVEN,Not Predicted,,0.0,0
2060000198,R,R,W,R,RRWR,ODD,Not Predicted,,0.0,0
2060000199,W,R,W,R,WRWR,EVEN,Not Predicted,,0.0,0
2060000200,W,W,R,W,WWRW,ODD,Not Predicted,,0.0,0
2060000201,W,W,W,R,WWWR,ODD,Not Predicted,,0.0,0
2060000202,W,W,R,R,WWRR,EVEN,Not Predicted,,0.0,0
2060000203,W,W,R,R,WWRR,EVEN,Not Predicted,,0.0,0
2060000204,W,R,W,W,WRWW,ODD,Not Predicted,,0.0,0
2060000205,R,R,R,W,RRRW,ODD,Not Predicted,,0.0,0
2060000206,R,R,W,W,RRWW,EVEN,Not Predicted,,0.0,0
2060000207,W,R,R,R,WRRR,ODD,Not Predicted,,0.0,0
2060000208,W,W,W,R,WWWR,ODD,Not Predicted,,0.0,0
2060000209,W,R,W,R,WRWR,EVEN,Not Predicted,,0.0,0
2060000210,W,W,W,R,WWWR,ODD,Not Predicted,,0.0,0
2060000211,R,W,R,R,RWRR,ODD,Not Predicted,,0.0,0
2060000212,R,R,R,R,RRRR,EVEN,Not Predicted,,0.0,0
2060000213,W,R,R,W,WRRW,EVEN,Not Predicted,,0.0,0
2060000214,W,R,W,R,WRWR,EVEN,Not Predicted,,0.0,0
2060000215,W,R,W,R,WRWR,EVEN,Not Predicted,,0.0,0
2060000216,R,W,W,W,RWWW,ODD,Not Predicted,,0.0,0
2060000217,R,W,R,R,RWRR,ODD,Not Predicted,,0.0,0
2060000218,R,W,R,W,RWRW,EVEN,Not Predicted,,0.0,0
2060000219,R,R,R,R,RRRR,EVEN,Not Predicted,,0.0,0
2060000220,R,W,W,W,RWWW,ODD,Not Predicted,,0.0,0
2060000221,W,R,R,R,WRRR,ODD,Not Predicted,,0.0,0
2060000222,R,R,R,R,RRRR,EVEN,Not Predicted,,0.0,0
2060000223,R,R,R,W,RRRW,ODD,Not Predicted,,0.0,0
2060000224,R,W,W,R,RWWR,EVEN,Not Predicted,,0.0,0
2060000225,W,R,R,R,WRRR,ODD,Not Predicted,,0.0,0
2060000226,W,R,W,W,WRWW,ODD,Not Predicted,,0.0,0
2060000227,W,R,W,W,WRWW,ODD,Not Predicted,,0.0,0
2060000228,W,R,R,W,WRRW,EVEN,Not Predicted,,0.0,0
2060000229,R,W,R,R,RWRR,ODD,Not Predicted,,0.0,0
2060000230,W,R,W,R,WRWR,EVEN,Not Predicted,,0.0,0
2060000231,W,R,R,R,WRRR,ODD,Not Predicted,,0.0,0
2060000232,W,W,W,W,WWWW,EVEN,Not Predicted,,0.0,0
2060000233,W,R,W,R,WRWR,EVEN,Not Predicted,,0.0,0
2060000234,W,R,W,R,WRWR,EVEN,Not Predicted,,0.0,0
2060000235,W,R,W,W,WRWW,ODD,Not Predicted,,0.0,0
2060000236,W,W,W,R,WWWR,ODD,Not Predicted,,0.0,0
2060000237,W,R,W,R,WRWR,EVEN,Not Predicted,,0.0,0
2060000238,R,W,W,W,RWWW,ODD,Not Predicted,,0.0,0
2060000239,W,R,R,W,WRRW,EVEN,Not Predicted,,0.0,0
2060000240,W,R,R,W,WRRW,EVEN,Not Predicted,,0.0,0
2060000241,R,R,W,W,RRWW,EVEN,Not Predicted,,0.0,0
2060000242,W,W,W,R,WWWR,ODD,Not Predicted,,0.0,0
2060000243,R,W,R,R,RWRR,ODD,Not Predicted,,0.0,0
2060000244,W,W,R,W,WWRW,ODD,Not Predicted,,0.0,0
2060000245,R,R,R,R,RRRR,EVEN,Not Predicted,,0.0,0
2060000246,R,W,R,R,RWRR,ODD,Not Predicted,,0.0,0
2060000247,R,R,W,W,RRWW,EVEN,Not Predicted,,0.0,0
2060000248,W,R,W,W,WRWW,ODD,Not Predicted,,0.0,0
2060000249,W,W,W,R,WWWR,ODD,Not Predicted,,0.0,0
2060000250,R,R,W,R,RRWR,ODD,Not Predicted,,0.0,0
2060000251,W,W,W,R,WWWR,ODD,Not Predicted,,0.0,0
2060000252,W,W,W,W,WWWW,EVEN,Not Predicted,,0.0,0
2060000253,W,R,R,R,WRRR,ODD,Not Predicted,,0.0,0
2060000254,W,R,R,W,WRRW,EVEN,Not Predicted,,0.0,0
2060000255,W,W,W,W,WWWW,EVEN,Not Predicted,,0.0,0
2060000256,W,W,W,W,WWWW,EVEN,Not Predicted,,0.0,0
2060000257,R,W,R,W,RWRW,EVEN,Not Predicted,,0.0,0
2060000258,W,R,W,W,WRWW,ODD,Not Predicted,,0.0,0
2060000259,R,R,W,W,RRWW,EVEN,Not Predicted,,0.0,0
2060000260,W,R,R,R,WRRR,ODD,Not Predicted,,0.0,0
2060000261,W,R,R,W,WRRW,EVEN,Not Predicted,,0.0,0
2060000262,W,W,R,R,WWRR,EVEN,Not Predicted,,0.0,0
2060000263,R,W,R,W,RWRW,EVEN,Not Predicted,,0.0,0
2060000264,W,W,W,W,WWWW,EVEN,Not Predicted,,0.0,0
2060000265,W,W,R,W,WWRW,ODD,Not Predicted,,0.0,0
2060000266,W,R,W,R,WRWR,EVEN,Not Predicted,,0.0,0
2060000267,R,R,W,W,RRWW,EVEN,Not Predicted,,0.0,0
2060000268,W,W,W,R,WWWR,ODD,Not Predicted,,0.0,0
2060000269,R,W,R,R,RWRR,ODD,Not Predicted,,0.0,0
2060000270,R,R,W,W,RRWW,EVEN,Not Predicted,,0.0,0
2060000271,R,R,W,R,RRWR,ODD,Not Predicted,,0.0,0
2060000272,R,R,W,W,RRWW,EVEN,Not Predicted,,0.0,0
2060000273,R,R,R,W,RRRW,ODD,Not Predicted,,0.0,0
2060000274,R,W,R,W,RWRW,EVEN,Not Predicted,,0.0,0
2060000275,R,R,R,R,RRRR,EVEN,Not Predicted,,0.0,0
2060000276,R,R,W,R,RRWR,ODD,Not Predicted,,0.0,0
2060000277,R,R,W,R,RRWR,ODD,Not Predicted,,0.0,0
2060000278,R,W,W,W,RWWW,ODD,Not Predicted,,0.0,0
2060000279,R,R,W,W,RRWW,EVEN,Not Predicted,,0.0,0
2060000280,W,R,R,W,WRRW,EVEN,Not Predicted,,0.0,0
2060000281,W,W,R,W,WWRW,ODD,Not Predicted,,0.0,0
2060000282,R,W,R,W,RWRW,EVEN,Not Predicted,,0.0,0
2060000283,W,R,W,W,WRWW,ODD,Not Predicted,,0.0,0
2060000284,W,W,R,W,WWRW,ODD,Not Predicted,,0.0,0
2060000285,W,W,W,W,WWWW,EVEN,Not Predicted,,0.0,0
2060000286,R,W,W,R,RWWR,EVEN,Not Predicted,,0.0,0
2060000287,R,R,R,W,RRRW,ODD,Not Predicted,,0.0,0
2060000288,W,R,R,W,WRRW,EVEN,Not Predicted,,0.0,0
2060000289,W,R,W,W,WRWW,ODD,Not Predicted,,0.0,0
2060000290,W,R,R,R,WRRR,ODD,Not Predicted,,0.0,0
2060000291,R,R,W,W,RRWW,EVEN,Not Predicted,,0.0,0
2060000292,R,W,R,W,RWRW,EVEN,Not Predicted,,0.0,0
2060000293,W,R,W,W,WRWW,ODD,Not Predicted,,0.0,0
2060000294,W,R,W,W,WRWW,ODD,Not Predicted,,0.0,0
2060000295,R,W,W,R,RWWR,EVEN,Not Predicted,,0.0,0
2060000296,W,W,R,R,WWRR,EVEN,Not Predicted,,0.0,0
2060000297,W,R,R,W,WRRW,EVEN,Not Predicted,,0.0,0
2060000298,R,R,R,R,RRRR,EVEN,Not Predicted,,0.0,0
2060000299,R,R,W,W,RRWW,EVEN,Not Predicted,,0.0,0
2060000300,W,R,W,R,WRWR,EVEN,Not Predicted,,0.0,0
2060000301,W,R,R,W,WRRW,EVEN,Not Predicted,,0.0,0
2060000302,W,R,R,R,WRRR,ODD,Not Predicted,,0.0,0
2060000303,W,R,W,W,WRWW,ODD,Not Predicted,,0.0,0
2060000304,W,W,R,R,WWRR,EVEN,Not Predicted,,0.0,0
2060000305,W,W,W,W,WWWW,EVEN,Not Predicted,,0.0,0
2060000306,W,W,R,W,WWRW,ODD,Not Predicted,,0.0,0
2060000307,R,W,W,R,RWWR,EVEN,Not Predicted,,0.0,0
2060000308,W,R,W,R,WRWR,EVEN,Not Predicted,,0.0,0
2060000309,R,W,R,W,RWRW,EVEN,Not Predicted,,0.0,0
2060000310,R,W,R,R,RWRR,ODD,Not Predicted,,0.0,0
2060000311,W,R,R,R,WRRR,ODD,Not Predicted,,0.0,0
2060000312,W,W,R,W,WWRW,ODD,Not Predicted,,0.0,0
2060000313,W,W,R,W,WWRW,ODD,Not Predicted,,0.0,0
2060000314,R,R,W,W,RRWW,EVEN,Not Predicted,,0.0,0
2060000315,W,R,R,W,WRRW,EVEN,Not Predicted,,0.0,0
2060000316,W,W,W,R,WWWR,ODD,Not Predicted,,0.0,0
2060000317,R,R,R,W,RRRW,ODD,Not Predicted,,0.0,0
2060000318,W,W,W,W,WWWW,EVEN,Not Predicted,,0.0,0
2060000319,W,R,W,W,WRWW,ODD,Not Predicted,,0.0,0
2060000320,R,R,W,R,RRWR,ODD,Not Predicted,,0.0,0
2060000321,W,W,W,R,WWWR,ODD,Not Predicted,,0.0,0
2060000322,R,R,W,R,RRWR,ODD,Not Predicted,,0.0,0
2060000323,W,W,W,R,WWWR,ODD,Not Predicted,,0.0,0
2060000324,R,R,W,W,RRWW,EVEN,Not Predicted,,0.0,0
2060000325,W,W,W,R,WWWR,ODD,Not Predicted,,0.0,0
2060000326,R,R,W,W,RRWW,EVEN,Not Predicted,,0.0,0
2060000327,R,W,R,R,RWRR,ODD,Not Predicted,,0.0,0
2060000328,W,R,W,R,WRWR,EVEN,Not Predicted,,0.0,0
2060000329,R,W,W,W,RWWW,ODD,Not Predicted,,0.0,0
2060000330,W,R,R,W,WRRW,EVEN,Not Predicted,,0.0,0
2060000331,R,W,W,R,RWWR,EVEN,Not Predicted,,0.0,0
2060000332,W,R,R,R,WRRR,ODD,Not Predicted,,0.0,0
2060000333,W,R,R,W,WRRW,EVEN,Not Predicted,,0.0,0
2060000334,W,R,R,W,WRRW,EVEN,Not Predicted,,0.0,0
2060000335,R,R,W,R,RRWR,ODD,Not Predicted,,0.0,0
2060000336,W,W,R,R,WWRR,EVEN,Not Predicted,,0.0,0
2060000337,W,W,W,R,WWWR,ODD,Not Predicted,,0.0,0
2060000338,W,R,W,W,WRWW,ODD,Not Predicted,,0.0,0
2060000339,R,R,R,W,RRRW,ODD,Not Predicted,,0.0,0
2060000340,W,R,R,R,WRRR,ODD,Not Predicted,,0.0,0
2060000341,R,W,W,W,RWWW,ODD,Not Predicted,,0.0,0
2060000342,R,W,R,W,RWRW,EVEN,Not Predicted,,0.0,0
2060000343,W,W,R,R,WWRR,EVEN,Not Predicted,,0.0,0
2060000344,R,R,W,R,RRWR,ODD,Not Predicted,,0.0,0
2060000345,R,R,R,R,RRRR,EVEN,Not Predicted,,0.0,0
2060000346,W,R,R,W,WRRW,EVEN,Not Predicted,,0.0,0
2060000347,R,W,W,W,RWWW,ODD,Not Predicted,,0.0,0
2060000348,W,W,R,R,WWRR,EVEN,Not Predicted,,0.0,0
2060000349,W,W,R,R,WWRR,EVEN,Not Predicted,,0.0,0
2060000350,R,W,W,W,RWWW,ODD,Not Predicted,,0.0,0
2060000351,R,W,R,W,RWRW,EVEN,Not Predicted,,0.0,0
2060000352,R,R,R,R,RRRR,EVEN,Not Predicted,,0.0,0
2060000353,R,R,R,R,RRRR,EVEN,Not Predicted,,0.0,0
2060000354,R,R,R,R,RRRR,EVEN,Not Predicted,,0.0,0
2060000355,R,R,W,R,RRWR,ODD,Not Predicted,,0.0,0
2060000356,R,W,W,R,RWWR,EVEN,Not Predicted,,0.0,0
2060000357,W,R,W,R,WRWR,EVEN,Not Predicted,,0.0,0
2060000358,W,R,W,W,WRWW,ODD,Not Predicted,,0.0,0
2060000359,W,R,W,W,WRWW,ODD,Not Predicted,,0.0,0
2060000360,W,W,W,R,WWWR,ODD,Not Predicted,,0.0,0
2060000361,W,W,R,W,WWRW,ODD,Not Predicted,,0.0,0
2060000362,W,R,W,R,WRWR,EVEN,Not Predicted,,0.0,0
2060000363,W,R,R,R,WRRR,ODD,Not Predicted,,0.0,0
2060000364,R,R,R,R,RRRR,EVEN,Not Predicted,,0.0,0
2060000365,W,R,W,W,WRWW,ODD,Not Predicted,,0.0,0
2060000366,W,W,R,R,WWRR,EVEN,Not Predicted,,0.0,0
2060000367,W,R,R,R,WRRR,ODD,Not Predicted,,0.0,0
2060000368,R,R,W,W,RRWW,EVEN,Not Predicted,,0.0,0
2060000369,R,W,R,R,RWRR,ODD,Not Predicted,,0.0,0
2060000370,R,R,R,R,RRRR,EVEN,Not Predicted,,0.0,0
2060000371,R,W,R,W,RWRW,EVEN,Not Predicted,,0.0,0
2060000372,R,R,R,W,RRRW,ODD,Not Predicted,,0.0,0
2060000373,W,W,R,W,WWRW,ODD,Not Predicted,,0.0,0
2060000374,W,R,R,W,WRRW,EVEN,Not Predicted,,0.0,0
2060000375,R,R,W,R,RRWR,ODD,Not Predicted,,0.0,0
2060000376,R,R,R,R,RRRR,EVEN,Not Predicted,,0.0,0
2060000377,R,R,R,R,RRRR,EVEN,Not Predicted,,0.0,0
2060000378,R,W,R,W,RWRW,EVEN,Not Predicted,,0.0,0
2060000379,W,W,R,W,WWRW,ODD,Not Predicted,,0.0,0
2060000380,R,R,W,R,RRWR,ODD,Not Predicted,,0.0,0
2060000381,R,R,W,R,RRWR,ODD,Not Predicted,,0.0,0
2060000382,W,R,R,R,WRRR,ODD,Not Predicted,,0.0,0
2060000383,W,R,R,W,WRRW,EVEN,Not Predicted,,0.0,0
2060000384,W,R,R,R,WRRR,ODD,Not Predicted,,0.0,0
2060000385,W,R,R,R,WRRR,ODD,Not Predicted,,0.0,0
2060000386,W,W,R,R,WWRR,EVEN,Not Predicted,,0.0,0
2060000387,W,R,W,R,WRWR,EVEN,Not Predicted,,0.0,0
2060000388,W,R,R,W,WRRW,EVEN,Not Predicted,,0.0,0
2060000389,R,R,W,R,RRWR,ODD,Not Predicted,,0.0,0
2060000390,W,R,R,W,WRRW,EVEN,Not Predicted,,0.0,0
2060000391,W,R,W,W,WRWW,ODD,Not Predicted,,0.0,0
2060000392,R,W,R,W,RWRW,EVEN,Not Predicted,,0.0,0
2060000393,W,R,W,W,WRWW,ODD,Not Predicted,,0.0,0
2060000394,R,R,W,R,RRWR,ODD,Not Predicted,,0.0,0
2060000395,R,W,R,W,RWRW,EVEN,Not Predicted,,0.0,0
2060000396,W,R,R,W,WRRW,EVEN,Not Predicted,,0.0,0
2060000397,R,W,W,R,RWWR,EVEN,Not Predicted,,0.0,0
2060000398,W,R,R,W,WRRW,EVEN,Not Predicted,,0.0,0
2060000399,R,R,W,R,RRWR,ODD,Not Predicted,,0.0,0
2060000400,R,W,R,R,RWRR,ODD,Not Predicted,,0.0,0
2060000401,W,W,R,W,WWRW,ODD,Not Predicted,,0.0,0
2060000402,R,R,W,W,RRWW,EVEN,Not Predicted,,0.0,0
2060000403,W,W,R,R,WWRR,EVEN,Not Predicted,,0.0,0
2060000404,W,W,R,R,WWRR,EVEN,Not Predicted,,0.0,0
2060000405,R,R,W,R,RRWR,ODD,Not Predicted,,0.0,0
2060000406,R,W,W,R,RWWR,EVEN,Not Predicted,,0.0,0
2060000407,R,W,R,R,RWRR,ODD,Not Predicted,,0.0,0
2060000408,R,R,W,R,RRWR,ODD,Not Predicted,,0.0,0
2060000409,R,W,R,R,RWRR,ODD,Not Predicted,,0.0,0
2060000410,W,W,W,W,WWWW,EVEN,Not Predicted,,0.0,0
2060000411,R,R,R,W,RRRW,ODD,Not Predicted,,0.0,0
2060000412,W,W,W,R,WWWR,ODD,Not Predicted,,0.0,0
2060000413,W,W,W,R,WWWR,ODD,Not Predicted,,0.0,0
2060000414,R,R,R,W,RRRW,ODD,Not Predicted,,0.0,0
2060000415,W,W,W,R,WWWR,ODD,Not Predicted,,0.0,0
2060000416,R,R,W,R,RRWR,ODD,Not Predicted,,0.0,0
2060000417,W,R,R,R,WRRR,ODD,Not Predicted,,0.0,0
2060000418,W,W,R,W,WWRW,ODD,Not Predicted,,0.0,0
2060000419,R,R,W,R,RRWR,ODD,Not Predicted,,0.0,0
2060000420,W,R,R,R,WRRR,ODD,Not Predicted,,0.0,0
2060000421,W,R,R,W,WRRW,EVEN,Not Predicted,,0.0,0
2060000422,W,R,W,W,WRWW,ODD,Not Predicted,,0.0,0
2060000423,R,R,W,R,RRWR,ODD,Not Predicted,,0.0,0
2060000424,W,R,R,R,WRRR,ODD,Not Predicted,,0.0,0
2060000425,W,W,R,W,WWRW,ODD,Not Predicted,,0.0,0
2060000426,W,W,W,R,WWWR,ODD,Not Predicted,,0.0,0
2060000427,W,R,R,W,WRRW,EVEN,Not Predicted,,0.0,0
2060000428,W,R,W,W,WRWW,ODD,Not Predicted,,0.0,0
2060000429,W,W,R,W,WWRW,ODD,Not Predicted,,0.0,0
2060000430,R,W,R,R,RWRR,ODD,Not Predicted,,0.0,0
2060000431,W,W,R,W,WWRW,ODD,Not Predicted,,0.0,0
2060000432,R,R,R,R,RRRR,EVEN,Not Predicted,,0.0,0
2060000433,W,R,R,R,WRRR,ODD,Not Predicted,,0.0,0
2060000434,W,R,W,W,WRWW,ODD,Not Predicted,,0.0,0
2060000435,W,R,W,R,WRWR,EVEN,Not Predicted,,0.0,0
2060000436,W,R,W,R,WRWR,EVEN,Not Predicted,,0.0,0
2060000437,R,R,R,R,RRRR,EVEN,Not Predicted,,0.0,0
2060000438,R,W,W,R,RWWR,EVEN,Not Predicted,,0.0,0
2060000439,R,R,R,R,RRRR,EVEN,Not Predicted,,0.0,0
2060000440,R,W,W,W,RWWW,ODD,Not Predicted,,0.0,0
2060000441,W,R,R,W,WRRW,EVEN,Not Predicted,,0.0,0
2060000442,R,R,W,R,RRWR,ODD,Not Predicted,,0.0,0
2060000443,W,R,W,W,WRWW,ODD,Not Predicted,,0.0,0
2060000444,R,W,R,W,RWRW,EVEN,Not Predicted,,0.0,0
2060000445,R,W,W,W,RWWW,ODD,Not Predicted,,0.0,0
2060000446,W,R,R,R,WRRR,ODD,Not Predicted,,0.0,0
2060000447,W,W,W,W,WWWW,EVEN,Not Predicted,,0.0,0
2060000448,W,R,W,R,WRWR,EVEN,Not Predicted,,0.0,0
2060000449,R,R,W,R,RRWR,ODD,Not Predicted,,0.0,0
2060000450,W,R,R,W,WRRW,EVEN,Not Predicted,,0.0,0
2060000451,R,W,R,W,RWRW,EVEN,Not Predicted,,0.0,0
2060000452,R,R,W,W,RRWW,EVEN,Not Predicted,,0.0,0
2060000453,W,W,W,R,WWWR,ODD,Not Predicted,,0.0,0
2060000454,R,R,W,R,RRWR,ODD,Not Predicted,,0.0,0
2060000455,R,R,R,W,RRRW,ODD,Not Predicted,,0.0,0
2060000456,W,W,W,W,WWWW,EVEN,Not Predicted,,0.0,0
2060000457,R,W,R,W,RWRW,EVEN,Not Predicted,,0.0,0
2060000458,W,R,R,W,WRRW,EVEN,Not Predicted,,0.0,0
2060000459,R,R,W,W,RRWW,EVEN,Not Predicted,,0.0,0
2060000460,R,W,R,W,RWRW,EVEN,Not Predicted,,0.0,0
2060000461,R,R,R,R,RRRR,EVEN,Not Predicted,,0.0,0
2060000462,R,R,R,W,RRRW,ODD,Not Predicted,,0.0,0
2060000463,R,W,R,R,RWRR,ODD,Not Predicted,,0.0,0
2060000464,W,R,R,W,WRRW,EVEN,Not Predicted,,0.0,0
2060000465,R,W,R,W,RWRW,EVEN,Not Predicted,,0.0,0
2060000466,R,W,R,W,RWRW,EVEN,Not Predicted,,0.0,0
2060000467,R,W,W,W,RWWW,ODD,Not Predicted,,0.0,0
2060000468,R,W,R,R,RWRR,ODD,Not Predicted,,0.0,0
2060000469,R,W,W,W,RWWW,ODD,Not Predicted,,0.0,0
2060000470,R,R,W,W,RRWW,EVEN,Not Predicted,,0.0,0
2060000471,W,W,W,R,WWWR,ODD,Not Predicted,,0.0,0
2060000472,R,W,R,R,RWRR,ODD,Not Predicted,,0.0,0
2060000473,W,R,R,W,WRRW,EVEN,Not Predicted,,0.0,0
2060000474,W,W,W,R,WWWR,ODD,Not Predicted,,0.0,0
2060000475,R,R,W,W,RRWW,EVEN,Not Predicted,,0.0,0
2060000476,R,R,W,W,RRWW,EVEN,Not Predicted,,0.0,0
2060000477,W,W,R,W,WWRW,ODD,Not Predicted,,0.0,0
2060000478,W,W,R,R,WWRR,EVEN,Not Predicted,,0.0,0
2060000479,R,W,R,R,RWRR,ODD,Not Predicted,,0.0,0
2060000480,R,R,W,W,RRWW,EVEN,Not Predicted,,0.0,0
2060100001,R,R,R,W,RRRW,ODD,Not Predicted,,0.0,0
2060100002,R,W,W,R,RWWR,EVEN,Not Predicted,,0.0,0
2060100003,R,W,W,R,RWWR,EVEN,Not Predicted,,0.0,0
2060100004,R,R,W,R,RRWR,ODD,Not Predicted,,0.0,0
2060100005,W,R,W,W,WRWW,ODD,Not Predicted,,0.0,0
2060100006,R,R,W,R,RRWR,ODD,Not Predicted,,0.0,0
2060100007,R,W,W,R,RWWR,EVEN,Not Predicted,,0.0,0
2060100008,R,W,W,W,RWWW,ODD,Not Predicted,,0.0,0
2060100009,R,W,W,W,RWWW,ODD,Not Predicted,,0.0,0
2060100010,R,W,R,R,RWRR,ODD,Not Predicted,,0.0,0
2060100011,R,W,R,R,RWRR,ODD,Not Predicted,,0.0,0
2060100012,W,R,R,R,WRRR,ODD,Not Predicted,,0.0,0
2060100013,W,R,W,W,WRWW,ODD,Not Predicted,,0.0,0
2060100014,W,R,W,W,WRWW,ODD,Not Predicted,,0.0,0
2060100015,W,R,W,R,WRWR,EVEN,Not Predicted,,0.0,0
2060100016,W,W,W,R,WWWR,ODD,Not Predicted,,0.0,0
2060100017,W,W,R,W,WWRW,ODD,Not Predicted,,0.0,0
2060100018,R,R,W,W,RRWW,EVEN,Not Predicted,,0.0,0
2060100019,R,R,R,R,RRRR,EVEN,Not Predicted,,0.0,0
2060100020,R,R,W,W,RRWW,EVEN,Not Predicted,,0.0,0
2060100021,W,R,R,R,WRRR,ODD,Not Predicted,,0.0,0
2060100022,W,R,W,W,WRWW,ODD,Not Predicted,,0.0,0
2060100023,R,W,R,W,RWRW,EVEN,Not Predicted,,0.0,0
2060100024,R,R,R,W,RRRW,ODD,Not Predicted,,0.0,0
2060100025,R,R,W,W,RRWW,EVEN,Not Predicted,,0.0,0
2060100026,R,R,R,W,RRRW,ODD,Not Predicted,,0.0,0
2060100027,R,W,W,W,RWWW,ODD,Not Predicted,,0.0,0
2060100028,W,W,R,W,WWRW,ODD,Not Predicted,,0.0,0
2060100029,W,W,R,W,WWRW,ODD,Not Predicted,,0.0,0
2060100030,W,R,R,R,WRRR,ODD,Not Predicted,,0.0,0
2060100031,R,R,R,R,RRRR,EVEN,Not Predicted,,0.0,0
2060100032,R,W,W,R,RWWR,EVEN,Not Predicted,,0.0,0
2060100033,W,R,W,R,WRWR,EVEN,Not Predicted,,0.0,0
2060100034,W,W,W,W,WWWW,EVEN,Not Predicted,,0.0,0
2060100035,R,W,W,W,RWWW,ODD,Not Predicted,,0.0,0
2060100036,W,R,W,W,WRWW,ODD,Not Predicted,,0.0,0
2060100037,R,W,W,W,RWWW,ODD,Not Predicted,,0.0,0
2060100038,W,W,R,R,WWRR,EVEN,Not Predicted,,0.0,0
2060100039,W,W,W,R,WWWR,ODD,Not Predicted,,0.0,0
2060100040,W,W,R,W,WWRW,ODD,Not Predicted,,0.0,0
2060100041,W,R,W,W,WRWW,ODD,Not Predicted,,0.0,0
2060100042,W,W,R,R,WWRR,EVEN,Not Predicted,,0.0,0
2060100043,W,R,W,R,WRWR,EVEN,Not Predicted,,0.0,0
2060100044,R,R,W,W,RRWW,EVEN,Not Predicted,,0.0,0
2060100045,R,W,W,R,RWWR,EVEN,Not Predicted,,0.0,0
2060100046,W,W,R,W,WWRW,ODD,Not Predicted,,0.0,0
2060100047,R,R,W,R,RRWR,ODD,Not Predicted,,0.0,0
2060100048,R,R,R,R,RRRR,EVEN,Not Predicted,,0.0,0
2060100049,R,W,W,W,RWWW,ODD,Not Predicted,,0.0,0
2060100050,W,R,W,W,WRWW,ODD,Not Predicted,,0.0,0
2060100051,R,R,W,R,RRWR,ODD,Not Predicted,,0.0,0
2060100052,W,W,R,W,WWRW,ODD,Not Predicted,,0.0,0
2060100053,W,R,W,R,WRWR,EVEN,Not Predicted,,0.0,0
2060100054,W,R,W,R,WRWR,EVEN,Not Predicted,,0.0,0
2060100055,W,R,W,R,WRWR,EVEN,Not Predicted,,0.0,0
2060100056,W,R,R,W,WRRW,EVEN,Not Predicted,,0.0,0
2060100057,R,W,W,W,RWWW,ODD,Not Predicted,,0.0,0
2060100058,W,R,W,R,WRWR,EVEN,Not Predicted,,0.0,0
2060100059,R,W,W,W,RWWW,ODD,Not Predicted,,0.0,0
2060100060,W,W,R,W,WWRW,ODD,Not Predicted,,0.0,0
2060100061,W,R,R,R,WRRR,ODD,Not Predicted,,0.0,0
2060100062,R,R,W,R,RRWR,ODD,Not Predicted,,0.0,0
2060100063,W,W,R,R,WWRR,EVEN,Not Predicted,,0.0,0
2060100064,W,W,W,W,WWWW,EVEN,Not Predicted,,0.0,0
2060100065,R,R,W,W,RRWW,EVEN,Not Predicted,,0.0,0
2060100066,R,R,W,R,RRWR,ODD,Not Predicted,,0.0,0
2060100067,R,R,R,R,RRRR,EVEN,Not Predicted,,0.0,0
2060100068,R,R,R,W,RRRW,ODD,Not Predicted,,0.0,0
2060100069,R,R,W,R,RRWR,ODD,Not Predicted,,0.0,0
2060100070,R,W,W,R,RWWR,EVEN,Not Predicted,,0.0,0
2060100071,R,W,R,W,RWRW,EVEN,Not Predicted,,0.0,0
2060100072,W,R,R,W,WRRW,EVEN,Not Predicted,,0.0,0
2060100073,W,R,R,R,WRRR,ODD,Not Predicted,,0.0,0
2060100074,W,W,R,R,WWRR,EVEN,Not Predicted,,0.0,0
2060100075,W,W,W,W,WWWW,EVEN,Not Predicted,,0.0,0
2060100076,W,W,W,R,WWWR,ODD,Not Predicted,,0.0,0
2060100077,W,R,W,W,WRWW,ODD,Not Predicted,,0.0,0
2060100078,W,W,R,W,WWRW,ODD,Not Predicted,,0.0,0
2060100079,R,R,R,W,RRRW,ODD,Not Predicted,,0.0,0
2060100080,W,R,W,W,WRWW,ODD,Not Predicted,,0.0,0
2060100081,R,W,R,W,RWRW,EVEN,Not Predicted,,0.0,0
2060100082,W,R,R,W,WRRW,EVEN,Not Predicted,,0.0,0
2060100083,R,R,R,R,RRRR,EVEN,Not Predicted,,0.0,0
2060100084,R,W,R,R,RWRR,ODD,Not Predicted,,0.0,0
2060100085,R,W,W,R,RWWR,EVEN,Not Predicted,,0.0,0
2060100086,R,R,R,R,RRRR,EVEN,Not Predicted,,0.0,0
2060100087,R,R,W,R,RRWR,ODD,Not Predicted,,0.0,0
2060100088,W,R,W,R,WRWR,EVEN,Not Predicted,,0.0,0
2060100089,R,R,W,W,RRWW,EVEN,Not Predicted,,0.0,0
2060100090,W,R,W,W,WRWW,ODD,Not Predicted,,0.0,0
2060100091,W,R,R,R,WRRR,ODD,Not Predicted,,0.0,0
2060100092,W,W,W,R,WWWR,ODD,Not Predicted,,0.0,0
2060100093,W,W,W,W,WWWW,EVEN,Not Predicted,,0.0,0
2060100094,W,W,R,W,WWRW,ODD,Not Predicted,,0.0,0
2060100095,W,W,W,W,WWWW,EVEN,Not Predicted,,0.0,0
2060100096,W,R,W,R,WRWR,EVEN,Not Predicted,,0.0,0
2060100097,W,R,R,W,WRRW,EVEN,Not Predicted,,0.0,0
2060100098,W,W,W,R,WWWR,ODD,Not Predicted,,0.0,0
2060100099,R,R,W,W,RRWW,EVEN,Not Predicted,,0.0,0
2060100100,R,W,R,R,RWRR,ODD,Not Predicted,,0.0,0
2060100101,R,R,W,W,RRWW,EVEN,Not Predicted,,0.0,0
2060100102,W,R,R,W,WRRW,EVEN,Not Predicted,,0.0,0
2060100103,W,W,R,R,WWRR,EVEN,Not Predicted,,0.0,0
2060100104,W,R,R,W,WRRW,EVEN,Not Predicted,,0.0,0
2060100105,R,W,R,R,RWRR,ODD,Not Predicted,,0.0,0
2060100106,W,R,R,R,WRRR,ODD,Not Predicted,,0.0,0
2060100107,R,W,W,R,RWWR,EVEN,Not Predicted,,0.0,0
2060100108,W,R,W,W,WRWW,ODD,Not Predicted,,0.0,0
2060100109,R,R,W,R,RRWR,ODD,Not Predicted,,0.0,0
2060100110,R,W,R,W,RWRW,EVEN,Not Predicted,,0.0,0
2060100111,R,R,W,R,RRWR,ODD,Not Predicted,,0.0,0
2060100112,W,W,R,W,WWRW,ODD,Not Predicted,,0.0,0
2060100113,R,R,W,R,RRWR,ODD,Not Predicted,,0.0,0
2060100114,W,R,R,W,WRRW,EVEN,Not Predicted,,0.0,0
2060100115,W,W,W,W,WWWW,EVEN,Not Predicted,,0.0,0
2060100116,R,W,R,W,RWRW,EVEN,Not Predicted,,0.0,0
2060100117,R,W,R,W,RWRW,EVEN,Not Predicted,,0.0,0
2060100118,R,W,W,W,RWWW,ODD,Not Predicted,,0.0,0
2060100119,W,W,R,W,WWRW,ODD,Not Predicted,,0.0,0
2060100120,R,W,W,W,RWWW,ODD,Not Predicted,,0.0,0
2060100121,W,W,W,W,WWWW,EVEN,Not Predicted,,0.0,0
2060100122,W,W,W,W,WWWW,EVEN,Not Predicted,,0.0,0
2060100123,R,R,R,R,RRRR,EVEN,Not Predicted,,0.0,0
2060100124,R,R,R,W,RRRW,ODD,Not Predicted,,0.0,0
2060100125,W,W,R,R,WWRR,EVEN,Not Predicted,,0.0,0
2060100126,R,W,R,W,RWRW,EVEN,Not Predicted,,0.0,0
2060100127,R,W,R,R,RWRR,ODD,Not Predicted,,0.0,0
2060100128,W,R,R,W,WRRW,EVEN,Not Predicted,,0.0,0
2060100129,R,R,R,W,RRRW,ODD,Not Predicted,,0.0,0
2060100130,R,R,R,R,RRRR,EVEN,Not Predicted,,0.0,0
2060100131,R,R,R,W,RRRW,ODD,Not Predicted,,0.0,0
2060100132,R,R,W,R,RRWR,ODD,Not Predicted,,0.0,0
2060100133,R,R,W,R,RRWR,ODD,Not Predicted,,0.0,0
2060100134,R,R,R,R,RRRR,EVEN,Not Predicted,,0.0,0
2060100135,R,R,W,R,RRWR,ODD,Not Predicted,,0.0,0
2060100136,R,R,W,R,RRWR,ODD,Not Predicted,,0.0,0
2060100137,R,R,W,W,RRWW,EVEN,Not Predicted,,0.0,0
2060100138,R,W,W,R,RWWR,EVEN,Not Predicted,,0.0,0
2060100139,R,R,W,R,RRWR,ODD,Not Predicted,,0.0,0
2060100140,R,W,R,R,RWRR,ODD,Not Predicted,,0.0,0
2060100141,R,W,W,R,RWWR,EVEN,Not Predicted,,0.0,0
2060100142,W,R,W,W,WRWW,ODD,Not Predicted,,0.0,0
2060100143,W,R,R,W,WRRW,EVEN,Not Predicted,,0.0,0
2060100144,R,R,R,R,RRRR,EVEN,Not Predicted,,0.0,0
2060100145,R,W,W,R,RWWR,EVEN,Not Predicted,,0.0,0
2060100146,W,R,R,R,WRRR,ODD,Not Predicted,,0.0,0
2060100147,R,W,R,R,RWRR,ODD,Not Predicted,,0.0,0
2060100148,W,R,R,W,WRRW,EVEN,Not Predicted,,0.0,0
2060100149,R,W,R,W,RWRW,EVEN,Not Predicted,,0.0,0
2060100150,R,R,W,R,RRWR,ODD,Not Predicted,,0.0,0
2060100151,R,R,W,R,RRWR,ODD,Not Predicted,,0.0,0
2060100152,R,W,R,R,RWRR,ODD,Not Predicted,,0.0,0
2060100153,R,R,R,R,RRRR,EVEN,Not Predicted,,0.0,0
2060100154,R,R,R,R,RRRR,EVEN,Not Predicted,,0.0,0
2060100155,R,R,R,R,RRRR,EVEN,Not Predicted,,0.0,0
2060100156,W,R,W,R,WRWR,EVEN,Not Predicted,,0.0,0
2060100157,R,R,R,W,RRRW,ODD,Not Predicted,,0.0,0
2060100158,W,R,R,R,WRRR,ODD,Not Predicted,,0.0,0
2060100159,W,R,W,R,WRWR,EVEN,Not Predicted,,0.0,0
2060100160,W,W,W,R,WWWR,ODD,Not Predicted,,0.0,0
2060100161,R,R,W,W,RRWW,EVEN,Not Predicted,,0.0,0
2060100162,R,R,R,R,RRRR,EVEN,Not Predicted,,0.0,0
2060100163,R,W,W,W,RWWW,ODD,Not Predicted,,0.0,0
2060100164,R,R,R,R,RRRR,EVEN,Not Predicted,,0.0,0
2060100165,R,R,R,W,RRRW,ODD,Not Predicted,,0.0,0
2060100166,W,W,R,R,WWRR,EVEN,Not Predicted,,0.0,0
2060100167,W,W,W,W,WWWW,EVEN,Not Predicted,,0.0,0
2060100168,R,R,W,R,RRWR,ODD,Not Predicted,,0.0,0
2060100169,W,W,R,W,WWRW,ODD,Not Predicted,,0.0,0
2060100170,W,W,W,W,WWWW,EVEN,Not Predicted,,0.0,0
2060100171,R,W,W,W,RWWW,ODD,Not Predicted,,0.0,0
2060100172,R,W,W,W,RWWW,ODD,Not Predicted,,0.0,0
2060100173,W,W,W,W,WWWW,EVEN,Not Predicted,,0.0,0
2060100174,R,R,W,W,RRWW,EVEN,Not Predicted,,0.0,0
2060100175,R,W,R,W,RWRW,EVEN,Not Predicted,,0.0,0
2060100176,R,W,W,W,RWWW,ODD,Not Predicted,,0.0,0
2060100177,R,R,W,R,RRWR,ODD,Not Predicted,,0.0,0
2060100178,W,R,R,R,WRRR,ODD,Not Predicted,,0.0,0
2060100179,R,R,R,W,RRRW,ODD,Not Predicted,,0.0,0
2060100180,W,R,W,W,WRWW,ODD,Not Predicted,,0.0,0
2060100181,R,R,R,R,RRRR,EVEN,Not Predicted,,0.0,0
2060100182,W,R,R,W,WRRW,EVEN,Not Predicted,,0.0,0
2060100183,R,R,R,R,RRRR,EVEN,Not Predicted,,0.0,0
2060100184,W,R,W,W,WRWW,ODD,Not Predicted,,0.0,0
2060100185,W,W,R,W,WWRW,ODD,Not Predicted,,0.0,0
2060100186,W,W,W,W,WWWW,EVEN,Not Predicted,,0.0,0
2060100187,W,R,W,R,WRWR,EVEN,Not Predicted,,0.0,0
2060100188,W,R,R,W,WRRW,EVEN,Not Predicted,,0.0,0
2060100189,R,W,R,R,RWRR,ODD,Not Predicted,,0.0,0
2060100190,R,R,W,R,RRWR,ODD,Not Predicted,,0.0,0
2060100191,R,R,W,W,RRWW,EVEN,Not Predicted,,0.0,0
2060100192,W,R,W,R,WRWR,EVEN,Not Predicted,,0.0,0
2060100193,R,R,W,R,RRWR,ODD,Not Predicted,,0.0,0
2060100194,R,W,W,W,RWWW,ODD,Not Predicted,,0.0,0
2060100195,W,R,W,R,WRWR,EVEN,Not Predicted,,0.0,0
2060100196,W,W,R,W,WWRW,ODD,Not Predicted,,0.0,0
2060100197,R,R,W,R,RRWR,ODD,Not Predicted,,0.0,0
2060100198,W,W,W,R,WWWR,ODD,Not Predicted,,0.0,0
2060100199,R,R,W,W,RRWW,EVEN,Not Predicted,,0.0,0
2060100200,R,R,R,W,RRRW,ODD,Not Predicted,,0.0,0
2060100201,W,R,R,R,WRRR,ODD,Not Predicted,,0.0,0
2060100202,R,W,W,W,RWWW,ODD,Not Predicted,,0.0,0
2060100203,W,R,R,R,WRRR,ODD,Not Predicted,,0.0,0
2060100204,W,R,R,R,WRRR,ODD,Not Predicted,,0.0,0
2060100205,W,R,W,W,WRWW,ODD,Not Predicted,,0.0,0
2060100206,W,R,R,R,WRRR,ODD,Not Predicted,,0.0,0
2060100207,W,W,R,R,WWRR,EVEN,Not Predicted,,0.0,0
2060100208,W,W,W,W,WWWW,EVEN,Not Predicted,,0.0,0
2060100209,W,R,W,W,WRWW,ODD,Not Predicted,,0.0,0
2060100210,R,R,R,R,RRRR,EVEN,Not Predicted,,0.0,0
2060100211,R,R,W,R,RRWR,ODD,Not Predicted,,0.0,0
2060100212,R,R,W,R,RRWR,ODD,Not Predicted,,0.0,0
2060100213,R,R,W,W,RRWW,EVEN,Not Predicted,,0.0,0
2060100214,W,R,W,R,WRWR,EVEN,Not Predicted,,0.0,0
2060100215,W,W,W,R,WWWR,ODD,Not Predicted,,0.0,0
2060100216,W,R,R,R,WRRR,ODD,Not Predicted,,0.0,0
2060100217,R,W,W,W,RWWW,ODD,Not Predicted,,0.0,0
2060100218,W,W,W,W,WWWW,EVEN,Not Predicted,,0.0,0
2060100219,W,W,W,R,WWWR,ODD,Not Predicted,,0.0,0
2060100220,W,R,R,W,WRRW,EVEN,Not Predicted,,0.0,0
2060100221,R,W,W,W,RWWW,ODD,Not Predicted,,0.0,0
2060100222,R,R,W,W,RRWW,EVEN,Not Predicted,,0.0,0
2060100223,W,R,R,W,WRRW,EVEN,Not Predicted,,0.0,0
2060100224,R,R,W,R,RRWR,ODD,Not Predicted,,0.0,0
2060100225,R,R,W,R,RRWR,ODD,Not Predicted,,0.0,0
2060100226,R,R,W,W,RRWW,EVEN,Not Predicted,,0.0,0
2060100227,W,W,R,W,WWRW,ODD,Not Predicted,,0.0,0
2060100228,W,R,W,W,WRWW,ODD,Not Predicted,,0.0,0
2060100229,W,W,R,R,WWRR,EVEN,Not Predicted,,0.0,0
2060100230,W,W,R,R,WWRR,EVEN,Not Predicted,,0.0,0
2060100231,R,R,R,R,RRRR,EVEN,Not Predicted,,0.0,0
2060100232,R,W,W,R,RWWR,EVEN,Not Predicted,,0.0,0
2060100233,R,R,R,R,RRRR,EVEN,Not Predicted,,0.0,0
2060100234,R,W,R,R,RWRR,ODD,Not Predicted,,0.0,0
2060100235,R,R,R,R,RRRR,EVEN,Not Predicted,,0.0,0
2060100236,R,W,W,R,RWWR,EVEN,Not Predicted,,0.0,0
2060100237,W,R,W,W,WRWW,ODD,Not Predicted,,0.0,0
2060100238,W,W,W,R,WWWR,ODD,Not Predicted,,0.0,0
2060100239,R,W,W,W,RWWW,ODD,Not Predicted,,0.0,0
2060100240,W,W,W,R,WWWR,ODD,Not Predicted,,0.0,0
2060100241,R,W,R,R,RWRR,ODD,Not Predicted,,0.0,0
2060100242,R,R,W,R,RRWR,ODD,Not Predicted,,0.0,0
2060100243,R,R,R,W,RRRW,ODD,Not Predicted,,0.0,0
2060100244,R,R,W,R,RRWR,ODD,Not Predicted,,0.0,0
2060100245,R,W,W,R,RWWR,EVEN,Not Predicted,,0.0,0
2060100246,R,R,W,W,RRWW,EVEN,Not Predicted,,0.0,0
2060100247,W,R,W,W,WRWW,ODD,Not Predicted,,0.0,0
2060100248,W,W,W,R,WWWR,ODD,Not Predicted,,0.0,0
2060100249,R,W,W,W,RWWW,ODD,Not Predicted,,0.0,0
2060100250,W,R,W,R,WRWR,EVEN,Not Predicted,,0.0,0
2060100251,W,R,R,R,WRRR,ODD,Not Predicted,,0.0,0
2060100252,R,R,W,W,RRWW,EVEN,Not Predicted,,0.0,0
2060100253,R,W,W,W,RWWW,ODD,Not Predicted,,0.0,0
2060100254,W,R,W,R,WRWR,EVEN,Not Predicted,,0.0,0
2060100255,R,R,R,W,RRRW,ODD,Not Predicted,,0.0,0
2060100256,W,W,W,W,WWWW,EVEN,Not Predicted,,0.0,0
2060100257,W,R,R,W,WRRW,EVEN,Not Predicted,,0.0,0
2060100258,R,W,W,W,RWWW,ODD,Not Predicted,,0.0,0
2060100259,R,R,R,R,RRRR,EVEN,Not Predicted,,0.0,0
2060100260,R,W,R,W,RWRW,EVEN,Not Predicted,,0.0,0
2060100261,W,W,W,R,WWWR,ODD,Not Predicted,,0.0,0
2060100262,W,R,R,R,WRRR,ODD,Not Predicted,,0.0,0
2060100263,R,R,W,R,RRWR,ODD,Not Predicted,,0.0,0
2060100264,W,R,R,W,WRRW,EVEN,Not Predicted,,0.0,0
2060100265,R,W,W,R,RWWR,EVEN,Not Predicted,,0.0,0
2060100266,W,W,W,R,WWWR,ODD,Not Predicted,,0.0,0
2060100267,R,W,W,W,RWWW,ODD,Not Predicted,,0.0,0
2060100268,R,W,W,W,RWWW,ODD,Not Predicted,,0.0,0
2060100269,R,W,W,R,RWWR,EVEN,Not Predicted,,0.0,0
2060100270,W,W,R,R,WWRR,EVEN,Not Predicted,,0.0,0
2060100271,R,R,R,W,RRRW,ODD,Not Predicted,,0.0,0
2060100272,W,W,R,R,WWRR,EVEN,Not Predicted,,0.0,0
2060100273,W,R,W,W,WRWW,ODD,Not Predicted,,0.0,0
2060100274,R,R,W,R,RRWR,ODD,Not Predicted,,0.0,0
2060100275,W,W,W,R,WWWR,ODD,Not Predicted,,0.0,0
2060100276,R,R,R,W,RRRW,ODD,Not Predicted,,0.0,0
2060100277,W,W,R,W,WWRW,ODD,Not Predicted,,0.0,0
2060100278,R,R,W,W,RRWW,EVEN,Not Predicted,,0.0,0
2060100279,R,R,R,R,RRRR,EVEN,Not Predicted,,0.0,0
2060100280,R,R,R,W,RRRW,ODD,Not Predicted,,0.0,0
2060100281,R,W,W,W,RWWW,ODD,Not Predicted,,0.0,0
2060100282,W,R,W,W,WRWW,ODD,Not Predicted,,0.0,0
2060100283,W,R,W,W,WRWW,ODD,Not Predicted,,0.0,0
2060100284,R,R,R,R,RRRR,EVEN,Not Predicted,,0.0,0
2060100285,R,W,R,W,RWRW,EVEN,Not Predicted,,0.0,0
2060100286,R,R,R,R,RRRR,EVEN,Not Predicted,,0.0,0
2060100287,W,R,R,W,WRRW,EVEN,Not Predicted,,0.0,0
2060100288,W,R,W,R,WRWR,EVEN,Not Predicted,,0.0,0
2060100289,R,W,R,W,RWRW,EVEN,Not Predicted,,0.0,0
2060100290,W,W,W,R,WWWR,ODD,Not Predicted,,0.0,0
2060100291,W,W,W,W,WWWW,EVEN,Not Predicted,,0.0,0
2060100292,W,W,R,R,WWRR,EVEN,Not Predicted,,0.0,0
2060100293,R,W,R,R,RWRR,ODD,Not Predicted,,0.0,0
2060100294,R,W,R,R,RWRR,ODD,Not Predicted,,0.0,0
2060100295,R,R,R,W,RRRW,ODD,Not Predicted,,0.0,0
2060100296,R,W,R,R,RWRR,ODD,Not Predicted,,0.0,0
2060100297,W,R,W,R,WRWR,EVEN,Not Predicted,,0.0,0
2060100298,W,R,W,W,WRWW,ODD,Not Predicted,,0.0,0
2060100299,R,W,W,R,RWWR,EVEN,Not Predicted,,0.0,0
2060100300,W,R,W,W,WRWW,ODD,Not Predicted,,0.0,0
2060100301,W,W,W,W,WWWW,EVEN,Not Predicted,,0.0,0
2060100302,R,W,R,W,RWRW,EVEN,Not Predicted,,0.0,0
2060100303,W,W,R,R,WWRR,EVEN,Not Predicted,,0.0,0
2060100304,W,R,W,R,WRWR,EVEN,Not Predicted,,0.0,0
2060100305,R,W,R,W,RWRW,EVEN,Not Predicted,,0.0,0
2060100306,W,R,R,R,WRRR,ODD,Not Predicted,,0.0,0
2060100307,W,W,R,W,WWRW,ODD,Not Predicted,,0.0,0
2060100308,R,W,R,W,RWRW,EVEN,Not Predicted,,0.0,0
2060100309,W,R,R,W,WRRW,EVEN,Not Predicted,,0.0,0
2060100310,R,R,R,R,RRRR,EVEN,Not Predicted,,0.0,0
2060100311,R,W,W,R,RWWR,EVEN,Not Predicted,,0.0,0
2060100312,R,R,W,W,RRWW,EVEN,Not Predicted,,0.0,0
2060100313,W,W,W,W,WWWW,EVEN,Not Predicted,,0.0,0
2060100314,R,R,W,R,RRWR,ODD,Not Predicted,,0.0,0
2060100315,W,R,R,R,WRRR,ODD,Not Predicted,,0.0,0
2060100316,R,R,W,R,RRWR,ODD,Not Predicted,,0.0,0
2060100317,W,W,R,W,WWRW,ODD,Not Predicted,,0.0,0
2060100318,R,R,W,R,RRWR,ODD,Not Predicted,,0.0,0
2060100319,R,R,W,R,RRWR,ODD,Not Predicted,,0.0,0
2060100320,R,W,R,R,RWRR,ODD,Not Predicted,,0.0,0
2060100321,W,W,W,R,WWWR,ODD,Not Predicted,,0.0,0
2060100322,R,R,R,W,RRRW,ODD,Not Predicted,,0.0,0
2060100323,W,R,W,W,WRWW,ODD,Not Predicted,,0.0,0
2060100324,R,R,W,R,RRWR,ODD,Not Predicted,,0.0,0
2060100325,R,W,R,W,RWRW,EVEN,Not Predicted,,0.0,0
2060100326,R,W,W,R,RWWR,EVEN,Not Predicted,,0.0,0
2060100327,W,R,R,W,WRRW,EVEN,Not Predicted,,0.0,0
2060100328,W,R,W,W,WRWW,ODD,Not Predicted,,0.0,0
2060100329,R,W,R,R,RWRR,ODD,Not Predicted,,0.0,0
2060100330,R,R,R,W,RRRW,ODD,Not Predicted,,0.0,0
2060100331,R,W,R,R,RWRR,ODD,Not Predicted,,0.0,0
2060100332,W,R,W,R,WRWR,EVEN,Not Predicted,,0.0,0
2060100333,W,R,R,R,WRRR,ODD,Not Predicted,,0.0,0
2060100334,R,R,W,W,RRWW,EVEN,Not Predicted,,0.0,0
2060100335,W,W,R,W,WWRW,ODD,Not Predicted,,0.0,0
2060100336,R,R,R,W,RRRW,ODD,Not Predicted,,0.0,0
2060100337,R,R,W,W,RRWW,EVEN,Not Predicted,,0.0,0
2060100338,R,W,R,R,RWRR,ODD,Not Predicted,,0.0,0
2060100339,R,R,R,W,RRRW,ODD,Not Predicted,,0.0,0
2060100340,W,R,R,W,WRRW,EVEN,Not Predicted,,0.0,0
2060100341,W,R,W,W,WRWW,ODD,Not Predicted,,0.0,0
2060100342,W,R,R,R,WRRR,ODD,Not Predicted,,0.0,0
2060100343,W,R,R,W,WRRW,EVEN,Not Predicted,,0.0,0
2060100344,R,R,R,W,RRRW,ODD,Not Predicted,,0.0,0
2060100345,R,W,R,W,RWRW,EVEN,Not Predicted,,0.0,0
2060100346,R,R,W,R,RRWR,ODD,Not Predicted,,0.0,0
2060100347,W,W,W,R,WWWR,ODD,Not Predicted,,0.0,0
2060100348,R,R,R,W,RRRW,ODD,Not Predicted,,0.0,0
2060100349,R,R,W,R,RRWR,ODD,Not Predicted,,0.0,0
2060100350,R,R,W,W,RRWW,EVEN,Not Predicted,,0.0,0
2060100351,W,W,R,R,WWRR,EVEN,Not Predicted,,0.0,0
2060100352,R,R,R,W,RRRW,ODD,Not Predicted,,0.0,0
2060100353,R,W,W,W,RWWW,ODD,Not Predicted,,0.0,0
2060100354,W,R,W,R,WRWR,EVEN,Not Predicted,,0.0,0
2060100355,R,W,R,R,RWRR,ODD,Not Predicted,,0.0,0
2060100356,W,W,W,W,WWWW,EVEN,Not Predicted,,0.0,0
2060100357,W,W,W,R,WWWR,ODD,Not Predicted,,0.0,0
2060100358,R,W,R,R,RWRR,ODD,Not Predicted,,0.0,0
2060100359,R,W,R,R,RWRR,ODD,Not Predicted,,0.0,0
2060100360,R,W,W,R,RWWR,EVEN,Not Predicted,,0.0,0
2060100361,R,W,R,W,RWRW,EVEN,Not Predicted,,0.0,0
2060100362,R,R,R,W,RRRW,ODD,Not Predicted,,0.0,0
2060100363,W,R,R,W,WRRW,EVEN,Not Predicted,,0.0,0
2060100364,W,R,W,R,WRWR,EVEN,Not Predicted,,0.0,0
2060100365,R,R,W,W,RRWW,EVEN,Not Predicted,,0.0,0
2060100366,R,W,R,R,RWRR,ODD,Not Predicted,,0.0,0
2060100367,W,W,R,R,WWRR,EVEN,Not Predicted,,0.0,0
2060100368,W,R,R,R,WRRR,ODD,Not Predicted,,0.0,0
2060100369,R,W,W,W,RWWW,ODD,Not Predicted,,0.0,0
2060100370,R,R,W,R,RRWR,ODD,Not Predicted,,0.0,0
2060100371,W,W,R,W,WWRW,ODD,Not Predicted,,0.0,0
2060100372,W,R,W,W,WRWW,ODD,Not Predicted,,0.0,0
2060100373,W,R,R,R,WRRR,ODD,Not Predicted,,0.0,0
2060100374,W,W,R,R,WWRR,EVEN,Not Predicted,,0.0,0
2060100375,W,W,W,W,WWWW,EVEN,Not Predicted,,0.0,0
2060100376,W,W,R,R,WWRR,EVEN,Not Predicted,,0.0,0
2060100377,W,R,W,W,WRWW,ODD,Not Predicted,,0.0,0
2060100378,W,R,R,R,WRRR,ODD,Not Predicted,,0.0,0
2060100379,R,W,W,W,RWWW,ODD,Not Predicted,,0.0,0
2060100380,R,W,W,R,RWWR,EVEN,Not Predicted,,0.0,0
2060100381,R,W,W,W,RWWW,ODD,Not Predicted,,0.0,0
2060100382,R,W,R,W,RWRW,EVEN,Not Predicted,,0.0,0
2060100383,R,R,R,R,RRRR,EVEN,Not Predicted,,0.0,0
2060100384,W,W,R,R,WWRR,EVEN,Not Predicted,,0.0,0
2060100385,W,W,R,W,WWRW,ODD,Not Predicted,,0.0,0
2060100386,W,R,W,W,WRWW,ODD,Not Predicted,,0.0,0
2060100387,R,W,R,W,RWRW,EVEN,Not Predicted,,0.0,0
2060100388,W,R,W,R,WRWR,EVEN,Not Predicted,,0.0,0
2060100389,W,W,W,W,WWWW,EVEN,Not Predicted,,0.0,0
2060100390,R,R,W,W,RRWW,EVEN,Not Predicted,,0.0,0
2060100391,R,R,R,R,RRRR,EVEN,Not Predicted,,0.0,0
2060100392,W,W,R,W,WWRW,ODD,Not Predicted,,0.0,0
2060100393,W,R,W,R,WRWR,EVEN,Not Predicted,,0.0,0
2060100394,R,W,W,R,RWWR,EVEN,Not Predicted,,0.0,0
2060100395,R,W,R,W,RWRW,EVEN,Not Predicted,,0.0,0
2060100396,W,W,W,R,WWWR,ODD,Not Predicted,,0.0,0
2060100397,W,W,R,W,WWRW,ODD,Not Predicted,,0.0,0
2060100398,R,W,W,R,RWWR,EVEN,Not Predicted,,0.0,0
2060100399,R,R,W,R,RRWR,ODD,Not Predicted,,0.0,0
2060100400,W,W,R,W,WWRW,ODD,Not Predicted,,0.0,0
2060100401,R,R,W,W,RRWW,EVEN,Not Predicted,,0.0,0
2060100402,R,W,W,R,RWWR,EVEN,Not Predicted,,0.0,0
2060100403,R,W,R,R,RWRR,ODD,Not Predicted,,0.0,0
2060100404,R,R,W,R,RRWR,ODD,Not Predicted,,0.0,0
2060100405,W,R,R,R,WRRR,ODD,Not Predicted,,0.0,0
2060100406,W,W,W,R,WWWR,ODD,Not Predicted,,0.0,0
2060100407,W,W,W,W,WWWW,EVEN,Not Predicted,,0.0,0
2060100408,W,R,R,R,WRRR,ODD,Not Predicted,,0.0,0
2060100409,W,R,W,W,WRWW,ODD,Not Predicted,,0.0,0
2060100410,R,R,R,R,RRRR,EVEN,Not Predicted,,0.0,0
2060100411,R,W,W,R,RWWR,EVEN,Not Predicted,,0.0,0
2060100412,R,W,W,W,RWWW,ODD,Not Predicted,,0.0,0
2060100413,W,W,R,W,WWRW,ODD,Not Predicted,,0.0,0
2060100414,W,W,R,R,WWRR,EVEN,Not Predicted,,0.0,0
2060100415,W,W,R,W,WWRW,ODD,Not Predicted,,0.0,0
2060100416,R,R,W,W,RRWW,EVEN,Not Predicted,,0.0,0
2060100417,R,W,R,R,RWRR,ODD,Not Predicted,,0.0,0
2060100418,W,W,R,R,WWRR,EVEN,Not Predicted,,0.0,0
2060100419,R,W,W,W,RWWW,ODD,Not Predicted,,0.0,0
2060100420,W,W,R,W,WWRW,ODD,Not Predicted,,0.0,0
2060100421,R,W,R,R,RWRR,ODD,Not Predicted,,0.0,0
2060100422,W,W,W,R,WWWR,ODD,Not Predicted,,0.0,0
2060100423,W,W,R,R,WWRR,EVEN,Not Predicted,,0.0,0
2060100424,R,W,W,W,RWWW,ODD,Not Predicted,,0.0,0
2060100425,W,R,W,W,WRWW,ODD,Not Predicted,,0.0,0
2060100426,R,W,W,W,RWWW,ODD,Not Predicted,,0.0,0
2060100427,R,R,W,W,RRWW,EVEN,Not Predicted,,0.0,0
2060100428,W,W,R,W,WWRW,ODD,Not Predicted,,0.0,0
2060100429,W,W,W,W,WWWW,EVEN,Not Predicted,,0.0,0
2060100430,W,W,W,R,WWWR,ODD,Not Predicted,,0.0,0
2060100431,R,W,W,R,RWWR,EVEN,Not Predicted,,0.0,0
2060100432,W,W,W,W,WWWW,EVEN,Not Predicted,,0.0,0
2060100433,W,R,W,R,WRWR,EVEN,Not Predicted,,0.0,0
2060100434,R,W,W,W,RWWW,ODD,Not Predicted,,0.0,0
2060100435,W,R,R,R,WRRR,ODD,Not Predicted,,0.0,0
2060100436,W,W,W,W,WWWW,EVEN,Not Predicted,,0.0,0
2060100437,W,R,R,R,WRRR,ODD,Not Predicted,,0.0,0
2060100438,W,R,R,W,WRRW,EVEN,Not Predicted,,0.0,0
2060100439,R,R,W,W,RRWW,EVEN,Not Predicted,,0.0,0
2060100440,W,R,R,W,WRRW,EVEN,Not Predicted,,0.0,0
2060100441,W,W,W,R,WWWR,ODD,Not Predicted,,0.0,0
2060100442,W,R,R,R,WRRR,ODD,Not Predicted,,0.0,0
2060100443,W,W,R,R,WWRR,EVEN,Not Predicted,,0.0,0
2060100444,R,W,R,R,RWRR,ODD,Not Predicted,,0.0,0
2060100445,W,W,R,R,WWRR,EVEN,Not Predicted,,0.0,0
2060100446,R,W,R,R,RWRR,ODD,Not Predicted,,0.0,0
2060100447,R,R,R,R,RRRR,EVEN,Not Predicted,,0.0,0
2060100448,W,R,R,R,WRRR,ODD,Not Predicted,,0.0,0
2060100449,W,R,W,W,WRWW,ODD,Not Predicted,,0.0,0
2060100450,W,W,R,W,WWRW,ODD,Not Predicted,,0.0,0
2060100451,R,R,R,R,RRRR,EVEN,Not Predicted,,0.0,0
2060100452,W,R,R,W,WRRW,EVEN,Not Predicted,,0.0,0
2060100453,W,R,W,R,WRWR,EVEN,Not Predicted,,0.0,0
2060100454,R,R,W,W,RRWW,EVEN,Not Predicted,,0.0,0
2060100455,R,R,W,W,RRWW,EVEN,Not Predicted,,0.0,0
2060100456,W,W,R,R,WWRR,EVEN,Not Predicted,,0.0,0
2060100457,R,W,W,R,RWWR,EVEN,Not Predicted,,0.0,0
2060100458,W,R,W,W,WRWW,ODD,Not Predicted,,0.0,0
2060100459,W,R,W,W,WRWW,ODD,Not Predicted,,0.0,0
2060100460,R,R,W,W,RRWW,EVEN,Not Predicted,,0.0,0
2060100461,R,R,W,W,RRWW,EVEN,Not Predicted,,0.0,0
2060100462,W,W,W,R,WWWR,ODD,Not Predicted,,0.0,0
2060100463,W,R,R,R,WRRR,ODD,Not Predicted,,0.0,0
2060100464,R,R,R,W,RRRW,ODD,Not Predicted,,0.0,0
2060100465,R,W,W,R,RWWR,EVEN,Not Predicted,,0.0,0
2060100466,R,R,W,W,RRWW,EVEN,Not Predicted,,0.0,0
2060100467,W,W,R,R,WWRR,EVEN,Not Predicted,,0.0,0
2060100468,R,R,R,R,RRRR,EVEN,Not Predicted,,0.0,0
2060100469,R,R,W,R,RRWR,ODD,Not Predicted,,0.0,0
2060100470,W,R,R,R,WRRR,ODD,Not Predicted,,0.0,0
2060100471,R,R,W,W,RRWW,EVEN,Not Predicted,,0.0,0
2060100472,R,W,W,W,RWWW,ODD,Not Predicted,,0.0,0
2060100473,W,R,R,W,WRRW,EVEN,Not Predicted,,0.0,0
2060100474,W,W,R,R,WWRR,EVEN,Not Predicted,,0.0,0
2060100475,R,W,R,R,RWRR,ODD,Not Predicted,,0.0,0
2060100476,W,R,W,R,WRWR,EVEN,Not Predicted,,0.0,0
2060100477,W,R,W,W,WRWW,ODD,Not Predicted,,0.0,0
2060100478,W,R,W,W,WRWW,ODD,Not Predicted,,0.0,0
2060100479,R,R,W,R,RRWR,ODD,Not Predicted,,0.0,0
2060100480,R,W,R,R,RWRR,ODD,Not Predicted,,0.0,0
2060200001,R,W,R,R,RWRR,ODD,Not Predicted,,0.0,0
2060200002,R,W,R,W,RWRW,EVEN,Not Predicted,,0.0,0
2060200003,W,W,R,W,WWRW,ODD,Not Predicted,,0.0,0
2060200004,W,W,R,R,WWRR,EVEN,Not Predicted,,0.0,0
2060200005,W,W,R,R,WWRR,EVEN,Not Predicted,,0.0,0
2060200006,R,R,W,R,RRWR,ODD,Not Predicted,,0.0,0
2060200007,W,W,W,R,WWWR,ODD,Not Predicted,,0.0,0
2060200008,W,R,W,W,WRWW,ODD,Not Predicted,,0.0,0
2060200009,W,R,W,R,WRWR,EVEN,Not Predicted,,0.0,0
2060200010,R,W,W,W,RWWW,ODD,Not Predicted,,0.0,0
2060200011,W,R,W,R,WRWR,EVEN,Not Predicted,,0.0,0
2060200012,R,W,R,R,RWRR,ODD,Not Predicted,,0.0,0
2060200013,R,R,W,R,RRWR,ODD,Not Predicted,,0.0,0
2060200014,W,R,W,R,WRWR,EVEN,Not Predicted,,0.0,0
2060200015,R,R,W,R,RRWR,ODD,Not Predicted,,0.0,0
2060200016,W,R,W,R,WRWR,EVEN,Not Predicted,,0.0,0
2060200017,W,R,R,W,WRRW,EVEN,Not Predicted,,0.0,0
2060200018,W,R,W,W,WRWW,ODD,Not Predicted,,0.0,0
2060200019,R,R,R,W,RRRW,ODD,Not Predicted,,0.0,0
2060200020,W,R,W,R,WRWR,EVEN,Not Predicted,,0.0,0
2060200021,R,W,R,R,RWRR,ODD,Not Predicted,,0.0,0
2060200022,W,W,W,W,WWWW,EVEN,Not Predicted,,0.0,0
2060200023,R,R,R,W,RRRW,ODD,Not Predicted,,0.0,0
2060200024,W,W,W,R,WWWR,ODD,Not Predicted,,0.0,0
2060200025,R,W,W,R,RWWR,EVEN,Not Predicted,,0.0,0
2060200026,R,W,R,R,RWRR,ODD,Not Predicted,,0.0,0
2060200027,R,R,W,R,RRWR,ODD,Not Predicted,,0.0,0
2060200028,R,W,W,R,RWWR,EVEN,Not Predicted,,0.0,0
2060200029,R,R,R,R,RRRR,EVEN,Not Predicted,,0.0,0
2060200030,R,R,R,R,RRRR,EVEN,Not Predicted,,0.0,0
2060200031,W,W,R,W,WWRW,ODD,Not Predicted,,0.0,0
2060200032,R,W,R,R,RWRR,ODD,Not Predicted,,0.0,0
2060200033,W,W,W,W,WWWW,EVEN,Not Predicted,,0.0,0
2060200034,R,R,R,R,RRRR,EVEN,Not Predicted,,0.0,0
2060200035,W,R,W,W,WRWW,ODD,Not Predicted,,0.0,0
2060200036,W,R,R,R,WRRR,ODD,Not Predicted,,0.0,0
2060200037,W,R,W,R,WRWR,EVEN,Not Predicted,,0.0,0
2060200038,R,W,R,W,RWRW,EVEN,Not Predicted,,0.0,0
2060200039,W,W,W,W,WWWW,EVEN,Not Predicted,,0.0,0
2060200040,R,W,W,W,RWWW,ODD,Not Predicted,,0.0,0
2060200041,W,W,W,R,WWWR,ODD,Not Predicted,,0.0,0
2060200042,R,W,R,W,RWRW,EVEN,Not Predicted,,0.0,0
2060200043,W,R,R,R,WRRR,ODD,Not Predicted,,0.0,0
2060200044,W,R,W,W,WRWW,ODD,Not Predicted,,0.0,0
2060200045,R,R,R,W,RRRW,ODD,Not Predicted,,0.0,0
2060200046,R,W,W,R,RWWR,EVEN,Not Predicted,,0.0,0
2060200047,W,R,R,W,WRRW,EVEN,Not Predicted,,0.0,0
2060200048,R,R,R,R,RRRR,EVEN,Not Predicted,,0.0,0
2060200049,W,W,W,R,WWWR,ODD,Not Predicted,,0.0,0
2060200050,W,W,R,R,WWRR,EVEN,Not Predicted,,0.0,0
2060200051,W,W,W,R,WWWR,ODD,Not Predicted,,0.0,0
2060200052,W,R,R,W,WRRW,EVEN,Not Predicted,,0.0,0
2060200053,W,W,R,W,WWRW,ODD,Not Predicted,,0.0,0
2060200054,W,W,R,R,WWRR,EVEN,Not Predicted,,0.0,0
2060200055,W,W,R,R,WWRR,EVEN,Not Predicted,,0.0,0
2060200056,R,W,W,W,RWWW,ODD,Not Predicted,,0.0,0
2060200057,W,W,R,R,WWRR,EVEN,Not Predicted,,0.0,0
2060200058,W,W,W,W,WWWW,EVEN,Not Predicted,,0.0,0
2060200059,R,R,R,W,RRRW,ODD,Not Predicted,,0.0,0
2060200060,R,R,R,W,RRRW,ODD,Not Predicted,,0.0,0
2060200061,W,W,W,W,WWWW,EVEN,Not Predicted,,0.0,0
2060200062,W,R,R,W,WRRW,EVEN,Not Predicted,,0.0,0
2060200063,R,R,R,R,RRRR,EVEN,Not Predicted,,0.0,0
2060200064,W,R,R,R,WRRR,ODD,Not Predicted,,0.0,0
2060200065,W,W,R,W,WWRW,ODD,Not Predicted,,0.0,0
2060200066,R,W,R,W,RWRW,EVEN,Not Predicted,,0.0,0
2060200067,R,R,R,W,RRRW,ODD,Not Predicted,,0.0,0
2060200068,R,R,W,W,RRWW,EVEN,Not Predicted,,0.0,0
2060200069,R,R,R,W,RRRW,ODD,Not Predicted,,0.0,0
2060200070,R,R,W,R,RRWR,ODD,Not Predicted,,0.0,0
2060200071,R,R,W,R,RRWR,ODD,Not Predicted,,0.0,0
2060200072,W,R,R,R,WRRR,ODD,Not Predicted,,0.0,0
2060200073,W,R,W,R,WRWR,EVEN,Not Predicted,,0.0,0
2060200074,R,R,W,W,RRWW,EVEN,Not Predicted,,0.0,0
2060200075,W,W,W,R,WWWR,ODD,Not Predicted,,0.0,0
2060200076,W,W,W,W,WWWW,EVEN,Not Predicted,,0.0,0
2060200077,W,R,R,W,WRRW,EVEN,Not Predicted,,0.0,0
2060200078,R,W,W,W,RWWW,ODD,Not Predicted,,0.0,0
2060200079,W,R,R,W,WRRW,EVEN,Not Predicted,,0.0,0
2060200080,R,W,W,R,RWWR,EVEN,Not Predicted,,0.0,0
2060200081,R,W,R,R,RWRR,ODD,Not Predicted,,0.0,0
2060200082,W,W,W,W,WWWW,EVEN,Not Predicted,,0.0,0
2060200083,R,W,R,R,RWRR,ODD,Not Predicted,,0.0,0
2060200084,R,R,W,R,RRWR,ODD,Not Predicted,,0.0,0
2060200085,R,R,R,W,RRRW,ODD,Not Predicted,,0.0,0
2060200086,W,W,R,W,WWRW,ODD,Not Predicted,,0.0,0
2060200087,R,W,W,W,RWWW,ODD,Not Predicted,,0.0,0
2060200088,W,R,R,W,WRRW,EVEN,Not Predicted,,0.0,0
2060200089,W,W,W,W,WWWW,EVEN,Not Predicted,,0.0,0
2060200090,R,W,R,W,RWRW,EVEN,Not Predicted,,0.0,0
2060200091,R,R,W,R,RRWR,ODD,Not Predicted,,0.0,0
2060200092,R,W,R,W,RWRW,EVEN,Not Predicted,,0.0,0
2060200093,R,W,R,R,RWRR,ODD,Not Predicted,,0.0,0
2060200094,R,W,R,R,RWRR,ODD,Not Predicted,,0.0,0
2060200095,R,R,R,W,RRRW,ODD,Not Predicted,,0.0,0
2060200096,R,W,R,W,RWRW,EVEN,Not Predicted,,0.0,0
2060200097,R,R,W,W,RRWW,EVEN,Not Predicted,,0.0,0
2060200098,W,R,R,W,WRRW,EVEN,Not Predicted,,0.0,0
2060200099,W,R,R,W,WRRW,EVEN,Not Predicted,,0.0,0
2060200100,W,W,R,W,WWRW,ODD,Not Predicted,,0.0,0
2060200101,W,W,R,W,WWRW,ODD,Not Predicted,,0.0,0
2060200102,R,W,W,R,RWWR,EVEN,Not Predicted,,0.0,0
2060200103,R,R,W,W,RRWW,EVEN,Not Predicted,,0.0,0
2060200104,R,R,R,W,RRRW,ODD,Not Predicted,,0.0,0
2060200105,W,W,W,W,WWWW,EVEN,Not Predicted,,0.0,0
2060200106,W,R,R,W,WRRW,EVEN,Not Predicted,,0.0,0
2060200107,W,W,R,R,WWRR,EVEN,Not Predicted,,0.0,0
2060200108,R,W,R,W,RWRW,EVEN,Not Predicted,,0.0,0
2060200109,W,R,W,W,WRWW,ODD,Not Predicted,,0.0,0
2060200110,R,R,R,R,RRRR,EVEN,Not Predicted,,0.0,0
2060200111,W,W,W,R,WWWR,ODD,Not Predicted,,0.0,0
2060200112,W,R,R,R,WRRR,ODD,Not Predicted,,0.0,0
2060200113,R,W,R,W,RWRW,EVEN,Not Predicted,,0.0,0
2060200114,R,W,W,W,RWWW,ODD,Not Predicted,,0.0,0
2060200115,R,R,R,W,RRRW,ODD,Not Predicted,,0.0,0
2060200116,R,R,R,W,RRRW,ODD,Not Predicted,,0.0,0
2060200117,W,R,R,R,WRRR,ODD,Not Predicted,,0.0,0
2060200118,W,R,W,R,WRWR,EVEN,Not Predicted,,0.0,0
2060200119,R,W,R,W,RWRW,EVEN,Not Predicted,,0.0,0
2060200120,W,W,R,R,WWRR,EVEN,Not Predicted,,0.0,0
2060200121,R,W,W,W,RWWW,ODD,Not Predicted,,0.0,0
2060200122,R,R,R,R,RRRR,EVEN,Not Predicted,,0.0,0
2060200123,R,R,R,W,RRRW,ODD,Not Predicted,,0.0,0
2060200124,R,W,R,W,RWRW,EVEN,Not Predicted,,0.0,0
2060200125,R,R,W,R,RRWR,ODD,Not Predicted,,0.0,0
2060200126,W,R,W,W,WRWW,ODD,Not Predicted,,0.0,0
2060200127,W,R,W,R,WRWR,EVEN,Not Predicted,,0.0,0
2060200128,R,R,W,W,RRWW,EVEN,Not Predicted,,0.0,0
2060200129,R,W,W,W,RWWW,ODD,Not Predicted,,0.0,0
2060200130,R,R,R,W,RRRW,ODD,Not Predicted,,0.0,0
2060200131,R,R,R,W,RRRW,ODD,Not Predicted,,0.0,0
2060200132,W,R,W,R,WRWR,EVEN,Not Predicted,,0.0,0
2060200133,R,W,R,W,RWRW,EVEN,Not Predicted,,0.0,0
2060200134,W,R,R,W,WRRW,EVEN,Not Predicted,,0.0,0
2060200135,R,R,W,W,RRWW,EVEN,Not Predicted,,0.0,0
2060200136,W,R,R,R,WRRR,ODD,Not Predicted,,0.0,0
2060200137,R,R,R,R,RRRR,EVEN,Not Predicted,,0.0,0
2060200138,W,W,W,R,WWWR,ODD,Not Predicted,,0.0,0
2060200139,W,W,R,R,WWRR,EVEN,Not Predicted,,0.0,0
2060200140,R,W,R,R,RWRR,ODD,Not Predicted,,0.0,0
2060200141,R,W,W,W,RWWW,ODD,Not Predicted,,0.0,0
2060200142,W,R,W,W,WRWW,ODD,Not Predicted,,0.0,0
2060200143,W,R,W,W,WRWW,ODD,Not Predicted,,0.0,0
2060200144,R,R,W,W,RRWW,EVEN,Not Predicted,,0.0,0
2060200145,W,R,W,W,WRWW,ODD,Not Predicted,,0.0,0
2060200146,R,W,W,W,RWWW,ODD,Not Predicted,,0.0,0
2060200147,R,R,R,W,RRRW,ODD,Not Predicted,,0.0,0
2060200148,R,W,W,R,RWWR,EVEN,Not Predicted,,0.0,0
2060200149,R,W,W,W,RWWW,ODD,Not Predicted,,0.0,0
2060200150,R,W,W,R,RWWR,EVEN,Not Predicted,,0.0,0
2060200151,R,R,R,R,RRRR,EVEN,Not Predicted,,0.0,0
2060200152,R,W,W,W,RWWW,ODD,Not Predicted,,0.0,0
2060200153,W,W,W,R,WWWR,ODD,Not Predicted,,0.0,0
2060200154,W,W,R,R,WWRR,EVEN,Not Predicted,,0.0,0
2060200155,R,R,R,R,RRRR,EVEN,Not Predicted,,0.0,0
2060200156,R,W,W,R,RWWR,EVEN,Not Predicted,,0.0,0
2060200157,R,W,W,R,RWWR,EVEN,Not Predicted,,0.0,0
2060200158,R,R,W,R,RRWR,ODD,Not Predicted,,0.0,0
2060200159,W,R,R,W,WRRW,EVEN,Not Predicted,,0.0,0
2060200160,R,W,W,R,RWWR,EVEN,Not Predicted,,0.0,0
2060200161,R,W,W,R,RWWR,EVEN,Not Predicted,,0.0,0
2060200162,W,R,R,W,WRRW,EVEN,Not Predicted,,0.0,0
2060200163,W,W,W,W,WWWW,EVEN,Not Predicted,,0.0,0
2060200164,R,R,W,W,RRWW,EVEN,Not Predicted,,0.0,0
2060200165,R,R,W,R,RRWR,ODD,Not Predicted,,0.0,0
2060200166,W,R,W,R,WRWR,EVEN,Not Predicted,,0.0,0
2060200167,R,W,R,R,RWRR,ODD,Not Predicted,,0.0,0
2060200168,W,W,W,R,WWWR,ODD,Not Predicted,,0.0,0
2060200169,W,R,R,W,WRRW,EVEN,Not Predicted,,0.0,0
2060200170,W,W,R,R,WWRR,EVEN,Not Predicted,,0.0,0
2060200171,W,R,W,W,WRWW,ODD,Not Predicted,,0.0,0
2060200172,R,R,W,R,RRWR,ODD,Not Predicted,,0.0,0
2060200173,W,R,R,W,WRRW,EVEN,Not Predicted,,0.0,0
2060200174,W,R,W,R,WRWR,EVEN,Not Predicted,,0.0,0
2060200175,R,W,W,W,RWWW,ODD,Not Predicted,,0.0,0
2060200176,W,R,W,W,WRWW,ODD,Not Predicted,,0.0,0
2060200177,R,R,R,R,RRRR,EVEN,Not Predicted,,0.0,0
2060200178,W,W,R,W,WWRW,ODD,Not Predicted,,0.0,0
2060200179,W,W,W,R,WWWR,ODD,Not Predicted,,0.0,0
2060200180,R,R,R,W,RRRW,ODD,Not Predicted,,0.0,0
2060200181,R,W,W,W,RWWW,ODD,Not Predicted,,0.0,0
2060200182,W,R,R,R,WRRR,ODD,Not Predicted,,0.0,0
2060200183,W,W,R,R,WWRR,EVEN,Not Predicted,,0.0,0
2060200184,R,R,W,R,RRWR,ODD,Not Predicted,,0.0,0
2060200185,R,W,R,R,RWRR,ODD,Not Predicted,,0.0,0
2060200186,R,W,R,W,RWRW,EVEN,Not Predicted,,0.0,0
2060200187,W,W,W,R,WWWR,ODD,Not Predicted,,0.0,0
2060200188,W,W,W,W,WWWW,EVEN,Not Predicted,,0.0,0
2060200189,W,W,R,R,WWRR,EVEN,Not Predicted,,0.0,0
2060200190,W,W,R,R,WWRR,EVEN,Not Predicted,,0.0,0
2060200191,W,W,W,R,WWWR,ODD,Not Predicted,,0.0,0
2060200192,R,W,R,R,RWRR,ODD,Not Predicted,,0.0,0
2060200193,W,R,R,R,WRRR,ODD,Not Predicted,,0.0,0
2060200194,W,W,R,W,WWRW,ODD,Not Predicted,,0.0,0
2060200195,R,R,W,W,RRWW,EVEN,Not Predicted,,0.0,0
2060200196,R,R,W,R,RRWR,ODD,Not Predicted,,0.0,0
2060200197,R,R,W,W,RRWW,EVEN,Not Predicted,,0.0,0
2060200198,R,W,W,R,RWWR,EVEN,Not Predicted,,0.0,0
2060200199,W,R,W,R,WRWR,EVEN,Not Predicted,,0.0,0
2060200200,W,W,W,R,WWWR,ODD,Not Predicted,,0.0,0
2060200201,R,W,R,R,RWRR,ODD,Not Predicted,,0.0,0
2060200202,W,R,R,W,WRRW,EVEN,Not Predicted,,0.0,0
2060200203,R,R,W,W,RRWW,EVEN,Not Predicted,,0.0,0
2060200204,R,W,W,R,RWWR,EVEN,Not Predicted,,0.0,0
2060200205,R,R,R,W,RRRW,ODD,Not Predicted,,0.0,0
2060200206,R,R,W,W,RRWW,EVEN,Not Predicted,,0.0,0
2060200207,R,W,R,W,RWRW,EVEN,Not Predicted,,0.0,0
2060200208,R,R,R,R,RRRR,EVEN,Not Predicted,,0.0,0
2060200209,W,W,R,W,WWRW,ODD,Not Predicted,,0.0,0
2060200210,R,R,R,W,RRRW,ODD,Not Predicted,,0.0,0
2060200211,R,W,W,R,RWWR,EVEN,Not Predicted,,0.0,0
2060200212,W,R,R,W,WRRW,EVEN,Not Predicted,,0.0,0
2060200213,R,W,W,W,RWWW,ODD,Not Predicted,,0.0,0
2060200214,R,W,R,R,RWRR,ODD,Not Predicted,,0.0,0
2060200215,R,R,R,W,RRRW,ODD,Not Predicted,,0.0,0
2060200216,W,R,R,W,WRRW,EVEN,Not Predicted,,0.0,0
2060200217,W,W,R,R,WWRR,EVEN,Not Predicted,,0.0,0
2060200218,R,R,R,R,RRRR,EVEN,Not Predicted,,0.0,0
2060200219,W,R,R,R,WRRR,ODD,Not Predicted,,0.0,0
2060200220,R,R,R,W,RRRW,ODD,Not Predicted,,0.0,0
2060200221,R,R,R,W,RRRW,ODD,Not Predicted,,0.0,0
2060200222,R,W,R,W,RWRW,EVEN,Not Predicted,,0.0,0
2060200223,R,R,R,R,RRRR,EVEN,Not Predicted,,0.0,0
2060200224,W,W,R,W,WWRW,ODD,Not Predicted,,0.0,0
2060200225,R,W,W,R,RWWR,EVEN,Not Predicted,,0.0,0
2060200226,R,R,R,W,RRRW,ODD,Not Predicted,,0.0,0
2060200227,R,R,R,R,RRRR,EVEN,Not Predicted,,0.0,0
2060200228,W,W,R,W,WWRW,ODD,Not Predicted,,0.0,0
2060200229,R,W,W,W,RWWW,ODD,Not Predicted,,0.0,0
2060200230,R,R,R,R,RRRR,EVEN,Not Predicted,,0.0,0
2060200231,W,R,W,W,WRWW,ODD,Not Predicted,,0.0,0
2060200232,W,W,R,W,WWRW,ODD,Not Predicted,,0.0,0
2060200233,R,R,W,R,RRWR,ODD,Not Predicted,,0.0,0
2060200234,W,R,R,W,WRRW,EVEN,Not Predicted,,0.0,0
2060200235,W,W,R,W,WWRW,ODD,Not Predicted,,0.0,0
2060200236,W,R,W,R,WRWR,EVEN,Not Predicted,,0.0,0
2060200237,R,R,R,W,RRRW,ODD,Not Predicted,,0.0,0
2060200238,W,W,W,W,WWWW,EVEN,Not Predicted,,0.0,0
2060200239,W,W,W,W,WWWW,EVEN,Not Predicted,,0.0,0
2060200240,W,R,W,W,WRWW,ODD,Not Predicted,,0.0,0
2060200241,W,R,R,R,WRRR,ODD,Not Predicted,,0.0,0
2060200242,R,R,R,W,RRRW,ODD,Not Predicted,,0.0,0
2060200243,R,R,R,R,RRRR,EVEN,Not Predicted,,0.0,0
2060200244,W,R,W,R,WRWR,EVEN,Not Predicted,,0.0,0
2060200245,W,W,W,W,WWWW,EVEN,Not Predicted,,0.0,0
2060200246,R,R,R,R,RRRR,EVEN,Not Predicted,,0.0,0
2060200247,W,R,R,R,WRRR,ODD,Not Predicted,,0.0,0
2060200248,R,R,W,R,RRWR,ODD,Not Predicted,,0.0,0
2060200249,R,W,R,R,RWRR,ODD,Not Predicted,,0.0,0
2060200250,W,W,W,R,WWWR,ODD,Not Predicted,,0.0,0
2060200251,W,W,W,R,WWWR,ODD,Not Predicted,,0.0,0
2060200252,W,W,R,W,WWRW,ODD,Not Predicted,,0.0,0
2060200253,W,W,R,R,WWRR,EVEN,Not Predicted,,0.0,0
2060200254,R,W,R,R,RWRR,ODD,Not Predicted,,0.0,0
2060200255,R,R,W,R,RRWR,ODD,Not Predicted,,0.0,0
2060200256,W,W,W,W,WWWW,EVEN,Not Predicted,,0.0,0
2060200257,W,W,R,W,WWRW,ODD,Not Predicted,,0.0,0
2060200258,R,R,W,W,RRWW,EVEN,Not Predicted,,0.0,0
2060200259,W,W,R,R,WWRR,EVEN,Not Predicted,,0.0,0
2060200260,R,W,W,R,RWWR,EVEN,Not Predicted,,0.0,0
2060200261,R,R,W,R,RRWR,ODD,Not Predicted,,0.0,0
2060200262,W,R,R,R,WRRR,ODD,Not Predicted,,0.0,0
2060200263,R,R,R,R,RRRR,EVEN,Not Predicted,,0.0,0
2060200264,R,R,R,W,RRRW,ODD,Not Predicted,,0.0,0
2060200265,R,R,R,W,RRRW,ODD,Not Predicted,,0.0,0
2060200266,W,R,R,W,WRRW,EVEN,Not Predicted,,0.0,0
2060200267,R,W,R,R,RWRR,ODD,Not Predicted,,0.0,0
2060200268,R,W,R,R,RWRR,ODD,Not Predicted,,0.0,0
2060200269,W,R,W,R,WRWR,EVEN,Not Predicted,,0.0,0
2060200270,W,R,R,W,WRRW,EVEN,Not Predicted,,0.0,0
2060200271,R,W,W,W,RWWW,ODD,Not Predicted,,0.0,0
2060200272,W,R,R,R,WRRR,ODD,Not Predicted,,0.0,0
2060200273,R,R,W,R,RRWR,ODD,Not Predicted,,0.0,0
2060200274,W,W,R,R,WWRR,EVEN,Not Predicted,,0.0,0
2060200275,W,W,R,W,WWRW,ODD,Not Predicted,,0.0,0
2060200276,R,W,W,R,RWWR,EVEN,Not Predicted,,0.0,0
2060200277,R,R,W,R,RRWR,ODD,Not Predicted,,0.0,0
2060200278,W,W,W,R,WWWR,ODD,Not Predicted,,0.0,0
2060200279,W,W,W,R,WWWR,ODD,Not Predicted,,0.0,0
2060200280,R,R,R,R,RRRR,EVEN,Not Predicted,,0.0,0
2060200281,R,W,R,W,RWRW,EVEN,Not Predicted,,0.0,0
2060200282,W,R,W,W,WRWW,ODD,Not Predicted,,0.0,0
2060200283,W,W,W,W,WWWW,EVEN,Not Predicted,,0.0,0
2060200284,R,R,W,W,RRWW,EVEN,Not Predicted,,0.0,0
2060200285,W,R,W,R,WRWR,EVEN,Not Predicted,,0.0,0
2060200286,R,R,W,R,RRWR,ODD,Not Predicted,,0.0,0
2060200287,R,R,W,W,RRWW,EVEN,Not Predicted,,0.0,0
2060200288,R,W,W,W,RWWW,ODD,Not Predicted,,0.0,0
2060200289,R,R,W,R,RRWR,ODD,Not Predicted,,0.0,0
2060200290,R,W,R,R,RWRR,ODD,Not Predicted,,0.0,0
2060200291,W,R,R,W,WRRW,EVEN,Not Predicted,,0.0,0
2060200292,R,R,R,W,RRRW,ODD,Not Predicted,,0.0,0
2060200293,R,R,R,W,RRRW,ODD,Not Predicted,,0.0,0
2060200294,R,W,R,W,RWRW,EVEN,Not Predicted,,0.0,0
2060200295,W,R,W,R,WRWR,EVEN,Not Predicted,,0.0,0
2060200296,W,R,W,R,WRWR,EVEN,Not Predicted,,0.0,0
2060200297,W,W,W,W,WWWW,EVEN,Not Predicted,,0.0,0
2060200298,R,R,W,R,RRWR,ODD,Not Predicted,,0.0,0
2060200299,R,W,W,R,RWWR,EVEN,Not Predicted,,0.0,0
2060200300,R,W,W,R,RWWR,EVEN,Not Predicted,,0.0,0
2060200301,R,R,R,R,RRRR,EVEN,Not Predicted,,0.0,0
2060200302,R,R,R,R,RRRR,EVEN,Not Predicted,,0.0,0
2060200303,W,W,W,R,WWWR,ODD,Not Predicted,,0.0,0
2060200304,R,W,R,W,RWRW,EVEN,Not Predicted,,0.0,0
2060200305,R,R,R,R,RRRR,EVEN,Not Predicted,,0.0,0
2060200306,R,W,R,W,RWRW,EVEN,Not Predicted,,0.0,0
2060200307,R,W,R,R,RWRR,ODD,Not Predicted,,0.0,0
2060200308,W,R,R,W,WRRW,EVEN,Not Predicted,,0.0,0
2060200309,W,R,R,W,WRRW,EVEN,Not Predicted,,0.0,0
2060200310,W,R,R,W,WRRW,EVEN,Not Predicted,,0.0,0
2060200311,R,W,R,R,RWRR,ODD,Not Predicted,,0.0,0
2060200312,R,W,R,R,RWRR,ODD,Not Predicted,,0.0,0
2060200313,R,W,W,W,RWWW,ODD,Not Predicted,,0.0,0
2060200314,W,W,R,R,WWRR,EVEN,Not Predicted,,0.0,0
2060200315,W,R,R,W,WRRW,EVEN,Not Predicted,,0.0,0
2060200316,W,R,W,R,WRWR,EVEN,Not Predicted,,0.0,0
2060200317,R,R,W,R,RRWR,ODD,Not Predicted,,0.0,0
2060200318,W,R,R,R,WRRR,ODD,Not Predicted,,0.0,0
2060200319,R,W,W,W,RWWW,ODD,Not Predicted,,0.0,0
2060200320,W,W,R,R,WWRR,EVEN,Not Predicted,,0.0,0
2060200321,W,W,R,R,WWRR,EVEN,Not Predicted,,0.0,0
2060200322,W,R,R,R,WRRR,ODD,Not Predicted,,0.0,0
2060200323,W,W,R,W,WWRW,ODD,Not Predicted,,0.0,0
2060200324,R,W,W,R,RWWR,EVEN,Not Predicted,,0.0,0
2060200325,R,W,W,R,RWWR,EVEN,Not Predicted,,0.0,0
2060200326,R,R,R,R,RRRR,EVEN,Not Predicted,,0.0,0
2060200327,W,W,R,R,WWRR,EVEN,Not Predicted,,0.0,0
2060200328,R,W,W,W,RWWW,ODD,Not Predicted,,0.0,0
2060200329,R,W,R,R,RWRR,ODD,Not Predicted,,0.0,0
2060200330,W,W,R,W,WWRW,ODD,Not Predicted,,0.0,0
2060200331,R,W,W,R,RWWR,EVEN,Not Predicted,,0.0,0
2060200332,W,W,R,W,WWRW,ODD,Not Predicted,,0.0,0
2060200333,W,R,W,W,WRWW,ODD,Not Predicted,,0.0,0
2060200334,W,W,W,W,WWWW,EVEN,Not Predicted,,0.0,0
2060200335,R,R,W,R,RRWR,ODD,Not Predicted,,0.0,0
2060200336,R,W,R,R,RWRR,ODD,Not Predicted,,0.0,0
2060200337,W,R,R,W,WRRW,EVEN,Not Predicted,,0.0,0
2060200338,R,W,W,R,RWWR,EVEN,Not Predicted,,0.0,0
2060200339,W,R,R,R,WRRR,ODD,Not Predicted,,0.0,0
2060200340,R,W,R,R,RWRR,ODD,Not Predicted,,0.0,0
2060200341,W,W,R,W,WWRW,ODD,Not Predicted,,0.0,0
2060200342,W,W,W,W,WWWW,EVEN,Not Predicted,,0.0,0
2060200343,W,R,R,W,WRRW,EVEN,Not Predicted,,0.0,0
2060200344,R,W,W,W,RWWW,ODD,Not Predicted,,0.0,0
2060200345,W,R,R,W,WRRW,EVEN,Not Predicted,,0.0,0
2060200346,R,W,W,W,RWWW,ODD,Not Predicted,,0.0,0
2060200347,W,W,W,R,WWWR,ODD,Not Predicted,,0.0,0
2060200348,W,W,W,W,WWWW,EVEN,Not Predicted,,0.0,0
2060200349,R,R,W,W,RRWW,EVEN,Not Predicted,,0.0,0
2060200350,R,W,R,W,RWRW,EVEN,Not Predicted,,0.0,0
2060200351,R,R,R,W,RRRW,ODD,Not Predicted,,0.0,0
2060200352,R,W,R,R,RWRR,ODD,Not Predicted,,0.0,0
2060200353,R,R,R,R,RRRR,EVEN,Not Predicted,,0.0,0
2060200354,R,R,W,R,RRWR,ODD,Not Predicted,,0.0,0
2060200355,W,R,W,W,WRWW,ODD,Not Predicted,,0.0,0
2060200356,W,R,W,R,WRWR,EVEN,Not Predicted,,0.0,0
2060200357,R,R,R,R,RRRR,EVEN,Not Predicted,,0.0,0
2060200358,R,W,R,W,RWRW,EVEN,Not Predicted,,0.0,0
2060200359,R,W,R,W,RWRW,EVEN,Not Predicted,,0.0,0
2060200360,W,W,W,R,WWWR,ODD,Not Predicted,,0.0,0
2060200361,R,R,R,W,RRRW,ODD,Not Predicted,,0.0,0
2060200362,R,R,W,W,RRWW,EVEN,Not Predicted,,0.0,0
2060200363,W,W,R,R,WWRR,EVEN,Not Predicted,,0.0,0
2060200364,W,R,R,R,WRRR,ODD,Not Predicted,,0.0,0
2060200365,W,W,R,W,WWRW,ODD,Not Predicted,,0.0,0
2060200366,R,R,R,W,RRRW,ODD,Not Predicted,,0.0,0
2060200367,W,R,W,W,WRWW,ODD,Not Predicted,,0.0,0
2060200368,R,R,R,W,RRRW,ODD,Not Predicted,,0.0,0
2060200369,R,W,W,W,RWWW,ODD,Not Predicted,,0.0,0
2060200370,R,W,R,W,RWRW,EVEN,Not Predicted,,0.0,0
2060200371,W,W,R,W,WWRW,ODD,Not Predicted,,0.0,0
2060200372,W,R,R,W,WRRW,EVEN,Not Predicted,,0.0,0
2060200373,W,W,W,W,WWWW,EVEN,Not Predicted,,0.0,0
2060200374,W,R,W,R,WRWR,EVEN,Not Predicted,,0.0,0
2060200375,R,R,W,R,RRWR,ODD,Not Predicted,,0.0,0
2060200376,R,W,R,W,RWRW,EVEN,Not Predicted,,0.0,0
2060200377,R,R,R,W,RRRW,ODD,Not Predicted,,0.0,0
2060200378,W,W,W,R,WWWR,ODD,Not Predicted,,0.0,0
2060200379,R,R,R,R,RRRR,EVEN,Not Predicted,,0.0,0
2060200380,W,W,W,W,WWWW,EVEN,Not Predicted,,0.0,0
2060200381,R,W,W,W,RWWW,ODD,Not Predicted,,0.0,0
2060200382,R,R,W,W,RRWW,EVEN,Not Predicted,,0.0,0
2060200383,W,R,W,R,WRWR,EVEN,Not Predicted,,0.0,0
2060200384,W,W,R,W,WWRW,ODD,Not Predicted,,0.0,0
2060200385,W,W,R,W,WWRW,ODD,Not Predicted,,0.0,0
2060200386,R,W,R,R,RWRR,ODD,Not Predicted,,0.0,0
2060200387,W,R,W,W,WRWW,ODD,Not Predicted,,0.0,0
2060200388,R,R,W,R,RRWR,ODD,Not Predicted,,0.0,0
2060200389,R,W,R,W,RWRW,EVEN,Not Predicted,,0.0,0
2060200390,R,R,R,R,RRRR,EVEN,Not Predicted,,0.0,0
2060200391,R,R,W,W,RRWW,EVEN,Not Predicted,,0.0,0
2060200392,W,R,W,R,WRWR,EVEN,Not Predicted,,0.0,0
2060200393,W,R,R,R,WRRR,ODD,Not Predicted,,0.0,0
2060200394,R,R,R,R,RRRR,EVEN,Not Predicted,,0.0,0
2060200395,W,W,W,R,WWWR,ODD,Not Predicted,,0.0,0
2060200396,R,W,R,W,RWRW,EVEN,Not Predicted,,0.0,0
2060200397,R,R,W,W,RRWW,EVEN,Not Predicted,,0.0,0
2060200398,W,W,R,W,WWRW,ODD,Not Predicted,,0.0,0
2060200399,R,R,W,R,RRWR,ODD,Not Predicted,,0.0,0
2060200400,W,R,W,R,WRWR,EVEN,Not Predicted,,0.0,0
2060200401,W,W,W,W,WWWW,EVEN,Not Predicted,,0.0,0
2060200402,R,W,R,W,RWRW,EVEN,Not Predicted,,0.0,0
2060200403,R,W,W,R,RWWR,EVEN,Not Predicted,,0.0,0
2060200404,W,W,R,W,WWRW,ODD,Not Predicted,,0.0,0
2060200405,R,R,R,W,RRRW,ODD,Not Predicted,,0.0,0
2060200406,W,R,W,W,WRWW,ODD,Not Predicted,,0.0,0
2060200407,W,W,W,R,WWWR,ODD,Not Predicted,,0.0,0
2060200408,R,W,R,R,RWRR,ODD,Not Predicted,,0.0,0
2060200409,R,W,W,R,RWWR,EVEN,Not Predicted,,0.0,0
2060200410,W,R,W,R,WRWR,EVEN,Not Predicted,,0.0,0
2060200411,R,R,W,W,RRWW,EVEN,Not Predicted,,0.0,0
2060200412,R,R,R,W,RRRW,ODD,Not Predicted,,0.0,0
2060200413,R,W,W,W,RWWW,ODD,Not Predicted,,0.0,0
2060200414,W,R,R,W,WRRW,EVEN,Not Predicted,,0.0,0
2060200415,R,R,R,W,RRRW,ODD,Not Predicted,,0.0,0
2060200416,W,W,R,W,WWRW,ODD,Not Predicted,,0.0,0
2060200417,W,R,R,W,WRRW,EVEN,Not Predicted,,0.0,0
2060200418,R,W,W,W,RWWW,ODD,Not Predicted,,0.0,0
2060200419,R,W,R,W,RWRW,EVEN,Not Predicted,,0.0,0
2060200420,W,W,R,W,WWRW,ODD,Not Predicted,,0.0,0
2060200421,W,R,W,R,WRWR,EVEN,Not Predicted,,0.0,0
2060200422,W,R,W,R,WRWR,EVEN,Not Predicted,,0.0,0
2060200423,R,R,W,R,RRWR,ODD,Not Predicted,,0.0,0
2060200424,W,R,W,W,WRWW,ODD,Not Predicted,,0.0,0
2060200425,W,R,R,R,WRRR,ODD,Not Predicted,,0.0,0
2060200426,W,W,R,W,WWRW,ODD,Not Predicted,,0.0,0
2060200427,W,R,W,W,WRWW,ODD,Not Predicted,,0.0,0
2060200428,R,R,R,W,RRRW,ODD,Not Predicted,,0.0,0
2060200429,W,R,R,W,WRRW,EVEN,Not Predicted,,0.0,0
2060200430,R,R,W,W,RRWW,EVEN,Not Predicted,,0.0,0
2060200431,W,R,R,W,WRRW,EVEN,Not Predicted,,0.0,0
2060200432,R,R,W,W,RRWW,EVEN,Not Predicted,,0.0,0
2060200433,R,W,W,R,RWWR,EVEN,Not Predicted,,0.0,0
2060200434,R,W,W,W,RWWW,ODD,Not Predicted,,0.0,0
2060200435,R,W,R,W,RWRW,EVEN,Not Predicted,,0.0,0
2060200436,W,R,R,R,WRRR,ODD,Not Predicted,,0.0,0
2060200437,W,W,R,R,WWRR,EVEN,Not Predicted,,0.0,0
2060200438,R,W,W,W,RWWW,ODD,Not Predicted,,0.0,0
2060200439,W,R,R,W,WRRW,EVEN,Not Predicted,,0.0,0
2060200440,R,W,R,W,RWRW,EVEN,Not Predicted,,0.0,0
2060200441,R,R,R,W,RRRW,ODD,Not Predicted,,0.0,0
2060200442,W,R,W,R,WRWR,EVEN,Not Predicted,,0.0,0
2060200443,R,R,R,R,RRRR,EVEN,Not Predicted,,0.0,0
2060200444,R,R,W,R,RRWR,ODD,Not Predicted,,0.0,0
2060200445,W,W,R,W,WWRW,ODD,Not Predicted,,0.0,0
2060200446,R,W,W,W,RWWW,ODD,Not Predicted,,0.0,0
2060200447,R,W,R,W,RWRW,EVEN,Not Predicted,,0.0,0
2060200448,W,W,W,W,WWWW,EVEN,Not Predicted,,0.0,0
2060200449,W,R,W,R,WRWR,EVEN,Not Predicted,,0.0,0
2060200450,R,R,R,W,RRRW,ODD,Not Predicted,,0.0,0
2060200451,W,W,W,R,WWWR,ODD,Not Predicted,,0.0,0
2060200452,R,W,W,R,RWWR,EVEN,Not Predicted,,0.0,0
2060200453,W,W,R,W,WWRW,ODD,Not Predicted,,0.0,0
2060200454,W,R,W,R,WRWR,EVEN,Not Predicted,,0.0,0
2060200455,W,R,R,R,WRRR,ODD,Not Predicted,,0.0,0
2060200456,R,R,W,R,RRWR,ODD,Not Predicted,,0.0,0
2060200457,W,W,W,R,WWWR,ODD,Not Predicted,,0.0,0
2060200458,R,R,R,W,RRRW,ODD,Not Predicted,,0.0,0
2060200459,W,R,W,R,WRWR,EVEN,Not Predicted,,0.0,0
2060200460,R,W,R,R,RWRR,ODD,Not Predicted,,0.0,0
2060200461,R,W,R,R,RWRR,ODD,Not Predicted,,0.0,0
2060200462,W,W,R,R,WWRR,EVEN,Not Predicted,,0.0,0
2060200463,W,W,R,W,WWRW,ODD,Not Predicted,,0.0,0
2060200464,R,W,W,W,RWWW,ODD,Not Predicted,,0.0,0
2060200465,W,W,R,R,WWRR,EVEN,Not Predicted,,0.0,0
2060200466,W,W,R,W,WWRW,ODD,Not Predicted,,0.0,0
2060200467,W,R,R,W,WRRW,EVEN,Not Predicted,,0.0,0
2060200468,W,W,W,W,WWWW,EVEN,Not Predicted,,0.0,0
2060200469,W,W,W,R,WWWR,ODD,Not Predicted,,0.0,0
2060200470,R,W,R,R,RWRR,ODD,Not Predicted,,0.0,0
2060200471,R,W,W,R,RWWR,EVEN,Not Predicted,,0.0,0
2060200472,W,W,R,R,WWRR,EVEN,Not Predicted,,0.0,0
2060200473,R,W,W,W,RWWW,ODD,Not Predicted,,0.0,0
2060200474,R,W,W,W,RWWW,ODD,Not Predicted,,0.0,0
2060200475,R,W,R,R,RWRR,ODD,Not Predicted,,0.0,0
2060200476,W,W,W,W,WWWW,EVEN,Not Predicted,,0.0,0
2060200477,R,R,R,W,RRRW,ODD,Not Predicted,,0.0,0
2060200478,W,W,W,R,WWWR,ODD,Not Predicted,,0.0,0
2060200479,W,R,R,R,WRRR,ODD,Not Predicted,,0.0,0
2060200480,R,R,R,W,RRRW,ODD,Not Predicted,,0.0,0
2060300001,W,R,W,W,WRWW,ODD,Not Predicted,,0.0,0
2060300002,W,W,R,W,WWRW,ODD,Not Predicted,,0.0,0
2060300003,R,W,W,W,RWWW,ODD,Not Predicted,,0.0,0
2060300004,W,W,W,R,WWWR,ODD,Not Predicted,,0.0,0
2060300005,W,R,R,R,WRRR,ODD,Not Predicted,,0.0,0
2060300006,R,W,R,W,RWRW,EVEN,Not Predicted,,0.0,0
2060300007,R,W,R,R,RWRR,ODD,Not Predicted,,0.0,0
2060300008,W,W,R,R,WWRR,EVEN,Not Predicted,,0.0,0
2060300009,R,R,R,W,RRRW,ODD,Not Predicted,,0.0,0
2060300010,W,R,W,R,WRWR,EVEN,Not Predicted,,0.0,0
2060300011,R,W,W,W,RWWW,ODD,Not Predicted,,0.0,0
2060300012,R,R,W,W,RRWW,EVEN,Not Predicted,,0.0,0
2060300013,R,R,R,R,RRRR,EVEN,Not Predicted,,0.0,0
2060300014,R,R,R,W,RRRW,ODD,Not Predicted,,0.0,0
2060300015,R,R,R,W,RRRW,ODD,Not Predicted,,0.0,0
2060300016,R,R,W,W,RRWW,EVEN,Not Predicted,,0.0,0
2060300017,W,W,W,W,WWWW,EVEN,Not Predicted,,0.0,0
2060300018,W,W,W,R,WWWR,ODD,Not Predicted,,0.0,0
2060300019,W,W,W,R,WWWR,ODD,Not Predicted,,0.0,0
2060300020,R,W,W,R,RWWR,EVEN,Not Predicted,,0.0,0
2060300021,W,W,R,R,WWRR,EVEN,Not Predicted,,0.0,0
2060300022,R,W,W,W,RWWW,ODD,Not Predicted,,0.0,0
2060300023,W,W,R,W,WWRW,ODD,Not Predicted,,0.0,0
2060300024,R,W,W,R,RWWR,EVEN,Not Predicted,,0.0,0
2060300025,W,R,R,W,WRRW,EVEN,Not Predicted,,0.0,0
2060300026,W,R,W,R,WRWR,EVEN,Not Predicted,,0.0,0
2060300027,W,W,W,W,WWWW,EVEN,Not Predicted,,0.0,0
2060300028,W,W,R,W,WWRW,ODD,Not Predicted,,0.0,0
2060300029,R,R,R,W,RRRW,ODD,Not Predicted,,0.0,0
2060300030,R,W,W,R,RWWR,EVEN,Not Predicted,,0.0,0
2060300031,W,R,R,W,WRRW,EVEN,Not Predicted,,0.0,0
2060300032,W,W,R,W,WWRW,ODD,Not Predicted,,0.0,0
2060300033,R,W,W,R,RWWR,EVEN,Not Predicted,,0.0,0
2060300034,R,W,R,W,RWRW,EVEN,Not Predicted,,0.0,0
2060300035,W,R,R,W,WRRW,EVEN,Not Predicted,,0.0,0
2060300036,W,W,W,W,WWWW,EVEN,Not Predicted,,0.0,0
2060300037,R,R,R,R,RRRR,EVEN,Not Predicted,,0.0,0
2060300038,W,R,R,W,WRRW,EVEN,Not Predicted,,0.0,0
2060300039,W,W,R,W,WWRW,ODD,Not Predicted,,0.0,0
2060300040,R,W,R,W,RWRW,EVEN,Not Predicted,,0.0,0
2060300041,R,W,R,W,RWRW,EVEN,Not Predicted,,0.0,0
2060300042,W,W,R,W,WWRW,ODD,Not Predicted,,0.0,0
2060300043,R,W,R,W,RWRW,EVEN,Not Predicted,,0.0,0
2060300044,W,R,R,W,WRRW,EVEN,Not Predicted,,0.0,0
2060300045,R,W,W,W,RWWW,ODD,Not Predicted,,0.0,0
2060300046,R,W,W,W,RWWW,ODD,Not Predicted,,0.0,0
2060300047,W,R,W,W,WRWW,ODD,Not Predicted,,0.0,0
2060300048,R,W,R,W,RWRW,EVEN,Not Predicted,,0.0,0
2060300049,W,R,W,W,WRWW,ODD,Not Predicted,,0.0,0
2060300050,R,W,R,R,RWRR,ODD,Not Predicted,,0.0,0
2060300051,R,R,W,W,RRWW,EVEN,Not Predicted,,0.0,0
2060300052,R,W,W,W,RWWW,ODD,Not Predicted,,0.0,0
2060300053,R,W,W,W,RWWW,ODD,Not Predicted,,0.0,0
2060300054,R,R,W,W,RRWW,EVEN,Not Predicted,,0.0,0
2060300055,R,R,R,W,RRRW,ODD,Not Predicted,,0.0,0
2060300056,W,W,R,W,WWRW,ODD,Not Predicted,,0.0,0
2060300057,R,R,W,R,RRWR,ODD,Not Predicted,,0.0,0
2060300058,R,R,R,W,RRRW,ODD,Not Predicted,,0.0,0
2060300059,W,R,R,R,WRRR,ODD,Not Predicted,,0.0,0
2060300060,W,W,R,W,WWRW,ODD,Not Predicted,,0.0,0
2060300061,W,R,R,W,WRRW,EVEN,Not Predicted,,0.0,0
2060300062,W,R,R,R,WRRR,ODD,Not Predicted,,0.0,0
2060300063,R,W,R,R,RWRR,ODD,Not Predicted,,0.0,0
2060300064,R,W,W,W,RWWW,ODD,Not Predicted,,0.0,0
2060300065,R,W,R,W,RWRW,EVEN,Not Predicted,,0.0,0
2060300066,R,R,R,R,RRRR,EVEN,Not Predicted,,0.0,0
2060300067,W,W,W,R,WWWR,ODD,Not Predicted,,0.0,0
2060300068,W,R,W,W,WRWW,ODD,Not Predicted,,0.0,0
2060300069,R,W,R,R,RWRR,ODD,Not Predicted,,0.0,0
2060300070,W,W,W,W,WWWW,EVEN,Not Predicted,,0.0,0
2060300071,R,R,R,R,RRRR,EVEN,Not Predicted,,0.0,0
2060300072,R,R,W,R,RRWR,ODD,Not Predicted,,0.0,0
2060300073,R,W,R,R,RWRR,ODD,Not Predicted,,0.0,0
2060300074,W,W,R,R,WWRR,EVEN,Not Predicted,,0.0,0
2060300075,W,R,W,W,WRWW,ODD,Not Predicted,,0.0,0
2060300076,R,R,R,R,RRRR,EVEN,Not Predicted,,0.0,0
2060300077,W,R,R,R,WRRR,ODD,Not Predicted,,0.0,0
2060300078,R,R,R,R,RRRR,EVEN,Not Predicted,,0.0,0
2060300079,W,W,W,W,WWWW,EVEN,Not Predicted,,0.0,0
2060300080,W,R,R,W,WRRW,EVEN,Not Predicted,,0.0,0
2060300081,R,R,W,W,RRWW,EVEN,Not Predicted,,0.0,0
2060300082,R,W,W,R,RWWR,EVEN,Not Predicted,,0.0,0
2060300083,W,W,W,R,WWWR,ODD,Not Predicted,,0.0,0
2060300084,W,R,W,W,WRWW,ODD,Not Predicted,,0.0,0
2060300085,W,W,W,W,WWWW,EVEN,Not Predicted,,0.0,0
2060300086,W,R,R,W,WRRW,EVEN,Not Predicted,,0.0,0
2060300087,W,R,W,R,WRWR,EVEN,Not Predicted,,0.0,0
2060300088,W,W,R,R,WWRR,EVEN,Not Predicted,,0.0,0
2060300089,W,R,R,R,WRRR,ODD,Not Predicted,,0.0,0
2060300090,W,R,R,W,WRRW,EVEN,Not Predicted,,0.0,0
2060300091,W,W,W,R,WWWR,ODD,Not Predicted,,0.0,0
2060300092,W,W,W,R,WWWR,ODD,Not Predicted,,0.0,0
2060300093,W,R,R,R,WRRR,ODD,Not Predicted,,0.0,0
2060300094,W,W,W,R,WWWR,ODD,Not Predicted,,0.0,0
2060300095,W,R,R,W,WRRW,EVEN,Not Predicted,,0.0,0
2060300096,R,R,W,R,RRWR,ODD,Not Predicted,,0.0,0
2060300097,R,W,R,R,RWRR,ODD,Not Predicted,,0.0,0
2060300098,W,R,R,R,WRRR,ODD,Not Predicted,,0.0,0
2060300099,W,R,R,R,WRRR,ODD,Not Predicted,,0.0,0
2060300100,W,R,W,R,WRWR,EVEN,Not Predicted,,0.0,0
2060300101,W,W,R,R,WWRR,EVEN,Not Predicted,,0.0,0
2060300102,W,W,W,W,WWWW,EVEN,Not Predicted,,0.0,0
2060300103,W,W,R,W,WWRW,ODD,Not Predicted,,0.0,0
2060300104,W,W,R,W,WWRW,ODD,Not Predicted,,0.0,0
2060300105,R,R,W,W,RRWW,EVEN,Not Predicted,,0.0,0
2060300106,R,R,R,R,RRRR,EVEN,Not Predicted,,0.0,0
2060300107,R,R,R,R,RRRR,EVEN,Not Predicted,,0.0,0
2060300108,W,R,R,R,WRRR,ODD,Not Predicted,,0.0,0
2060300109,W,R,R,R,WRRR,ODD,Not Predicted,,0.0,0
2060300110,W,W,R,R,WWRR,EVEN,Not Predicted,,0.0,0
2060300111,W,R,W,W,WRWW,ODD,Not Predicted,,0.0,0
2060300112,R,W,R,W,RWRW,EVEN,Not Predicted,,0.0,0
2060300113,R,W,W,R,RWWR,EVEN,Not Predicted,,0.0,0
2060300114,R,W,R,W,RWRW,EVEN,Not Predicted,,0.0,0
2060300115,W,W,W,R,WWWR,ODD,Not Predicted,,0.0,0
2060300116,W,R,R,W,WRRW,EVEN,Not Predicted,,0.0,0
2060300117,W,R,R,R,WRRR,ODD,Not Predicted,,0.0,0
2060300118,R,W,R,W,RWRW,EVEN,Not Predicted,,0.0,0
2060300119,R,R,R,W,RRRW,ODD,Not Predicted,,0.0,0
2060300120,R,W,R,R,RWRR,ODD,Not Predicted,,0.0,0
2060300121,R,W,W,R,RWWR,EVEN,Not Predicted,,0.0,0
2060300122,R,R,W,R,RRWR,ODD,Not Predicted,,0.0,0
2060300123,W,R,R,W,WRRW,EVEN,Not Predicted,,0.0,0
2060300124,R,W,R,R,RWRR,ODD,Not Predicted,,0.0,0
2060300125,R,R,R,W,RRRW,ODD,Not Predicted,,0.0,0
2060300126,R,W,W,R,RWWR,EVEN,Not Predicted,,0.0,0
2060300127,R,R,R,R,RRRR,EVEN,Not Predicted,,0.0,0
2060300128,W,W,R,W,WWRW,ODD,Not Predicted,,0.0,0
2060300129,W,R,R,R,WRRR,ODD,Not Predicted,,0.0,0
2060300130,W,W,R,R,WWRR,EVEN,Not Predicted,,0.0,0
2060300131,R,R,W,W,RRWW,EVEN,Not Predicted,,0.0,0
2060300132,W,R,R,R,WRRR,ODD,Not Predicted,,0.0,0
2060300133,R,W,W,W,RWWW,ODD,Not Predicted,,0.0,0
2060300134,W,R,R,W,WRRW,EVEN,Not Predicted,,0.0,0
2060300135,R,R,W,R,RRWR,ODD,Not Predicted,,0.0,0
2060300136,R,W,R,R,RWRR,ODD,Not Predicted,,0.0,0
2060300137,R,R,W,W,RRWW,EVEN,Not Predicted,,0.0,0
2060300138,R,W,R,W,RWRW,EVEN,Not Predicted,,0.0,0
2060300139,R,R,W,R,RRWR,ODD,Not Predicted,,0.0,0
2060300140,W,R,W,R,WRWR,EVEN,Not Predicted,,0.0,0
2060300141,R,R,R,R,RRRR,EVEN,Not Predicted,,0.0,0
2060300142,R,W,R,R,RWRR,ODD,Not Predicted,,0.0,0
2060300143,W,R,W,W,WRWW,ODD,Not Predicted,,0.0,0
2060300144,R,W,W,W,RWWW,ODD,Not Predicted,,0.0,0
2060300145,W,R,W,W,WRWW,ODD,Not Predicted,,0.0,0
2060300146,W,R,W,R,WRWR,EVEN,Not Predicted,,0.0,0
2060300147,W,R,R,W,WRRW,EVEN,Not Predicted,,0.0,0
2060300148,R,R,R,R,RRRR,EVEN,Not Predicted,,0.0,0
2060300149,W,W,W,R,WWWR,ODD,Not Predicted,,0.0,0
2060300150,W,W,W,W,WWWW,EVEN,Not Predicted,,0.0,0
2060300151,W,R,W,R,WRWR,EVEN,Not Predicted,,0.0,0
2060300152,R,W,W,W,RWWW,ODD,Not Predicted,,0.0,0
2060300153,R,W,W,R,RWWR,EVEN,Not Predicted,,0.0,0
2060300154,R,W,R,W,RWRW,EVEN,Not Predicted,,0.0,0
2060300155,R,W,R,W,RWRW,EVEN,Not Predicted,,0.0,0
2060300156,W,R,W,W,WRWW,ODD,Not Predicted,,0.0,0
2060300157,R,R,R,W,RRRW,ODD,Not Predicted,,0.0,0
2060300158,W,W,W,R,WWWR,ODD,Not Predicted,,0.0,0
2060300159,W,R,W,R,WRWR,EVEN,Not Predicted,,0.0,0
2060300160,R,R,W,R,RRWR,ODD,Not Predicted,,0.0,0
2060300161,R,W,R,R,RWRR,ODD,Not Predicted,,0.0,0
2060300162,R,R,R,R,RRRR,EVEN,Not Predicted,,0.0,0
2060300163,R,R,W,W,RRWW,EVEN,Not Predicted,,0.0,0
2060300164,W,R,R,W,WRRW,EVEN,Not Predicted,,0.0,0
2060300165,R,W,W,W,RWWW,ODD,Not Predicted,,0.0,0
2060300166,W,R,R,W,WRRW,EVEN,Not Predicted,,0.0,0
2060300167,R,R,W,W,RRWW,EVEN,Not Predicted,,0.0,0
2060300168,R,W,W,R,RWWR,EVEN,Not Predicted,,0.0,0
2060300169,W,R,W,W,WRWW,ODD,Not Predicted,,0.0,0
2060300170,R,W,R,R,RWRR,ODD,Not Predicted,,0.0,0
2060300171,R,R,W,R,RRWR,ODD,Not Predicted,,0.0,0
2060300172,W,R,W,W,WRWW,ODD,Not Predicted,,0.0,0
2060300173,R,R,W,W,RRWW,EVEN,Not Predicted,,0.0,0
2060300174,R,R,W,W,RRWW,EVEN,Not Predicted,,0.0,0
2060300175,R,R,W,R,RRWR,ODD,Not Predicted,,0.0,0
2060300176,R,R,R,R,RRRR,EVEN,Not Predicted,,0.0,0
2060300177,R,R,R,W,RRRW,ODD,Not Predicted,,0.0,0
2060300178,W,R,R,W,WRRW,EVEN,Not Predicted,,0.0,0
2060300179,R,R,W,W,RRWW,EVEN,Not Predicted,,0.0,0
2060300180,R,R,W,W,RRWW,EVEN,Not Predicted,,0.0,0
2060300181,W,W,R,R,WWRR,EVEN,Not Predicted,,0.0,0
2060300182,W,R,W,W,WRWW,ODD,Not Predicted,,0.0,0
2060300183,R,R,W,W,RRWW,EVEN,Not Predicted,,0.0,0
2060300184,W,W,W,W,WWWW,EVEN,Not Predicted,,0.0,0
2060300185,W,W,W,R,WWWR,ODD,Not Predicted,,0.0,0
2060300186,R,W,R,W,RWRW,EVEN,Not Predicted,,0.0,0
2060300187,R,W,W,R,RWWR,EVEN,Not Predicted,,0.0,0
2060300188,W,W,W,R,WWWR,ODD,Not Predicted,,0.0,0
2060300189,W,W,R,R,WWRR,EVEN,Not Predicted,,0.0,0
2060300190,W,W,R,R,WWRR,EVEN,Not Predicted,,0.0,0
2060300191,W,R,W,W,WRWW,ODD,Not Predicted,,0.0,0
2060300192,W,W,W,R,WWWR,ODD,Not Predicted,,0.0,0
2060300193,W,W,R,R,WWRR,EVEN,Not Predicted,,0.0,0
2060300194,W,R,W,R,WRWR,EVEN,Not Predicted,,0.0,0
2060300195,W,W,W,R,WWWR,ODD,Not Predicted,,0.0,0
2060300196,W,R,R,W,WRRW,EVEN,Not Predicted,,0.0,0
2060300197,R,W,R,W,RWRW,EVEN,Not Predicted,,0.0,0
2060300198,W,R,R,W,WRRW,EVEN,Not Predicted,,0.0,0
2060300199,R,W,R,R,RWRR,ODD,Not Predicted,,0.0,0
2060300200,R,W,W,W,RWWW,ODD,Not Predicted,,0.0,0
2060300201,W,W,W,R,WWWR,ODD,Not Predicted,,0.0,0
2060300202,W,R,W,R,WRWR,EVEN,Not Predicted,,0.0,0
2060300203,W,R,W,W,WRWW,ODD,Not Predicted,,0.0,0
2060300204,R,R,R,W,RRRW,ODD,Not Predicted,,0.0,0
2060300205,R,W,R,R,RWRR,ODD,Not Predicted,,0.0,0
2060300206,W,R,R,R,WRRR,ODD,Not Predicted,,0.0,0
2060300207,R,R,W,W,RRWW,EVEN,Not Predicted,,0.0,0
2060300208,W,W,R,W,WWRW,ODD,Not Predicted,,0.0,0
2060300209,R,R,W,W,RRWW,EVEN,Not Predicted,,0.0,0
2060300210,R,W,R,R,RWRR,ODD,Not Predicted,,0.0,0
2060300211,W,R,W,R,WRWR,EVEN,Not Predicted,,0.0,0
2060300212,R,W,W,W,RWWW,ODD,Not Predicted,,0.0,0
2060300213,W,R,W,W,WRWW,ODD,Not Predicted,,0.0,0
2060300214,W,R,R,R,WRRR,ODD,Not Predicted,,0.0,0
2060300215,W,W,W,W,WWWW,EVEN,Not Predicted,,0.0,0
2060300216,W,R,W,R,WRWR,EVEN,Not Predicted,,0.0,0
2060300217,W,R,W,W,WRWW,ODD,Not Predicted,,0.0,0
2060300218,W,W,W,W,WWWW,EVEN,Not Predicted,,0.0,0
2060300219,R,W,R,W,RWRW,EVEN,Not Predicted,,0.0,0
2060300220,W,W,R,R,WWRR,EVEN,Not Predicted,,0.0,0
2060300221,R,W,W,R,RWWR,EVEN,Not Predicted,,0.0,0
2060300222,R,W,R,R,RWRR,ODD,Not Predicted,,0.0,0
2060300223,R,W,R,R,RWRR,ODD,Not Predicted,,0.0,0
2060300224,R,R,W,R,RRWR,ODD,Not Predicted,,0.0,0
2060300225,R,R,R,R,RRRR,EVEN,Not Predicted,,0.0,0
2060300226,R,R,W,W,RRWW,EVEN,Not Predicted,,0.0,0
2060300227,W,W,R,R,WWRR,EVEN,Not Predicted,,0.0,0
2060300228,R,R,R,R,RRRR,EVEN,Not Predicted,,0.0,0
2060300229,R,W,W,W,RWWW,ODD,Not Predicted,,0.0,0
2060300230,R,R,W,W,RRWW,EVEN,Not Predicted,,0.0,0
2060300231,W,R,W,R,WRWR,EVEN,Not Predicted,,0.0,0
2060300232,R,R,R,W,RRRW,ODD,Not Predicted,,0.0,0
2060300233,W,W,W,R,WWWR,ODD,Not Predicted,,0.0,0
2060300234,R,W,R,R,RWRR,ODD,Not Predicted,,0.0,0
2060300235,W,W,R,R,WWRR,EVEN,Not Predicted,,0.0,0
2060300236,W,W,R,R,WWRR,EVEN,Not Predicted,,0.0,0
2060300237,W,W,R,W,WWRW,ODD,Not Predicted,,0.0,0
2060300238,W,R,R,R,WRRR,ODD,Not Predicted,,0.0,0
2060300239,R,R,R,R,RRRR,EVEN,Not Predicted,,0.0,0
2060300240,W,R,W,W,WRWW,ODD,Not Predicted,,0.0,0
2060300241,W,W,R,R,WWRR,EVEN,Not Predicted,,0.0,0
2060300242,W,R,W,R,WRWR,EVEN,Not Predicted,,0.0,0
2060300243,R,R,W,R,RRWR,ODD,Not Predicted,,0.0,0
2060300244,R,R,R,W,RRRW,ODD,Not Predicted,,0.0,0
2060300245,R,W,W,R,RWWR,EVEN,Not Predicted,,0.0,0
2060300246,R,R,W,W,RRWW,EVEN,Not Predicted,,0.0,0
2060300247,R,W,R,R,RWRR,ODD,Not Predicted,,0.0,0
2060300248,R,W,W,R,RWWR,EVEN,Not Predicted,,0.0,0
2060300249,W,W,R,R,WWRR,EVEN,Not Predicted,,0.0,0
2060300250,W,W,W,W,WWWW,EVEN,Not Predicted,,0.0,0
2060300251,W,W,R,R,WWRR,EVEN,Not Predicted,,0.0,0
2060300252,W,W,W,R,WWWR,ODD,Not Predicted,,0.0,0
2060300253,R,W,W,R,RWWR,EVEN,Not Predicted,,0.0,0
2060300254,W,R,R,R,WRRR,ODD,Not Predicted,,0.0,0
2060300255,R,R,R,R,RRRR,EVEN,Not Predicted,,0.0,0
2060300256,W,W,W,R,WWWR,ODD,Not Predicted,,0.0,0
2060300257,R,R,R,W,RRRW,ODD,Not Predicted,,0.0,0
2060300258,R,R,W,W,RRWW,EVEN,Not Predicted,,0.0,0
2060300259,R,W,R,W,RWRW,EVEN,Not Predicted,,0.0,0
2060300260,R,R,R,W,RRRW,ODD,Not Predicted,,0.0,0
2060300261,R,R,W,W,RRWW,EVEN,Not Predicted,,0.0,0
2060300262,R,R,W,R,RRWR,ODD,Not Predicted,,0.0,0
2060300263,R,R,R,W,RRRW,ODD,Not Predicted,,0.0,0
2060300264,W,W,R,W,WWRW,ODD,Not Predicted,,0.0,0
2060300265,W,R,W,R,WRWR,EVEN,Not Predicted,,0.0,0
2060300266,W,R,W,W,WRWW,ODD,Not Predicted,,0.0,0
2060300267,R,W,R,R,RWRR,ODD,Not Predicted,,0.0,0
2060300268,W,R,W,R,WRWR,EVEN,Not Predicted,,0.0,0
2060300269,R,R,W,W,RRWW,EVEN,Not Predicted,,0.0,0
2060300270,R,W,W,W,RWWW,ODD,Not Predicted,,0.0,0
2060300271,W,R,R,W,WRRW,EVEN,Not Predicted,,0.0,0
2060300272,W,R,R,R,WRRR,ODD,Not Predicted,,0.0,0
2060300273,R,R,R,R,RRRR,EVEN,Not Predicted,,0.0,0
2060300274,R,W,W,W,RWWW,ODD,Not Predicted,,0.0,0
2060300275,R,W,W,R,RWWR,EVEN,Not Predicted,,0.0,0
2060300276,R,R,W,R,RRWR,ODD,Not Predicted,,0.0,0
2060300277,W,W,R,W,WWRW,ODD,Not Predicted,,0.0,0
2060300278,W,R,W,R,WRWR,EVEN,Not Predicted,,0.0,0
2060300279,R,R,R,R,RRRR,EVEN,Not Predicted,,0.0,0
2060300280,W,W,R,R,WWRR,EVEN,Not Predicted,,0.0,0
2060300281,R,W,W,R,RWWR,EVEN,Not Predicted,,0.0,0
2060300282,R,R,W,W,RRWW,EVEN,Not Predicted,,0.0,0
2060300283,W,R,W,R,WRWR,EVEN,Not Predicted,,0.0,0
2060300284,R,R,R,W,RRRW,ODD,Not Predicted,,0.0,0
2060300285,W,R,R,W,WRRW,EVEN,Not Predicted,,0.0,0
2060300286,W,R,W,W,WRWW,ODD,Not Predicted,,0.0,0
2060300287,W,W,W,W,WWWW,EVEN,Not Predicted,,0.0,0
2060300288,R,R,W,R,RRWR,ODD,Not Predicted,,0.0,0
2060300289,R,W,W,R,RWWR,EVEN,Not Predicted,,0.0,0
2060300290,R,R,R,W,RRRW,ODD,Not Predicted,,0.0,0
2060300291,W,R,W,R,WRWR,EVEN,Not Predicted,,0.0,0
2060300292,R,W,W,R,RWWR,EVEN,Not Predicted,,0.0,0
2060300293,R,W,W,R,RWWR,EVEN,Not Predicted,,0.0,0
2060300294,R,W,R,R,RWRR,ODD,LOSS,EVEN,0.6394,0
2060300295,W,R,R,W,WRRW,EVEN,WIN,EVEN,0.72,0
2060300296,R,W,R,W,RWRW,EVEN,WIN,EVEN,0.5937,0
2060300297,R,R,W,R,RRWR,ODD,LOSS,EVEN,0.67,0
2060300298,W,W,R,R,WWRR,EVEN,WIN,EVEN,0.72,0
2060300299,W,R,W,W,WRWW,ODD,LOSS,EVEN,0.72,0
2060300300,W,W,R,R,WWRR,EVEN,WIN,EVEN,0.72,0
2060300301,R,R,W,R,RRWR,ODD,LOSS,EVEN,0.67,0
2060300302,R,W,W,R,RWWR,EVEN,WIN,EVEN,0.72,0
2060300303,W,W,W,W,WWWW,EVEN,WIN,EVEN,0.6023,0
2060300304,R,W,W,W,RWWW,ODD,WIN,ODD,0.547,0
2060300305,R,W,R,R,RWRR,ODD,LOSS,EVEN,0.5342,0
2060300306,R,W,W,W,RWWW,ODD,WIN,ODD,0.536,0
2060300307,R,R,R,R,RRRR,EVEN,LOSS,ODD,0.5206,0
2060300308,W,R,W,W,WRWW,ODD,WIN,ODD,0.72,0
2060300309,W,W,W,R,WWWR,ODD,WIN,ODD,0.6998,0
2060300310,W,W,W,R,WWWR,ODD,WIN,ODD,0.6679,0
2060300311,W,W,R,W,WWRW,ODD,WIN,ODD,0.82,0
2060300312,R,W,R,W,RWRW,EVEN,LOSS,ODD,0.6456,0
2060300313,R,W,W,R,RWWR,EVEN,WIN,EVEN,0.78,0
2060300314,R,R,W,W,RRWW,EVEN,WIN,EVEN,0.78,0
2060300315,R,R,R,W,RRRW,ODD,WIN,ODD,0.5893,0
2060300316,W,W,R,R,WWRR,EVEN,WIN,EVEN,0.72,0
2060300317,R,W,R,W,RWRW,EVEN,WIN,EVEN,0.6093,0
2060300318,R,R,W,R,RRWR,ODD,LOSS,EVEN,0.5951,0
2060300319,W,R,R,R,WRRR,ODD,LOSS,EVEN,0.6284,0
2060300320,W,W,W,R,WWWR,ODD,LOSS,EVEN,0.5998,0
2060300321,R,R,W,W,RRWW,EVEN,WIN,EVEN,0.5197,0
2060300322,R,R,W,W,RRWW,EVEN,LOSS,ODD,0.5124,0
2060300323,W,R,W,W,WRWW,ODD,WIN,ODD,0.5818,0
2060300324,W,R,R,R,WRRR,ODD,WIN,ODD,0.6109,0
2060300325,R,R,W,W,RRWW,EVEN,LOSS,ODD,0.6618,0
2060300326,R,R,R,W,RRRW,ODD,WIN,ODD,0.72,0
2060300327,R,R,W,R,RRWR,ODD,WIN,ODD,0.6137,0
2060300328,W,R,W,R,WRWR,EVEN,LOSS,ODD,0.5481,0
2060300329,W,W,W,R,WWWR,ODD,WIN,ODD,0.72,0
2060300330,W,R,R,R,WRRR,ODD,WIN,ODD,0.6284,0
2060300331,W,W,W,R,WWWR,ODD,WIN,ODD,0.624,0
2060300332,R,R,W,W,RRWW,EVEN,LOSS,ODD,0.6266,0
2060300333,W,W,W,W,WWWW,EVEN,LOSS,ODD,0.6115,0
2060300334,R,R,R,W,RRRW,ODD,WIN,ODD,0.6472,0
2060300335,R,R,W,R,RRWR,ODD,WIN,ODD,0.6316,0
2060300336,W,W,R,W,WWRW,ODD,WIN,ODD,0.6017,0
2060300337,W,R,W,W,WRWW,ODD,WIN,ODD,0.82,0
2060300338,R,W,W,W,RWWW,ODD,WIN,ODD,0.82,0
2060300339,R,W,R,W,RWRW,EVEN,LOSS,ODD,0.6289,0
2060300340,R,R,W,R,RRWR,ODD,WIN,ODD,0.72,0
2060300341,R,W,W,R,RWWR,EVEN,LOSS,ODD,0.72,0
2060300342,R,R,R,R,RRRR,EVEN,LOSS,ODD,0.6485,0
2060300343,R,W,W,R,RWWR,EVEN,LOSS,ODD,0.6096,0
2060300344,W,W,W,R,WWWR,ODD,WIN,ODD,0.532,0
2060300345,R,R,W,R,RRWR,ODD,LOSS,EVEN,0.5497,0
2060300346,R,W,R,W,RWRW,EVEN,WIN,EVEN,0.6116,0
2060300347,W,R,W,R,WRWR,EVEN,WIN,EVEN,0.5967,0
2060300348,R,W,W,R,RWWR,EVEN,WIN,EVEN,0.6727,0
2060300349,W,R,R,W,WRRW,EVEN,WIN,EVEN,0.82,0
2060300350,R,W,W,R,RWWR,EVEN,WIN,EVEN,0.82,0
2060300351,R,W,R,R,RWRR,ODD,LOSS,EVEN,0.6355,0
2060300352,R,R,R,W,RRRW,ODD,WIN,ODD,0.78,0
2060300353,W,W,W,R,WWWR,ODD,WIN,ODD,0.78,0
2060300354,W,W,R,R,WWRR,EVEN,WIN,EVEN,0.6478,0
2060300355,R,R,W,W,RRWW,EVEN,WIN,EVEN,0.6416,0
2060300356,R,R,W,W,RRWW,EVEN,WIN,EVEN,0.6305,0
2060300357,W,R,W,R,WRWR,EVEN,WIN,EVEN,0.82,0
2060300358,R,R,R,W,RRRW,ODD,LOSS,EVEN,0.5575,0
2060300359,R,W,W,R,RWWR,EVEN,WIN,EVEN,0.72,0
2060300360,R,W,W,W,RWWW,ODD,LOSS,EVEN,0.72,0
2060300361,R,W,R,R,RWRR,ODD,LOSS,EVEN,0.6265,0
2060300362,R,R,R,W,RRRW,ODD,WIN,ODD,0.594,0
2060300363,W,W,W,W,WWWW,EVEN,LOSS,ODD,0.5296,0
2060300364,W,R,R,W,WRRW,EVEN,WIN,EVEN,0.5129,0
2060300365,W,R,R,W,WRRW,EVEN,WIN,EVEN,0.5203,0
2060300366,W,W,W,R,WWWR,ODD,WIN,ODD,0.5099,0
2060300367,R,W,W,R,RWWR,EVEN,WIN,EVEN,0.72,0
2060300368,W,W,W,R,WWWR,ODD,LOSS,EVEN,0.72,0
2060300369,R,W,R,R,RWRR,ODD,LOSS,EVEN,0.5054,0
2060300370,R,R,R,R,RRRR,EVEN,WIN,EVEN,0.6248,0
2060300371,W,R,W,W,WRWW,ODD,WIN,ODD,0.72,0
2060300372,W,R,W,R,WRWR,EVEN,LOSS,ODD,0.72,0
2060300373,R,W,R,W,RWRW,EVEN,WIN,EVEN,0.5282,0
2060300374,W,R,R,R,WRRR,ODD,WIN,ODD,0.5347,0
2060300375,W,W,R,W,WWRW,ODD,WIN,ODD,0.6171,0
2060300376,W,W,R,W,WWRW,ODD,WIN,ODD,0.597,0
2060300377,R,R,W,W,RRWW,EVEN,LOSS,ODD,0.5158,0
2060300378,R,R,W,W,RRWW,EVEN,WIN,EVEN,0.5319,0
2060300379,R,W,R,R,RWRR,ODD,WIN,ODD,0.5539,0
2060300380,R,W,R,R,RWRR,ODD,WIN,ODD,0.6262,0
2060300381,R,R,W,W,RRWW,EVEN,LOSS,ODD,0.6543,0
2060300382,R,W,R,R,RWRR,ODD,WIN,ODD,0.72,0
2060300383,R,W,R,R,RWRR,ODD,WIN,ODD,0.6229,0
2060300384,W,R,R,R,WRRR,ODD,WIN,ODD,0.6701,0
2060300385,W,R,W,W,WRWW,ODD,WIN,ODD,0.82,0
2060300386,W,R,R,R,WRRR,ODD,WIN,ODD,0.82,0
2060300387,R,W,W,W,RWWW,ODD,WIN,ODD,0.82,0
2060300388,R,W,W,W,RWWW,ODD,WIN,ODD,0.82,0
2060300389,R,W,R,W,RWRW,EVEN,WIN,EVEN,0.72,0
2060300390,W,W,W,W,WWWW,EVEN,WIN,EVEN,0.78,0
2060300391,R,W,R,W,RWRW,EVEN,WIN,EVEN,0.78,0
2060300392,W,W,R,R,WWRR,EVEN,WIN,EVEN,0.82,0
2060300393,R,W,W,W,RWWW,ODD,LOSS,EVEN,0.5085,0
2060300394,W,W,W,R,WWWR,ODD,WIN,ODD,0.78,0
2060300395,W,R,R,W,WRRW,EVEN,WIN,EVEN,0.606,0
2060300396,R,W,W,W,RWWW,ODD,WIN,ODD,0.72,0
2060300397,W,W,W,R,WWWR,ODD,LOSS,EVEN,0.5288,0
2060300398,W,W,W,R,WWWR,ODD,WIN,ODD,0.5714,0
2060300399,R,W,R,W,RWRW,EVEN,LOSS,ODD,0.6351,0
2060300400,W,R,W,W,WRWW,ODD,WIN,ODD,0.72,0
2060300401,R,W,W,W,RWWW,ODD,WIN,ODD,0.6647,0
2060300402,R,R,R,W,RRRW,ODD,WIN,ODD,0.6852,0
2060300403,W,W,R,W,WWRW,ODD,WIN,ODD,0.82,0
2060300404,W,W,R,R,WWRR,EVEN,LOSS,ODD,0.6263,0
2060300405,W,R,R,R,WRRR,ODD,WIN,ODD,0.72,0
2060300406,W,R,W,W,WRWW,ODD,WIN,ODD,0.657,0
2060300407,W,R,R,R,WRRR,ODD,WIN,ODD,0.6877,0
2060300408,R,R,W,R,RRWR,ODD,WIN,ODD,0.82,0
2060300409,W,W,R,W,WWRW,ODD,WIN,ODD,0.82,0
2060300410,W,R,R,R,WRRR,ODD,WIN,ODD,0.82,0
2060300411,R,W,R,R,RWRR,ODD,WIN,ODD,0.82,0
2060300412,R,W,R,W,RWRW,EVEN,LOSS,ODD,0.72,0
2060300413,W,W,W,W,WWWW,EVEN,WIN,EVEN,0.78,0
2060300414,W,W,R,R,WWRR,EVEN,WIN,EVEN,0.78,0
2060300415,W,R,R,R,WRRR,ODD,WIN,ODD,0.622,0
2060300416,R,R,W,R,RRWR,ODD,WIN,ODD,0.5697,0
2060300417,W,R,W,R,WRWR,EVEN,WIN,EVEN,0.5511,0
2060300418,W,W,R,R,WWRR,EVEN,WIN,EVEN,0.6481,0
2060300419,W,W,W,W,WWWW,EVEN,WIN,EVEN,0.6361,0
2060300420,R,W,W,W,RWWW,ODD,LOSS,EVEN,0.6386,0
2060300421,W,W,W,W,WWWW,EVEN,WIN,EVEN,0.72,0
2060300422,R,W,W,R,RWWR,EVEN,WIN,EVEN,0.5921,0
2060300423,W,R,R,W,WRRW,EVEN,WIN,EVEN,0.5184,0
2060300424,R,W,W,W,RWWW,ODD,LOSS,EVEN,0.6054,0
2060300425,R,R,R,W,RRRW,ODD,LOSS,EVEN,0.5944,0
2060300426,W,R,W,W,WRWW,ODD,WIN,ODD,0.5093,0
2060300427,W,R,W,R,WRWR,EVEN,LOSS,ODD,0.5327,0
2060300428,R,R,R,W,RRRW,ODD,WIN,ODD,0.72,0
2060300429,R,R,R,R,RRRR,EVEN,LOSS,ODD,0.72,0
2060300430,R,R,W,W,RRWW,EVEN,LOSS,ODD,0.5127,0
2060300431,R,W,R,R,RWRR,ODD,WIN,ODD,0.6251,0
2060300432,R,W,R,W,RWRW,EVEN,WIN,EVEN,0.72,0
2060300433,W,W,R,W,WWRW,ODD,LOSS,EVEN,0.72,0
2060300434,R,W,W,W,RWWW,ODD,LOSS,EVEN,0.5076,0
2060300435,W,W,R,W,WWRW,ODD,WIN,ODD,0.62,0
2060300436,R,W,W,R,RWWR,EVEN,LOSS,ODD,0.5437,0
2060300437,R,R,W,W,RRWW,EVEN,LOSS,ODD,0.5182,0
2060300438,W,R,W,W,WRWW,ODD,WIN,ODD,0.6373,0
2060300439,R,W,R,W,RWRW,EVEN,WIN,EVEN,0.72,0
2060300440,W,R,W,W,WRWW,ODD,LOSS,EVEN,0.72,0
2060300441,W,R,R,R,WRRR,ODD,WIN,ODD,0.6074,0
2060300442,W,R,W,W,WRWW,ODD,WIN,ODD,0.6309,0
2060300443,W,R,R,W,WRRW,EVEN,LOSS,ODD,0.5401,0
2060300444,W,R,W,R,WRWR,EVEN,LOSS,ODD,0.5096,0
2060300445,W,W,W,R,WWWR,ODD,WIN,ODD,0.6396,0
2060300446,R,R,W,R,RRWR,ODD,WIN,ODD,0.6246,0
2060300447,R,W,R,W,RWRW,EVEN,LOSS,ODD,0.6299,0
2060300448,R,W,R,R,RWRR,ODD,WIN,ODD,0.72,0
2060300449,R,R,R,R,RRRR,EVEN,LOSS,ODD,0.72,0
2060300450,R,R,R,R,RRRR,EVEN,WIN,EVEN,0.612,0
2060300451,W,R,R,R,WRRR,ODD,WIN,ODD,0.5347,0
2060300452,R,R,R,R,RRRR,EVEN,WIN,EVEN,0.72,0
2060300453,W,W,R,R,WWRR,EVEN,WIN,EVEN,0.6162,0
2060300454,W,R,W,R,WRWR,EVEN,WIN,EVEN,0.6333,0
2060300455,W,R,W,W,WRWW,ODD,LOSS,EVEN,0.6363,0
2060300456,R,R,R,R,RRRR,EVEN,WIN,EVEN,0.72,0
2060300457,W,R,W,W,WRWW,ODD,LOSS,EVEN,0.72,0
2060300458,R,R,R,W,RRRW,ODD,LOSS,EVEN,0.5261,0
2060300459,R,W,W,R,RWWR,EVEN,WIN,EVEN,0.617,0
2060300460,R,R,R,R,RRRR,EVEN,WIN,EVEN,0.6303,0
2060300461,W,R,W,W,WRWW,ODD,WIN,ODD,0.5324,0
2060300462,W,R,R,R,WRRR,ODD,WIN,ODD,0.5968,0
2060300463,W,R,R,W,WRRW,EVEN,LOSS,ODD,0.5152,0
2060300464,R,W,W,W,RWWW,ODD,WIN,ODD,0.72,0
2060300465,W,R,W,R,WRWR,EVEN,LOSS,ODD,0.72,0
2060300466,W,R,R,W,WRRW,EVEN,WIN,EVEN,0.6259,0
2060300467,R,W,W,W,RWWW,ODD,WIN,ODD,0.5347,0
2060300468,W,W,R,R,WWRR,EVEN,WIN,EVEN,0.72,0
2060300469,W,W,W,W,WWWW,EVEN,WIN,EVEN,0.6026,0
2060300470,R,W,W,R,RWWR,EVEN,WIN,EVEN,0.6365,0
2060300471,R,R,W,W,RRWW,EVEN,WIN,EVEN,0.82,0
2060300472,R,R,W,W,RRWW,EVEN,WIN,EVEN,0.82,0
2060300473,R,R,R,R,RRRR,EVEN,WIN,EVEN,0.82,0
2060300474,R,W,W,R,RWWR,EVEN,WIN,EVEN,0.82,0
2060300475,R,R,W,W,RRWW,EVEN,WIN,EVEN,0.82,0
2060300476,W,R,R,W,WRRW,EVEN,WIN,EVEN,0.82,0
2060300477,W,W,W,W,WWWW,EVEN,WIN,EVEN,0.82,0
2060300478,R,W,W,W,RWWW,ODD,WIN,ODD,0.72,0
2060300479,R,W,R,R,RWRR,ODD,WIN,ODD,0.78,0
2060300480,R,W,R,W,RWRW,EVEN,WIN,EVEN,0.6381,0
2060400001,R,R,R,R,RRRR,EVEN,WIN,EVEN,0.5721,0
2060400002,R,W,W,W,RWWW,ODD,LOSS,EVEN,0.6293,0
2060400003,R,R,R,R,RRRR,EVEN,WIN,EVEN,0.72,0
2060400004,W,R,R,R,WRRR,ODD,LOSS,EVEN,0.72,0
2060400005,W,R,W,R,WRWR,EVEN,WIN,EVEN,0.72,0
2060400006,W,R,W,W,WRWW,ODD,LOSS,EVEN,0.72,0
2060400007,W,R,W,R,WRWR,EVEN,WIN,EVEN,0.72,0
2060400008,W,R,R,R,WRRR,ODD,LOSS,EVEN,0.72,0
2060400009,W,R,R,W,WRRW,EVEN,WIN,EVEN,0.72,0
2060400010,W,W,R,W,WWRW,ODD,LOSS,EVEN,0.72,0
2060400011,R,W,R,W,RWRW,EVEN,WIN,EVEN,0.72,0
2060400012,R,R,W,R,RRWR,ODD,LOSS,EVEN,0.72,0
2060400013,R,R,R,R,RRRR,EVEN,WIN,EVEN,0.72,0
2060400014,W,R,R,R,WRRR,ODD,LOSS,EVEN,0.72,0
2060400015,W,W,R,W,WWRW,ODD,WIN,ODD,0.673,0
2060400016,R,W,R,R,RWRR,ODD,WIN,ODD,0.663,0
2060400017,W,W,W,R,WWWR,ODD,WIN,ODD,0.82,0
2060400018,R,R,W,R,RRWR,ODD,WIN,ODD,0.82,0
2060400019,R,W,R,R,RWRR,ODD,WIN,ODD,0.82,0
2060400020,R,R,R,W,RRRW,ODD,WIN,ODD,0.82,0
2060400021,R,W,W,W,RWWW,ODD,WIN,ODD,0.82,0
2060400022,W,R,R,W,WRRW,EVEN,WIN,EVEN,0.72,0
2060400023,W,W,R,R,WWRR,EVEN,WIN,EVEN,0.78,0
2060400024,R,R,R,W,RRRW,ODD,WIN,ODD,0.6193,0
2060400025,W,W,W,R,WWWR,ODD,WIN,ODD,0.5894,0
2060400026,W,W,R,R,WWRR,EVEN,LOSS,ODD,0.6571,0
2060400027,R,W,R,R,RWRR,ODD,WIN,ODD,0.72,0
2060400028,R,W,R,R,RWRR,ODD,WIN,ODD,0.5544,0
2060400029,W,R,R,W,WRRW,EVEN,LOSS,ODD,0.5418,0
2060400030,R,W,R,W,RWRW,EVEN,LOSS,ODD,0.5306,0
2060400031,W,W,W,R,WWWR,ODD,WIN,ODD,0.6377,0
2060400032,W,R,W,R,WRWR,EVEN,WIN,EVEN,0.72,0
2060400033,R,R,R,R,RRRR,EVEN,WIN,EVEN,0.6049,0
2060400034,W,W,R,W,WWRW,ODD,WIN,ODD,0.613,0
2060400035,W,R,R,R,WRRR,ODD,WIN,ODD,0.5308,0
2060400036,R,R,W,R,RRWR,ODD,LOSS,EVEN,0.5314,0
2060400037,R,W,W,W,RWWW,ODD,WIN,ODD,0.82,0
2060400038,W,R,W,W,WRWW,ODD,WIN,ODD,0.82,0
2060400039,R,R,R,R,RRRR,EVEN,LOSS,ODD,0.5849,0
2060400040,R,W,R,W,RWRW,EVEN,WIN,EVEN,0.78,0
2060400041,W,W,W,W,WWWW,EVEN,WIN,EVEN,0.78,0
2060400042,R,W,W,R,RWWR,EVEN,WIN,EVEN,0.82,0
2060400043,W,W,R,R,WWRR,EVEN,WIN,EVEN,0.82,0
2060400044,W,W,W,W,WWWW,EVEN,WIN,EVEN,0.82,0
2060400045,W,W,W,W,WWWW,EVEN,WIN,EVEN,0.82,0
2060400046,W,W,R,W,WWRW,ODD,WIN,ODD,0.72,0
2060400047,W,W,R,W,WWRW,ODD,WIN,ODD,0.78,0
2060400048,R,R,R,R,RRRR,EVEN,WIN,EVEN,0.634,0
2060400049,W,R,W,R,WRWR,EVEN,WIN,EVEN,0.6061,0
2060400050,W,W,W,R,WWWR,ODD,LOSS,EVEN,0.5656,0
2060400051,W,W,W,R,WWWR,ODD,WIN,ODD,0.5282,0
2060400052,R,W,W,W,RWWW,ODD,WIN,ODD,0.5282,0
2060400053,R,W,R,W,RWRW,EVEN,LOSS,ODD,0.6435,0
2060400054,R,R,W,W,RRWW,EVEN,LOSS,ODD,0.5349,0
2060400055,R,W,W,W,RWWW,ODD,WIN,ODD,0.502,0
2060400056,R,R,W,R,RRWR,ODD,WIN,ODD,0.6209,0
2060400057,R,W,W,W,RWWW,ODD,WIN,ODD,0.5876,0
2060400058,W,R,R,R,WRRR,ODD,WIN,ODD,0.82,0
2060400059,R,W,W,R,RWWR,EVEN,LOSS,ODD,0.6449,0
2060400060,R,R,R,W,RRRW,ODD,WIN,ODD,0.72,0
2060400061,R,W,R,R,RWRR,ODD,WIN,ODD,0.6433,0
2060400062,W,R,R,R,WRRR,ODD,WIN,ODD,0.6512,0
2060400063,R,W,W,R,RWWR,EVEN,LOSS,ODD,0.6541,0
2060400064,R,W,R,W,RWRW,EVEN,LOSS,ODD,0.6412,0
2060400065,R,W,W,W,RWWW,ODD,WIN,ODD,0.6412,0
2060400066,W,W,R,R,WWRR,EVEN,WIN,EVEN,0.72,0
2060400067,R,W,W,R,RWWR,EVEN,LOSS,ODD,0.5458,0
2060400068,R,W,R,R,RWRR,ODD,WIN,ODD,0.5129,0
2060400069,W,W,R,W,WWRW,ODD,WIN,ODD,0.5408,0
2060400070,W,R,R,R,WRRR,ODD,LOSS,EVEN,0.5822,0
2060400071,W,R,R,R,WRRR,ODD,WIN,ODD,0.82,0
2060400072,W,W,W,W,WWWW,EVEN,LOSS,ODD,0.617,0
2060400073,R,R,R,W,RRRW,ODD,WIN,ODD,0.72,0
2060400074,W,W,R,R,WWRR,EVEN,LOSS,ODD,0.72,0
2060400075,R,W,R,W,RWRW,EVEN,LOSS,ODD,0.6381,0
2060400076,R,W,R,W,RWRW,EVEN,LOSS,ODD,0.6398,0
2060400077,R,R,W,W,RRWW,EVEN,WIN,EVEN,0.82,0
2060400078,R,R,R,R,RRRR,EVEN,WIN,EVEN,0.82,0
2060400079,R,R,R,R,RRRR,EVEN,WIN,EVEN,0.82,0
2060400080,R,R,W,W,RRWW,EVEN,WIN,EVEN,0.82,0
2060400081,R,W,W,W,RWWW,ODD,WIN,ODD,0.72,0
2060400082,W,R,R,W,WRRW,EVEN,WIN,EVEN,0.72,0
2060400083,R,W,W,R,RWWR,EVEN,WIN,EVEN,0.6006,0
2060400084,R,W,W,R,RWWR,EVEN,WIN,EVEN,0.5772,0
2060400085,R,W,W,R,RWWR,EVEN,WIN,EVEN,0.82,0
2060400086,W,W,R,R,WWRR,EVEN,WIN,EVEN,0.82,0
2060400087,W,R,W,R,WRWR,EVEN,WIN,EVEN,0.82,0
2060400088,W,W,R,R,WWRR,EVEN,WIN,EVEN,0.82,0
2060400089,R,R,R,R,RRRR,EVEN,WIN,EVEN,0.82,0
2060400090,R,W,W,R,RWWR,EVEN,WIN,EVEN,0.82,0
2060400091,R,W,R,R,RWRR,ODD,LOSS,EVEN,0.72,0
2060400092,W,W,W,W,WWWW,EVEN,WIN,EVEN,0.72,0
2060400093,W,R,R,R,WRRR,ODD,LOSS,EVEN,0.72,0
2060400094,W,R,R,W,WRRW,EVEN,WIN,EVEN,0.72,0
2060400095,R,R,R,R,RRRR,EVEN,WIN,EVEN,0.58,0
2060400096,R,R,R,R,RRRR,EVEN,WIN,EVEN,0.5248,0
2060400097,R,W,R,R,RWRR,ODD,LOSS,EVEN,0.6228,0
2060400098,R,W,R,R,RWRR,ODD,LOSS,EVEN,0.5057,0
2060400099,W,R,R,W,WRRW,EVEN,WIN,EVEN,0.6143,0
2060400100,W,R,R,R,WRRR,ODD,WIN,ODD,0.72,0
2060400101,R,R,R,W,RRRW,ODD,WIN,ODD,0.5475,0
2060400102,W,W,W,R,WWWR,ODD,WIN,ODD,0.6884,0
2060400103,W,R,R,R,WRRR,ODD,WIN,ODD,0.82,0
2060400104,R,R,R,W,RRRW,ODD,WIN,ODD,0.82,0
2060400105,R,R,R,W,RRRW,ODD,WIN,ODD,0.82,0
2060400106,R,W,R,R,RWRR,ODD,WIN,ODD,0.82,0
2060400107,W,R,R,W,WRRW,EVEN,WIN,EVEN,0.72,0
2060400108,R,R,W,W,RRWW,EVEN,WIN,EVEN,0.78,0
2060400109,R,W,W,W,RWWW,ODD,WIN,ODD,0.655,0
2060400110,W,R,R,R,WRRR,ODD,WIN,ODD,0.6478,0
2060400111,R,R,R,R,RRRR,EVEN,LOSS,ODD,0.6478,0
2060400112,R,W,W,W,RWWW,ODD,WIN,ODD,0.72,0
2060400113,W,W,R,R,WWRR,EVEN,LOSS,ODD,0.72,0
2060400114,W,R,W,R,WRWR,EVEN,LOSS,ODD,0.72,0
2060400115,R,R,W,R,RRWR,ODD,WIN,ODD,0.5391,0
2060400116,W,W,W,R,WWWR,ODD,WIN,ODD,0.5391,0
2060400117,R,R,W,W,RRWW,EVEN,WIN,EVEN,0.5478,0
2060400118,W,R,R,W,WRRW,EVEN,WIN,EVEN,0.6082,0
2060400119,R,R,W,R,RRWR,ODD,WIN,ODD,0.5319,0
2060400120,R,W,R,W,RWRW,EVEN,WIN,EVEN,0.72,0
2060400121,W,R,R,W,WRRW,EVEN,WIN,EVEN,0.5863,0
2060400122,R,W,R,R,RWRR,ODD,WIN,ODD,0.5468,0
2060400123,R,R,R,R,RRRR,EVEN,WIN,EVEN,0.72,0
2060400124,R,R,W,R,RRWR,ODD,LOSS,EVEN,0.72,0
2060400125,R,R,W,W,RRWW,EVEN,WIN,EVEN,0.72,0
2060400126,R,R,R,W,RRRW,ODD,LOSS,EVEN,0.67,0
2060400127,W,R,W,W,WRWW,ODD,LOSS,EVEN,0.63,0
2060400128,W,W,R,R,WWRR,EVEN,LOSS,ODD,0.5455,0
2060400129,R,R,R,R,RRRR,EVEN,WIN,EVEN,0.5325,0
2060400130,R,W,W,W,RWWW,ODD,WIN,ODD,0.5373,0
2060400131,W,R,W,R,WRWR,EVEN,LOSS,ODD,0.5373,0
2060400132,W,R,R,W,WRRW,EVEN,WIN,EVEN,0.6098,0
2060400133,R,R,R,R,RRRR,EVEN,WIN,EVEN,0.5648,0
2060400134,R,W,R,R,RWRR,ODD,LOSS,EVEN,0.6153,0
2060400135,W,R,R,R,WRRR,ODD,LOSS,EVEN,0.6067,0
2060400136,R,R,R,R,RRRR,EVEN,WIN,EVEN,0.5943,0
2060400137,W,W,W,R,WWWR,ODD,WIN,ODD,0.72,0
2060400138,R,R,W,R,RRWR,ODD,WIN,ODD,0.5227,0
2060400139,R,W,W,R,RWWR,EVEN,LOSS,ODD,0.5298,0
2060400140,W,W,W,W,WWWW,EVEN,WIN,EVEN,0.5116,0
2060400141,W,R,W,W,WRWW,ODD,LOSS,EVEN,0.5116,0
2060400142,R,R,R,R,RRRR,EVEN,WIN,EVEN,0.72,0
2060400143,R,W,R,R,RWRR,ODD,LOSS,EVEN,0.72,0
2060400144,W,R,R,W,WRRW,EVEN,WIN,EVEN,0.72,0
2060400145,R,W,R,W,RWRW,EVEN,WIN,EVEN,0.6237,0
2060400146,W,R,R,R,WRRR,ODD,LOSS,EVEN,0.6237,0
2060400147,W,R,R,W,WRRW,EVEN,WIN,EVEN,0.72,0
2060400148,W,W,R,R,WWRR,EVEN,WIN,EVEN,0.6043,0
2060400149,W,W,W,R,WWWR,ODD,LOSS,EVEN,0.67,0
2060400150,R,W,W,R,RWWR,EVEN,WIN,EVEN,0.72,0
2060400151,W,R,W,W,WRWW,ODD,LOSS,EVEN,0.72,0
2060400152,R,R,R,W,RRRW,ODD,LOSS,EVEN,0.5255,0
2060400153,W,R,W,R,WRWR,EVEN,LOSS,ODD,0.5009,0
2060400154,W,R,W,R,WRWR,EVEN,WIN,EVEN,0.6394,0
2060400155,R,W,R,W,RWRW,EVEN,WIN,EVEN,0.6298,0
2060400156,W,R,R,R,WRRR,ODD,WIN,ODD,0.5213,0
2060400157,R,W,W,W,RWWW,ODD,LOSS,EVEN,0.5138,0
2060400158,W,R,R,R,WRRR,ODD,WIN,ODD,0.5832,0
2060400159,R,R,W,W,RRWW,EVEN,LOSS,ODD,0.5212,0
2060400160,R,W,W,R,RWWR,EVEN,WIN,EVEN,0.6248,0
2060400161,R,R,R,R,RRRR,EVEN,WIN,EVEN,0.6344,0
2060400162,R,W,W,W,RWWW,ODD,WIN,ODD,0.7,0
2060400163,R,R,W,R,RRWR,ODD,WIN,ODD,0.7,0
2060400164,W,R,W,R,WRWR,EVEN,LOSS,ODD,0.5173,0
2060400165,R,R,W,W,RRWW,EVEN,LOSS,ODD,0.5173,0
2060400166,R,R,R,W,RRRW,ODD,WIN,ODD,0.75,0
2060400167,W,W,R,R,WWRR,EVEN,WIN,EVEN,0.72,0
2060400168,W,W,R,R,WWRR,EVEN,WIN,EVEN,0.6125,0
2060400169,W,W,W,R,WWWR,ODD,WIN,ODD,0.5297,0
2060400170,W,R,R,W,WRRW,EVEN,WIN,EVEN,0.72,0
2060400171,R,R,R,W,RRRW,ODD,LOSS,EVEN,0.72,0
2060400172,W,W,W,W,WWWW,EVEN,WIN,EVEN,0.72,0
2060400173,R,W,R,W,RWRW,EVEN,WIN,EVEN,0.6026,0
2060400174,R,R,W,R,RRWR,ODD,LOSS,EVEN,0.624,0
2060400175,W,R,W,R,WRWR,EVEN,WIN,EVEN,0.624,0
2060400176,R,W,W,W,RWWW,ODD,LOSS,EVEN,0.67,0
2060400177,R,R,R,R,RRRR,EVEN,WIN,EVEN,0.72,0
2060400178,W,R,R,R,WRRR,ODD,LOSS,EVEN,0.67,0
2060400179,R,R,W,W,RRWW,EVEN,WIN,EVEN,0.72,0
2060400180,R,W,W,R,RWWR,EVEN,WIN,EVEN,0.6076,0
2060400181,W,W,R,R,WWRR,EVEN,WIN,EVEN,0.598,0
2060400182,R,W,R,R,RWRR,ODD,LOSS,EVEN,0.605,0
2060400183,W,W,W,R,WWWR,ODD,LOSS,EVEN,0.5147,0
2060400184,W,R,R,W,WRRW,EVEN,WIN,EVEN,0.6086,0
2060400185,W,W,R,W,WWRW,ODD,WIN,ODD,0.72,0
2060400186,R,R,R,W,RRRW,ODD,WIN,ODD,0.5507,0
2060400187,R,R,W,R,RRWR,ODD,WIN,ODD,0.6386,0
2060400188,R,W,R,W,RWRW,EVEN,WIN,EVEN,0.7,0
2060400189,W,W,R,R,WWRR,EVEN,LOSS,ODD,0.7,0
2060400190,R,R,W,R,RRWR,ODD,LOSS,EVEN,0.7,0
2060400191,R,R,R,W,RRRW,ODD,WIN,ODD,0.6275,0
2060400192,W,W,R,W,WWRW,ODD,WIN,ODD,0.6039,0
2060400193,R,W,W,R,RWWR,EVEN,LOSS,ODD,0.6039,0
2060400194,R,W,R,W,RWRW,EVEN,WIN,EVEN,0.506,0
2060400195,W,W,W,R,WWWR,ODD,LOSS,EVEN,0.506,0
2060400196,W,R,R,W,WRRW,EVEN,LOSS,ODD,0.7,0
2060400197,W,W,R,R,WWRR,EVEN,WIN,EVEN,0.72,0
2060400198,R,R,R,W,RRRW,ODD,WIN,ODD,0.5358,0
2060400199,R,R,R,R,RRRR,EVEN,LOSS,ODD,0.5081,0
2060400200,R,R,R,W,RRRW,ODD,LOSS,EVEN,0.72,0
2060400201,W,W,R,R,WWRR,EVEN,WIN,EVEN,0.72,0
2060400202,R,W,R,R,RWRR,ODD,LOSS,EVEN,0.72,0
2060400203,W,R,R,W,WRRW,EVEN,WIN,EVEN,0.67,0
2060400204,W,W,R,W,WWRW,ODD,LOSS,EVEN,0.72,0
2060400205,R,R,W,W,RRWW,EVEN,WIN,EVEN,0.72,0
2060400206,W,R,W,W,WRWW,ODD,LOSS,EVEN,0.72,0
2060400207,W,R,R,W,WRRW,EVEN,WIN,EVEN,0.77,0
2060400208,W,R,R,R,WRRR,ODD,LOSS,EVEN,0.72,0
2060400209,W,R,W,R,WRWR,EVEN,WIN,EVEN,0.82,0
2060400210,W,R,R,R,WRRR,ODD,LOSS,EVEN,0.72,0
2060400211,W,R,R,W,WRRW,EVEN,WIN,EVEN,0.82,0
2060400212,W,W,R,W,WWRW,ODD,LOSS,EVEN,0.72,0
2060400213,R,R,W,R,RRWR,ODD,LOSS,EVEN,0.82,0
2060400214,R,W,R,W,RWRW,EVEN,WIN,EVEN,0.78,0
2060400215,W,R,R,R,WRRR,ODD,WIN,ODD,0.5972,0
2060400216,W,R,W,R,WRWR,EVEN,LOSS,ODD,0.72,0
2060400217,W,W,R,W,WWRW,ODD,WIN,ODD,0.72,0
2060400218,R,R,R,R,RRRR,EVEN,LOSS,ODD,0.72,0
2060400219,R,W,W,R,RWWR,EVEN,WIN,EVEN,0.7,0
2060400220,W,R,R,W,WRRW,EVEN,LOSS,ODD,0.7,0
2060400221,W,W,W,W,WWWW,EVEN,WIN,EVEN,0.5734,0
2060400222,R,W,W,R,RWWR,EVEN,WIN,EVEN,0.82,0
2060400223,R,R,W,R,RRWR,ODD,LOSS,EVEN,0.82,0
2060400224,R,R,R,W,RRRW,ODD,LOSS,EVEN,0.5834,0
2060400225,W,W,R,W,WWRW,ODD,WIN,ODD,0.78,0
2060400226,R,R,W,R,RRWR,ODD,WIN,ODD,0.78,0
2060400227,R,R,W,W,RRWW,EVEN,LOSS,ODD,0.82,0
2060400228,R,W,R,R,RWRR,ODD,LOSS,EVEN,0.5224,0
2060400229,W,R,W,W,WRWW,ODD,WIN,ODD,0.72,0
2060400230,R,R,W,R,RRWR,ODD,WIN,ODD,0.6278,0
2060400231,R,W,R,W,RWRW,EVEN,LOSS,ODD,0.5997,0
2060400232,W,R,R,R,WRRR,ODD,WIN,ODD,0.6356,0
2060400233,R,R,W,W,RRWW,EVEN,LOSS,ODD,0.7,0
2060400234,R,W,R,R,RWRR,ODD,WIN,ODD,0.72,0
2060400235,R,R,W,W,RRWW,EVEN,LOSS,ODD,0.72,0
2060400236,R,W,W,R,RWWR,EVEN,LOSS,ODD,0.72,0
2060400237,W,W,W,W,WWWW,EVEN,WIN,EVEN,0.5919,0
2060400238,W,R,W,R,WRWR,EVEN,WIN,EVEN,0.618,0
2060400239,R,W,R,R,RWRR,ODD,LOSS,EVEN,0.82,0
2060400240,R,W,R,R,RWRR,ODD,LOSS,EVEN,0.6159,0
2060400241,W,W,R,W,WWRW,ODD,WIN,ODD,0.78,0
2060400242,W,R,R,R,WRRR,ODD,WIN,ODD,0.78,0
2060400243,W,W,R,W,WWRW,ODD,WIN,ODD,0.82,0
2060400244,R,W,W,R,RWWR,EVEN,WIN,EVEN,0.82,0
2060400245,R,R,R,R,RRRR,EVEN,WIN,EVEN,0.65,0
2060400246,W,W,R,W,WWRW,ODD,WIN,ODD,0.65,0
2060400247,R,W,W,R,RWWR,EVEN,LOSS,ODD,0.65,0
2060400248,W,W,W,R,WWWR,ODD,WIN,ODD,0.65,0
2060400249,W,W,W,W,WWWW,EVEN,LOSS,ODD,0.62,0
2060400250,W,W,R,W,WWRW,ODD,WIN,ODD,0.72,0
2060400251,W,W,W,W,WWWW,EVEN,WIN,EVEN,0.67,0
2060400252,R,W,R,R,RWRR,ODD,LOSS,EVEN,0.72,0
2060400253,W,W,W,W,WWWW,EVEN,WIN,EVEN,0.72,0
2060400254,R,R,R,W,RRRW,ODD,LOSS,EVEN,0.65,0
2060400255,W,W,W,W,WWWW,EVEN,WIN,EVEN,0.77,0
2060400256,W,R,R,R,WRRR,ODD,WIN,ODD,0.65,0
2060400257,W,W,W,W,WWWW,EVEN,WIN,EVEN,0.82,0
2060400258,W,R,R,W,WRRW,EVEN,WIN,EVEN,0.72,0
2060400259,W,W,R,R,WWRR,EVEN,LOSS,ODD,0.65,0
2060400260,R,R,R,W,RRRW,ODD,LOSS,EVEN,0.5768,0
2060400261,R,R,R,R,RRRR,EVEN,WIN,EVEN,0.5752,0
2060400262,R,R,W,W,RRWW,EVEN,WIN,EVEN,0.72,0
2060400263,W,W,R,R,WWRR,EVEN,LOSS,ODD,0.65,0
2060400264,R,W,R,R,RWRR,ODD,LOSS,EVEN,0.5736,0
2060400265,R,W,W,R,RWWR,EVEN,WIN,EVEN,0.67,0
2060400266,W,W,R,R,WWRR,EVEN,WIN,EVEN,0.72,0
2060400267,W,R,R,W,WRRW,EVEN,LOSS,ODD,0.65,0
2060400268,W,R,W,R,WRWR,EVEN,WIN,EVEN,0.5617,0
2060400269,R,W,W,W,RWWW,ODD,LOSS,EVEN,0.82,0
2060400270,R,W,W,R,RWWR,EVEN,WIN,EVEN,0.72,0
2060400271,R,W,W,R,RWWR,EVEN,LOSS,ODD,0.65,0
2060400272,R,W,W,W,RWWW,ODD,LOSS,EVEN,0.5799,0
2060400273,R,R,W,W,RRWW,EVEN,WIN,EVEN,0.67,0
2060400274,W,W,W,W,WWWW,EVEN,WIN,EVEN,0.72,0
2060400275,W,R,W,R,WRWR,EVEN,WIN,EVEN,0.5979,0
2060400276,R,W,W,R,RWWR,EVEN,LOSS,ODD,0.65,0
2060400277,R,R,R,R,RRRR,EVEN,WIN,EVEN,0.82,0
2060400278,R,R,R,R,RRRR,EVEN,WIN,EVEN,0.82,0
2060400279,R,R,W,R,RRWR,ODD,LOSS,EVEN,0.82,0
2060400280,W,R,R,R,WRRR,ODD,LOSS,EVEN,0.68,0
2060400281,R,R,R,R,RRRR,EVEN,WIN,EVEN,0.6599,0
2060400282,W,W,R,R,WWRR,EVEN,WIN,EVEN,0.632,0
2060400283,R,W,W,R,RWWR,EVEN,WIN,EVEN,0.6261,0
2060400284,W,W,R,W,WWRW,ODD,LOSS,EVEN,0.6425,0
2060400285,R,R,W,W,RRWW,EVEN,WIN,EVEN,0.62,0
2060400286,R,W,W,R,RWWR,EVEN,WIN,EVEN,0.6897,0
2060400287,W,W,R,R,WWRR,EVEN,WIN,EVEN,0.6775,0
2060400288,W,W,W,W,WWWW,EVEN,WIN,EVEN,0.6758,0
2060400289,W,R,R,W,WRRW,EVEN,WIN,EVEN,0.82,0
2060400290,R,R,W,R,RRWR,ODD,LOSS,EVEN,0.82,0
2060400291,R,W,W,W,RWWW,ODD,LOSS,EVEN,0.68,0
2060400292,W,W,W,W,WWWW,EVEN,WIN,EVEN,0.6539,0
2060400293,R,W,W,W,RWWW,ODD,LOSS,EVEN,0.6209,0
2060400294,W,W,R,W,WWRW,ODD,LOSS,EVEN,0.636,0
2060400295,W,R,R,W,WRRW,EVEN,WIN,EVEN,0.5222,0
2060400296,W,W,W,R,WWWR,ODD,WIN,ODD,0.5891,0
2060400297,R,R,R,R,RRRR,EVEN,LOSS,ODD,0.5937,0
2060400298,W,R,R,W,WRRW,EVEN,LOSS,ODD,0.6075,0
2060400299,R,R,W,W,RRWW,EVEN,WIN,EVEN,0.5596,0
2060400300,W,W,W,R,WWWR,ODD,LOSS,EVEN,0.5977,0
2060400301,R,W,R,W,RWRW,EVEN,WIN,EVEN,0.62,0
2060400302,R,W,R,R,RWRR,ODD,LOSS,EVEN,0.6023,0
2060400303,R,W,W,W,RWWW,ODD,LOSS,EVEN,0.6085,0
2060400304,R,R,W,R,RRWR,ODD,WIN,ODD,0.5077,0
2060400305,R,W,R,R,RWRR,ODD,WIN,ODD,0.5373,0
2060400306,W,W,R,R,WWRR,EVEN,LOSS,ODD,0.82,0
2060400307,W,W,R,R,WWRR,EVEN,LOSS,ODD,0.65,0
2060400308,R,W,R,R,RWRR,ODD,WIN,ODD,0.6578,0
2060400309,R,W,R,R,RWRR,ODD,WIN,ODD,0.6448,0
2060400310,W,W,R,W,WWRW,ODD,WIN,ODD,0.6349,0
2060400311,W,R,R,R,WRRR,ODD,WIN,ODD,0.5791,0
2060400312,R,R,W,R,RRWR,ODD,WIN,ODD,0.82,0
2060400313,R,W,R,R,RWRR,ODD,WIN,ODD,0.82,0
2060400314,W,R,R,R,WRRR,ODD,WIN,ODD,0.82,0
2060400315,W,R,R,R,WRRR,ODD,WIN,ODD,0.82,0
2060400316,W,R,W,W,WRWW,ODD,WIN,ODD,0.82,0
2060400317,W,R,W,R,WRWR,EVEN,LOSS,ODD,0.82,0
2060400318,R,R,W,W,RRWW,EVEN,LOSS,ODD,0.68,0
2060400319,R,W,W,R,RWWR,EVEN,LOSS,ODD,0.5335,0
2060400320,R,W,R,W,RWRW,EVEN,LOSS,ODD,0.5597,0
2060400321,W,R,W,W,WRWW,ODD,LOSS,EVEN,0.82,0
2060400322,W,W,W,W,WWWW,EVEN,WIN,EVEN,0.65,0
2060400323,W,W,R,R,WWRR,EVEN,WIN,EVEN,0.6831,0
2060400324,W,R,W,R,WRWR,EVEN,WIN,EVEN,0.6754,0
2060400325,W,W,R,R,WWRR,EVEN,WIN,EVEN,0.702,0
2060400326,R,W,R,W,RWRW,EVEN,WIN,EVEN,0.82,0
2060400327,R,W,R,W,RWRW,EVEN,WIN,EVEN,0.82,0
2060400328,R,W,W,W,RWWW,ODD,LOSS,EVEN,0.82,0
2060400329,W,R,R,R,WRRR,ODD,LOSS,EVEN,0.68,0
2060400330,R,W,W,W,RWWW,ODD,LOSS,EVEN,0.5062,0
2060400331,R,W,W,R,RWWR,EVEN,WIN,EVEN,0.6779,0
2060400332,R,R,W,R,RRWR,ODD,WIN,ODD,0.62,0
2060400333,R,W,W,R,RWWR,EVEN,WIN,EVEN,0.6047,0
2060400334,R,W,W,W,RWWW,ODD,WIN,ODD,0.6587,0
2060400335,W,W,W,W,WWWW,EVEN,LOSS,ODD,0.6208,0
2060400336,W,W,W,R,WWWR,ODD,WIN,ODD,0.6487,0
2060400337,R,R,W,W,RRWW,EVEN,LOSS,ODD,0.5586,0
2060400338,R,W,W,W,RWWW,ODD,LOSS,EVEN,0.5765,0
2060400339,R,R,W,R,RRWR,ODD,LOSS,EVEN,0.5832,0
2060400340,R,R,R,R,RRRR,EVEN,LOSS,ODD,0.6249,0
2060400341,R,W,R,W,RWRW,EVEN,WIN,EVEN,0.5135,0
2060400342,R,W,W,W,RWWW,ODD,LOSS,EVEN,0.5183,0
2060400343,R,W,R,R,RWRR,ODD,WIN,ODD,0.6505,0
2060400344,R,R,W,W,RRWW,EVEN,LOSS,ODD,0.6258,0
2060400345,R,W,R,W,RWRW,EVEN,LOSS,ODD,0.5361,0
2060400346,W,W,W,W,WWWW,EVEN,WIN,EVEN,0.5337,0
2060400347,R,W,W,R,RWWR,EVEN,WIN,EVEN,0.6573,0
2060400348,W,W,R,R,WWRR,EVEN,WIN,EVEN,0.82,0
2060400349,R,W,W,W,RWWW,ODD,LOSS,EVEN,0.82,0
2060400350,R,R,W,R,RRWR,ODD,LOSS,EVEN,0.68,0
2060400351,R,W,W,R,RWWR,EVEN,WIN,EVEN,0.6571,0
2060400352,R,R,W,R,RRWR,ODD,LOSS,EVEN,0.6342,0
2060400353,W,W,W,W,WWWW,EVEN,WIN,EVEN,0.6212,0
2060400354,W,R,W,W,WRWW,ODD,LOSS,EVEN,0.655,0
2060400355,W,W,R,W,WWRW,ODD,WIN,ODD,0.5492,0
2060400356,R,W,R,W,RWRW,EVEN,LOSS,ODD,0.6243,0
2060400357,W,R,W,R,WRWR,EVEN,LOSS,ODD,0.623,0
2060400358,W,R,W,W,WRWW,ODD,LOSS,EVEN,0.5804,0
2060400359,R,R,W,R,RRWR,ODD,WIN,ODD,0.5061,0
2060400360,W,R,W,W,WRWW,ODD,WIN,ODD,0.6085,0
2060400361,W,W,R,R,WWRR,EVEN,LOSS,ODD,0.5523,0
2060400362,W,R,W,W,WRWW,ODD,WIN,ODD,0.62,0
2060400363,W,W,W,W,WWWW,EVEN,LOSS,ODD,0.6221,0
2060400364,W,W,W,W,WWWW,EVEN,LOSS,ODD,0.5093,0
2060400365,W,R,W,R,WRWR,EVEN,WIN,EVEN,0.5132,0
2060400366,W,R,W,W,WRWW,ODD,WIN,ODD,0.5694,0
2060400367,W,W,R,R,WWRR,EVEN,WIN,EVEN,0.62,0
2060400368,W,W,W,W,WWWW,EVEN,WIN,EVEN,0.608,0
2060400369,R,W,W,R,RWWR,EVEN,WIN,EVEN,0.6207,0
2060400370,R,R,R,R,RRRR,EVEN,WIN,EVEN,0.5997,0
2060400371,R,W,W,R,RWWR,EVEN,WIN,EVEN,0.82,0
2060400372,W,W,W,R,WWWR,ODD,LOSS,EVEN,0.82,0
2060400373,W,W,R,W,WWRW,ODD,LOSS,EVEN,0.68,0
2060400374,R,R,W,W,RRWW,EVEN,WIN,EVEN,0.6486,0
2060400375,R,R,R,R,RRRR,EVEN,WIN,EVEN,0.6336,0
2060400376,R,W,R,R,RWRR,ODD,LOSS,EVEN,0.5867,0
2060400377,R,W,R,W,RWRW,EVEN,WIN,EVEN,0.6429,0
2060400378,R,W,R,R,RWRR,ODD,WIN,ODD,0.63,0
2060400379,W,R,W,W,WRWW,ODD,WIN,ODD,0.5483,0
2060400380,R,W,R,W,RWRW,EVEN,LOSS,ODD,0.6213,0
2060400381,R,R,R,W,RRRW,ODD,WIN,ODD,0.5146,0
2060400382,R,W,R,W,RWRW,EVEN,LOSS,ODD,0.503,0
2060400383,W,R,R,W,WRRW,EVEN,WIN,EVEN,0.5716,0
2060400384,R,R,R,W,RRRW,ODD,WIN,ODD,0.68,0
2060400385,R,W,R,W,RWRW,EVEN,WIN,EVEN,0.68,0
2060400386,R,W,R,R,RWRR,ODD,LOSS,EVEN,0.5008,0
2060400387,R,W,W,W,RWWW,ODD,WIN,ODD,0.533,0
2060400388,W,W,R,W,WWRW,ODD,WIN,ODD,0.5089,0
2060400389,W,W,R,R,WWRR,EVEN,LOSS,ODD,0.6465,0
2060400390,W,R,W,R,WRWR,EVEN,LOSS,ODD,0.62,0
2060400391,R,W,R,W,RWRW,EVEN,LOSS,ODD,0.5034,0
2060400392,W,W,R,W,WWRW,ODD,LOSS,EVEN,0.5257,0
2060400393,W,R,R,W,WRRW,EVEN,WIN,EVEN,0.62,0
2060400394,R,R,W,W,RRWW,EVEN,LOSS,ODD,0.525,0
2060400395,R,R,W,R,RRWR,ODD,LOSS,EVEN,0.6019,0
2060400396,W,R,R,R,WRRR,ODD,LOSS,EVEN,0.6231,0
2060400397,W,W,R,W,WWRW,ODD,LOSS,EVEN,0.6168,0
2060400398,W,R,W,R,WRWR,EVEN,WIN,EVEN,0.5348,0
2060400399,W,W,R,W,WWRW,ODD,WIN,ODD,0.7,0
2060400400,W,R,R,R,WRRR,ODD,WIN,ODD,0.7,0
2060400401,W,R,W,W,WRWW,ODD,LOSS,EVEN,0.7,0
2060400402,R,W,R,R,RWRR,ODD,WIN,ODD,0.6625,0
2060400403,W,R,W,W,WRWW,ODD,WIN,ODD,0.82,0
2060400404,W,R,R,R,WRRR,ODD,WIN,ODD,0.82,0
2060400405,W,W,W,R,WWWR,ODD,WIN,ODD,0.82,0
2060400406,R,R,R,R,RRRR,EVEN,LOSS,ODD,0.82,0
2060400407,R,W,W,R,RWWR,EVEN,LOSS,ODD,0.68,0
2060400408,W,R,W,R,WRWR,EVEN,LOSS,ODD,0.592,0
2060400409,R,R,W,W,RRWW,EVEN,LOSS,ODD,0.5965,0
2060400410,R,R,W,W,RRWW,EVEN,WIN,EVEN,0.82,0
2060400411,W,R,W,R,WRWR,EVEN,WIN,EVEN,0.82,0
2060400412,W,W,W,R,WWWR,ODD,WIN,ODD,0.7,0
2060400413,R,W,R,W,RWRW,EVEN,LOSS,ODD,0.7,0
2060400414,R,R,W,W,RRWW,EVEN,WIN,EVEN,0.6967,0
2060400415,W,W,W,R,WWWR,ODD,LOSS,EVEN,0.6416,0
2060400416,R,R,R,R,RRRR,EVEN,WIN,EVEN,0.6266,0
2060400417,R,R,R,W,RRRW,ODD,LOSS,EVEN,0.605,0
2060400418,R,R,W,W,RRWW,EVEN,WIN,EVEN,0.6327,0
2060400419,R,R,R,R,RRRR,EVEN,WIN,EVEN,0.6758,0
2060400420,W,W,R,R,WWRR,EVEN,WIN,EVEN,0.6429,0
2060400421,W,W,W,W,WWWW,EVEN,WIN,EVEN,0.5883,0
2060400422,R,W,W,R,RWWR,EVEN,WIN,EVEN,0.82,0
2060400423,R,R,R,R,RRRR,EVEN,WIN,EVEN,0.82,0
2060400424,R,R,W,W,RRWW,EVEN,WIN,EVEN,0.82,0
2060400425,W,R,R,R,WRRR,ODD,LOSS,EVEN,0.82,0
2060400426,W,W,R,R,WWRR,EVEN,WIN,EVEN,0.68,0
2060400427,R,W,R,R,RWRR,ODD,LOSS,EVEN,0.6926,0
2060400428,W,W,W,R,WWWR,ODD,LOSS,EVEN,0.5924,0
2060400429,R,W,W,W,RWWW,ODD,LOSS,EVEN,0.6377,0
2060400430,R,W,W,R,RWWR,EVEN,WIN,EVEN,0.6369,0
2060400431,W,W,W,R,WWWR,ODD,WIN,ODD,0.62,0
2060400432,R,R,R,W,RRRW,ODD,WIN,ODD,0.6436,0
2060400433,W,W,W,R,WWWR,ODD,WIN,ODD,0.6435,0
2060400434,R,W,W,W,RWWW,ODD,WIN,ODD,0.6479,0
2060400435,R,W,W,W,RWWW,ODD,WIN,ODD,0.82,0
2060400436,W,W,R,W,WWRW,ODD,WIN,ODD,0.82,0
2060400437,W,W,W,W,WWWW,EVEN,LOSS,ODD,0.82,0
2060400438,R,W,R,R,RWRR,ODD,WIN,ODD,0.68,0
2060400439,W,R,R,W,WRRW,EVEN,LOSS,ODD,0.5549,0
2060400440,W,W,R,R,WWRR,EVEN,LOSS,ODD,0.5816,0
2060400441,W,W,W,W,WWWW,EVEN,LOSS,ODD,0.5957,0
2060400442,W,R,W,W,WRWW,ODD,WIN,ODD,0.51,0
2060400443,R,W,W,W,RWWW,ODD,LOSS,EVEN,0.7,0
2060400444,R,W,R,R,RWRR,ODD,WIN,ODD,0.5259,0
2060400445,R,R,R,W,RRRW,ODD,WIN,ODD,0.7,0
2060400446,R,R,W,R,RRWR,ODD,WIN,ODD,0.82,0
2060400447,W,R,W,R,WRWR,EVEN,LOSS,ODD,0.82,0
2060400448,W,R,W,R,WRWR,EVEN,LOSS,ODD,0.68,0
2060400449,R,R,R,W,RRRW,ODD,WIN,ODD,0.6221,0
2060400450,R,R,W,R,RRWR,ODD,WIN,ODD,0.66,0
2060400451,R,W,W,W,RWWW,ODD,WIN,ODD,0.6587,0
2060400452,R,R,W,R,RRWR,ODD,WIN,ODD,0.5988,0
2060400453,W,W,W,R,WWWR,ODD,WIN,ODD,0.82,0
2060400454,R,W,W,R,RWWR,EVEN,LOSS,ODD,0.82,0
2060400455,W,R,W,R,WRWR,EVEN,LOSS,ODD,0.68,0
2060400456,W,W,W,R,WWWR,ODD,WIN,ODD,0.6308,0
2060400457,R,R,R,W,RRRW,ODD,WIN,ODD,0.7,0
2060400458,R,R,W,R,RRWR,ODD,WIN,ODD,0.7,0
2060400459,R,W,W,R,RWWR,EVEN,LOSS,ODD,0.7,0
2060400460,R,W,R,R,RWRR,ODD,WIN,ODD,0.62,0
2060400461,W,W,R,W,WWRW,ODD,WIN,ODD,0.6198,0
2060400462,W,W,R,W,WWRW,ODD,WIN,ODD,0.6367,0
2060400463,W,R,R,R,WRRR,ODD,WIN,ODD,0.6553,0
2060400464,W,W,W,W,WWWW,EVEN,LOSS,ODD,0.82,0
2060400465,W,W,W,R,WWWR,ODD,WIN,ODD,0.65,0
2060400466,W,R,R,R,WRRR,ODD,WIN,ODD,0.7,0
2060400467,R,R,W,W,RRWW,EVEN,LOSS,ODD,0.7,0
2060400468,R,W,R,R,RWRR,ODD,WIN,ODD,0.6298,0
2060400469,W,R,W,R,WRWR,EVEN,WIN,EVEN,0.63,0
2060400470,W,W,W,R,WWWR,ODD,WIN,ODD,0.5913,0
2060400471,R,R,W,W,RRWW,EVEN,LOSS,ODD,0.5964,0
2060400472,W,W,R,R,WWRR,EVEN,WIN,EVEN,0.5462,0
2060400473,R,R,W,W,RRWW,EVEN,WIN,EVEN,0.5054,0
2060400474,R,R,R,R,RRRR,EVEN,WIN,EVEN,0.6107,0
2060400475,W,R,W,W,WRWW,ODD,LOSS,EVEN,0.82,0
2060400476,R,R,R,W,RRRW,ODD,LOSS,EVEN,0.65,0
2060400477,W,W,W,R,WWWR,ODD,LOSS,EVEN,0.5889,0
2060400478,R,W,W,R,RWWR,EVEN,WIN,EVEN,0.5354,0
2060400479,W,R,R,W,WRRW,EVEN,LOSS,ODD,0.62,0
2060400480,W,R,W,W,WRWW,ODD,LOSS,EVEN,0.631,0
2060500001,R,W,R,W,RWRW,EVEN,WIN,EVEN,0.5135,0
2060500002,W,W,R,R,WWRR,EVEN,LOSS,ODD,0.5133,0
2060500003,W,W,R,R,WWRR,EVEN,LOSS,ODD,0.5084,0
2060500004,W,R,W,W,WRWW,ODD,LOSS,EVEN,0.5955,0
2060500005,W,R,W,R,WRWR,EVEN,WIN,EVEN,0.62,0
2060500006,W,R,W,R,WRWR,EVEN,WIN,EVEN,0.6176,0
2060500007,W,R,W,R,WRWR,EVEN,WIN,EVEN,0.6113,0
2060500008,R,W,R,W,RWRW,EVEN,WIN,EVEN,0.589,0
2060500009,R,W,R,W,RWRW,EVEN,WIN,EVEN,0.82,0
2060500010,R,W,R,W,RWRW,EVEN,WIN,EVEN,0.82,0
2060500011,R,W,W,R,RWWR,EVEN,WIN,EVEN,0.82,0
2060500012,W,W,W,R,WWWR,ODD,LOSS,EVEN,0.82,0
2060500013,R,W,R,R,RWRR,ODD,LOSS,EVEN,0.68,0
2060500014,W,W,W,R,WWWR,ODD,LOSS,EVEN,0.6458,0
2060500015,R,W,R,W,RWRW,EVEN,WIN,EVEN,0.6977,0
2060500016,W,R,W,W,WRWW,ODD,WIN,ODD,0.62,0
2060500017,W,W,R,R,WWRR,EVEN,WIN,EVEN,0.6661,0
2060500018,W,W,R,R,WWRR,EVEN,WIN,EVEN,0.6878,0
2060500019,R,R,R,R,RRRR,EVEN,WIN,EVEN,0.735,0
2060500020,R,R,W,W,RRWW,EVEN,WIN,EVEN,0.6047,0
2060500021,W,W,W,R,WWWR,ODD,LOSS,EVEN,0.82,0
2060500022,R,W,W,W,RWWW,ODD,LOSS,EVEN,0.65,0
2060500023,W,R,W,W,WRWW,ODD,LOSS,EVEN,0.6125,0
2060500024,W,R,R,W,WRRW,EVEN,LOSS,ODD,0.5164,0
2060500025,W,R,W,W,WRWW,ODD,WIN,ODD,0.62,0
2060500026,R,R,W,R,RRWR,ODD,WIN,ODD,0.5408,0
2060500027,R,R,W,R,RRWR,ODD,WIN,ODD,0.6328,0
2060500028,W,W,W,W,WWWW,EVEN,LOSS,ODD,0.6218,0
2060500029,W,R,R,R,WRRR,ODD,WIN,ODD,0.62,0
2060500030,W,R,W,R,WRWR,EVEN,LOSS,ODD,0.7,0
2060500031,W,R,W,W,WRWW,ODD,WIN,ODD,0.6144,0
2060500032,R,W,W,R,RWWR,EVEN,LOSS,ODD,0.6128,0
2060500033,W,W,R,R,WWRR,EVEN,LOSS,ODD,0.6155,0
2060500034,R,R,W,R,RRWR,ODD,WIN,ODD,0.5141,0
2060500035,R,W,W,R,RWWR,EVEN,WIN,EVEN,0.5279,0
2060500036,R,R,R,W,RRRW,ODD,LOSS,EVEN,0.6279,0
2060500037,W,R,R,W,WRRW,EVEN,LOSS,ODD,0.533,0
2060500038,W,R,R,W,WRRW,EVEN,LOSS,ODD,0.7,0
2060500039,R,R,W,R,RRWR,ODD,LOSS,EVEN,0.6175,0
2060500040,W,W,R,W,WWRW,ODD,LOSS,EVEN,0.5717,0
2060500041,W,W,W,R,WWWR,ODD,WIN,ODD,0.5096,0
2060500042,W,W,R,W,WWRW,ODD,WIN,ODD,0.5852,0
2060500043,W,R,R,R,WRRR,ODD,WIN,ODD,0.82,0
2060500044,R,R,R,R,RRRR,EVEN,LOSS,ODD,0.82,0
2060500045,R,R,W,R,RRWR,ODD,WIN,ODD,0.68,0
2060500046,R,R,R,R,RRRR,EVEN,LOSS,ODD,0.6175,0
2060500047,R,W,W,R,RWWR,EVEN,LOSS,ODD,0.632,0
2060500048,R,W,R,R,RWRR,ODD,WIN,ODD,0.6493,0
2060500049,R,W,W,R,RWWR,EVEN,LOSS,ODD,0.6597,0
2060500050,W,W,W,R,WWWR,ODD,LOSS,EVEN,0.508,0
2060500051,R,R,R,W,RRRW,ODD,WIN,ODD,0.501,0
2060500052,R,R,W,R,RRWR,ODD,LOSS,EVEN,0.68,0
2060500053,W,R,R,W,WRRW,EVEN,LOSS,ODD,0.622,0
2060500054,R,W,W,R,RWWR,EVEN,LOSS,ODD,0.62,0
2060500055,R,W,W,R,RWWR,EVEN,WIN,EVEN,0.5172,0
2060500056,R,R,W,W,RRWW,EVEN,WIN,EVEN,0.5478,0
2060500057,R,R,R,W,RRRW,ODD,LOSS,EVEN,0.82,0
2060500058,W,W,R,R,WWRR,EVEN,WIN,EVEN,0.65,0
2060500059,W,R,W,W,WRWW,ODD,LOSS,EVEN,0.6171,0
2060500060,W,W,W,R,WWWR,ODD,LOSS,EVEN,0.6121,0
2060500061,W,W,R,W,WWRW,ODD,LOSS,EVEN,0.6067,0
2060500062,R,R,W,W,RRWW,EVEN,LOSS,ODD,0.5444,0
2060500063,W,R,R,R,WRRR,ODD,WIN,ODD,0.62,0
2060500064,R,W,R,R,RWRR,ODD,WIN,ODD,0.6507,0
2060500065,R,R,R,R,RRRR,EVEN,LOSS,ODD,0.6408,0
2060500066,W,W,W,R,WWWR,ODD,WIN,ODD,0.6298,0
2060500067,W,W,R,W,WWRW,ODD,WIN,ODD,0.5955,0
2060500068,W,R,R,W,WRRW,EVEN,LOSS,ODD,0.6195,0
2060500069,W,W,R,W,WWRW,ODD,WIN,ODD,0.6241,0
2060500070,W,W,W,W,WWWW,EVEN,WIN,EVEN,0.63,0
2060500071,W,W,W,W,WWWW,EVEN,LOSS,ODD,0.6135,0
2060500072,R,W,R,R,RWRR,ODD,LOSS,EVEN,0.5018,0
2060500073,R,R,R,W,RRRW,ODD,LOSS,EVEN,0.68,0
2060500074,W,W,R,R,WWRR,EVEN,LOSS,ODD,0.6047,0
2060500075,W,R,W,R,WRWR,EVEN,WIN,EVEN,0.5024,0
2060500076,R,R,W,W,RRWW,EVEN,WIN,EVEN,0.6279,0
2060500077,R,R,R,R,RRRR,EVEN,WIN,EVEN,0.6742,0
2060500078,R,W,R,R,RWRR,ODD,LOSS,EVEN,0.82,0
2060500079,W,R,W,R,WRWR,EVEN,WIN,EVEN,0.65,0
2060500080,W,R,W,W,WRWW,ODD,LOSS,EVEN,0.6194,0
2060500081,R,W,R,R,RWRR,ODD,LOSS,EVEN,0.6102,0
2060500082,W,W,W,W,WWWW,EVEN,WIN,EVEN,0.6151,0
2060500083,W,W,W,W,WWWW,EVEN,WIN,EVEN,0.5956,0
2060500084,W,R,W,W,WRWW,ODD,LOSS,EVEN,0.6073,0
2060500085,R,R,W,W,RRWW,EVEN,LOSS,ODD,0.5072,0
2060500086,R,R,R,R,RRRR,EVEN,WIN,EVEN,0.5157,0
2060500087,R,R,W,W,RRWW,EVEN,WIN,EVEN,0.6216,0
2060500088,W,R,W,W,WRWW,ODD,LOSS,EVEN,0.602,0
2060500089,R,R,R,W,RRRW,ODD,LOSS,EVEN,0.62,0
2060500090,R,R,W,W,RRWW,EVEN,WIN,EVEN,0.6344,0
2060500091,R,R,R,R,RRRR,EVEN,WIN,EVEN,0.6111,0
2060500092,W,W,R,R,WWRR,EVEN,WIN,EVEN,0.6084,0
2060500093,W,R,W,W,WRWW,ODD,LOSS,EVEN,0.6192,0
2060500094,R,W,W,R,RWWR,EVEN,WIN,EVEN,0.62,0
2060500095,W,R,R,W,WRRW,EVEN,WIN,EVEN,0.6338,0
2060500096,R,R,R,R,RRRR,EVEN,WIN,EVEN,0.5996,0
2060500097,W,W,W,W,WWWW,EVEN,WIN,EVEN,0.5666,0
2060500098,R,R,W,R,RRWR,ODD,LOSS,EVEN,0.82,0
2060500099,R,W,R,W,RWRW,EVEN,WIN,EVEN,0.65,0
2060500100,R,R,W,W,RRWW,EVEN,WIN,EVEN,0.6102,0
2060500101,R,R,R,R,RRRR,EVEN,Not Predicted,,0.0,0
2060500102,W,R,W,W,WRWW,ODD,Not Predicted,,0.0,0
2060500103,W,W,W,W,WWWW,EVEN,Not Predicted,,0.0,0
2060500104,W,R,R,W,WRRW,EVEN,Not Predicted,,0.0,0
2060500105,R,W,R,W,RWRW,EVEN,Not Predicted,,0.0,0
2060500106,W,W,W,W,WWWW,EVEN,Not Predicted,,0.0,0
2060500107,W,R,R,R,WRRR,ODD,Not Predicted,,0.0,0
2060500108,W,W,W,W,WWWW,EVEN,Not Predicted,,0.0,0
2060500109,R,R,R,W,RRRW,ODD,Not Predicted,,0.0,0
2060500110,W,R,W,W,WRWW,ODD,Not Predicted,,0.0,0
2060500111,W,R,W,R,WRWR,EVEN,Not Predicted,,0.0,0
2060500112,R,W,W,R,RWWR,EVEN,Not Predicted,,0.0,0
2060500113,R,R,W,W,RRWW,EVEN,Not Predicted,,0.0,0
2060500114,W,W,R,W,WWRW,ODD,Not Predicted,,0.0,0
2060500115,R,R,R,W,RRRW,ODD,Not Predicted,,0.0,0
2060500116,W,R,R,R,WRRR,ODD,Not Predicted,,0.0,0
2060500117,R,R,W,W,RRWW,EVEN,Not Predicted,,0.0,0
2060500118,R,W,R,R,RWRR,ODD,WIN,ODD,0.62,0
2060500119,R,W,W,R,RWWR,EVEN,LOSS,ODD,0.5161,0
2060500120,W,R,R,R,WRRR,ODD,LOSS,EVEN,0.5251,0
2060500121,R,R,W,R,RRWR,ODD,WIN,ODD,0.5643,0
2060500122,W,R,R,W,WRRW,EVEN,LOSS,ODD,0.5724,0
2060500123,W,W,R,R,WWRR,EVEN,LOSS,ODD,0.5636,0
2060500124,R,W,R,W,RWRW,EVEN,WIN,EVEN,0.5067,0
2060500125,W,R,R,R,WRRR,ODD,LOSS,EVEN,0.6505,0
2060500126,W,W,W,R,WWWR,ODD,LOSS,EVEN,0.62,0
2060500127,W,W,W,R,WWWR,ODD,LOSS,EVEN,0.5417,0
2060500128,W,R,R,W,WRRW,EVEN,LOSS,ODD,0.5326,0
2060500129,R,W,W,W,RWWW,ODD,WIN,ODD,0.62,0
2060500130,R,W,R,W,RWRW,EVEN,WIN,EVEN,0.67,0
2060500131,R,W,W,R,RWWR,EVEN,WIN,EVEN,0.5315,0
2060500132,W,R,R,R,WRRR,ODD,WIN,ODD,0.5406,0
2060500133,W,W,R,R,WWRR,EVEN,LOSS,ODD,0.5677,0
2060500134,W,W,R,R,WWRR,EVEN,LOSS,ODD,0.5112,0
2060500135,R,R,W,R,RRWR,ODD,LOSS,EVEN,0.5403,0
2060500136,W,W,W,R,WWWR,ODD,LOSS,EVEN,0.5942,0
2060500137,R,W,W,R,RWWR,EVEN,WIN,EVEN,0.5175,0
2060500138,W,W,W,W,WWWW,EVEN,WIN,EVEN,0.5572,0
2060500139,R,R,R,R,RRRR,EVEN,WIN,EVEN,0.5751,0
2060500140,R,W,W,R,RWWR,EVEN,WIN,EVEN,0.5871,0
2060500141,R,R,W,W,RRWW,EVEN,WIN,EVEN,0.82,0
2060500142,W,R,R,R,WRRR,ODD,LOSS,EVEN,0.82,0
2060500143,W,R,W,W,WRWW,ODD,LOSS,EVEN,0.68,0
2060500144,W,W,W,R,WWWR,ODD,LOSS,EVEN,0.5486,0
2060500145,W,R,W,W,WRWW,ODD,LOSS,EVEN,0.5466,0
2060500146,R,W,W,W,RWWW,ODD,WIN,ODD,0.82,0
2060500147,W,R,R,W,WRRW,EVEN,LOSS,ODD,0.82,0
2060500148,R,W,R,R,RWRR,ODD,WIN,ODD,0.68,0
2060500149,W,R,R,R,WRRR,ODD,WIN,ODD,0.609,0
2060500150,R,R,R,R,RRRR,EVEN,LOSS,ODD,0.5639,0
2060500151,R,W,R,R,RWRR,ODD,WIN,ODD,0.6957,0
2060500152,R,W,R,W,RWRW,EVEN,LOSS,ODD,0.5572,0
2060500153,R,R,W,R,RRWR,ODD,WIN,ODD,0.5437,0
2060500154,R,R,W,W,RRWW,EVEN,WIN,EVEN,0.534,0
2060500155,W,R,R,W,WRRW,EVEN,WIN,EVEN,0.6638,0
2060500156,R,W,W,R,RWWR,EVEN,WIN,EVEN,0.54,0
2060500157,W,W,R,W,WWRW,ODD,LOSS,EVEN,0.5317,0
2060500158,R,W,W,R,RWWR,EVEN,WIN,EVEN,0.62,0
2060500159,R,R,R,W,RRRW,ODD,LOSS,EVEN,0.5601,0
2060500160,R,W,W,R,RWWR,EVEN,WIN,EVEN,0.5654,0
2060500161,R,R,W,W,RRWW,EVEN,WIN,EVEN,0.6197,0
2060500162,R,W,W,W,RWWW,ODD,LOSS,EVEN,0.6001,0
2060500163,R,R,W,R,RRWR,ODD,LOSS,EVEN,0.5371,0
2060500164,W,R,W,R,WRWR,EVEN,LOSS,ODD,0.5008,0
2060500165,W,R,R,W,WRRW,EVEN,LOSS,ODD,0.5084,0
2060500166,R,R,W,R,RRWR,ODD,LOSS,EVEN,0.5702,0
2060500167,W,W,R,R,WWRR,EVEN,LOSS,ODD,0.5141,0
2060500168,W,R,W,W,WRWW,ODD,LOSS,EVEN,0.5692,0
2060500169,R,R,W,W,RRWW,EVEN,LOSS,ODD,0.513,0
2060500170,W,W,R,W,WWRW,ODD,WIN,ODD,0.516,0
2060500171,W,W,R,W,WWRW,ODD,WIN,ODD,0.5428,0
2060500172,R,W,W,W,RWWW,ODD,WIN,ODD,0.5387,0
2060500173,W,R,W,W,WRWW,ODD,WIN,ODD,0.5756,0
2060500174,W,R,R,W,WRRW,EVEN,LOSS,ODD,0.82,0
2060500175,W,W,W,W,WWWW,EVEN,LOSS,ODD,0.65,0
2060500176,W,R,W,W,WRWW,ODD,WIN,ODD,0.6599,0
2060500177,W,R,R,W,WRRW,EVEN,LOSS,ODD,0.5754,0
2060500178,W,W,R,W,WWRW,ODD,WIN,ODD,0.5677,0
2060500179,R,W,W,R,RWWR,EVEN,LOSS,ODD,0.655,0
2060500180,R,R,W,W,RRWW,EVEN,LOSS,ODD,0.5004,0
2060500181,R,W,W,W,RWWW,ODD,LOSS,EVEN,0.5431,0
2060500182,W,R,W,R,WRWR,EVEN,WIN,EVEN,0.5637,0
2060500183,R,W,R,R,RWRR,ODD,LOSS,EVEN,0.5603,0
2060500184,W,R,W,R,WRWR,EVEN,WIN,EVEN,0.5054,0
2060500185,W,R,W,R,WRWR,EVEN,WIN,EVEN,0.5735,0
2060500186,W,W,R,R,WWRR,EVEN,WIN,EVEN,0.5718,0
2060500187,W,R,W,W,WRWW,ODD,LOSS,EVEN,0.5647,0
2060500188,R,R,W,R,RRWR,ODD,LOSS,EVEN,0.62,0
2060500189,W,W,R,R,WWRR,EVEN,WIN,EVEN,0.63,0
2060500190,R,R,W,R,RRWR,ODD,LOSS,EVEN,0.5714,0
2060500191,R,W,W,R,RWWR,EVEN,WIN,EVEN,0.521,0
2060500192,W,W,W,W,WWWW,EVEN,WIN,EVEN,0.6366,0
2060500193,W,W,W,R,WWWR,ODD,WIN,ODD,0.68,0
2060500194,W,R,W,W,WRWW,ODD,WIN,ODD,0.5365,0
2060500195,W,W,W,R,WWWR,ODD,WIN,ODD,0.5479,0
2060500196,R,R,R,W,RRRW,ODD,WIN,ODD,0.5482,0
2060500197,W,R,W,W,WRWW,ODD,WIN,ODD,0.82,0
2060500198,R,R,W,W,RRWW,EVEN,LOSS,ODD,0.82,0
2060500199,W,R,R,R,WRRR,ODD,WIN,ODD,0.68,0
2060500200,W,R,R,W,WRRW,EVEN,LOSS,ODD,0.5558,0
2060500201,W,W,R,R,WWRR,EVEN,LOSS,ODD,0.5899,0
2060500202,W,R,R,W,WRRW,EVEN,LOSS,ODD,0.5984,0
2060500203,R,R,R,W,RRRW,ODD,WIN,ODD,0.5896,0
2060500204,R,R,W,R,RRWR,ODD,LOSS,EVEN,0.62,0
2060500205,R,W,W,R,RWWR,EVEN,WIN,EVEN,0.5435,0
2060500206,R,R,R,R,RRRR,EVEN,WIN,EVEN,0.5904,0
2060500207,W,W,R,W,WWRW,ODD,LOSS,EVEN,0.5684,0
2060500208,R,R,W,W,RRWW,EVEN,WIN,EVEN,0.5969,0
2060500209,W,W,R,W,WWRW,ODD,LOSS,EVEN,0.5836,0
2060500210,W,W,W,W,WWWW,EVEN,WIN,EVEN,0.5,0
2060500211,W,R,W,R,WRWR,EVEN,LOSS,ODD,0.5147,0
2060500212,R,W,W,W,RWWW,ODD,LOSS,EVEN,0.5653,0
2060500213,R,R,W,R,RRWR,ODD,LOSS,EVEN,0.5637,0
2060500214,W,R,W,R,WRWR,EVEN,WIN,EVEN,0.5273,0
2060500215,R,W,R,W,RWRW,EVEN,WIN,EVEN,0.5026,0
2060500216,W,W,W,R,WWWR,ODD,LOSS,EVEN,0.5777,0
2060500217,R,R,R,R,RRRR,EVEN,WIN,EVEN,0.5272,0
2060500218,R,W,W,W,RWWW,ODD,LOSS,EVEN,0.5692,0
2060500219,R,W,R,W,RWRW,EVEN,LOSS,ODD,0.5135,0
2060500220,R,W,R,R,RWRR,ODD,WIN,ODD,0.516,0
2060500221,R,W,W,W,RWWW,ODD,WIN,ODD,0.5428,0
2060500222,R,W,W,W,RWWW,ODD,WIN,ODD,0.5387,0
2060500223,R,R,W,W,RRWW,EVEN,LOSS,ODD,0.5756,0
2060500224,R,R,W,W,RRWW,EVEN,LOSS,ODD,0.62,0
2060500225,R,R,R,W,RRRW,ODD,LOSS,EVEN,0.5231,0
2060500226,R,W,W,R,RWWR,EVEN,LOSS,ODD,0.57,0
2060500227,R,W,W,W,RWWW,ODD,WIN,ODD,0.5007,0
2060500228,W,W,R,R,WWRR,EVEN,LOSS,ODD,0.5509,0
2060500229,W,R,R,W,WRRW,EVEN,LOSS,ODD,0.516,0
2060500230,W,W,W,R,WWWR,ODD,LOSS,EVEN,0.5422,0
2060500231,W,R,W,R,WRWR,EVEN,WIN,EVEN,0.5738,0
2060500232,R,W,W,W,RWWW,ODD,LOSS,EVEN,0.5395,0
2060500233,R,R,W,R,RRWR,ODD,WIN,ODD,0.5465,0
2060500234,W,R,R,R,WRRR,ODD,LOSS,EVEN,0.68,0
2060500235,W,W,W,R,WWWR,ODD,WIN,ODD,0.5516,0
2060500236,R,W,R,W,RWRW,EVEN,LOSS,ODD,0.82,0
2060500237,W,R,W,W,WRWW,ODD,WIN,ODD,0.65,0
2060500238,W,W,R,R,WWRR,EVEN,LOSS,ODD,0.5515,0
2060500239,R,W,R,W,RWRW,EVEN,LOSS,ODD,0.5137,0
2060500240,W,R,R,R,WRRR,ODD,LOSS,EVEN,0.7,0
2060500241,W,R,W,R,WRWR,EVEN,LOSS,ODD,0.5757,0
2060500242,W,W,W,R,WWWR,ODD,WIN,ODD,0.5146,0
2060500243,R,W,W,W,RWWW,ODD,LOSS,EVEN,0.5054,0
2060500244,W,W,R,W,WWRW,ODD,LOSS,EVEN,0.5237,0
2060500245,W,R,W,W,WRWW,ODD,WIN,ODD,0.5692,0
2060500246,R,W,W,R,RWWR,EVEN,LOSS,ODD,0.82,0
2060500247,R,R,W,R,RRWR,ODD,WIN,ODD,0.65,0
2060500248,W,R,R,W,WRRW,EVEN,LOSS,ODD,0.7,0
2060500249,R,R,W,W,RRWW,EVEN,LOSS,ODD,0.5319,0
2060500250,R,R,R,W,RRRW,ODD,LOSS,EVEN,0.7,0
2060500251,R,R,W,R,RRWR,ODD,LOSS,EVEN,0.67,0
2060500252,W,W,W,W,WWWW,EVEN,WIN,EVEN,0.63,0
2060500253,W,W,R,R,WWRR,EVEN,WIN,EVEN,0.5026,0
2060500254,R,R,W,R,RRWR,ODD,LOSS,EVEN,0.5777,0
2060500255,W,R,W,R,WRWR,EVEN,WIN,EVEN,0.5272,0
2060500256,R,W,R,R,RWRR,ODD,LOSS,EVEN,0.5684,0
2060500257,R,R,W,W,RRWW,EVEN,LOSS,ODD,0.5125,0
2060500258,R,W,W,R,RWWR,EVEN,LOSS,ODD,0.5075,0
2060500259,R,W,R,W,RWRW,EVEN,WIN,EVEN,0.5606,0
2060500260,W,R,W,R,WRWR,EVEN,WIN,EVEN,0.5504,0
2060500261,W,W,R,W,WWRW,ODD,LOSS,EVEN,0.82,0
2060500262,W,W,R,W,WWRW,ODD,LOSS,EVEN,0.65,0
2060500263,R,R,W,W,RRWW,EVEN,WIN,EVEN,0.5217,0
2060500264,R,W,R,W,RWRW,EVEN,WIN,EVEN,0.585,0
2060500265,R,W,W,W,RWWW,ODD,LOSS,EVEN,0.5811,0
2060500266,W,R,W,R,WRWR,EVEN,WIN,EVEN,0.6017,0
2060500267,R,R,W,R,RRWR,ODD,LOSS,EVEN,0.5836,0
2060500268,R,W,R,R,RWRR,ODD,WIN,ODD,0.5125,0
2060500269,R,W,R,W,RWRW,EVEN,LOSS,ODD,0.5681,0
2060500270,R,R,W,R,RRWR,ODD,WIN,ODD,0.5002,0
2060500271,W,R,W,W,WRWW,ODD,WIN,ODD,0.5118,0
2060500272,W,W,R,W,WWRW,ODD,WIN,ODD,0.6046,0
2060500273,R,W,W,W,RWWW,ODD,WIN,ODD,0.5718,0
2060500274,R,W,W,R,RWWR,EVEN,LOSS,ODD,0.82,0
2060500275,R,W,R,W,RWRW,EVEN,LOSS,ODD,0.65,0
2060500276,W,W,R,W,WWRW,ODD,WIN,ODD,0.5611,0
2060500277,R,W,W,R,RWWR,EVEN,LOSS,ODD,0.5786,0
2060500278,W,R,W,R,WRWR,EVEN,LOSS,ODD,0.5576,0
2060500279,R,W,R,W,RWRW,EVEN,LOSS,ODD,0.5225,0
2060500280,W,W,W,R,WWWR,ODD,LOSS,EVEN,0.5643,0
2060500281,R,R,R,R,RRRR,EVEN,WIN,EVEN,0.62,0
2060500282,W,R,R,R,WRRR,ODD,LOSS,EVEN,0.5839,0
2060500283,W,R,W,R,WRWR,EVEN,WIN,EVEN,0.5765,0
2060500284,W,R,W,W,WRWW,ODD,LOSS,EVEN,0.5672,0
2060500285,W,R,R,R,WRRR,ODD,LOSS,EVEN,0.57,0
2060500286,R,W,W,W,RWWW,ODD,LOSS,EVEN,0.5022,0
2060500287,R,R,R,R,RRRR,EVEN,LOSS,ODD,0.5664,0
2060500288,W,W,R,R,WWRR,EVEN,LOSS,ODD,0.62,0
2060500289,W,W,W,W,WWWW,EVEN,WIN,EVEN,0.5386,0
2060500290,R,R,W,R,RRWR,ODD,WIN,ODD,0.63,0
2060500291,R,R,W,W,RRWW,EVEN,WIN,EVEN,0.62,0
2060500292,W,W,W,W,WWWW,EVEN,LOSS,ODD,0.524,0
2060500293,W,R,W,W,WRWW,ODD,LOSS,EVEN,0.5472,0
2060500294,W,W,R,R,WWRR,EVEN,WIN,EVEN,0.5887,0
2060500295,R,W,R,R,RWRR,ODD,LOSS,EVEN,0.5809,0
2060500296,W,W,W,W,WWWW,EVEN,WIN,EVEN,0.5739,0
2060500297,R,W,R,W,RWRW,EVEN,WIN,EVEN,0.5735,0
2060500298,R,R,W,R,RRWR,ODD,LOSS,EVEN,0.5718,0
2060500299,W,R,R,R,WRRR,ODD,LOSS,EVEN,0.5907,0
2060500300,W,W,W,R,WWWR,ODD,LOSS,EVEN,0.5159,0
2060500301,R,R,W,W,RRWW,EVEN,WIN,EVEN,0.5161,0
2060500302,R,R,R,W,RRRW,ODD,WIN,ODD,0.62,0
2060500303,R,W,R,R,RWRR,ODD,WIN,ODD,0.5831,0
2060500304,W,R,R,W,WRRW,EVEN,LOSS,ODD,0.6025,0
2060500305,R,R,R,R,RRRR,EVEN,LOSS,ODD,0.5846,0
2060500306,W,W,R,R,WWRR,EVEN,WIN,EVEN,0.7,0
2060500307,R,W,R,R,RWRR,ODD,WIN,ODD,0.7,0
2060500308,R,R,R,W,RRRW,ODD,LOSS,EVEN,0.7,0
2060500309,W,R,W,W,WRWW,ODD,WIN,ODD,0.5109,0
2060500310,R,W,W,W,RWWW,ODD,WIN,ODD,0.569,0
2060500311,W,W,R,W,WWRW,ODD,WIN,ODD,0.82,0
2060500312,W,W,R,R,WWRR,EVEN,LOSS,ODD,0.82,0
2060500313,R,W,W,R,RWWR,EVEN,LOSS,ODD,0.68,0
2060500314,R,W,R,R,RWRR,ODD,WIN,ODD,0.584,0
2060500315,W,W,R,R,WWRR,EVEN,LOSS,ODD,0.602,0
2060500316,R,W,R,W,RWRW,EVEN,LOSS,ODD,0.5762,0
2060500317,R,R,R,W,RRRW,ODD,WIN,ODD,0.5923,0
2060500318,W,W,W,W,WWWW,EVEN,LOSS,ODD,0.5417,0
2060500319,R,R,R,W,RRRW,ODD,LOSS,EVEN,0.5748,0
2060500320,W,R,R,R,WRRR,ODD,LOSS,EVEN,0.5764,0
2060500321,R,W,R,R,RWRR,ODD,LOSS,EVEN,0.5318,0
2060500322,R,R,W,W,RRWW,EVEN,LOSS,ODD,0.575,0
2060500323,W,W,W,W,WWWW,EVEN,LOSS,ODD,0.62,0
2060500324,R,W,R,W,RWRW,EVEN,LOSS,ODD,0.5453,0
2060500325,W,R,W,W,WRWW,ODD,WIN,ODD,0.63,0
2060500326,R,W,R,W,RWRW,EVEN,WIN,EVEN,0.62,0
2060500327,W,R,R,R,WRRR,ODD,WIN,ODD,0.5129,0
2060500328,R,W,R,R,RWRR,ODD,WIN,ODD,0.5107,0
2060500329,R,W,W,R,RWWR,EVEN,LOSS,ODD,0.5108,0
2060500330,R,R,W,W,RRWW,EVEN,WIN,EVEN,0.5745,0
2060500331,R,R,W,W,RRWW,EVEN,WIN,EVEN,0.5669,0
2060500332,W,W,R,W,WWRW,ODD,LOSS,EVEN,0.5552,0
2060500333,R,R,W,W,RRWW,EVEN,WIN,EVEN,0.62,0
2060500334,W,R,R,W,WRRW,EVEN,WIN,EVEN,0.5861,0
2060500335,R,R,W,R,RRWR,ODD,LOSS,EVEN,0.5452,0
2060500336,R,R,R,W,RRRW,ODD,LOSS,EVEN,0.5757,0
2060500337,R,R,R,R,RRRR,EVEN,LOSS,ODD,0.7,0
2060500338,W,W,W,R,WWWR,ODD,LOSS,EVEN,0.5769,0
2060500339,W,R,W,R,WRWR,EVEN,WIN,EVEN,0.5094,0
2060500340,R,W,W,R,RWWR,EVEN,WIN,EVEN,0.514,0
2060500341,W,W,R,R,WWRR,EVEN,WIN,EVEN,0.5931,0
2060500342,W,W,W,R,WWWR,ODD,LOSS,EVEN,0.5406,0
2060500343,W,R,R,W,WRRW,EVEN,WIN,EVEN,0.62,0
2060500344,W,W,R,R,WWRR,EVEN,WIN,EVEN,0.5601,0
2060500345,W,R,W,W,WRWW,ODD,LOSS,EVEN,0.5566,0
2060500346,W,R,W,R,WRWR,EVEN,WIN,EVEN,0.6026,0
2060500347,R,W,W,W,RWWW,ODD,LOSS,EVEN,0.5809,0
2060500348,R,W,W,W,RWWW,ODD,LOSS,EVEN,0.5739,0
2060500349,W,R,W,W,WRWW,ODD,LOSS,EVEN,0.5237,0
2060500350,W,R,W,R,WRWR,EVEN,WIN,EVEN,0.7,0
2060500351,W,R,R,R,WRRR,ODD,WIN,ODD,0.7,0
2060500352,W,W,R,W,WWRW,ODD,WIN,ODD,0.7,0
2060500353,W,R,W,R,WRWR,EVEN,WIN,EVEN,0.7,0
2060500354,R,R,R,W,RRRW,ODD,WIN,ODD,0.7,0
2060500355,R,W,R,R,RWRR,ODD,LOSS,EVEN,0.7,0
2060500356,R,R,R,W,RRRW,ODD,WIN,ODD,0.5827,0
2060500357,W,R,W,R,WRWR,EVEN,LOSS,ODD,0.5972,0
2060500358,R,W,W,R,RWWR,EVEN,LOSS,ODD,0.62,0
2060500359,W,R,W,W,WRWW,ODD,WIN,ODD,0.5737,0
2060500360,R,R,R,W,RRRW,ODD,WIN,ODD,0.5885,0
2060500361,R,R,W,W,RRWW,EVEN,LOSS,ODD,0.595,0
2060500362,R,W,R,R,RWRR,ODD,WIN,ODD,0.5777,0
2060500363,R,R,W,R,RRWR,ODD,WIN,ODD,0.5488,0
2060500364,R,R,R,W,RRRW,ODD,WIN,ODD,0.5963,0
2060500365,W,R,R,W,WRRW,EVEN,LOSS,ODD,0.6099,0
2060500366,R,R,W,W,RRWW,EVEN,LOSS,ODD,0.62,0
2060500367,R,R,W,W,RRWW,EVEN,LOSS,ODD,0.5625,0
2060500368,W,R,R,R,WRRR,ODD,WIN,ODD,0.511,0
2060500369,R,W,R,R,RWRR,ODD,LOSS,EVEN,0.62,0
2060500370,W,R,W,R,WRWR,EVEN,LOSS,ODD,0.7,0
2060500371,W,W,W,W,WWWW,EVEN,LOSS,ODD,0.5067,0
2060500372,R,R,R,W,RRRW,ODD,LOSS,EVEN,0.5536,0
2060500373,R,W,W,R,RWWR,EVEN,LOSS,ODD,0.7,0
2060500374,W,R,W,R,WRWR,EVEN,LOSS,ODD,0.63,0
2060500375,W,R,W,W,WRWW,ODD,LOSS,EVEN,0.5518,0
2060500376,R,W,W,R,RWWR,EVEN,WIN,EVEN,0.5062,0
2060500377,R,R,W,R,RRWR,ODD,LOSS,EVEN,0.5502,0
2060500378,W,R,W,R,WRWR,EVEN,WIN,EVEN,0.5833,0
2060500379,W,W,W,R,WWWR,ODD,LOSS,EVEN,0.5878,0
2060500380,R,W,R,W,RWRW,EVEN,WIN,EVEN,0.5018,0
2060500381,W,R,W,R,WRWR,EVEN,WIN,EVEN,0.592,0
2060500382,W,W,R,W,WWRW,ODD,LOSS,EVEN,0.5293,0
2060500383,R,R,W,R,RRWR,ODD,WIN,ODD,0.5742,0
2060500384,R,R,W,R,RRWR,ODD,WIN,ODD,0.5008,0
2060500385,W,W,R,R,WWRR,EVEN,WIN,EVEN,0.5155,0
2060500386,W,R,R,W,WRRW,EVEN,LOSS,ODD,0.62,0
2060500387,R,W,R,R,RWRR,ODD,WIN,ODD,0.5636,0
2060500388,R,W,R,W,RWRW,EVEN,LOSS,ODD,0.5421,0
2060500389,W,W,W,W,WWWW,EVEN,WIN,EVEN,0.5234,0
2060500390,R,R,R,W,RRRW,ODD,WIN,ODD,0.6556,0
2060500391,R,W,R,R,RWRR,ODD,WIN,ODD,0.5206,0
2060500392,W,R,R,W,WRRW,EVEN,WIN,EVEN,0.5269,0
2060500393,R,R,W,R,RRWR,ODD,LOSS,EVEN,0.5676,0
2060500394,W,R,W,R,WRWR,EVEN,LOSS,ODD,0.5073,0
2060500395,R,R,W,R,RRWR,ODD,LOSS,EVEN,0.5001,0
2060500396,R,R,W,W,RRWW,EVEN,LOSS,ODD,0.5059,0
2060500397,R,R,W,R,RRWR,ODD,LOSS,EVEN,0.5258,0
2060500398,W,W,W,R,WWWR,ODD,WIN,ODD,0.624,0
2060500399,W,W,W,R,WWWR,ODD,WIN,ODD,0.6313,0
2060500400,R,R,R,R,RRRR,EVEN,LOSS,ODD,0.5756,0
2060500401,R,W,R,R,RWRR,ODD,WIN,ODD,0.62,0
2060500402,W,W,R,R,WWRR,EVEN,LOSS,ODD,0.6098,0
2060500403,R,R,W,W,RRWW,EVEN,LOSS,ODD,0.5782,0
2060500404,W,W,W,W,WWWW,EVEN,WIN,EVEN,0.5147,0
2060500405,W,R,W,W,WRWW,ODD,WIN,ODD,0.6808,0
2060500406,W,R,W,W,WRWW,ODD,LOSS,EVEN,0.62,0
2060500407,W,R,W,W,WRWW,ODD,WIN,ODD,0.5201,0
2060500408,R,W,W,W,RWWW,ODD,WIN,ODD,0.7,0
2060500409,R,R,R,W,RRRW,ODD,WIN,ODD,0.82,0
2060500410,W,W,R,W,WWRW,ODD,WIN,ODD,0.82,0
2060500411,W,R,W,W,WRWW,ODD,WIN,ODD,0.82,0
2060500412,W,W,W,R,WWWR,ODD,WIN,ODD,0.82,0
2060500413,R,R,R,R,RRRR,EVEN,LOSS,ODD,0.82,0
2060500414,R,R,W,W,RRWW,EVEN,LOSS,ODD,0.68,0
2060500415,R,W,R,W,RWRW,EVEN,WIN,EVEN,0.5021,0
2060500416,W,W,W,R,WWWR,ODD,WIN,ODD,0.561,0
2060500417,R,W,W,R,RWWR,EVEN,WIN,EVEN,0.62,0
2060500418,R,R,R,R,RRRR,EVEN,WIN,EVEN,0.5074,0
2060500419,W,W,R,R,WWRR,EVEN,WIN,EVEN,0.589,0
2060500420,R,R,R,R,RRRR,EVEN,WIN,EVEN,0.5738,0
2060500421,R,W,R,W,RWRW,EVEN,WIN,EVEN,0.82,0
2060500422,R,R,R,W,RRRW,ODD,LOSS,EVEN,0.82,0
2060500423,R,R,W,W,RRWW,EVEN,WIN,EVEN,0.68,0
2060500424,W,R,R,W,WRRW,EVEN,WIN,EVEN,0.583,0
2060500425,R,R,R,R,RRRR,EVEN,WIN,EVEN,0.5575,0
2060500426,R,R,W,W,RRWW,EVEN,LOSS,ODD,0.5124,0
2060500427,W,W,W,R,WWWR,ODD,LOSS,EVEN,0.82,0
2060500428,R,R,R,R,RRRR,EVEN,WIN,EVEN,0.65,0
2060500429,R,W,R,R,RWRR,ODD,WIN,ODD,0.529,0
2060500430,W,W,W,R,WWWR,ODD,LOSS,EVEN,0.5625,0
2060500431,R,W,W,W,RWWW,ODD,LOSS,EVEN,0.5567,0
2060500432,R,W,W,W,RWWW,ODD,WIN,ODD,0.5549,0
2060500433,W,R,R,W,WRRW,EVEN,WIN,EVEN,0.7,0
2060500434,W,W,R,W,WWRW,ODD,WIN,ODD,0.7,0
2060500435,W,R,W,W,WRWW,ODD,LOSS,EVEN,0.7,0
2060500436,W,W,R,W,WWRW,ODD,WIN,ODD,0.6086,0
2060500437,W,W,W,R,WWWR,ODD,WIN,ODD,0.571,0
2060500438,R,R,W,R,RRWR,ODD,WIN,ODD,0.82,0
2060500439,R,W,R,R,RWRR,ODD,WIN,ODD,0.82,0
2060500440,W,W,W,W,WWWW,EVEN,LOSS,ODD,0.82,0
2060500441,W,R,R,W,WRRW,EVEN,LOSS,ODD,0.68,0
2060500442,W,R,R,W,WRRW,EVEN,LOSS,ODD,0.6007,0
2060500443,R,R,R,W,RRRW,ODD,WIN,ODD,0.6212,0
2060500444,R,R,R,W,RRRW,ODD,LOSS,EVEN,0.62,0
2060500445,W,W,R,R,WWRR,EVEN,LOSS,ODD,0.517,0
2060500446,W,W,W,R,WWWR,ODD,LOSS,EVEN,0.5203,0
2060500447,W,W,W,W,WWWW,EVEN,WIN,EVEN,0.6583,0
2060500448,R,W,R,W,RWRW,EVEN,WIN,EVEN,0.6015,0
2060500449,R,W,R,W,RWRW,EVEN,WIN,EVEN,0.5285,0
2060500450,R,W,W,W,RWWW,ODD,LOSS,EVEN,0.507,0
2060500451,W,R,W,W,WRWW,ODD,LOSS,EVEN,0.62,0
2060500452,W,R,W,W,WRWW,ODD,LOSS,EVEN,0.5175,0
2060500453,W,W,R,W,WWRW,ODD,LOSS,EVEN,0.5117,0
2060500454,W,R,W,W,WRWW,ODD,WIN,ODD,0.82,0
2060500455,R,R,R,R,RRRR,EVEN,LOSS,ODD,0.82,0
2060500456,W,W,R,W,WWRW,ODD,WIN,ODD,0.68,0
2060500457,W,W,W,W,WWWW,EVEN,LOSS,ODD,0.5866,0
2060500458,W,W,W,R,WWWR,ODD,WIN,ODD,0.564,0
2060500459,W,R,W,W,WRWW,ODD,WIN,ODD,0.5395,0
2060500460,R,W,R,R,RWRR,ODD,WIN,ODD,0.5273,0
2060500461,R,R,R,R,RRRR,EVEN,WIN,EVEN,0.5281,0
2060500462,W,W,W,W,WWWW,EVEN,LOSS,ODD,0.62,0
2060500463,R,W,R,W,RWRW,EVEN,WIN,EVEN,0.5502,0
2060500464,W,W,W,W,WWWW,EVEN,WIN,EVEN,0.5309,0
2060500465,W,R,W,R,WRWR,EVEN,WIN,EVEN,0.82,0
2060500466,R,W,W,R,RWWR,EVEN,WIN,EVEN,0.82,0
2060500467,R,R,R,W,RRRW,ODD,LOSS,EVEN,0.82,0
2060500468,W,W,W,R,WWWR,ODD,LOSS,EVEN,0.68,0
2060500469,R,R,R,W,RRRW,ODD,LOSS,EVEN,0.59,0
2060500470,R,W,W,R,RWWR,EVEN,LOSS,ODD,0.7,0
2060500471,R,R,W,R,RRWR,ODD,WIN,ODD,0.62,0
2060500472,R,R,W,W,RRWW,EVEN,WIN,EVEN,0.5597,0
2060500473,W,R,W,W,WRWW,ODD,LOSS,EVEN,0.7026,0
2060500474,R,W,W,W,RWWW,ODD,WIN,ODD,0.5525,0
2060500475,R,R,W,W,RRWW,EVEN,LOSS,ODD,0.5621,0
2060500476,R,W,R,W,RWRW,EVEN,LOSS,ODD,0.5378,0
2060500477,R,R,R,W,RRRW,ODD,LOSS,EVEN,0.5649,0
2060500478,W,R,R,W,WRRW,EVEN,WIN,EVEN,0.548,0
2060500479,W,W,R,W,WWRW,ODD,WIN,ODD,0.63,0
2060500480,W,W,W,W,WWWW,EVEN,LOSS,ODD,0.655,0
2060600001,R,R,W,R,RRWR,ODD,WIN,ODD,0.5007,0
2060600002,W,R,R,W,WRRW,EVEN,LOSS,ODD,0.5518,0
2060600003,W,W,R,R,WWRR,EVEN,WIN,EVEN,0.5937,0
2060600004,R,W,W,R,RWWR,EVEN,WIN,EVEN,0.5781,0
2060600005,R,R,W,W,RRWW,EVEN,WIN,EVEN,0.5374,0
2060600006,W,W,W,R,WWWR,ODD,LOSS,EVEN,0.82,0
2060600007,W,W,W,W,WWWW,EVEN,WIN,EVEN,0.65,0
2060600008,W,R,W,W,WRWW,ODD,LOSS,EVEN,0.5843,0
2060600009,W,W,W,R,WWWR,ODD,LOSS,EVEN,0.5839,0
2060600010,W,R,R,W,WRRW,EVEN,WIN,EVEN,0.5319,0
2060600011,R,R,W,R,RRWR,ODD,LOSS,EVEN,0.5742,0
2060600012,W,R,W,W,WRWW,ODD,LOSS,EVEN,0.5106,0
2060600013,R,R,R,W,RRRW,ODD,WIN,ODD,0.6245,0
2060600014,R,W,R,R,RWRR,ODD,WIN,ODD,0.5363,0
2060600015,W,W,W,W,WWWW,EVEN,LOSS,ODD,0.82,0
2060600016,R,W,R,W,RWRW,EVEN,LOSS,ODD,0.65,0
2060600017,R,W,W,W,RWWW,ODD,WIN,ODD,0.6556,0
2060600018,R,R,R,W,RRRW,ODD,WIN,ODD,0.5872,0
2060600019,R,W,R,R,RWRR,ODD,WIN,ODD,0.5661,0
2060600020,R,R,W,W,RRWW,EVEN,LOSS,ODD,0.5509,0
2060600021,R,R,R,W,RRRW,ODD,WIN,ODD,0.62,0
2060600022,W,R,W,R,WRWR,EVEN,LOSS,ODD,0.519,0
2060600023,R,R,R,W,RRRW,ODD,LOSS,EVEN,0.5152,0
2060600024,W,W,R,W,WWRW,ODD,WIN,ODD,0.5665,0
2060600025,R,W,W,W,RWWW,ODD,WIN,ODD,0.5835,0
2060600026,R,W,W,R,RWWR,EVEN,LOSS,ODD,0.5719,0
2060600027,W,R,W,W,WRWW,ODD,WIN,ODD,0.62,0
2060600028,W,R,W,W,WRWW,ODD,WIN,ODD,0.6165,0
2060600029,W,W,W,W,WWWW,EVEN,LOSS,ODD,0.5962,0
2060600030,R,W,R,R,RWRR,ODD,WIN,ODD,0.5676,0
2060600031,R,W,R,R,RWRR,ODD,WIN,ODD,0.5537,0
2060600032,R,W,W,R,RWWR,EVEN,LOSS,ODD,0.5834,0
2060600033,R,W,W,W,RWWW,ODD,WIN,ODD,0.57,0
2060600034,W,R,W,W,WRWW,ODD,LOSS,EVEN,0.63,0
2060600035,W,W,R,W,WWRW,ODD,WIN,ODD,0.5984,0
2060600036,W,W,R,R,WWRR,EVEN,LOSS,ODD,0.5426,0
2060600037,W,W,R,R,WWRR,EVEN,LOSS,ODD,0.62,0
2060600038,R,W,W,W,RWWW,ODD,WIN,ODD,0.5674,0
2060600039,W,W,W,W,WWWW,EVEN,LOSS,ODD,0.5938,0
2060600040,R,R,R,R,RRRR,EVEN,WIN,EVEN,0.5128,0
2060600041,W,R,W,W,WRWW,ODD,LOSS,EVEN,0.7,0
2060600042,W,R,W,W,WRWW,ODD,LOSS,EVEN,0.5183,0
2060600043,R,W,R,W,RWRW,EVEN,WIN,EVEN,0.5231,0
2060600044,W,W,R,W,WWRW,ODD,LOSS,EVEN,0.5678,0
2060600045,W,W,R,R,WWRR,EVEN,LOSS,ODD,0.5012,0
2060600046,R,R,R,W,RRRW,ODD,WIN,ODD,0.5021,0
2060600047,W,W,W,R,WWWR,ODD,WIN,ODD,0.5075,0
2060600048,R,W,W,W,RWWW,ODD,WIN,ODD,0.5707,0
2060600049,R,R,R,R,RRRR,EVEN,LOSS,ODD,0.5471,0
2060600050,W,R,W,W,WRWW,ODD,WIN,ODD,0.62,0
2060600051,W,W,R,W,WWRW,ODD,WIN,ODD,0.623,0
2060600052,R,R,W,W,RRWW,EVEN,LOSS,ODD,0.5766,0
2060600053,R,R,W,W,RRWW,EVEN,LOSS,ODD,0.5766,0
2060600054,W,R,R,W,WRRW,EVEN,LOSS,ODD,0.5684,0
2060600055,W,R,R,W,WRRW,EVEN,WIN,EVEN,0.5954,0
2060600056,R,W,R,W,RWRW,EVEN,WIN,EVEN,0.82,0
2060600057,R,W,W,W,RWWW,ODD,LOSS,EVEN,0.82,0
2060600058,R,W,R,W,RWRW,EVEN,WIN,EVEN,0.68,0
2060600059,W,W,R,R,WWRR,EVEN,WIN,EVEN,0.6385,0
2060600060,W,W,R,R,WWRR,EVEN,WIN,EVEN,0.5973,0
2060600061,R,W,W,W,RWWW,ODD,LOSS,EVEN,0.5845,0
2060600062,R,R,R,R,RRRR,EVEN,WIN,EVEN,0.62,0
2060600063,R,R,R,R,RRRR,EVEN,WIN,EVEN,0.5328,0
2060600064,W,W,R,R,WWRR,EVEN,WIN,EVEN,0.524,0
2060600065,W,W,R,R,WWRR,EVEN,WIN,EVEN,0.5555,0
2060600066,W,R,R,W,WRRW,EVEN,WIN,EVEN,0.82,0
2060600067,W,W,W,W,WWWW,EVEN,WIN,EVEN,0.82,0
2060600068,R,R,W,W,RRWW,EVEN,WIN,EVEN,0.82,0
2060600069,R,W,W,W,RWWW,ODD,LOSS,EVEN,0.82,0
2060600070,W,R,W,W,WRWW,ODD,LOSS,EVEN,0.68,0
2060600071,R,W,R,W,RWRW,EVEN,WIN,EVEN,0.6634,0
2060600072,W,R,W,W,WRWW,ODD,LOSS,EVEN,0.6331,0
2060600073,W,R,R,R,WRRR,ODD,LOSS,EVEN,0.6206,0
2060600074,R,W,R,W,RWRW,EVEN,WIN,EVEN,0.5486,0
2060600075,R,R,R,R,RRRR,EVEN,LOSS,ODD,0.5192,0
2060600076,R,W,W,R,RWWR,EVEN,WIN,EVEN,0.509,0
2060600077,W,W,W,R,WWWR,ODD,WIN,ODD,0.5408,0
2060600078,W,R,R,W,WRRW,EVEN,WIN,EVEN,0.62,0
2060600079,R,W,W,R,RWWR,EVEN,WIN,EVEN,0.5382,0
2060600080,W,W,R,R,WWRR,EVEN,WIN,EVEN,0.5582,0
2060600081,W,W,R,W,WWRW,ODD,LOSS,EVEN,0.5164,0
2060600082,R,R,W,W,RRWW,EVEN,WIN,EVEN,0.62,0
2060600083,R,R,W,R,RRWR,ODD,LOSS,EVEN,0.595,0
2060600084,W,W,W,W,WWWW,EVEN,WIN,EVEN,0.5484,0
2060600085,W,R,W,W,WRWW,ODD,LOSS,EVEN,0.551,0
2060600086,W,W,R,R,WWRR,EVEN,WIN,EVEN,0.5683,0
2060600087,R,W,R,R,RWRR,ODD,LOSS,EVEN,0.5716,0
2060600088,W,R,W,R,WRWR,EVEN,WIN,EVEN,0.6096,0
2060600089,W,W,R,W,WWRW,ODD,WIN,ODD,0.5829,0
2060600090,R,W,W,W,RWWW,ODD,LOSS,EVEN,0.5939,0
2060600091,R,W,R,W,RWRW,EVEN,LOSS,ODD,0.5884,0
2060600092,W,R,W,W,WRWW,ODD,WIN,ODD,0.6411,0
2060600093,R,W,W,W,RWWW,ODD,WIN,ODD,0.6172,0
2060600094,W,W,W,W,WWWW,EVEN,LOSS,ODD,0.6119,0
2060600095,R,R,W,W,RRWW,EVEN,LOSS,ODD,0.6034,0
2060600096,R,W,W,R,RWWR,EVEN,WIN,EVEN,0.5556,0
2060600097,R,W,W,W,RWWW,ODD,LOSS,EVEN,0.5539,0
2060600098,W,W,W,W,WWWW,EVEN,WIN,EVEN,0.62,0
2060600099,W,W,W,R,WWWR,ODD,LOSS,EVEN,0.5558,0
2060600100,R,R,R,R,RRRR,EVEN,LOSS,ODD,0.5081,0
2060600101,R,R,W,R,RRWR,ODD,LOSS,EVEN,0.5891,0
2060600102,R,W,R,R,RWRR,ODD,LOSS,EVEN,0.5659,0
2060600103,R,W,R,W,RWRW,EVEN,LOSS,ODD,0.521,0
2060600104,W,R,R,R,WRRR,ODD,WIN,ODD,0.5168,0
2060600105,R,W,R,R,RWRR,ODD,WIN,ODD,0.6175,0
2060600106,W,R,W,R,WRWR,EVEN,LOSS,ODD,0.6429,0
2060600107,W,W,R,W,WWRW,ODD,WIN,ODD,0.5819,0
2060600108,W,R,W,W,WRWW,ODD,WIN,ODD,0.6044,0
2060600109,W,W,W,R,WWWR,ODD,WIN,ODD,0.6098,0
2060600110,W,W,R,R,WWRR,EVEN,LOSS,ODD,0.5453,0
2060600111,R,W,R,R,RWRR,ODD,WIN,ODD,0.62,0
2060600112,R,R,R,R,RRRR,EVEN,LOSS,ODD,0.75,0
2060600113,R,W,R,W,RWRW,EVEN,LOSS,ODD,0.5495,0
2060600114,W,R,W,W,WRWW,ODD,LOSS,EVEN,0.5103,0
2060600115,W,R,R,W,WRRW,EVEN,LOSS,ODD,0.5978,0
2060600116,W,R,W,R,WRWR,EVEN,LOSS,ODD,0.5292,0
2060600117,R,W,W,W,RWWW,ODD,WIN,ODD,0.5551,0
2060600118,R,W,R,W,RWRW,EVEN,WIN,EVEN,0.5772,0
2060600119,R,W,R,W,RWRW,EVEN,LOSS,ODD,0.63,0
2060600120,R,R,W,W,RRWW,EVEN,WIN,EVEN,0.5972,0
2060600121,W,R,R,R,WRRR,ODD,LOSS,EVEN,0.5728,0
2060600122,R,W,R,W,RWRW,EVEN,WIN,EVEN,0.62,0
2060600123,W,W,R,R,WWRR,EVEN,WIN,EVEN,0.5776,0
2060600124,W,W,R,W,WWRW,ODD,LOSS,EVEN,0.5792,0
2060600125,W,R,R,R,WRRR,ODD,LOSS,EVEN,0.67,0
2060600126,W,R,W,W,WRWW,ODD,LOSS,EVEN,0.63,0
2060600127,R,W,W,R,RWWR,EVEN,WIN,EVEN,0.59,0
2060600128,W,W,W,W,WWWW,EVEN,LOSS,ODD,0.62,0
2060600129,R,R,W,R,RRWR,ODD,WIN,ODD,0.5536,0
2060600130,W,W,W,R,WWWR,ODD,WIN,ODD,0.5028,0
2060600131,W,R,W,W,WRWW,ODD,WIN,ODD,0.575,0
2060600132,W,W,W,R,WWWR,ODD,WIN,ODD,0.5184,0
2060600133,R,R,W,R,RRWR,ODD,WIN,ODD,0.82,0
2060600134,R,R,R,R,RRRR,EVEN,LOSS,ODD,0.82,0
2060600135,R,R,W,R,RRWR,ODD,WIN,ODD,0.68,0
2060600136,R,W,W,R,RWWR,EVEN,LOSS,ODD,0.542,0
2060600137,R,R,W,W,RRWW,EVEN,LOSS,ODD,0.5929,0
2060600138,W,W,W,R,WWWR,ODD,WIN,ODD,0.6051,0
2060600139,W,R,R,W,WRRW,EVEN,LOSS,ODD,0.581,0
2060600140,W,W,R,R,WWRR,EVEN,WIN,EVEN,0.5131,0
2060600141,R,W,W,W,RWWW,ODD,LOSS,EVEN,0.5722,0
2060600142,R,R,W,W,RRWW,EVEN,WIN,EVEN,0.5959,0
2060600143,R,R,W,R,RRWR,ODD,LOSS,EVEN,0.5698,0
2060600144,W,W,W,W,WWWW,EVEN,WIN,EVEN,0.5897,0
2060600145,W,R,W,R,WRWR,EVEN,WIN,EVEN,0.561,0
2060600146,W,W,R,R,WWRR,EVEN,WIN,EVEN,0.5585,0
2060600147,R,R,R,W,RRRW,ODD,LOSS,EVEN,0.549,0
2060600148,W,R,R,R,WRRR,ODD,LOSS,EVEN,0.62,0
2060600149,W,R,R,R,WRRR,ODD,LOSS,EVEN,0.5282,0
2060600150,W,R,R,R,WRRR,ODD,LOSS,EVEN,0.5071,0
2060600151,W,R,R,R,WRRR,ODD,WIN,ODD,0.82,0
2060600152,W,W,W,W,WWWW,EVEN,LOSS,ODD,0.82,0
2060600153,W,W,R,R,WWRR,EVEN,LOSS,ODD,0.68,0
2060600154,W,W,W,W,WWWW,EVEN,LOSS,ODD,0.5428,0
2060600155,W,W,R,W,WWRW,ODD,WIN,ODD,0.5596,0
2060600156,R,W,W,R,RWWR,EVEN,WIN,EVEN,0.62,0
2060600157,W,R,W,W,WRWW,ODD,LOSS,EVEN,0.5311,0
2060600158,R,R,W,W,RRWW,EVEN,LOSS,ODD,0.5389,0
2060600159,W,W,R,W,WWRW,ODD,LOSS,EVEN,0.5551,0
2060600160,R,R,R,R,RRRR,EVEN,WIN,EVEN,0.5658,0
2060600161,R,W,W,R,RWWR,EVEN,WIN,EVEN,0.5711,0
2060600162,R,W,R,R,RWRR,ODD,LOSS,EVEN,0.5543,0
2060600163,W,R,R,R,WRRR,ODD,LOSS,EVEN,0.5455,0
2060600164,R,R,R,R,RRRR,EVEN,WIN,EVEN,0.5838,0
2060600165,R,W,R,W,RWRW,EVEN,LOSS,ODD,0.518,0
2060600166,W,R,W,W,WRWW,ODD,LOSS,EVEN,0.587,0
2060600167,W,R,R,R,WRRR,ODD,WIN,ODD,0.5085,0
2060600168,R,W,W,W,RWWW,ODD,LOSS,EVEN,0.5209,0
2060600169,W,W,W,W,WWWW,EVEN,WIN,EVEN,0.5134,0
2060600170,W,W,R,W,WWRW,ODD,WIN,ODD,0.62,0
2060600171,W,R,W,W,WRWW,ODD,WIN,ODD,0.6058,0
2060600172,W,R,R,W,WRRW,EVEN,LOSS,ODD,0.6114,0
2060600173,W,R,W,W,WRWW,ODD,WIN,ODD,0.5798,0
2060600174,R,W,R,W,RWRW,EVEN,LOSS,ODD,0.5612,0
2060600175,W,W,R,R,WWRR,EVEN,LOSS,ODD,0.5706,0
2060600176,R,W,R,W,RWRW,EVEN,WIN,EVEN,0.5105,0
2060600177,R,W,W,R,RWWR,EVEN,WIN,EVEN,0.5477,0
2060600178,R,W,W,W,RWWW,ODD,LOSS,EVEN,0.82,0
2060600179,W,W,W,W,WWWW,EVEN,WIN,EVEN,0.65,0
2060600180,W,R,R,R,WRRR,ODD,LOSS,EVEN,0.5865,0
2060600181,R,R,W,W,RRWW,EVEN,WIN,EVEN,0.6095,0
2060600182,W,W,R,W,WWRW,ODD,LOSS,EVEN,0.5794,0
2060600183,W,R,W,R,WRWR,EVEN,WIN,EVEN,0.5628,0
2060600184,R,W,R,R,RWRR,ODD,LOSS,EVEN,0.5597,0
2060600185,W,W,W,R,WWWR,ODD,LOSS,EVEN,0.6358,0
2060600186,W,R,W,R,WRWR,EVEN,LOSS,ODD,0.6136,0
2060600187,R,W,W,R,RWWR,EVEN,LOSS,ODD,0.5407,0
2060600188,W,R,R,W,WRRW,EVEN,LOSS,ODD,0.5152,0
2060600189,R,R,R,W,RRRW,ODD,WIN,ODD,0.6629,0
2060600190,R,W,R,R,RWRR,ODD,LOSS,EVEN,0.62,0
2060600191,W,R,R,R,WRRR,ODD,WIN,ODD,0.5104,0
2060600192,R,W,W,R,RWWR,EVEN,LOSS,ODD,0.5731,0
2060600193,R,R,W,W,RRWW,EVEN,LOSS,ODD,0.62,0
2060600194,R,W,W,W,RWWW,ODD,LOSS,EVEN,0.5475,0
2060600195,R,W,W,R,RWWR,EVEN,LOSS,ODD,0.7,0
2060600196,W,R,R,W,WRRW,EVEN,WIN,EVEN,0.5112,0
2060600197,W,R,R,W,WRRW,EVEN,LOSS,ODD,0.5381,0
2060600198,R,R,R,R,RRRR,EVEN,LOSS,ODD,0.5131,0
2060600199,R,R,W,R,RRWR,ODD,LOSS,EVEN,0.82,0
2060600200,R,R,R,R,RRRR,EVEN,WIN,EVEN,0.65,0
2060600201,R,W,W,R,RWWR,EVEN,WIN,EVEN,0.6038,0
2060600202,R,W,W,R,RWWR,EVEN,WIN,EVEN,0.542,0
2060600203,R,R,R,W,RRRW,ODD,LOSS,EVEN,0.5362,0
2060600204,W,R,W,W,WRWW,ODD,LOSS,EVEN,0.62,0
2060600205,R,R,R,W,RRRW,ODD,LOSS,EVEN,0.63,0
2060600206,W,R,W,W,WRWW,ODD,LOSS,EVEN,0.59,0
2060600207,W,W,R,W,WWRW,ODD,WIN,ODD,0.82,0
2060600208,R,W,W,R,RWWR,EVEN,LOSS,ODD,0.82,0
2060600209,R,W,W,R,RWWR,EVEN,LOSS,ODD,0.68,0
2060600210,W,W,R,R,WWRR,EVEN,LOSS,ODD,0.5877,0
2060600211,W,R,W,W,WRWW,ODD,WIN,ODD,0.5937,0
2060600212,R,R,R,W,RRRW,ODD,LOSS,EVEN,0.62,0
2060600213,W,W,R,W,WWRW,ODD,WIN,ODD,0.5422,0
2060600214,W,W,R,R,WWRR,EVEN,LOSS,ODD,0.5175,0
2060600215,R,W,R,R,RWRR,ODD,WIN,ODD,0.62,0
2060600216,R,W,R,R,RWRR,ODD,LOSS,EVEN,0.512,0
2060600217,R,W,R,R,RWRR,ODD,WIN,ODD,0.5935,0
2060600218,R,W,W,R,RWWR,EVEN,LOSS,ODD,0.5932,0
2060600219,R,W,R,W,RWRW,EVEN,LOSS,ODD,0.62,0
2060600220,R,R,R,W,RRRW,ODD,WIN,ODD,0.5839,0
2060600221,W,R,W,R,WRWR,EVEN,LOSS,ODD,0.5878,0
2060600222,R,W,R,W,RWRW,EVEN,WIN,EVEN,0.5019,0
2060600223,W,R,R,R,WRRR,ODD,WIN,ODD,0.5248,0
2060600224,R,R,R,R,RRRR,EVEN,LOSS,ODD,0.5465,0
2060600225,R,W,W,W,RWWW,ODD,LOSS,EVEN,0.5283,0
2060600226,R,R,R,R,RRRR,EVEN,WIN,EVEN,0.5819,0
2060600227,R,R,W,R,RRWR,ODD,LOSS,EVEN,0.5816,0
2060600228,R,W,R,W,RWRW,EVEN,LOSS,ODD,0.527,0
2060600229,R,W,W,R,RWWR,EVEN,WIN,EVEN,0.5614,0
2060600230,R,W,W,W,RWWW,ODD,LOSS,EVEN,0.5453,0
2060600231,R,R,R,R,RRRR,EVEN,LOSS,ODD,0.5523,0
2060600232,W,R,R,R,WRRR,ODD,LOSS,EVEN,0.6047,0
2060600233,R,W,W,W,RWWW,ODD,WIN,ODD,0.5152,0
2060600234,R,R,R,W,RRRW,ODD,WIN,ODD,0.5266,0
2060600235,R,R,W,W,RRWW,EVEN,LOSS,ODD,0.5843,0
2060600236,R,W,R,R,RWRR,ODD,WIN,ODD,0.62,0
2060600237,R,R,R,R,RRRR,EVEN,LOSS,ODD,0.6242,0
2060600238,R,R,R,R,RRRR,EVEN,LOSS,ODD,0.5634,0
2060600239,W,R,W,W,WRWW,ODD,LOSS,EVEN,0.5043,0
2060600240,R,R,R,W,RRRW,ODD,WIN,ODD,0.5887,0
2060600241,W,R,W,W,WRWW,ODD,WIN,ODD,0.5708,0
2060600242,W,R,W,W,WRWW,ODD,WIN,ODD,0.5388,0
2060600243,R,W,W,W,RWWW,ODD,WIN,ODD,0.82,0
2060600244,W,R,R,R,WRRR,ODD,WIN,ODD,0.82,0
2060600245,W,R,W,W,WRWW,ODD,WIN,ODD,0.82,0
2060600246,W,W,W,R,WWWR,ODD,WIN,ODD,0.82,0
2060600247,W,R,R,W,WRRW,EVEN,LOSS,ODD,0.82,0
2060600248,W,W,W,R,WWWR,ODD,WIN,ODD,0.68,0
2060600249,W,R,R,W,WRRW,EVEN,LOSS,ODD,0.5669,0
2060600250,W,W,R,R,WWRR,EVEN,LOSS,ODD,0.5585,0
2060600251,R,R,W,W,RRWW,EVEN,LOSS,ODD,0.6034,0
2060600252,R,W,W,R,RWWR,EVEN,WIN,EVEN,0.5983,0
2060600253,R,R,R,R,RRRR,EVEN,WIN,EVEN,0.82,0
2060600254,R,R,R,R,RRRR,EVEN,WIN,EVEN,0.82,0
2060600255,W,W,R,W,WWRW,ODD,LOSS,EVEN,0.82,0
2060600256,W,W,W,R,WWWR,ODD,LOSS,EVEN,0.68,0
2060600257,R,W,W,R,RWWR,EVEN,WIN,EVEN,0.5817,0
2060600258,W,R,W,W,WRWW,ODD,LOSS,EVEN,0.5362,0
2060600259,R,W,W,W,RWWW,ODD,LOSS,EVEN,0.5761,0
2060600260,R,R,W,W,RRWW,EVEN,WIN,EVEN,0.5222,0
2060600261,R,R,R,W,RRRW,ODD,LOSS,EVEN,0.5159,0
2060600262,W,W,W,W,WWWW,EVEN,LOSS,ODD,0.5652,0
2060600263,W,R,W,R,WRWR,EVEN,LOSS,ODD,0.5306,0
2060600264,R,R,R,R,RRRR,EVEN,WIN,EVEN,0.5721,0
2060600265,W,W,R,W,WWRW,ODD,LOSS,EVEN,0.5257,0
2060600266,R,R,W,R,RRWR,ODD,LOSS,EVEN,0.62,0
2060600267,W,R,R,W,WRRW,EVEN,WIN,EVEN,0.5462,0
2060600268,R,R,W,W,RRWW,EVEN,WIN,EVEN,0.5822,0
2060600269,W,R,R,W,WRRW,EVEN,WIN,EVEN,0.5654,0
2060600270,W,R,R,W,WRRW,EVEN,WIN,EVEN,0.5849,0
2060600271,R,R,W,W,RRWW,EVEN,WIN,EVEN,0.82,0
2060600272,W,W,W,W,WWWW,EVEN,WIN,EVEN,0.82,0
2060600273,R,R,R,W,RRRW,ODD,LOSS,EVEN,0.82,0
2060600274,R,R,R,R,RRRR,EVEN,WIN,EVEN,0.68,0
2060600275,R,R,W,W,RRWW,EVEN,WIN,EVEN,0.6445,0
2060600276,W,W,W,W,WWWW,EVEN,WIN,EVEN,0.5811,0
2060600277,W,W,W,R,WWWR,ODD,LOSS,EVEN,0.5208,0
2060600278,W,W,R,R,WWRR,EVEN,WIN,EVEN,0.62,0
2060600279,R,W,W,R,RWWR,EVEN,WIN,EVEN,0.6109,0
2060600280,W,R,W,W,WRWW,ODD,LOSS,EVEN,0.6025,0
2060600281,W,W,W,R,WWWR,ODD,LOSS,EVEN,0.5881,0
2060600282,R,R,R,W,RRRW,ODD,LOSS,EVEN,0.5464,0
2060600283,W,W,W,R,WWWR,ODD,LOSS,EVEN,0.6325,0
2060600284,R,W,W,R,RWWR,EVEN,LOSS,ODD,0.82,0
2060600285,R,R,W,W,RRWW,EVEN,WIN,EVEN,0.65,0
2060600286,R,R,W,W,RRWW,EVEN,WIN,EVEN,0.5031,0
2060600287,R,W,W,R,RWWR,EVEN,LOSS,ODD,0.562,0
2060600288,R,R,W,R,RRWR,ODD,LOSS,EVEN,0.82,0
2060600289,W,R,R,R,WRRR,ODD,LOSS,EVEN,0.65,0
2060600290,W,R,W,R,WRWR,EVEN,WIN,EVEN,0.5421,0
2060600291,W,W,R,W,WWRW,ODD,LOSS,EVEN,0.5368,0
2060600292,R,R,R,R,RRRR,EVEN,WIN,EVEN,0.5413,0
2060600293,W,W,R,R,WWRR,EVEN,WIN,EVEN,0.6101,0
2060600294,W,W,R,W,WWRW,ODD,LOSS,EVEN,0.5907,0
2060600295,R,W,W,R,RWWR,EVEN,WIN,EVEN,0.5736,0
2060600296,W,R,R,R,WRRR,ODD,LOSS,EVEN,0.5102,0
2060600297,W,W,W,W,WWWW,EVEN,WIN,EVEN,0.5271,0
2060600298,R,R,R,W,RRRW,ODD,LOSS,EVEN,0.5642,0
2060600299,R,W,W,W,RWWW,ODD,LOSS,EVEN,0.5045,0
2060600300,W,W,R,R,WWRR,EVEN,WIN,EVEN,0.5277,0
2060600301,R,R,R,W,RRRW,ODD,WIN,ODD,0.7,0
2060600302,R,R,W,W,RRWW,EVEN,WIN,EVEN,0.7,0
2060600303,R,W,R,W,RWRW,EVEN,LOSS,ODD,0.7,0
2060600304,W,R,R,W,WRRW,EVEN,LOSS,ODD,0.5164,0
2060600305,R,R,W,R,RRWR,ODD,LOSS,EVEN,0.5379,0
2060600306,R,W,W,R,RWWR,EVEN,WIN,EVEN,0.62,0
2060600307,R,R,W,R,RRWR,ODD,LOSS,EVEN,0.5923,0
2060600308,W,W,R,W,WWRW,ODD,LOSS,EVEN,0.5744,0
2060600309,R,W,W,W,RWWW,ODD,WIN,ODD,0.5133,0
2060600310,R,W,R,R,RWRR,ODD,WIN,ODD,0.5951,0
2060600311,W,W,R,R,WWRR,EVEN,LOSS,ODD,0.82,0
2060600312,W,R,R,W,WRRW,EVEN,LOSS,ODD,0.65,0
2060600313,R,R,W,R,RRWR,ODD,WIN,ODD,0.663,0
2060600314,R,W,W,R,RWWR,EVEN,LOSS,ODD,0.578,0
2060600315,W,R,R,R,WRRR,ODD,WIN,ODD,0.5562,0
2060600316,W,W,W,R,WWWR,ODD,WIN,ODD,0.5543,0
2060600317,W,W,R,W,WWRW,ODD,WIN,ODD,0.5273,0
2060600318,R,R,W,W,RRWW,EVEN,LOSS,ODD,0.5073,0
2060600319,W,R,W,W,WRWW,ODD,WIN,ODD,0.62,0
2060600320,W,W,W,R,WWWR,ODD,WIN,ODD,0.6174,0
2060600321,R,W,W,W,RWWW,ODD,WIN,ODD,0.5903,0
2060600322,R,R,W,W,RRWW,EVEN,LOSS,ODD,0.5942,0
2060600323,W,R,W,W,WRWW,ODD,WIN,ODD,0.62,0
2060600324,R,R,W,R,RRWR,ODD,WIN,ODD,0.7,0
2060600325,W,R,W,R,WRWR,EVEN,LOSS,ODD,0.7,0
2060600326,R,R,R,W,RRRW,ODD,WIN,ODD,0.5769,0
2060600327,R,R,W,R,RRWR,ODD,WIN,ODD,0.5694,0
2060600328,W,R,W,R,WRWR,EVEN,LOSS,ODD,0.5722,0
2060600329,R,R,W,W,RRWW,EVEN,LOSS,ODD,0.5723,0
2060600330,W,W,W,W,WWWW,EVEN,WIN,EVEN,0.5242,0
2060600331,W,R,R,R,WRRR,ODD,LOSS,EVEN,0.5948,0
2060600332,W,W,R,R,WWRR,EVEN,WIN,EVEN,0.62,0
2060600333,W,R,W,R,WRWR,EVEN,WIN,EVEN,0.5796,0
2060600334,W,W,R,W,WWRW,ODD,LOSS,EVEN,0.5619,0
2060600335,R,R,W,R,RRWR,ODD,WIN,ODD,0.7,0
2060600336,W,W,R,W,WWRW,ODD,WIN,ODD,0.7,0
2060600337,W,R,R,W,WRRW,EVEN,WIN,EVEN,0.7,0
2060600338,R,W,R,R,RWRR,ODD,WIN,ODD,0.7,0
2060600339,R,R,W,W,RRWW,EVEN,LOSS,ODD,0.7,0
2060600340,R,R,R,W,RRRW,ODD,LOSS,EVEN,0.519,0
2060600341,W,R,W,R,WRWR,EVEN,LOSS,ODD,0.5998,0
2060600342,W,W,W,R,WWWR,ODD,WIN,ODD,0.5603,0
2060600343,R,R,R,W,RRRW,ODD,WIN,ODD,0.5718,0
2060600344,R,W,W,W,RWWW,ODD,WIN,ODD,0.5593,0
2060600345,W,W,R,R,WWRR,EVEN,LOSS,ODD,0.5415,0
2060600346,W,R,W,R,WRWR,EVEN,LOSS,ODD,0.62,0
2060600347,R,W,W,W,RWWW,ODD,WIN,ODD,0.5174,0
2060600348,R,W,R,R,RWRR,ODD,WIN,ODD,0.573,0
2060600349,R,R,W,R,RRWR,ODD,WIN,ODD,0.5884,0
2060600350,R,W,W,W,RWWW,ODD,WIN,ODD,0.5313,0
2060600351,R,R,R,R,RRRR,EVEN,LOSS,ODD,0.82,0
2060600352,R,W,R,R,RWRR,ODD,WIN,ODD,0.65,0
2060600353,W,W,W,R,WWWR,ODD,WIN,ODD,0.5343,0
2060600354,R,W,W,R,RWWR,EVEN,LOSS,ODD,0.5578,0
2060600355,W,R,W,R,WRWR,EVEN,LOSS,ODD,0.6033,0
2060600356,R,W,R,R,RWRR,ODD,WIN,ODD,0.5896,0
2060600357,R,W,W,R,RWWR,EVEN,LOSS,ODD,0.5848,0
2060600358,R,R,R,R,RRRR,EVEN,WIN,EVEN,0.5085,0
2060600359,W,W,R,R,WWRR,EVEN,WIN,EVEN,0.5627,0
2060600360,W,W,W,R,WWWR,ODD,LOSS,EVEN,0.5295,0
2060600361,R,W,W,R,RWWR,EVEN,WIN,EVEN,0.62,0
2060600362,R,R,W,W,RRWW,EVEN,WIN,EVEN,0.593,0
2060600363,W,W,R,W,WWRW,ODD,LOSS,EVEN,0.5565,0
2060600364,R,W,W,R,RWWR,EVEN,WIN,EVEN,0.5765,0
2060600365,W,W,R,W,WWRW,ODD,LOSS,EVEN,0.5752,0
2060600366,R,R,R,W,RRRW,ODD,LOSS,EVEN,0.5778,0
2060600367,W,W,W,W,WWWW,EVEN,WIN,EVEN,0.5292,0
2060600368,R,W,R,R,RWRR,ODD,WIN,ODD,0.68,0
2060600369,R,R,W,W,RRWW,EVEN,LOSS,ODD,0.532,0
2060600370,R,R,R,R,RRRR,EVEN,WIN,EVEN,0.5172,0
2060600371,W,W,R,R,WWRR,EVEN,LOSS,ODD,0.68,0
2060600372,R,W,R,R,RWRR,ODD,LOSS,EVEN,0.5513,0
2060600373,W,W,W,W,WWWW,EVEN,WIN,EVEN,0.62,0
2060600374,R,W,R,W,RWRW,EVEN,WIN,EVEN,0.5521,0
2060600375,R,W,W,W,RWWW,ODD,LOSS,EVEN,0.5448,0
2060600376,W,R,R,W,WRRW,EVEN,WIN,EVEN,0.5571,0
2060600377,W,R,R,W,WRRW,EVEN,WIN,EVEN,0.6006,0
2060600378,R,W,W,W,RWWW,ODD,LOSS,EVEN,0.5606,0
2060600379,R,R,W,W,RRWW,EVEN,WIN,EVEN,0.571,0
2060600380,W,R,R,W,WRRW,EVEN,LOSS,ODD,0.63,0
2060600381,R,W,R,R,RWRR,ODD,LOSS,EVEN,0.5933,0
2060600382,R,R,R,W,RRRW,ODD,LOSS,EVEN,0.571,0
2060600383,R,W,R,W,RWRW,EVEN,WIN,EVEN,0.5267,0
2060600384,R,W,W,W,RWWW,ODD,LOSS,EVEN,0.5621,0
2060600385,R,R,W,W,RRWW,EVEN,LOSS,ODD,0.5015,0
2060600386,W,W,W,W,WWWW,EVEN,WIN,EVEN,0.655,0
2060600387,W,R,R,W,WRRW,EVEN,WIN,EVEN,0.5529,0
2060600388,W,W,R,R,WWRR,EVEN,WIN,EVEN,0.537,0
2060600389,W,W,R,R,WWRR,EVEN,WIN,EVEN,0.82,0
2060600390,R,R,R,W,RRRW,ODD,LOSS,EVEN,0.82,0
2060600391,W,W,W,W,WWWW,EVEN,WIN,EVEN,0.68,0
2060600392,R,R,W,R,RRWR,ODD,LOSS,EVEN,0.6237,0
2060600393,W,W,W,R,WWWR,ODD,LOSS,EVEN,0.593,0
2060600394,W,W,R,R,WWRR,EVEN,WIN,EVEN,0.5656,0
2060600395,R,W,R,W,RWRW,EVEN,LOSS,ODD,0.5015,0
2060600396,W,R,W,W,WRWW,ODD,LOSS,EVEN,0.5161,0
2060600397,W,R,R,R,WRRR,ODD,WIN,ODD,0.5089,0
2060600398,W,W,R,W,WWRW,ODD,WIN,ODD,0.555,0
2060600399,R,R,W,W,RRWW,EVEN,WIN,EVEN,0.5162,0
2060600400,W,W,R,W,WWRW,ODD,WIN,ODD,0.62,0
2060600401,R,R,W,R,RRWR,ODD,WIN,ODD,0.5807,0
2060600402,W,R,W,W,WRWW,ODD,WIN,ODD,0.6014,0
2060600403,R,R,R,R,RRRR,EVEN,LOSS,ODD,0.618,0
2060600404,W,W,W,R,WWWR,ODD,WIN,ODD,0.62,0
2060600405,R,W,R,W,RWRW,EVEN,LOSS,ODD,0.7,0
2060600406,R,R,R,R,RRRR,EVEN,LOSS,ODD,0.5637,0
2060600407,R,W,R,W,RWRW,EVEN,WIN,EVEN,0.5243,0
2060600408,W,R,R,W,WRRW,EVEN,LOSS,ODD,0.5893,0
2060600409,R,W,R,W,RWRW,EVEN,WIN,EVEN,0.82,0
2060600410,W,R,R,R,WRRR,ODD,LOSS,EVEN,0.82,0
2060600411,W,W,W,R,WWWR,ODD,LOSS,EVEN,0.68,0
2060600412,W,W,W,W,WWWW,EVEN,WIN,EVEN,0.6304,0
2060600413,W,W,R,R,WWRR,EVEN,WIN,EVEN,0.5553,0
2060600414,R,W,W,W,RWWW,ODD,LOSS,EVEN,0.5362,0
2060600415,W,W,W,R,WWWR,ODD,LOSS,EVEN,0.5988,0
2060600416,W,W,R,R,WWRR,EVEN,LOSS,ODD,0.5663,0
2060600417,W,W,W,W,WWWW,EVEN,LOSS,ODD,0.5609,0
