id,number,color,is_purple,result,pred_color,confidence,bet
2058500409,4,red,0,Not Predicted,,0.0,0
2058500410,5,green,1,Not Predicted,,0.0,0
2058500411,8,red,0,LOSS,green,0.5,0
2058500412,1,green,0,LOSS,red,0.65,1
2058500413,1,green,0,WIN,green,0.7,1
2058500414,0,red,1,LOSS,green,0.65,1
2058500415,8,red,0,LOSS,green,0.5,0
2058500416,2,red,0,WIN,red,0.65,1
2058500417,0,red,1,WIN,red,0.65,1
2058500418,6,red,0,WIN,red,0.78,1
2058500419,6,red,0,WIN,red,0.78,1
2058500420,2,red,0,WIN,red,0.78,1
2058500421,0,red,1,WIN,red,0.78,1
2058500422,4,red,0,WIN,red,0.78,1
2058500423,1,green,0,LOSS,red,0.78,1
2058500424,1,green,0,WIN,green,0.72,1
2058500425,6,red,0,LOSS,green,0.72,1
2058500426,4,red,0,WIN,red,0.65,1
2058500427,1,green,0,LOSS,red,0.74,1
2058500428,2,red,0,WIN,red,0.65,1
2058500429,7,green,0,LOSS,red,0.65,1
2058500430,4,red,0,LOSS,green,0.7,1
2058500431,1,green,0,LOSS,red,0.7,1
2058500432,0,red,1,LOSS,green,0.7,1
2058500433,0,red,1,WIN,red,0.7,1
2058500434,8,red,0,WIN,red,0.7011,1
2058500435,4,red,0,WIN,red,0.7329,1
2058500436,1,green,0,LOSS,red,0.78,1
2058500437,5,green,1,WIN,green,0.72,1
2058500438,1,green,0,WIN,green,0.72,1
2058500439,7,green,0,WIN,green,0.5,0
2058500440,9,green,0,WIN,green,0.78,1
2058500441,2,red,0,LOSS,green,0.78,1
2058500442,6,red,0,WIN,red,0.72,1
2058500443,6,red,0,WIN,red,0.72,1
2058500444,8,red,0,WIN,red,0.5211,0
2058500445,5,green,1,LOSS,red,0.78,1
2058500446,3,green,0,WIN,green,0.72,1
2058500447,5,green,1,WIN,green,0.72,1
2058500448,5,green,1,WIN,green,0.5,0
2058500449,7,green,0,WIN,green,0.78,1
2058500450,2,red,0,LOSS,green,0.78,1
2058500451,1,green,0,LOSS,red,0.72,1
2058500452,0,red,1,LOSS,green,0.65,1
2058500453,1,green,0,LOSS,red,0.7,1
2058500454,4,red,0,LOSS,green,0.7,1
2058500455,7,green,0,LOSS,red,0.7,1
2058500456,6,red,0,LOSS,green,0.7,1
2058500457,7,green,0,LOSS,red,0.7,1
2058500458,9,green,0,WIN,green,0.7,1
2058500459,0,red,1,LOSS,green,0.63,0
2058500460,2,red,0,LOSS,green,0.5545,0
2058500461,8,red,0,WIN,red,0.5933,0
2058500462,1,green,0,LOSS,red,0.6809,1
2058500463,2,red,0,WIN,red,0.5333,0
2058500464,7,green,0,WIN,green,0.5529,0
2058500465,3,green,0,WIN,green,0.7,1
2058500466,4,red,0,LOSS,green,0.5,0
2058500467,6,red,0,WIN,red,0.71,1
2058500468,0,red,1,WIN,red,0.71,1
2058500469,5,green,1,LOSS,red,0.6567,1
2058500470,3,green,0,LOSS,red,0.5286,0
2058500471,7,green,0,LOSS,red,0.5667,0
2058500472,9,green,0,WIN,green,0.6567,1
2058500473,1,green,0,WIN,green,0.78,1
2058500474,9,green,0,WIN,green,0.78,1
2058500475,1,green,0,WIN,green,0.78,1
2058500476,3,green,0,WIN,green,0.78,1
2058500477,4,red,0,LOSS,green,0.78,1
2058500478,0,red,1,WIN,red,0.72,1
2058500479,3,green,0,LOSS,red,0.72,1
2058500480,7,green,0,WIN,green,0.6567,1
2058600001,3,green,0,WIN,green,0.5614,0
2058600002,6,red,0,LOSS,green,0.69,1
2058600003,1,green,0,LOSS,red,0.5529,0
2058600004,1,green,0,WIN,green,0.54,0
2058600005,4,red,0,LOSS,green,0.65,1
2058600006,4,red,0,WIN,red,0.61,0
2058600007,8,red,0,LOSS,green,0.5233,0
2058600008,9,green,0,WIN,green,0.7,1
2058600009,7,green,0,LOSS,red,0.7,1
2058600010,9,green,0,WIN,green,0.62,0
2058600011,1,green,0,WIN,green,0.6669,1
2058600012,5,green,1,WIN,green,0.78,1
2058600013,4,red,0,LOSS,green,0.78,1
2058600014,6,red,0,WIN,red,0.72,1
2058600015,7,green,0,LOSS,red,0.72,1
2058600016,1,green,0,WIN,green,0.69,1
2058600017,0,red,1,LOSS,green,0.7233,1
2058600018,3,green,0,LOSS,red,0.61,0
2058600019,2,red,0,LOSS,green,0.5678,0
2058600020,2,red,0,WIN,red,0.7,1
2058600021,5,green,1,LOSS,red,0.6567,1
2058600022,5,green,1,WIN,green,0.6111,0
2058600023,1,green,0,WIN,green,0.6757,1
2058600024,1,green,0,WIN,green,0.71,1
2058600025,0,red,1,LOSS,green,0.78,1
2058600026,3,green,0,LOSS,red,0.72,1
2058600027,8,red,0,LOSS,green,0.55,0
2058600028,2,red,0,WIN,red,0.7,1
2058600029,0,red,1,LOSS,green,0.55,0
2058600030,8,red,0,WIN,red,0.5286,0
2058600031,6,red,0,WIN,red,0.78,1
2058600032,3,green,0,LOSS,red,0.78,1
2058600033,8,red,0,LOSS,green,0.72,1
2058600034,1,green,0,LOSS,red,0.51,0
2058600035,4,red,0,LOSS,green,0.7,1
2058600036,7,green,0,LOSS,red,0.7,1
2058600037,1,green,0,WIN,green,0.7,1
2058600038,7,green,0,LOSS,red,0.7,1
2058600039,5,green,1,WIN,green,0.7233,1
2058600040,9,green,0,WIN,green,0.78,1
2058600041,3,green,0,WIN,green,0.78,1
2058600042,4,red,0,LOSS,green,0.78,1
2058600043,9,green,0,LOSS,red,0.72,1
2058600044,4,red,0,LOSS,green,0.5438,0
2058600045,9,green,0,LOSS,red,0.7,1
2058600046,7,green,0,WIN,green,0.7,1
2058600047,4,red,0,WIN,red,0.53,0
2058600048,5,green,1,LOSS,red,0.61,0
2058600049,8,red,0,WIN,red,0.53,0
2058600050,8,red,0,WIN,red,0.7,1
2058600051,6,red,0,WIN,red,0.5545,0
2058600052,7,green,0,LOSS,red,0.6186,0
2058600053,0,red,1,LOSS,green,0.5857,0
2058600054,1,green,0,LOSS,red,0.5043,0
2058600055,2,red,0,LOSS,green,0.7,1
2058600056,3,green,0,LOSS,red,0.7,1
2058600057,2,red,0,LOSS,green,0.7,1
2058600058,0,red,1,WIN,red,0.7,1
2058600059,5,green,1,LOSS,red,0.6567,1
2058600060,7,green,0,WIN,green,0.5667,0
2058600061,8,red,0,LOSS,green,0.6,0
2058600062,8,red,0,WIN,red,0.5857,0
2058600063,9,green,0,LOSS,red,0.71,1
2058600064,2,red,0,LOSS,green,0.62,0
2058600065,9,green,0,WIN,green,0.61,0
2058600066,7,green,0,WIN,green,0.7,1
2058600067,1,green,0,LOSS,red,0.53,0
2058600068,7,green,0,WIN,green,0.7329,1
2058600069,8,red,0,LOSS,green,0.78,1
2058600070,5,green,1,LOSS,red,0.72,1
2058600071,7,green,0,LOSS,red,0.5433,0
2058600072,2,red,0,LOSS,green,0.5043,0
2058600073,5,green,1,LOSS,red,0.53,0
2058600074,1,green,0,WIN,green,0.5043,0
2058600075,8,red,0,WIN,red,0.51,0
2058600076,8,red,0,LOSS,green,0.5233,0
2058600077,6,red,0,WIN,red,0.7,1
2058600078,1,green,0,WIN,green,0.5,0
2058600079,6,red,0,LOSS,green,0.55,0
2058600080,1,green,0,WIN,green,0.61,0
2058600081,8,red,0,LOSS,green,0.7,1
2058600082,6,red,0,WIN,red,0.7,1
2058600083,1,green,0,LOSS,red,0.63,0
2058600084,3,green,0,LOSS,red,0.5233,0
2058600085,9,green,0,WIN,green,0.5667,0
2058600086,8,red,0,LOSS,green,0.7233,1
2058600087,9,green,0,WIN,green,0.7,1
2058600088,9,green,0,LOSS,red,0.7,1
2058600089,5,green,1,LOSS,red,0.5211,0
2058600090,5,green,1,WIN,green,0.7011,1
2058600091,6,red,0,LOSS,green,0.78,1
2058600092,2,red,0,WIN,red,0.72,1
2058600093,4,red,0,WIN,red,0.72,1
2058600094,7,green,0,WIN,green,0.5667,0
2058600095,2,red,0,LOSS,green,0.6122,0
2058600096,3,green,0,WIN,green,0.7,1
2058600097,4,red,0,LOSS,green,0.7,1
2058600098,9,green,0,LOSS,red,0.7,1
2058600099,2,red,0,LOSS,green,0.7,1
2058600100,8,red,0,WIN,red,0.7,1
2058600101,8,red,0,WIN,red,0.6253,0
2058600102,7,green,0,LOSS,red,0.55,0
2058600103,3,green,0,LOSS,red,0.6567,1
2058600104,6,red,0,LOSS,green,0.62,0
2058600105,5,green,1,LOSS,red,0.67,1
2058600106,6,red,0,WIN,red,0.5222,0
2058600107,4,red,0,WIN,red,0.7,1
2058600108,9,green,0,LOSS,red,0.6186,0
2058600109,3,green,0,WIN,green,0.5857,0
2058600110,0,red,1,LOSS,green,0.6445,0
2058600111,5,green,1,LOSS,red,0.5545,0
2058600112,7,green,0,LOSS,red,0.54,0
2058600113,1,green,0,WIN,green,0.51,0
2058600114,5,green,1,WIN,green,0.71,1
2058600115,0,red,1,LOSS,green,0.78,1
2058600116,1,green,0,LOSS,red,0.72,1
2058600117,2,red,0,LOSS,green,0.65,1
2058600118,3,green,0,LOSS,red,0.7,1
2058600119,0,red,1,LOSS,green,0.7,1
2058600120,6,red,0,WIN,red,0.7,1
2058600121,1,green,0,WIN,green,0.5,0
2058600122,9,green,0,WIN,green,0.7,1
2058600123,7,green,0,WIN,green,0.5333,0
2058600124,0,red,1,LOSS,green,0.6757,1
2058600125,3,green,0,WIN,green,0.5545,0
2058600126,8,red,0,LOSS,green,0.5614,0
2058600127,3,green,0,LOSS,red,0.7,1
2058600128,2,red,0,LOSS,green,0.7,1
2058600129,9,green,0,LOSS,red,0.7,1
2058600130,6,red,0,LOSS,green,0.7,1
2058600131,8,red,0,WIN,red,0.7,1
2058600132,0,red,1,WIN,red,0.5678,0
2058600133,6,red,0,WIN,red,0.5355,0
2058600134,5,green,1,LOSS,red,0.78,1
2058600135,5,green,1,WIN,green,0.72,1
2058600136,2,red,0,LOSS,green,0.72,1
2058600137,7,green,0,LOSS,red,0.6233,0
2058600138,8,red,0,WIN,red,0.6362,0
2058600139,7,green,0,LOSS,red,0.7,1
2058600140,3,green,0,WIN,green,0.7,1
2058600141,5,green,1,WIN,green,0.5233,0
2058600142,9,green,0,WIN,green,0.79,1
2058600143,3,green,0,WIN,green,0.78,1
2058600144,4,red,0,LOSS,green,0.78,1
2058600145,5,green,1,LOSS,red,0.72,1
2058600146,8,red,0,WIN,red,0.53,0
2058600147,6,red,0,WIN,red,0.7,1
2058600148,1,green,0,WIN,green,0.65,1
2058600149,0,red,1,LOSS,green,0.79,1
2058600150,7,green,0,WIN,green,0.7,1
2058600151,6,red,0,LOSS,green,0.7,1
2058600152,0,red,1,WIN,red,0.7,1
2058600153,6,red,0,WIN,red,0.65,1
2058600154,8,red,0,WIN,red,0.5567,0
2058600155,9,green,0,LOSS,red,0.78,1
2058600156,2,red,0,LOSS,green,0.72,1
2058600157,6,red,0,LOSS,green,0.61,0
2058600158,6,red,0,WIN,red,0.65,1
2058600159,5,green,1,LOSS,red,0.6567,1
2058600160,7,green,0,LOSS,red,0.6186,0
2058600161,8,red,0,WIN,red,0.5614,0
2058600162,5,green,1,LOSS,red,0.5233,0
2058600163,4,red,0,WIN,red,0.5667,0
2058600164,5,green,1,LOSS,red,0.7,1
2058600165,7,green,0,WIN,green,0.7,1
2058600166,5,green,1,WIN,green,0.5614,0
2058600167,5,green,1,WIN,green,0.79,1
2058600168,5,green,1,WIN,green,0.78,1
2058600169,4,red,0,LOSS,green,0.78,1
2058600170,9,green,0,LOSS,red,0.72,1
2058600171,3,green,0,LOSS,red,0.5433,0
2058600172,2,red,0,LOSS,green,0.65,1
2058600173,6,red,0,LOSS,green,0.5043,0
2058600174,3,green,0,LOSS,red,0.61,0
2058600175,4,red,0,LOSS,green,0.67,1
2058600176,4,red,0,LOSS,green,0.6556,1
2058600177,1,green,0,LOSS,red,0.65,1
2058600178,6,red,0,LOSS,green,0.6333,0
2058600179,8,red,0,LOSS,green,0.53,0
2058600180,2,red,0,WIN,red,0.65,1
2058600181,6,red,0,WIN,red,0.6186,0
2058600182,3,green,0,LOSS,red,0.78,1
2058600183,8,red,0,LOSS,green,0.72,1
2058600184,9,green,0,WIN,green,0.5433,0
2058600185,2,red,0,LOSS,green,0.7,1
2058600186,6,red,0,WIN,red,0.7,1
2058600187,9,green,0,LOSS,red,0.6186,0
2058600188,1,green,0,WIN,green,0.5433,0
2058600189,2,red,0,LOSS,green,0.5286,0
2058600190,2,red,0,LOSS,green,0.5857,0
2058600191,1,green,0,LOSS,red,0.64,0
2058600192,0,red,1,LOSS,green,0.5462,0
2058600193,7,green,0,WIN,green,0.51,0
2058600194,6,red,0,LOSS,green,0.7,1
2058600195,5,green,1,LOSS,red,0.7,1
2058600196,4,red,0,LOSS,green,0.7,1
2058600197,5,green,1,LOSS,red,0.7,1
2058600198,9,green,0,WIN,green,0.7,1
2058600199,4,red,0,LOSS,green,0.65,1
2058600200,5,green,1,LOSS,red,0.6,0
2058600201,3,green,0,WIN,green,0.5043,0
2058600202,5,green,1,WIN,green,0.5233,0
2058600203,7,green,0,WIN,green,0.79,1
2058600204,8,red,0,LOSS,green,0.78,1
2058600205,5,green,1,LOSS,red,0.72,1
2058600206,3,green,0,WIN,green,0.5043,0
2058600207,5,green,1,WIN,green,0.5614,0
2058600208,3,green,0,WIN,green,0.79,1
2058600209,0,red,1,LOSS,green,0.78,1
2058600210,7,green,0,LOSS,red,0.72,1
2058600211,6,red,0,LOSS,green,0.54,0
2058600212,6,red,0,WIN,red,0.7,1
2058600213,0,red,1,LOSS,green,0.65,1
2058600214,6,red,0,WIN,red,0.5667,0
2058600215,3,green,0,LOSS,red,0.78,1
2058600216,1,green,0,WIN,green,0.72,1
2058600217,3,green,0,WIN,green,0.72,1
2058600218,9,green,0,WIN,green,0.7,1
2058600219,8,red,0,LOSS,green,0.78,1
2058600220,7,green,0,LOSS,red,0.72,1
2058600221,2,red,0,LOSS,green,0.5233,0
2058600222,0,red,1,WIN,red,0.7,1
2058600223,8,red,0,LOSS,green,0.65,1
2058600224,3,green,0,LOSS,red,0.5857,0
2058600225,9,green,0,WIN,green,0.5,0
2058600226,7,green,0,WIN,green,0.5222,0
2058600227,7,green,0,WIN,green,0.7,1
2058600228,4,red,0,LOSS,green,0.78,1
2058600229,3,green,0,LOSS,red,0.72,1
2058600230,8,red,0,LOSS,green,0.5233,0
2058600231,6,red,0,WIN,red,0.7,1
2058600232,0,red,1,LOSS,green,0.5614,0
2058600233,1,green,0,LOSS,red,0.55,0
2058600234,7,green,0,WIN,green,0.5222,0
2058600235,7,green,0,WIN,green,0.54,0
2058600236,1,green,0,WIN,green,0.7,1
2058600237,7,green,0,WIN,green,0.78,1
2058600238,3,green,0,WIN,green,0.78,1
2058600239,0,red,1,LOSS,green,0.78,1
2058600240,0,red,1,WIN,red,0.72,1
2058600241,9,green,0,LOSS,red,0.72,1
2058600242,5,green,1,WIN,green,0.5233,0
2058600243,1,green,0,WIN,green,0.65,1
2058600244,0,red,1,LOSS,green,0.6809,1
2058600245,1,green,0,WIN,green,0.6847,1
2058600246,4,red,0,LOSS,green,0.5329,0
2058600247,7,green,0,LOSS,red,0.7,1
2058600248,7,green,0,WIN,green,0.7,1
2058600249,6,red,0,LOSS,green,0.5678,0
2058600250,7,green,0,WIN,green,0.5233,0
2058600251,0,red,1,LOSS,green,0.54,0
2058600252,8,red,0,WIN,red,0.7,1
2058600253,3,green,0,LOSS,red,0.55,0
2058600254,3,green,0,WIN,green,0.6429,0
2058600255,2,red,0,LOSS,green,0.6122,0
2058600256,1,green,0,WIN,green,0.55,0
2058600257,6,red,0,WIN,red,0.62,0
2058600258,2,red,0,WIN,red,0.7,1
2058600259,4,red,0,WIN,red,0.6122,0
2058600260,4,red,0,WIN,red,0.6122,0
2058600261,8,red,0,WIN,red,0.78,1
2058600262,5,green,1,LOSS,red,0.78,1
2058600263,4,red,0,LOSS,green,0.72,1
2058600264,3,green,0,WIN,green,0.5529,0
2058600265,5,green,1,WIN,green,0.7,1
2058600266,2,red,0,WIN,red,0.63,0
2058600267,0,red,1,WIN,red,0.63,0
2058600268,2,red,0,WIN,red,0.7233,1
2058600269,1,green,0,WIN,green,0.53,0
2058600270,2,red,0,LOSS,green,0.54,0
2058600271,2,red,0,LOSS,green,0.61,0
2058600272,7,green,0,LOSS,red,0.6186,0
2058600273,2,red,0,LOSS,green,0.5211,0
2058600274,2,red,0,WIN,red,0.5233,0
2058600275,5,green,1,LOSS,red,0.65,1
2058600276,2,red,0,WIN,red,0.51,0
2058600277,1,green,0,LOSS,red,0.5614,0
2058600278,6,red,0,LOSS,green,0.7,1
2058600279,0,red,1,WIN,red,0.7,1
2058600280,3,green,0,LOSS,red,0.65,1
2058600281,9,green,0,WIN,green,0.61,0
2058600282,7,green,0,LOSS,red,0.5286,0
2058600283,3,green,0,LOSS,red,0.53,0
2058600284,9,green,0,WIN,green,0.78,1
2058600285,0,red,1,LOSS,green,0.78,1
2058600286,8,red,0,WIN,red,0.72,1
2058600287,5,green,1,LOSS,red,0.72,1
2058600288,1,green,0,WIN,green,0.5614,0
2058600289,6,red,0,LOSS,green,0.65,1
2058600290,2,red,0,LOSS,green,0.6567,1
2058600291,4,red,0,WIN,red,0.54,0
2058600292,9,green,0,WIN,green,0.5433,0
2058600293,5,green,1,LOSS,red,0.6567,1
2058600294,5,green,1,WIN,green,0.5667,0
2058600295,2,red,0,LOSS,green,0.79,1
2058600296,3,green,0,WIN,green,0.7,1
2058600297,5,green,1,LOSS,red,0.5667,0
2058600298,3,green,0,WIN,green,0.65,1
2058600299,7,green,0,WIN,green,0.79,1
2058600300,3,green,0,WIN,green,0.78,1
2058600301,5,green,1,WIN,green,0.78,1
2058600302,0,red,1,LOSS,green,0.78,1
2058600303,4,red,0,WIN,red,0.72,1
2058600304,1,green,0,LOSS,red,0.72,1
2058600305,8,red,0,LOSS,green,0.79,1
2058600306,4,red,0,LOSS,green,0.64,0
2058600307,2,red,0,LOSS,green,0.5,0
2058600308,6,red,0,WIN,red,0.6233,0
2058600309,2,red,0,WIN,red,0.78,1
2058600310,4,red,0,WIN,red,0.78,1
2058600311,9,green,0,LOSS,red,0.78,1
2058600312,7,green,0,WIN,green,0.72,1
2058600313,3,green,0,WIN,green,0.72,1
2058600314,0,red,1,LOSS,green,0.56,0
2058600315,4,red,0,LOSS,green,0.61,0
2058600316,0,red,1,WIN,red,0.5043,0
2058600317,9,green,0,WIN,green,0.5211,0
2058600318,9,green,0,LOSS,red,0.5286,0
2058600319,7,green,0,WIN,green,0.6757,1
2058600320,6,red,0,LOSS,green,0.71,1
2058600321,0,red,1,LOSS,green,0.6333,0
2058600322,7,green,0,LOSS,red,0.54,0
2058600323,7,green,0,WIN,green,0.62,0
2058600324,4,red,0,LOSS,green,0.65,1
2058600325,6,red,0,LOSS,green,0.63,0
2058600326,9,green,0,LOSS,red,0.5545,0
2058600327,5,green,1,LOSS,red,0.7,1
2058600328,4,red,0,LOSS,green,0.5,0
2058600329,8,red,0,WIN,red,0.5286,0
2058600330,1,green,0,WIN,green,0.7,1
2058600331,6,red,0,WIN,red,0.7,1
2058600332,8,red,0,WIN,red,0.5678,0
2058600333,1,green,0,LOSS,red,0.65,1
2058600334,0,red,1,LOSS,green,0.5667,0
2058600335,5,green,1,LOSS,red,0.65,1
2058600336,5,green,1,WIN,green,0.7,1
2058600337,7,green,0,LOSS,red,0.5545,0
2058600338,7,green,0,WIN,green,0.79,1
2058600339,0,red,1,LOSS,green,0.78,1
2058600340,9,green,0,LOSS,red,0.72,1
2058600341,9,green,0,WIN,green,0.5043,0
2058600342,5,green,1,WIN,green,0.6122,0
2058600343,1,green,0,WIN,green,0.79,1
2058600344,5,green,1,WIN,green,0.78,1
2058600345,4,red,0,LOSS,green,0.78,1
2058600346,2,red,0,WIN,red,0.72,1
2058600347,0,red,1,WIN,red,0.72,1
2058600348,6,red,0,LOSS,green,0.71,1
2058600349,1,green,0,LOSS,red,0.78,1
2058600350,4,red,0,LOSS,green,0.72,1
2058600351,7,green,0,WIN,green,0.5211,0
2058600352,0,red,1,LOSS,green,0.7,1
2058600353,8,red,0,WIN,red,0.7,1
2058600354,7,green,0,LOSS,red,0.5678,0
2058600355,5,green,1,WIN,green,0.61,0
2058600356,9,green,0,WIN,green,0.5,0
2058600357,2,red,0,LOSS,green,0.5233,0
2058600358,8,red,0,LOSS,green,0.7,1
2058600359,8,red,0,LOSS,green,0.54,0
2058600360,3,green,0,WIN,green,0.5009,0
2058600361,9,green,0,WIN,green,0.5,0
2058600362,5,green,1,WIN,green,0.79,1
2058600363,4,red,0,LOSS,green,0.6567,1
2058600364,4,red,0,LOSS,green,0.55,0
2058600365,6,red,0,WIN,red,0.65,1
2058600366,6,red,0,LOSS,green,0.51,0
2058600367,3,green,0,LOSS,red,0.78,1
2058600368,3,green,0,WIN,green,0.72,1
2058600369,8,red,0,LOSS,green,0.72,1
2058600370,3,green,0,LOSS,red,0.65,1
2058600371,4,red,0,WIN,red,0.7233,1
2058600372,2,red,0,WIN,red,0.7,1
2058600373,1,green,0,LOSS,red,0.63,0
2058600374,8,red,0,LOSS,green,0.66,1
2058600375,7,green,0,WIN,green,0.5,0
2058600376,2,red,0,LOSS,green,0.7,1
2058600377,7,green,0,LOSS,red,0.7,1
2058600378,0,red,1,LOSS,green,0.7,1
2058600379,2,red,0,WIN,red,0.7,1
2058600380,6,red,0,WIN,red,0.55,0
2058600381,9,green,0,LOSS,red,0.63,0
2058600382,4,red,0,LOSS,green,0.53,0
2058600383,2,red,0,LOSS,green,0.53,0
2058600384,2,red,0,WIN,red,0.5614,0
2058600385,0,red,1,WIN,red,0.6186,0
2058600386,6,red,0,WIN,red,0.78,1
2058600387,5,green,1,LOSS,red,0.78,1
2058600388,3,green,0,WIN,green,0.72,1
2058600389,6,red,0,LOSS,green,0.72,1
2058600390,4,red,0,LOSS,green,0.53,0
2058600391,2,red,0,LOSS,green,0.5433,0
2058600392,9,green,0,WIN,green,0.5529,0
2058600393,0,red,1,WIN,red,0.5678,0
2058600394,8,red,0,WIN,red,0.5233,0
2058600395,0,red,1,WIN,red,0.65,1
2058600396,7,green,0,LOSS,red,0.63,0
2058600397,5,green,1,LOSS,red,0.5233,0
2058600398,7,green,0,WIN,green,0.5211,0
2058600399,7,green,0,WIN,green,0.5286,0
2058600400,4,red,0,LOSS,green,0.78,1
2058600401,8,red,0,WIN,red,0.72,1
2058600402,0,red,1,WIN,red,0.72,1
2058600403,0,red,1,LOSS,green,0.5857,0
2058600404,9,green,0,LOSS,red,0.78,1
2058600405,7,green,0,WIN,green,0.72,1
2058600406,9,green,0,WIN,green,0.72,1
2058600407,7,green,0,WIN,green,0.5667,0
2058600408,1,green,0,WIN,green,0.78,1
2058600409,8,red,0,LOSS,green,0.78,1
2058600410,4,red,0,WIN,red,0.72,1
2058600411,4,red,0,WIN,red,0.72,1
2058600412,7,green,0,WIN,green,0.5614,0
2058600413,8,red,0,LOSS,green,0.65,1
2058600414,2,red,0,LOSS,green,0.5286,0
2058600415,8,red,0,WIN,red,0.6122,0
2058600416,8,red,0,WIN,red,0.615,0
2058600417,5,green,1,LOSS,red,0.78,1
2058600418,2,red,0,LOSS,green,0.72,1
2058600419,5,green,1,WIN,green,0.53,0
2058600420,0,red,1,LOSS,green,0.7,1
2058600421,8,red,0,WIN,red,0.7,1
2058600422,9,green,0,WIN,green,0.53,0
2058600423,1,green,0,WIN,green,0.61,0
2058600424,3,green,0,WIN,green,0.5667,0
2058600425,3,green,0,WIN,green,0.5043,0
2058600426,3,green,0,WIN,green,0.78,1
2058600427,6,red,0,LOSS,green,0.78,1
2058600428,0,red,1,WIN,red,0.72,1
2058600429,6,red,0,WIN,red,0.72,1
2058600430,6,red,0,LOSS,green,0.65,1
2058600431,3,green,0,LOSS,red,0.78,1
2058600432,1,green,0,WIN,green,0.72,1
2058600433,2,red,0,LOSS,green,0.72,1
2058600434,5,green,1,LOSS,red,0.5233,0
2058600435,9,green,0,LOSS,red,0.79,1
2058600436,5,green,1,WIN,green,0.54,0
2058600437,1,green,0,WIN,green,0.79,1
2058600438,4,red,0,LOSS,green,0.78,1
2058600439,5,green,1,LOSS,red,0.72,1
2058600440,2,red,0,LOSS,green,0.54,0
2058600441,4,red,0,WIN,red,0.7,1
2058600442,9,green,0,LOSS,red,0.61,0
2058600443,8,red,0,LOSS,green,0.7233,1
2058600444,4,red,0,LOSS,green,0.5667,0
2058600445,0,red,1,WIN,red,0.63,0
2058600446,9,green,0,LOSS,red,0.6567,1
2058600447,6,red,0,WIN,red,0.5043,0
2058600448,2,red,0,WIN,red,0.65,1
2058600449,2,red,0,WIN,red,0.71,1
2058600450,5,green,1,LOSS,red,0.6186,0
2058600451,6,red,0,WIN,red,0.54,0
2058600452,9,green,0,LOSS,red,0.6122,0
2058600453,4,red,0,LOSS,green,0.7,1
2058600454,9,green,0,LOSS,red,0.7,1
2058600455,5,green,1,WIN,green,0.7,1
2058600456,9,green,0,LOSS,red,0.5286,0
2058600457,2,red,0,LOSS,green,0.79,1
2058600458,2,red,0,LOSS,green,0.6122,0
2058600459,6,red,0,WIN,red,0.54,0
2058600460,4,red,0,WIN,red,0.5222,0
2058600461,3,green,0,LOSS,red,0.78,1
2058600462,7,green,0,WIN,green,0.72,1
2058600463,4,red,0,LOSS,green,0.72,1
2058600464,2,red,0,WIN,red,0.5043,0
2058600465,8,red,0,WIN,red,0.5043,0
2058600466,7,green,0,WIN,green,0.56,0
2058600467,1,green,0,LOSS,red,0.6186,0
2058600468,7,green,0,WIN,green,0.7,1
2058600469,2,red,0,LOSS,green,0.64,0
2058600470,7,green,0,WIN,green,0.5222,0
2058600471,9,green,0,LOSS,red,0.5444,0
2058600472,6,red,0,LOSS,green,0.6186,0
2058600473,4,red,0,LOSS,green,0.5355,0
2058600474,1,green,0,LOSS,red,0.5529,0
2058600475,0,red,1,WIN,red,0.5433,0
2058600476,0,red,1,LOSS,green,0.5,0
2058600477,4,red,0,WIN,red,0.6567,1
2058600478,4,red,0,WIN,red,0.65,1
2058600479,9,green,0,LOSS,red,0.78,1
2058600480,0,red,1,LOSS,green,0.72,1
2058700001,5,green,1,WIN,green,0.5433,0
2058700002,6,red,0,LOSS,green,0.7,1
2058700003,9,green,0,LOSS,red,0.7,1
2058700004,4,red,0,LOSS,green,0.7,1
2058700005,8,red,0,WIN,red,0.7,1
2058700006,1,green,0,LOSS,red,0.71,1
2058700007,9,green,0,WIN,green,0.7,1
2058700008,5,green,1,WIN,green,0.5857,0
2058700009,6,red,0,LOSS,green,0.54,0
2058700010,9,green,0,WIN,green,0.62,0
2058700011,9,green,0,WIN,green,0.6567,1
2058700012,6,red,0,LOSS,green,0.65,1
2058700013,4,red,0,WIN,red,0.53,0
2058700014,4,red,0,LOSS,green,0.7,1
2058700015,4,red,0,LOSS,green,0.7,1
2058700016,7,green,0,LOSS,red,0.78,1
2058700017,7,green,0,WIN,green,0.72,1
2058700018,3,green,0,WIN,green,0.72,1
2058700019,1,green,0,WIN,green,0.7,1
2058700020,0,red,1,LOSS,green,0.78,1
2058700021,6,red,0,WIN,red,0.72,1
2058700022,8,red,0,WIN,red,0.72,1
2058700023,4,red,0,WIN,red,0.5667,0
2058700024,1,green,0,LOSS,red,0.78,1
2058700025,5,green,1,WIN,green,0.72,1
2058700026,1,green,0,WIN,green,0.72,1
2058700027,9,green,0,WIN,green,0.7,1
2058700028,7,green,0,WIN,green,0.78,1
2058700029,2,red,0,LOSS,green,0.78,1
2058700030,1,green,0,LOSS,red,0.72,1
2058700031,7,green,0,WIN,green,0.5131,0
2058700032,9,green,0,WIN,green,0.5678,0
2058700033,3,green,0,WIN,green,0.79,1
2058700034,2,red,0,LOSS,green,0.78,1
2058700035,1,green,0,LOSS,red,0.72,1
2058700036,7,green,0,WIN,green,0.5233,0
2058700037,3,green,0,WIN,green,0.65,1
2058700038,6,red,0,LOSS,green,0.79,1
2058700039,3,green,0,WIN,green,0.6233,0
2058700040,5,green,1,WIN,green,0.6757,1
2058700041,0,red,1,LOSS,green,0.65,1
2058700042,1,green,0,LOSS,red,0.53,0
2058700043,7,green,0,WIN,green,0.5233,0
2058700044,7,green,0,WIN,green,0.615,0
2058700045,2,red,0,LOSS,green,0.7456,1
2058700046,6,red,0,LOSS,green,0.6362,0
2058700047,0,red,1,WIN,red,0.53,0
2058700048,5,green,1,LOSS,red,0.5545,0
2058700049,9,green,0,WIN,green,0.5,0
2058700050,8,red,0,LOSS,green,0.79,1
2058700051,8,red,0,LOSS,green,0.55,0
2058700052,9,green,0,LOSS,red,0.54,0
2058700053,6,red,0,WIN,red,0.71,1
2058700054,0,red,1,WIN,red,0.6186,0
2058700055,7,green,0,LOSS,red,0.6186,0
2058700056,5,green,1,LOSS,red,0.7,1
2058700057,2,red,0,LOSS,green,0.5545,0
2058700058,6,red,0,WIN,red,0.64,0
2058700059,5,green,1,WIN,green,0.53,0
2058700060,9,green,0,LOSS,red,0.6333,0
2058700061,0,red,1,WIN,red,0.5667,0
2058700062,8,red,0,WIN,red,0.5667,0
2058700063,5,green,1,WIN,green,0.6333,0
2058700064,3,green,0,LOSS,red,0.7,1
2058700065,4,red,0,WIN,red,0.7,1
2058700066,0,red,1,LOSS,green,0.7,1
2058700067,7,green,0,WIN,green,0.7,1
2058700068,3,green,0,LOSS,red,0.7,1
2058700069,5,green,1,LOSS,red,0.7,1
2058700070,6,red,0,LOSS,green,0.5233,0
2058700071,2,red,0,LOSS,green,0.7233,1
2058700072,6,red,0,WIN,red,0.6333,0
2058700073,1,green,0,LOSS,red,0.6233,0
2058700074,2,red,0,LOSS,green,0.5,0
2058700075,5,green,1,WIN,green,0.5,0
2058700076,8,red,0,LOSS,green,0.7,1
2058700077,6,red,0,WIN,red,0.7,1
2058700078,7,green,0,WIN,green,0.61,0
2058700079,6,red,0,LOSS,green,0.61,0
2058700080,4,red,0,WIN,red,0.5614,0
2058700081,5,green,1,LOSS,red,0.65,1
2058700082,5,green,1,LOSS,red,0.71,1
2058700083,0,red,1,LOSS,green,0.5333,0
2058700084,8,red,0,WIN,red,0.6809,1
2058700085,8,red,0,LOSS,green,0.56,0
2058700086,6,red,0,LOSS,green,0.53,0
2058700087,8,red,0,WIN,red,0.78,1
2058700088,9,green,0,LOSS,red,0.78,1
2058700089,9,green,0,WIN,green,0.72,1
2058700090,2,red,0,LOSS,green,0.72,1
2058700091,3,green,0,LOSS,red,0.5678,0
2058700092,1,green,0,LOSS,red,0.71,1
2058700093,3,green,0,WIN,green,0.62,0
2058700094,6,red,0,LOSS,green,0.71,1
2058700095,2,red,0,LOSS,green,0.65,1
2058700096,7,green,0,LOSS,red,0.5529,0
2058700097,8,red,0,WIN,red,0.7,1
2058700098,9,green,0,WIN,green,0.7,1
2058700099,8,red,0,LOSS,green,0.7,1
2058700100,7,green,0,LOSS,red,0.7,1
2058700101,8,red,0,LOSS,green,0.7,1
2058700102,7,green,0,LOSS,red,0.7,1
2058700103,3,green,0,WIN,green,0.7,1
2058700104,2,red,0,LOSS,green,0.65,1
2058700105,6,red,0,WIN,red,0.5286,0
2058700106,5,green,1,LOSS,red,0.7,1
2058700107,4,red,0,WIN,red,0.5545,0
2058700108,3,green,0,LOSS,red,0.5286,0
2058700109,2,red,0,LOSS,green,0.7,1
2058700110,5,green,1,LOSS,red,0.7,1
2058700111,8,red,0,LOSS,green,0.7,1
2058700112,8,red,0,WIN,red,0.7,1
2058700113,6,red,0,WIN,red,0.6567,1
2058700114,0,red,1,WIN,red,0.65,1
2058700115,4,red,0,WIN,red,0.78,1
2058700116,2,red,0,WIN,red,0.78,1
2058700117,2,red,0,WIN,red,0.78,1
2058700118,6,red,0,WIN,red,0.78,1
2058700119,2,red,0,WIN,red,0.78,1
2058700120,7,green,0,LOSS,red,0.78,1
2058700121,9,green,0,WIN,green,0.72,1
2058700122,9,green,0,WIN,green,0.72,1
2058700123,1,green,0,WIN,green,0.5529,0
2058700124,2,red,0,LOSS,green,0.78,1
2058700125,9,green,0,LOSS,red,0.72,1
2058700126,5,green,1,WIN,green,0.55,0
2058700127,3,green,0,WIN,green,0.6567,1
2058700128,3,green,0,WIN,green,0.7233,1
2058700129,8,red,0,LOSS,green,0.78,1
2058700130,9,green,0,LOSS,red,0.72,1
2058700131,3,green,0,WIN,green,0.6186,0
2058700132,4,red,0,LOSS,green,0.71,1
2058700133,3,green,0,WIN,green,0.5233,0
2058700134,4,red,0,LOSS,green,0.5614,0
2058700135,7,green,0,LOSS,red,0.7,1
2058700136,7,green,0,WIN,green,0.7,1
2058700137,3,green,0,WIN,green,0.5678,0
2058700138,8,red,0,LOSS,green,0.7233,1
2058700139,7,green,0,WIN,green,0.65,1
2058700140,2,red,0,LOSS,green,0.69,1
2058700141,9,green,0,LOSS,red,0.7,1
2058700142,3,green,0,WIN,green,0.7,1
2058700143,4,red,0,LOSS,green,0.65,1
2058700144,4,red,0,LOSS,green,0.54,0
2058700145,8,red,0,WIN,red,0.62,0
2058700146,7,green,0,LOSS,red,0.5043,0
2058700147,9,green,0,WIN,green,0.5,0
2058700148,9,green,0,WIN,green,0.7,1
2058700149,8,red,0,LOSS,green,0.5233,0
2058700150,4,red,0,LOSS,green,0.5333,0
2058700151,6,red,0,WIN,red,0.71,1
2058700152,9,green,0,LOSS,red,0.5233,0
2058700153,1,green,0,WIN,green,0.5,0
2058700154,6,red,0,LOSS,green,0.74,1
2058700155,1,green,0,WIN,green,0.54,0
2058700156,5,green,1,LOSS,red,0.5667,0
2058700157,7,green,0,WIN,green,0.6333,0
2058700158,0,red,1,LOSS,green,0.69,1
2058700159,8,red,0,LOSS,green,0.65,1
2058700160,7,green,0,WIN,green,0.7,1
2058700161,8,red,0,WIN,red,0.7,1
2058700162,8,red,0,LOSS,green,0.7,1
2058700163,7,green,0,WIN,green,0.7,1
2058700164,4,red,0,WIN,red,0.5667,0
2058700165,0,red,1,WIN,red,0.65,1
2058700166,1,green,0,LOSS,red,0.55,0
2058700167,6,red,0,WIN,red,0.6567,1
2058700168,5,green,1,LOSS,red,0.6122,0
2058700169,1,green,0,WIN,green,0.7,1
2058700170,1,green,0,LOSS,red,0.525,0
2058700171,3,green,0,WIN,green,0.6757,1
2058700172,1,green,0,WIN,green,0.78,1
2058700173,2,red,0,LOSS,green,0.78,1
2058700174,2,red,0,WIN,red,0.72,1
2058700175,5,green,1,LOSS,red,0.72,1
2058700176,0,red,1,LOSS,green,0.71,1
2058700177,0,red,1,LOSS,green,0.65,1
2058700178,7,green,0,WIN,green,0.5667,0
2058700179,8,red,0,WIN,red,0.5857,0
2058700180,6,red,0,WIN,red,0.65,1
2058700181,1,green,0,LOSS,red,0.5233,0
2058700182,4,red,0,WIN,red,0.69,1
2058700183,0,red,1,WIN,red,0.6186,0
2058700184,5,green,1,LOSS,red,0.5233,0
2058700185,3,green,0,LOSS,red,0.7011,1
2058700186,2,red,0,LOSS,green,0.5,0
2058700187,8,red,0,WIN,red,0.6567,1
2058700188,4,red,0,LOSS,green,0.5211,0
2058700189,6,red,0,LOSS,green,0.51,0
2058700190,3,green,0,LOSS,red,0.78,1
2058700191,1,green,0,WIN,green,0.72,1
2058700192,8,red,0,LOSS,green,0.72,1
2058700193,0,red,1,WIN,red,0.5614,0
2058700194,0,red,1,WIN,red,0.5329,0
2058700195,3,green,0,LOSS,red,0.5131,0
2058700196,9,green,0,LOSS,red,0.5678,0
2058700197,0,red,1,LOSS,green,0.7,1
2058700198,3,green,0,WIN,green,0.5333,0
2058700199,1,green,0,LOSS,red,0.5286,0
2058700200,1,green,0,WIN,green,0.7,1
2058700201,2,red,0,LOSS,green,0.6669,1
2058700202,7,green,0,WIN,green,0.5233,0
2058700203,8,red,0,LOSS,green,0.6567,1
2058700204,5,green,1,LOSS,red,0.7,1
2058700205,4,red,0,LOSS,green,0.7,1
2058700206,6,red,0,WIN,red,0.7,1
2058700207,9,green,0,LOSS,red,0.55,0
2058700208,4,red,0,LOSS,green,0.6556,1
2058700209,0,red,1,WIN,red,0.6233,0
2058700210,8,red,0,WIN,red,0.5043,0
2058700211,2,red,0,WIN,red,0.6122,0
2058700212,6,red,0,WIN,red,0.78,1
2058700213,2,red,0,WIN,red,0.78,1
2058700214,6,red,0,WIN,red,0.78,1
2058700215,6,red,0,WIN,red,0.78,1
2058700216,6,red,0,WIN,red,0.78,1
2058700217,5,green,1,LOSS,red,0.78,1
2058700218,1,green,0,WIN,green,0.72,1
2058700219,8,red,0,LOSS,green,0.72,1
2058700220,1,green,0,LOSS,red,0.65,1
2058700221,4,red,0,WIN,red,0.65,1
2058700222,1,green,0,LOSS,red,0.7,1
2058700223,5,green,1,WIN,green,0.7,1
2058700224,5,green,1,WIN,green,0.65,1
2058700225,4,red,0,LOSS,green,0.69,1
2058700226,7,green,0,WIN,green,0.5614,0
2058700227,4,red,0,LOSS,green,0.63,0
2058700228,5,green,1,LOSS,red,0.7,1
2058700229,8,red,0,LOSS,green,0.7,1
2058700230,0,red,1,WIN,red,0.7,1
2058700231,3,green,0,LOSS,red,0.5222,0
2058700232,9,green,0,WIN,green,0.62,0
2058700233,1,green,0,WIN,green,0.6,0
2058700234,8,red,0,LOSS,green,0.5233,0
2058700235,7,green,0,WIN,green,0.5857,0
2058700236,3,green,0,WIN,green,0.6757,1
2058700237,4,red,0,LOSS,green,0.5233,0
2058700238,6,red,0,LOSS,green,0.5614,0
2058700239,4,red,0,LOSS,green,0.7,1
2058700240,5,green,1,WIN,green,0.7,1
2058700241,1,green,0,LOSS,red,0.7,1
2058700242,5,green,1,WIN,green,0.6333,0
2058700243,5,green,1,WIN,green,0.5043,0
2058700244,7,green,0,WIN,green,0.78,1
2058700245,4,red,0,LOSS,green,0.78,1
2058700246,1,green,0,LOSS,red,0.72,1
2058700247,5,green,1,WIN,green,0.65,1
2058700248,8,red,0,LOSS,green,0.64,0
2058700249,2,red,0,LOSS,green,0.54,0
2058700250,0,red,1,LOSS,green,0.5233,0
2058700251,0,red,1,LOSS,green,0.6111,0
2058700252,6,red,0,WIN,red,0.78,1
2058700253,0,red,1,WIN,red,0.78,1
2058700254,4,red,0,WIN,red,0.78,1
2058700255,1,green,0,LOSS,red,0.78,1
2058700256,1,green,0,WIN,green,0.72,1
2058700257,4,red,0,LOSS,green,0.72,1
2058700258,7,green,0,LOSS,red,0.5678,0
2058700259,0,red,1,WIN,red,0.6122,0
2058700260,3,green,0,LOSS,red,0.7,1
2058700261,5,green,1,WIN,green,0.7,1
2058700262,9,green,0,WIN,green,0.79,1
2058700263,7,green,0,WIN,green,0.6567,1
2058700264,2,red,0,LOSS,green,0.78,1
2058700265,4,red,0,WIN,red,0.72,1
2058700266,9,green,0,LOSS,red,0.72,1
2058700267,9,green,0,WIN,green,0.6567,1
2058700268,6,red,0,LOSS,green,0.5233,0
2058700269,0,red,1,WIN,red,0.5433,0
2058700270,3,green,0,WIN,green,0.62,0
2058700271,4,red,0,LOSS,green,0.5286,0
2058700272,8,red,0,WIN,red,0.65,1
2058700273,1,green,0,LOSS,red,0.5043,0
2058700274,4,red,0,WIN,red,0.62,0
2058700275,5,green,1,LOSS,red,0.6186,0
2058700276,4,red,0,LOSS,green,0.7,1
2058700277,4,red,0,WIN,red,0.7,1
2058700278,3,green,0,WIN,green,0.5529,0
2058700279,6,red,0,LOSS,green,0.5433,0
2058700280,7,green,0,LOSS,red,0.6186,0
2058700281,3,green,0,WIN,green,0.7,1
2058700282,1,green,0,WIN,green,0.5,0
2058700283,5,green,1,WIN,green,0.67,1
2058700284,1,green,0,WIN,green,0.78,1
2058700285,0,red,1,LOSS,green,0.78,1
2058700286,7,green,0,LOSS,red,0.72,1
2058700287,1,green,0,WIN,green,0.65,1
2058700288,2,red,0,LOSS,green,0.6122,0
2058700289,5,green,1,WIN,green,0.5233,0
2058700290,9,green,0,WIN,green,0.5584,0
2058700291,6,red,0,LOSS,green,0.74,1
2058700292,3,green,0,WIN,green,0.5355,0
2058700293,8,red,0,LOSS,green,0.6186,0
2058700294,5,green,1,LOSS,red,0.7,1
2058700295,7,green,0,WIN,green,0.7,1
2058700296,1,green,0,WIN,green,0.79,1
2058700297,3,green,0,WIN,green,0.6186,0
2058700298,7,green,0,WIN,green,0.78,1
2058700299,7,green,0,WIN,green,0.78,1
2058700300,1,green,0,WIN,green,0.78,1
2058700301,3,green,0,WIN,green,0.78,1
2058700302,1,green,0,WIN,green,0.78,1
2058700303,9,green,0,WIN,green,0.78,1
2058700304,5,green,1,WIN,green,0.78,1
2058700305,2,red,0,LOSS,green,0.78,1
2058700306,5,green,1,LOSS,red,0.72,1
2058700307,4,red,0,LOSS,green,0.6186,0
2058700308,1,green,0,LOSS,red,0.7,1
2058700309,4,red,0,LOSS,green,0.7,1
2058700310,0,red,1,WIN,red,0.7,1
2058700311,5,green,1,WIN,green,0.5,0
2058700312,5,green,1,WIN,green,0.62,0
2058700313,3,green,0,WIN,green,0.6111,0
2058700314,1,green,0,WIN,green,0.5043,0
2058700315,5,green,1,WIN,green,0.78,1
2058700316,3,green,0,WIN,green,0.78,1
2058700317,7,green,0,WIN,green,0.78,1
2058700318,3,green,0,WIN,green,0.78,1
2058700319,3,green,0,WIN,green,0.78,1
2058700320,3,green,0,WIN,green,0.78,1
2058700321,1,green,0,WIN,green,0.78,1
2058700322,4,red,0,LOSS,green,0.78,1
2058700323,4,red,0,WIN,red,0.72,1
2058700324,5,green,1,LOSS,red,0.72,1
2058700325,4,red,0,LOSS,green,0.6567,1
2058700326,3,green,0,WIN,green,0.5438,0
2058700327,4,red,0,LOSS,green,0.7,1
2058700328,8,red,0,WIN,red,0.7,1
2058700329,1,green,0,WIN,green,0.56,0
2058700330,0,red,1,WIN,red,0.5043,0
2058700331,3,green,0,LOSS,red,0.65,1
2058700332,2,red,0,LOSS,green,0.7,1
2058700333,7,green,0,LOSS,red,0.7,1
2058700334,6,red,0,LOSS,green,0.7,1
2058700335,4,red,0,WIN,red,0.7,1
2058700336,7,green,0,LOSS,red,0.6567,1
2058700337,1,green,0,WIN,green,0.6333,0
2058700338,2,red,0,LOSS,green,0.62,0
2058700339,8,red,0,WIN,red,0.5857,0
2058700340,9,green,0,WIN,green,0.5009,0
2058700341,7,green,0,WIN,green,0.5,0
2058700342,0,red,1,WIN,red,0.58,0
2058700343,7,green,0,LOSS,red,0.6429,0
2058700344,0,red,1,LOSS,green,0.5438,0
2058700345,4,red,0,WIN,red,0.7,1
2058700346,2,red,0,WIN,red,0.5233,0
2058700347,6,red,0,WIN,red,0.6233,0
2058700348,3,green,0,LOSS,red,0.78,1
2058700349,7,green,0,WIN,green,0.72,1
2058700350,4,red,0,LOSS,green,0.72,1
2058700351,3,green,0,LOSS,red,0.55,0
2058700352,2,red,0,WIN,red,0.6567,1
2058700353,6,red,0,WIN,red,0.7,1
2058700354,8,red,0,WIN,red,0.5614,0
2058700355,8,red,0,WIN,red,0.6186,0
2058700356,2,red,0,WIN,red,0.78,1
2058700357,1,green,0,LOSS,red,0.78,1
2058700358,2,red,0,LOSS,green,0.72,1
2058700359,4,red,0,LOSS,green,0.5529,0
2058700360,4,red,0,WIN,red,0.7233,1
2058700361,3,green,0,LOSS,red,0.63,0
2058700362,8,red,0,WIN,red,0.5678,0
2058700363,3,green,0,LOSS,red,0.65,1
2058700364,3,green,0,WIN,green,0.7,1
2058700365,1,green,0,WIN,green,0.5667,0
2058700366,0,red,1,LOSS,green,0.7,1
2058700367,5,green,1,WIN,green,0.5,0
2058700368,6,red,0,LOSS,green,0.6233,0
2058700369,7,green,0,LOSS,red,0.7,1
2058700370,3,green,0,WIN,green,0.7,1
2058700371,6,red,0,LOSS,green,0.6567,1
2058700372,5,green,1,WIN,green,0.5233,0
2058700373,3,green,0,WIN,green,0.65,1
2058700374,4,red,0,LOSS,green,0.7011,1
2058700375,8,red,0,LOSS,green,0.5567,0
2058700376,8,red,0,WIN,red,0.5857,0
2058700377,7,green,0,WIN,green,0.58,0
2058700378,3,green,0,WIN,green,0.5286,0
2058700379,5,green,1,WIN,green,0.7,1
2058700380,6,red,0,LOSS,green,0.54,0
2058700381,0,red,1,WIN,red,0.5667,0
2058700382,2,red,0,WIN,red,0.7233,1
2058700383,0,red,1,LOSS,green,0.53,0
2058700384,1,green,0,LOSS,red,0.78,1
2058700385,6,red,0,LOSS,green,0.72,1
2058700386,6,red,0,LOSS,green,0.53,0
2058700387,4,red,0,WIN,red,0.7329,1
2058700388,0,red,1,WIN,red,0.5233,0
2058700389,0,red,1,WIN,red,0.78,1
2058700390,0,red,1,WIN,red,0.78,1
2058700391,4,red,0,WIN,red,0.78,1
2058700392,9,green,0,LOSS,red,0.78,1
2058700393,1,green,0,WIN,green,0.72,1
2058700394,9,green,0,WIN,green,0.72,1
2058700395,5,green,1,WIN,green,0.56,0
2058700396,8,red,0,LOSS,green,0.78,1
2058700397,6,red,0,WIN,red,0.72,1
2058700398,5,green,1,LOSS,red,0.72,1
2058700399,0,red,1,LOSS,green,0.64,0
2058700400,9,green,0,WIN,green,0.5614,0
2058700401,4,red,0,LOSS,green,0.7,1
2058700402,3,green,0,LOSS,red,0.7,1
2058700403,4,red,0,LOSS,green,0.7,1
2058700404,5,green,1,LOSS,red,0.7,1
2058700405,2,red,0,LOSS,green,0.7,1
2058700406,0,red,1,WIN,red,0.7,1
2058700407,8,red,0,WIN,red,0.64,0
2058700408,9,green,0,LOSS,red,0.6567,1
2058700409,3,green,0,LOSS,red,0.65,1
2058700410,9,green,0,WIN,green,0.5824,0
2058700411,2,red,0,LOSS,green,0.5,0
2058700412,7,green,0,LOSS,red,0.5667,0
2058700413,2,red,0,LOSS,green,0.6,0
2058700414,2,red,0,WIN,red,0.7,1
2058700415,0,red,1,WIN,red,0.5667,0
2058700416,0,red,1,WIN,red,0.55,0
2058700417,1,green,0,LOSS,red,0.78,1
2058700418,4,red,0,LOSS,green,0.72,1
2058700419,0,red,1,WIN,red,0.5233,0
2058700420,1,green,0,LOSS,red,0.74,1
2058700421,5,green,1,LOSS,red,0.69,1
2058700422,7,green,0,LOSS,red,0.65,1
2058700423,3,green,0,LOSS,red,0.5222,0
2058700424,2,red,0,LOSS,green,0.78,1
2058700425,2,red,0,WIN,red,0.72,1
2058700426,3,green,0,LOSS,red,0.72,1
2058700427,4,red,0,LOSS,green,0.6122,0
2058700428,2,red,0,LOSS,green,0.65,1
2058700429,5,green,1,WIN,green,0.6,0
2058700430,7,green,0,LOSS,red,0.6333,0
2058700431,9,green,0,WIN,green,0.5222,0
2058700432,6,red,0,LOSS,green,0.5,0
2058700433,4,red,0,LOSS,green,0.62,0
2058700434,6,red,0,WIN,red,0.6429,0
2058700435,4,red,0,WIN,red,0.5233,0
2058700436,1,green,0,LOSS,red,0.78,1
2058700437,8,red,0,LOSS,green,0.72,1
2058700438,0,red,1,WIN,red,0.5614,0
2058700439,1,green,0,LOSS,red,0.7011,1
2058700440,6,red,0,WIN,red,0.6471,0
2058700441,5,green,1,LOSS,red,0.6122,0
2058700442,8,red,0,LOSS,green,0.7,1
2058700443,3,green,0,LOSS,red,0.7,1
2058700444,3,green,0,WIN,green,0.7,1
2058700445,5,green,1,WIN,green,0.5,0
2058700446,3,green,0,WIN,green,0.64,0
2058700447,4,red,0,LOSS,green,0.78,1
2058700448,0,red,1,WIN,red,0.72,1
2058700449,6,red,0,WIN,red,0.72,1
2058700450,7,green,0,LOSS,red,0.5857,0
2058700451,9,green,0,WIN,green,0.6186,0
2058700452,2,red,0,LOSS,green,0.69,1
2058700453,8,red,0,LOSS,green,0.62,0
2058700454,9,green,0,LOSS,red,0.5312,0
2058700455,3,green,0,LOSS,red,0.65,1
2058700456,0,red,1,WIN,red,0.62,0
2058700457,1,green,0,LOSS,red,0.6,0
2058700458,5,green,1,WIN,green,0.5233,0
2058700459,6,red,0,LOSS,green,0.79,1
2058700460,5,green,1,LOSS,red,0.5462,0
2058700461,1,green,0,WIN,green,0.6122,0
2058700462,4,red,0,LOSS,green,0.6445,0
2058700463,8,red,0,LOSS,green,0.5614,0
2058700464,6,red,0,WIN,red,0.6,0
2058700465,7,green,0,WIN,green,0.5667,0
2058700466,8,red,0,LOSS,green,0.55,0
2058700467,7,green,0,LOSS,red,0.5614,0
2058700468,8,red,0,LOSS,green,0.7,1
2058700469,9,green,0,LOSS,red,0.7,1
2058700470,6,red,0,LOSS,green,0.7,1
2058700471,8,red,0,WIN,red,0.7,1
2058700472,9,green,0,LOSS,red,0.6186,0
2058700473,6,red,0,LOSS,green,0.6429,0
2058700474,2,red,0,WIN,red,0.5614,0
2058700475,6,red,0,WIN,red,0.54,0
2058700476,3,green,0,LOSS,red,0.71,1
2058700477,5,green,1,LOSS,red,0.65,1
2058700478,8,red,0,WIN,red,0.5233,0
2058700479,0,red,1,WIN,red,0.5233,0
2058700480,5,green,1,LOSS,red,0.5233,0
2058800001,5,green,1,LOSS,red,0.65,1
2058800002,2,red,0,WIN,red,0.6333,0
2058800003,6,red,0,WIN,red,0.5667,0
2058800004,8,red,0,LOSS,green,0.6333,0
2058800005,5,green,1,LOSS,red,0.5233,0
2058800006,9,green,0,LOSS,red,0.5438,0
2058800007,2,red,0,LOSS,green,0.65,1
2058800008,4,red,0,LOSS,green,0.5286,0
2058800009,8,red,0,WIN,red,0.5614,0
2058800010,8,red,0,WIN,red,0.5043,0
2058800011,3,green,0,LOSS,red,0.78,1
2058800012,8,red,0,LOSS,green,0.72,1
2058800013,1,green,0,LOSS,red,0.65,1
2058800014,6,red,0,LOSS,green,0.7,1
2058800015,4,red,0,WIN,red,0.7,1
2058800016,4,red,0,LOSS,green,0.61,0
2058800017,4,red,0,WIN,red,0.6186,0
2058800018,8,red,0,WIN,red,0.78,1
2058800019,4,red,0,WIN,red,0.78,1
2058800020,7,green,0,LOSS,red,0.78,1
2058800021,1,green,0,WIN,green,0.72,1
2058800022,7,green,0,WIN,green,0.72,1
2058800023,4,red,0,LOSS,green,0.5656,0
2058800024,3,green,0,LOSS,red,0.64,0
2058800025,8,red,0,LOSS,green,0.5667,0
2058800026,8,red,0,WIN,red,0.7,1
2058800027,1,green,0,LOSS,red,0.5857,0
2058800028,1,green,0,WIN,green,0.6445,0
2058800029,2,red,0,LOSS,green,0.6471,0
2058800030,4,red,0,WIN,red,0.6,0
2058800031,4,red,0,WIN,red,0.5233,0
2058800032,6,red,0,WIN,red,0.54,0
2058800033,0,red,1,WIN,red,0.78,1
2058800034,1,green,0,LOSS,red,0.78,1
2058800035,4,red,0,LOSS,green,0.72,1
2058800036,1,green,0,LOSS,red,0.5567,0
2058800037,9,green,0,WIN,green,0.7,1
2058800038,6,red,0,WIN,red,0.5043,0
2058800039,8,red,0,WIN,red,0.63,0
2058800040,3,green,0,LOSS,red,0.7233,1
2058800041,4,red,0,WIN,red,0.525,0
2058800042,7,green,0,LOSS,red,0.5222,0
2058800043,2,red,0,LOSS,green,0.7,1
2058800044,5,green,1,LOSS,red,0.7,1
2058800045,9,green,0,WIN,green,0.7,1
2058800046,8,red,0,LOSS,green,0.525,0
2058800047,5,green,1,WIN,green,0.5286,0
2058800048,5,green,1,WIN,green,0.63,0
2058800049,5,green,1,WIN,green,0.5233,0
2058800050,2,red,0,LOSS,green,0.5614,0
2058800051,8,red,0,LOSS,green,0.6122,0
2058800052,1,green,0,LOSS,red,0.51,0
2058800053,7,green,0,WIN,green,0.65,1
2058800054,8,red,0,LOSS,green,0.5233,0
2058800055,0,red,1,LOSS,green,0.51,0
2058800056,2,red,0,LOSS,green,0.5857,0
2058800057,9,green,0,LOSS,red,0.5678,0
2058800058,6,red,0,LOSS,green,0.53,0
2058800059,1,green,0,LOSS,red,0.54,0
2058800060,2,red,0,LOSS,green,0.7,1
2058800061,1,green,0,LOSS,red,0.7,1
2058800062,7,green,0,WIN,green,0.7,1
2058800063,1,green,0,LOSS,red,0.5286,0
2058800064,8,red,0,LOSS,green,0.6567,1
2058800065,9,green,0,WIN,green,0.65,1
2058800066,6,red,0,WIN,red,0.53,0
2058800067,7,green,0,LOSS,red,0.7,1
2058800068,9,green,0,WIN,green,0.7,1
2058800069,7,green,0,LOSS,red,0.61,0
2058800070,5,green,1,WIN,green,0.6567,1
2058800071,6,red,0,LOSS,green,0.78,1
2058800072,6,red,0,WIN,red,0.72,1
2058800073,4,red,0,WIN,red,0.72,1
2058800074,0,red,1,WIN,red,0.55,0
2058800075,1,green,0,LOSS,red,0.78,1
2058800076,3,green,0,WIN,green,0.72,1
2058800077,1,green,0,WIN,green,0.72,1
2058800078,1,green,0,WIN,green,0.7,1
2058800079,5,green,1,WIN,green,0.78,1
2058800080,0,red,1,LOSS,green,0.78,1
2058800081,7,green,0,LOSS,red,0.72,1
2058800082,6,red,0,LOSS,green,0.6567,1
2058800083,0,red,1,WIN,red,0.7,1
2058800084,7,green,0,WIN,green,0.5233,0
2058800085,0,red,1,LOSS,green,0.6186,0
2058800086,3,green,0,WIN,green,0.5,0
2058800087,4,red,0,LOSS,green,0.7,1
2058800088,3,green,0,LOSS,red,0.7,1
2058800089,8,red,0,LOSS,green,0.7,1
2058800090,9,green,0,LOSS,red,0.7,1
2058800091,3,green,0,WIN,green,0.7,1
2058800092,6,red,0,LOSS,green,0.65,1
2058800093,1,green,0,WIN,green,0.55,0
2058800094,4,red,0,LOSS,green,0.6445,0
2058800095,7,green,0,LOSS,red,0.7,1
2058800096,6,red,0,LOSS,green,0.7,1
2058800097,6,red,0,WIN,red,0.7,1
2058800098,3,green,0,WIN,green,0.7,1
2058800099,0,red,1,WIN,red,0.7,1
2058800100,1,green,0,WIN,green,0.7,1
2058800101,8,red,0,LOSS,green,0.7,1
2058800102,2,red,0,WIN,red,0.7,1
2058800103,4,red,0,LOSS,green,0.53,0
2058800104,8,red,0,WIN,red,0.64,0
2058800105,7,green,0,LOSS,red,0.78,1
2058800106,6,red,0,LOSS,green,0.72,1
2058800107,9,green,0,LOSS,red,0.5678,0
2058800108,9,green,0,WIN,green,0.7,1
2058800109,2,red,0,WIN,red,0.54,0
2058800110,7,green,0,LOSS,red,0.65,1
2058800111,7,green,0,WIN,green,0.5333,0
2058800112,9,green,0,WIN,green,0.5614,0
2058800113,3,green,0,WIN,green,0.54,0
2058800114,0,red,1,LOSS,green,0.78,1
2058800115,9,green,0,LOSS,red,0.72,1
2058800116,9,green,0,WIN,green,0.64,0
2058800117,7,green,0,WIN,green,0.6567,1
2058800118,2,red,0,LOSS,green,0.71,1
2058800119,7,green,0,WIN,green,0.5233,0
2058800120,9,green,0,LOSS,red,0.5433,0
2058800121,3,green,0,WIN,green,0.5043,0
2058800122,1,green,0,WIN,green,0.69,1
2058800123,2,red,0,LOSS,green,0.78,1
2058800124,2,red,0,WIN,red,0.72,1
2058800125,1,green,0,LOSS,red,0.72,1
2058800126,3,green,0,WIN,green,0.65,1
2058800127,2,red,0,LOSS,green,0.5043,0
2058800128,4,red,0,WIN,red,0.53,0
2058800129,1,green,0,WIN,green,0.55,0
2058800130,5,green,1,WIN,green,0.5222,0
2058800131,7,green,0,LOSS,red,0.62,0
2058800132,9,green,0,WIN,green,0.5329,0
2058800133,6,red,0,LOSS,green,0.78,1
2058800134,5,green,1,LOSS,red,0.72,1
2058800135,0,red,1,LOSS,green,0.65,1
2058800136,9,green,0,LOSS,red,0.7,1
2058800137,4,red,0,LOSS,green,0.7,1
2058800138,2,red,0,WIN,red,0.7,1
2058800139,2,red,0,LOSS,green,0.7,1
2058800140,9,green,0,LOSS,red,0.6567,1
2058800141,8,red,0,WIN,red,0.5233,0
2058800142,8,red,0,WIN,red,0.5329,0
2058800143,7,green,0,LOSS,red,0.71,1
2058800144,7,green,0,LOSS,red,0.6567,1
2058800145,4,red,0,WIN,red,0.57,0
2058800146,4,red,0,WIN,red,0.7011,1
2058800147,4,red,0,WIN,red,0.5614,0
2058800148,4,red,0,WIN,red,0.55,0
2058800149,0,red,1,WIN,red,0.78,1
2058800150,1,green,0,LOSS,red,0.78,1
2058800151,5,green,1,WIN,green,0.72,1
2058800152,3,green,0,WIN,green,0.72,1
2058800153,1,green,0,WIN,green,0.5373,0
2058800154,6,red,0,LOSS,green,0.78,1
2058800155,6,red,0,WIN,red,0.72,1
2058800156,4,red,0,WIN,red,0.72,1
2058800157,5,green,1,LOSS,red,0.5667,0
2058800158,1,green,0,WIN,green,0.64,0
2058800159,8,red,0,LOSS,green,0.6471,0
2058800160,4,red,0,LOSS,green,0.5,0
2058800161,0,red,1,WIN,red,0.65,1
2058800162,3,green,0,LOSS,red,0.65,1
2058800163,3,green,0,LOSS,red,0.5233,0
2058800164,9,green,0,WIN,green,0.6111,0
2058800165,5,green,1,WIN,green,0.5614,0
2058800166,6,red,0,LOSS,green,0.78,1
2058800167,6,red,0,WIN,red,0.72,1
2058800168,4,red,0,WIN,red,0.72,1
2058800169,8,red,0,WIN,red,0.54,0
2058800170,5,green,1,LOSS,red,0.78,1
2058800171,7,green,0,WIN,green,0.72,1
2058800172,4,red,0,LOSS,green,0.72,1
2058800173,7,green,0,LOSS,red,0.5233,0
2058800174,3,green,0,LOSS,red,0.6757,1
2058800175,3,green,0,WIN,green,0.7,1
2058800176,3,green,0,WIN,green,0.5678,0
2058800177,3,green,0,WIN,green,0.78,1
2058800178,5,green,1,WIN,green,0.78,1
2058800179,8,red,0,LOSS,green,0.78,1
2058800180,5,green,1,LOSS,red,0.72,1
2058800181,3,green,0,WIN,green,0.5678,0
2058800182,1,green,0,WIN,green,0.65,1
2058800183,7,green,0,WIN,green,0.6567,1
2058800184,8,red,0,LOSS,green,0.78,1
2058800185,9,green,0,LOSS,red,0.72,1
2058800186,8,red,0,LOSS,green,0.6186,0
2058800187,3,green,0,LOSS,red,0.7,1
2058800188,7,green,0,WIN,green,0.7,1
2058800189,3,green,0,LOSS,red,0.53,0
2058800190,5,green,1,WIN,green,0.6757,1
2058800191,5,green,1,WIN,green,0.78,1
2058800192,9,green,0,WIN,green,0.78,1
2058800193,2,red,0,LOSS,green,0.78,1
2058800194,9,green,0,LOSS,red,0.72,1
2058800195,1,green,0,WIN,green,0.65,1
2058800196,9,green,0,WIN,green,0.6233,0
2058800197,6,red,0,LOSS,green,0.6757,1
2058800198,0,red,1,LOSS,green,0.5614,0
2058800199,5,green,1,WIN,green,0.5131,0
2058800200,4,red,0,LOSS,green,0.65,1
2058800201,1,green,0,LOSS,red,0.5286,0
2058800202,3,green,0,WIN,green,0.7,1
2058800203,3,green,0,WIN,green,0.79,1
2058800204,1,green,0,WIN,green,0.79,1
2058800205,3,green,0,WIN,green,0.78,1
2058800206,6,red,0,LOSS,green,0.78,1
2058800207,9,green,0,LOSS,red,0.72,1
2058800208,5,green,1,WIN,green,0.6186,0
2058800209,9,green,0,WIN,green,0.6362,0
2058800210,1,green,0,WIN,green,0.64,0
2058800211,9,green,0,WIN,green,0.78,1
2058800212,8,red,0,LOSS,green,0.78,1
2058800213,2,red,0,WIN,red,0.72,1
2058800214,3,green,0,LOSS,red,0.72,1
2058800215,8,red,0,LOSS,green,0.6186,0
2058800216,6,red,0,LOSS,green,0.65,1
2058800217,9,green,0,WIN,green,0.6111,0
2058800218,4,red,0,WIN,red,0.5857,0
2058800219,6,red,0,WIN,red,0.65,1
2058800220,6,red,0,LOSS,green,0.53,0
2058800221,7,green,0,LOSS,red,0.6567,1
2058800222,8,red,0,WIN,red,0.65,1
2058800223,1,green,0,LOSS,red,0.55,0
2058800224,8,red,0,LOSS,green,0.7,1
2058800225,3,green,0,LOSS,red,0.7,1
2058800226,9,green,0,WIN,green,0.7,1
2058800227,9,green,0,WIN,green,0.62,0
2058800228,9,green,0,WIN,green,0.6567,1
2058800229,4,red,0,LOSS,green,0.78,1
2058800230,8,red,0,WIN,red,0.72,1
2058800231,4,red,0,WIN,red,0.72,1
2058800232,2,red,0,WIN,red,0.5286,0
2058800233,7,green,0,LOSS,red,0.78,1
2058800234,9,green,0,WIN,green,0.72,1
2058800235,4,red,0,LOSS,green,0.72,1
2058800236,0,red,1,WIN,red,0.5043,0
2058800237,5,green,1,LOSS,red,0.6122,0
2058800238,0,red,1,WIN,red,0.5614,0
2058800239,0,red,1,WIN,red,0.65,1
2058800240,6,red,0,LOSS,green,0.53,0
2058800241,7,green,0,LOSS,red,0.6186,0
2058800242,6,red,0,WIN,red,0.6186,0
2058800243,2,red,0,WIN,red,0.5614,0
2058800244,1,green,0,LOSS,red,0.6567,1
2058800245,2,red,0,WIN,red,0.6488,0
2058800246,6,red,0,WIN,red,0.65,1
2058800247,6,red,0,WIN,red,0.5233,0
2058800248,2,red,0,WIN,red,0.65,1
2058800249,6,red,0,WIN,red,0.78,1
2058800250,5,green,1,LOSS,red,0.78,1
2058800251,8,red,0,LOSS,green,0.72,1
2058800252,9,green,0,LOSS,red,0.5329,0
2058800253,5,green,1,WIN,green,0.7,1
2058800254,5,green,1,LOSS,red,0.71,1
2058800255,0,red,1,LOSS,green,0.6333,0
2058800256,9,green,0,WIN,green,0.62,0
2058800257,1,green,0,LOSS,red,0.61,0
2058800258,7,green,0,WIN,green,0.54,0
2058800259,5,green,1,WIN,green,0.69,1
2058800260,7,green,0,WIN,green,0.78,1
2058800261,4,red,0,LOSS,green,0.78,1
2058800262,5,green,1,LOSS,red,0.72,1
2058800263,6,red,0,LOSS,green,0.64,0
2058800264,5,green,1,LOSS,red,0.7,1
2058800265,3,green,0,WIN,green,0.7,1
2058800266,7,green,0,WIN,green,0.5233,0
2058800267,0,red,1,LOSS,green,0.69,1
2058800268,2,red,0,LOSS,green,0.7233,1
2058800269,9,green,0,WIN,green,0.5667,0
2058800270,6,red,0,LOSS,green,0.65,1
2058800271,3,green,0,LOSS,red,0.5222,0
2058800272,1,green,0,WIN,green,0.7,1
2058800273,4,red,0,LOSS,green,0.79,1
2058800274,5,green,1,WIN,green,0.5,0
2058800275,6,red,0,LOSS,green,0.5286,0
2058800276,6,red,0,WIN,red,0.7,1
2058800277,4,red,0,LOSS,green,0.5,0
2058800278,6,red,0,WIN,red,0.6567,1
2058800279,4,red,0,WIN,red,0.78,1
2058800280,7,green,0,LOSS,red,0.78,1
2058800281,9,green,0,WIN,green,0.72,1
2058800282,6,red,0,LOSS,green,0.72,1
2058800283,5,green,1,LOSS,red,0.5438,0
2058800284,6,red,0,WIN,red,0.64,0
2058800285,2,red,0,WIN,red,0.7,1
2058800286,2,red,0,WIN,red,0.6122,0
2058800287,3,green,0,LOSS,red,0.71,1
2058800288,5,green,1,WIN,green,0.5286,0
2058800289,5,green,1,WIN,green,0.5286,0
2058800290,5,green,1,WIN,green,0.5,0
2058800291,3,green,0,WIN,green,0.78,1
2058800292,2,red,0,LOSS,green,0.78,1
2058800293,6,red,0,WIN,red,0.72,1
2058800294,0,red,1,WIN,red,0.72,1
2058800295,7,green,0,WIN,green,0.5233,0
2058800296,9,green,0,WIN,green,0.6567,1
2058800297,9,green,0,WIN,green,0.5233,0
2058800298,1,green,0,WIN,green,0.55,0
2058800299,9,green,0,WIN,green,0.78,1
2058800300,4,red,0,LOSS,green,0.78,1
2058800301,7,green,0,LOSS,red,0.72,1
2058800302,8,red,0,LOSS,green,0.6122,0
2058800303,2,red,0,WIN,red,0.7,1
2058800304,0,red,1,LOSS,green,0.5614,0
2058800305,2,red,0,WIN,red,0.5545,0
2058800306,4,red,0,WIN,red,0.78,1
2058800307,7,green,0,LOSS,red,0.78,1
2058800308,3,green,0,WIN,green,0.72,1
2058800309,4,red,0,LOSS,green,0.72,1
2058800310,7,green,0,LOSS,red,0.5233,0
2058800311,0,red,1,WIN,red,0.6567,1
2058800312,9,green,0,LOSS,red,0.7,1
2058800313,7,green,0,WIN,green,0.7,1
2058800314,3,green,0,WIN,green,0.79,1
2058800315,9,green,0,WIN,green,0.6567,1
2058800316,6,red,0,LOSS,green,0.78,1
2058800317,4,red,0,WIN,red,0.72,1
2058800318,9,green,0,LOSS,red,0.72,1
2058800319,8,red,0,LOSS,green,0.65,1
2058800320,6,red,0,LOSS,green,0.5233,0
2058800321,9,green,0,WIN,green,0.62,0
2058800322,5,green,1,LOSS,red,0.6,0
2058800323,8,red,0,WIN,red,0.5667,0
2058800324,8,red,0,WIN,red,0.79,1
2058800325,2,red,0,WIN,red,0.65,1
2058800326,6,red,0,WIN,red,0.79,1
2058800327,7,green,0,LOSS,red,0.78,1
2058800328,3,green,0,WIN,green,0.72,1
2058800329,4,red,0,LOSS,green,0.72,1
2058800330,4,red,0,WIN,red,0.54,0
2058800331,7,green,0,LOSS,red,0.65,1
2058800332,4,red,0,WIN,red,0.65,1
2058800333,9,green,0,LOSS,red,0.6186,0
2058800334,7,green,0,WIN,green,0.7,1
2058800335,8,red,0,LOSS,green,0.7233,1
2058800336,1,green,0,WIN,green,0.5,0
2058800337,1,green,0,WIN,green,0.5,0
2058800338,1,green,0,WIN,green,0.65,1
2058800339,6,red,0,LOSS,green,0.65,1
2058800340,6,red,0,WIN,red,0.53,0
2058800341,9,green,0,WIN,green,0.71,1
2058800342,0,red,1,WIN,red,0.53,0
2058800343,7,green,0,WIN,green,0.5,0
2058800344,4,red,0,LOSS,green,0.7,1
2058800345,6,red,0,WIN,red,0.7,1
2058800346,9,green,0,WIN,green,0.5009,0
2058800347,9,green,0,LOSS,red,0.54,0
2058800348,1,green,0,WIN,green,0.62,0
2058800349,5,green,1,WIN,green,0.54,0
2058800350,0,red,1,LOSS,green,0.78,1
2058800351,8,red,0,WIN,red,0.72,1
2058800352,2,red,0,WIN,red,0.72,1
2058800353,4,red,0,WIN,red,0.55,0
2058800354,8,red,0,WIN,red,0.78,1
2058800355,2,red,0,WIN,red,0.78,1
2058800356,9,green,0,LOSS,red,0.78,1
2058800357,1,green,0,WIN,green,0.72,1
2058800358,6,red,0,LOSS,green,0.72,1
2058800359,1,green,0,LOSS,red,0.5043,0
2058800360,2,red,0,WIN,red,0.71,1
2058800361,0,red,1,WIN,red,0.7,1
2058800362,2,red,0,WIN,red,0.6186,0
2058800363,1,green,0,LOSS,red,0.6567,1
2058800364,8,red,0,LOSS,green,0.55,0
2058800365,0,red,1,WIN,red,0.65,1
2058800366,5,green,1,LOSS,red,0.6186,0
2058800367,5,green,1,LOSS,red,0.6426,0
2058800368,4,red,0,WIN,red,0.6757,1
2058800369,6,red,0,WIN,red,0.79,1
2058800370,8,red,0,WIN,red,0.71,1
2058800371,3,green,0,LOSS,red,0.79,1
2058800372,8,red,0,WIN,red,0.5043,0
2058800373,0,red,1,WIN,red,0.5233,0
2058800374,9,green,0,LOSS,red,0.65,1
2058800375,9,green,0,LOSS,red,0.63,0
2058800376,7,green,0,LOSS,red,0.69,1
2058800377,8,red,0,WIN,red,0.7,1
2058800378,9,green,0,WIN,green,0.7,1
2058800379,0,red,1,WIN,red,0.7,1
2058800380,2,red,0,WIN,red,0.7,1
2058800381,0,red,1,WIN,red,0.54,0
2058800382,3,green,0,LOSS,red,0.5667,0
2058800383,4,red,0,LOSS,green,0.5222,0
2058800384,7,green,0,LOSS,red,0.6122,0
2058800385,1,green,0,WIN,green,0.7,1
2058800386,1,green,0,LOSS,red,0.5667,0
2058800387,5,green,1,WIN,green,0.5857,0
2058800388,1,green,0,WIN,green,0.78,1
2058800389,7,green,0,WIN,green,0.78,1
2058800390,0,red,1,LOSS,green,0.78,1
2058800391,9,green,0,LOSS,red,0.72,1
2058800392,7,green,0,WIN,green,0.65,1
2058800393,6,red,0,LOSS,green,0.6186,0
2058800394,9,green,0,WIN,green,0.55,0
2058800395,4,red,0,LOSS,green,0.6567,1
2058800396,2,red,0,WIN,red,0.7,1
2058800397,1,green,0,LOSS,red,0.5545,0
2058800398,3,green,0,WIN,green,0.5,0
2058800399,9,green,0,WIN,green,0.64,0
2058800400,4,red,0,LOSS,green,0.65,1
2058800401,1,green,0,WIN,green,0.62,0
2058800402,4,red,0,LOSS,green,0.6186,0
2058800403,0,red,1,WIN,red,0.7,1
2058800404,0,red,1,WIN,red,0.5545,0
2058800405,1,green,0,LOSS,red,0.5286,0
2058800406,4,red,0,LOSS,green,0.5,0
2058800407,0,red,1,WIN,red,0.65,1
2058800408,4,red,0,WIN,red,0.5678,0
2058800409,0,red,1,WIN,red,0.5614,0
2058800410,4,red,0,WIN,red,0.78,1
2058800411,0,red,1,WIN,red,0.78,1
2058800412,4,red,0,WIN,red,0.78,1
2058800413,1,green,0,LOSS,red,0.78,1
2058800414,1,green,0,WIN,green,0.72,1
2058800415,8,red,0,LOSS,green,0.72,1
2058800416,3,green,0,WIN,green,0.51,0
2058800417,5,green,1,LOSS,red,0.7233,1
2058800418,5,green,1,WIN,green,0.7,1
2058800419,3,green,0,WIN,green,0.65,1
2058800420,0,red,1,LOSS,green,0.78,1
2058800421,1,green,0,LOSS,red,0.72,1
2058800422,2,red,0,LOSS,green,0.65,1
2058800423,9,green,0,LOSS,red,0.7,1
2058800424,4,red,0,LOSS,green,0.7,1
2058800425,5,green,1,LOSS,red,0.7,1
2058800426,3,green,0,WIN,green,0.7,1
2058800427,0,red,1,WIN,red,0.61,0
2058800428,8,red,0,LOSS,green,0.5667,0
2058800429,3,green,0,LOSS,red,0.5857,0
2058800430,8,red,0,WIN,red,0.7,1
2058800431,7,green,0,WIN,green,0.5,0
2058800432,8,red,0,LOSS,green,0.7,1
2058800433,2,red,0,WIN,red,0.7,1
2058800434,2,red,0,WIN,red,0.5233,0
2058800435,8,red,0,WIN,red,0.63,0
2058800436,4,red,0,WIN,red,0.78,1
2058800437,6,red,0,WIN,red,0.78,1
2058800438,9,green,0,LOSS,red,0.78,1
2058800439,5,green,1,WIN,green,0.72,1
2058800440,4,red,0,LOSS,green,0.72,1
2058800441,6,red,0,LOSS,green,0.53,0
2058800442,2,red,0,WIN,red,0.65,1
2058800443,8,red,0,LOSS,green,0.53,0
2058800444,2,red,0,WIN,red,0.78,1
2058800445,7,green,0,LOSS,red,0.78,1
2058800446,0,red,1,LOSS,green,0.72,1
2058800447,9,green,0,WIN,green,0.53,0
2058800448,9,green,0,WIN,green,0.7,1
2058800449,0,red,1,WIN,red,0.6186,0
2058800450,2,red,0,WIN,red,0.65,1
2058800451,2,red,0,WIN,red,0.64,0
2058800452,6,red,0,LOSS,green,0.53,0
2058800453,8,red,0,WIN,red,0.78,1
2058800454,3,green,0,LOSS,red,0.78,1
2058800455,1,green,0,WIN,green,0.72,1
2058800456,3,green,0,WIN,green,0.72,1
2058800457,8,red,0,LOSS,green,0.5433,0
2058800458,6,red,0,WIN,red,0.6122,0
2058800459,3,green,0,LOSS,red,0.71,1
2058800460,0,red,1,WIN,red,0.5857,0
2058800461,1,green,0,WIN,green,0.62,0
2058800462,9,green,0,WIN,green,0.7,1
2058800463,8,red,0,LOSS,green,0.6757,1
2058800464,8,red,0,WIN,red,0.5286,0
2058800465,9,green,0,LOSS,red,0.6567,1
2058800466,2,red,0,WIN,red,0.7,1
2058800467,7,green,0,WIN,green,0.5,0
2058800468,4,red,0,LOSS,green,0.7,1
2058800469,3,green,0,LOSS,red,0.7,1
2058800470,9,green,0,WIN,green,0.7,1
2058800471,4,red,0,LOSS,green,0.6333,0
2058800472,6,red,0,LOSS,green,0.54,0
2058800473,4,red,0,WIN,red,0.54,0
2058800474,4,red,0,WIN,red,0.5233,0
2058800475,6,red,0,WIN,red,0.78,1
2058800476,5,green,1,LOSS,red,0.78,1
2058800477,3,green,0,WIN,green,0.72,1
2058800478,7,green,0,WIN,green,0.72,1
2058800479,3,green,0,WIN,green,0.5177,0
2058800480,3,green,0,WIN,green,0.78,1
2058900001,4,red,0,LOSS,green,0.78,1
2058900002,6,red,0,WIN,red,0.72,1
2058900003,2,red,0,WIN,red,0.72,1
2058900004,6,red,0,LOSS,green,0.5329,0
2058900005,4,red,0,WIN,red,0.78,1
2058900006,4,red,0,WIN,red,0.78,1
2058900007,2,red,0,WIN,red,0.78,1
2058900008,5,green,1,LOSS,red,0.78,1
2058900009,7,green,0,WIN,green,0.72,1
2058900010,3,green,0,WIN,green,0.72,1
2058900011,3,green,0,LOSS,red,0.5614,0
2058900012,9,green,0,WIN,green,0.78,1
2058900013,2,red,0,LOSS,green,0.78,1
2058900014,4,red,0,WIN,red,0.72,1
2058900015,9,green,0,LOSS,red,0.72,1
2058900016,3,green,0,WIN,green,0.65,1
2058900017,3,green,0,WIN,green,0.5233,0
2058900018,4,red,0,LOSS,green,0.5456,0
2058900019,4,red,0,LOSS,green,0.6809,1
2058900020,4,red,0,WIN,red,0.6111,0
2058900021,9,green,0,LOSS,red,0.5614,0
2058900022,7,green,0,WIN,green,0.62,0
2058900023,9,green,0,WIN,green,0.5614,0
2058900024,8,red,0,LOSS,green,0.65,1
2058900025,6,red,0,WIN,red,0.5667,0
2058900026,0,red,1,WIN,red,0.6567,1
2058900027,4,red,0,WIN,red,0.54,0
2058900028,9,green,0,LOSS,red,0.78,1
2058900029,5,green,1,WIN,green,0.72,1
2058900030,0,red,1,LOSS,green,0.72,1
2058900031,8,red,0,WIN,red,0.6186,0
2058900032,5,green,1,LOSS,red,0.6186,0
2058900033,4,red,0,WIN,red,0.6567,1
2058900034,4,red,0,WIN,red,0.65,1
2058900035,0,red,1,WIN,red,0.5233,0
2058900036,1,green,0,LOSS,red,0.6122,0
2058900037,2,red,0,WIN,red,0.64,0
2058900038,2,red,0,WIN,red,0.65,1
2058900039,3,green,0,LOSS,red,0.65,1
2058900040,8,red,0,WIN,red,0.5614,0
2058900041,7,green,0,LOSS,red,0.6233,0
2058900042,8,red,0,LOSS,green,0.7,1
2058900043,5,green,1,LOSS,red,0.7,1
2058900044,7,green,0,WIN,green,0.7,1
2058900045,6,red,0,LOSS,green,0.5857,0
2058900046,1,green,0,LOSS,red,0.5286,0
2058900047,2,red,0,WIN,red,0.7,1
2058900048,9,green,0,LOSS,red,0.7,1
2058900049,4,red,0,LOSS,green,0.7,1
2058900050,5,green,1,LOSS,red,0.7,1
2058900051,3,green,0,WIN,green,0.7,1
2058900052,7,green,0,LOSS,red,0.61,0
2058900053,4,red,0,LOSS,green,0.6567,1
2058900054,3,green,0,WIN,green,0.6757,1
2058900055,5,green,1,LOSS,red,0.53,0
2058900056,0,red,1,LOSS,green,0.5678,0
2058900057,7,green,0,LOSS,red,0.53,0
2058900058,9,green,0,WIN,green,0.6186,0
2058900059,3,green,0,WIN,green,0.6122,0
2058900060,6,red,0,LOSS,green,0.65,1
2058900061,4,red,0,WIN,red,0.5433,0
2058900062,1,green,0,WIN,green,0.71,1
2058900063,2,red,0,WIN,red,0.53,0
2058900064,8,red,0,LOSS,green,0.62,0
2058900065,4,red,0,LOSS,green,0.7,1
2058900066,4,red,0,LOSS,green,0.7,1
2058900067,9,green,0,LOSS,red,0.78,1
2058900068,5,green,1,WIN,green,0.72,1
2058900069,4,red,0,LOSS,green,0.72,1
2058900070,0,red,1,WIN,red,0.65,1
2058900071,9,green,0,LOSS,red,0.65,1
2058900072,9,green,0,LOSS,red,0.79,1
2058900073,0,red,1,WIN,red,0.6,0
2058900074,2,red,0,WIN,red,0.5667,0
2058900075,3,green,0,WIN,green,0.5667,0
2058900076,1,green,0,WIN,green,0.5667,0
2058900077,7,green,0,LOSS,red,0.7,1
2058900078,8,red,0,WIN,red,0.53,0
2058900079,9,green,0,WIN,green,0.6567,1
2058900080,2,red,0,LOSS,green,0.65,1
2058900081,7,green,0,LOSS,red,0.7,1
2058900082,8,red,0,LOSS,green,0.7,1
2058900083,4,red,0,WIN,red,0.7,1
2058900084,7,green,0,WIN,green,0.62,0
2058900085,4,red,0,LOSS,green,0.5667,0
2058900086,4,red,0,WIN,red,0.55,0
2058900087,7,green,0,LOSS,red,0.65,1
2058900088,1,green,0,LOSS,red,0.6471,0
2058900089,8,red,0,WIN,red,0.62,0
2058900090,9,green,0,LOSS,red,0.79,1
2058900091,0,red,1,WIN,red,0.5476,0
2058900092,0,red,1,WIN,red,0.7,1
2058900093,1,green,0,LOSS,red,0.64,0
2058900094,5,green,1,WIN,green,0.62,0
2058900095,1,green,0,WIN,green,0.6488,0
2058900096,2,red,0,LOSS,green,0.65,1
2058900097,1,green,0,WIN,green,0.6333,0
2058900098,5,green,1,WIN,green,0.5678,0
2058900099,3,green,0,WIN,green,0.5233,0
2058900100,8,red,0,LOSS,green,0.79,1
2058900101,9,green,0,WIN,green,0.51,0
2058900102,5,green,1,WIN,green,0.5678,0
2058900103,8,red,0,LOSS,green,0.65,1
2058900104,5,green,1,WIN,green,0.5233,0
2058900105,5,green,1,WIN,green,0.6567,1
2058900106,2,red,0,LOSS,green,0.63,0
2058900107,0,red,1,LOSS,green,0.65,1
2058900108,0,red,1,WIN,red,0.6111,0
2058900109,0,red,1,LOSS,green,0.5857,0
2058900110,4,red,0,WIN,red,0.78,1
2058900111,8,red,0,WIN,red,0.78,1
2058900112,3,green,0,LOSS,red,0.78,1
2058900113,7,green,0,WIN,green,0.72,1
2058900114,7,green,0,WIN,green,0.72,1
2058900115,0,red,1,WIN,red,0.54,0
2058900116,5,green,1,LOSS,red,0.6445,0
2058900117,5,green,1,WIN,green,0.5,0
2058900118,7,green,0,WIN,green,0.5614,0
2058900119,1,green,0,WIN,green,0.71,1
2058900120,2,red,0,LOSS,green,0.78,1
2058900121,8,red,0,WIN,red,0.72,1
2058900122,2,red,0,WIN,red,0.72,1
2058900123,2,red,0,WIN,red,0.5667,0
2058900124,2,red,0,WIN,red,0.78,1
2058900125,0,red,1,WIN,red,0.78,1
2058900126,1,green,0,LOSS,red,0.78,1
2058900127,0,red,1,LOSS,green,0.72,1
2058900128,5,green,1,WIN,green,0.5433,0
2058900129,8,red,0,LOSS,green,0.7,1
2058900130,3,green,0,LOSS,red,0.7,1
2058900131,6,red,0,LOSS,green,0.7,1
2058900132,2,red,0,WIN,red,0.7,1
2058900133,5,green,1,LOSS,red,0.65,1
2058900134,3,green,0,WIN,green,0.54,0
2058900135,3,green,0,WIN,green,0.5667,0
2058900136,0,red,1,LOSS,green,0.5678,0
2058900137,0,red,1,LOSS,green,0.62,0
2058900138,2,red,0,WIN,red,0.7,1
2058900139,0,red,1,WIN,red,0.5678,0
2058900140,7,green,0,LOSS,red,0.78,1
2058900141,7,green,0,WIN,green,0.72,1
2058900142,8,red,0,LOSS,green,0.72,1
2058900143,6,red,0,WIN,red,0.64,0
2058900144,3,green,0,LOSS,red,0.5233,0
2058900145,6,red,0,WIN,red,0.71,1
2058900146,9,green,0,LOSS,red,0.6122,0
2058900147,4,red,0,LOSS,green,0.7,1
2058900148,5,green,1,LOSS,red,0.7,1
2058900149,7,green,0,WIN,green,0.7,1
2058900150,1,green,0,WIN,green,0.55,0
2058900151,0,red,1,LOSS,green,0.64,0
2058900152,6,red,0,LOSS,green,0.6567,1
2058900153,0,red,1,LOSS,green,0.6111,0
2058900154,8,red,0,LOSS,green,0.5,0
2058900155,4,red,0,WIN,red,0.78,1
2058900156,6,red,0,WIN,red,0.78,1
2058900157,5,green,1,LOSS,red,0.78,1
2058900158,6,red,0,LOSS,green,0.72,1
2058900159,8,red,0,LOSS,green,0.5529,0
2058900160,3,green,0,LOSS,red,0.65,1
2058900161,6,red,0,WIN,red,0.65,1
2058900162,1,green,0,LOSS,red,0.65,1
2058900163,5,green,1,WIN,green,0.7,1
2058900164,1,green,0,WIN,green,0.55,0
2058900165,1,green,0,WIN,green,0.79,1
2058900166,3,green,0,WIN,green,0.78,1
2058900167,0,red,1,LOSS,green,0.78,1
2058900168,2,red,0,WIN,red,0.72,1
2058900169,4,red,0,WIN,red,0.72,1
2058900170,6,red,0,LOSS,green,0.5233,0
2058900171,1,green,0,LOSS,red,0.78,1
2058900172,7,green,0,WIN,green,0.72,1
2058900173,0,red,1,LOSS,green,0.72,1
2058900174,0,red,1,WIN,red,0.6186,0
2058900175,1,green,0,LOSS,red,0.5233,0
2058900176,9,green,0,LOSS,red,0.71,1
2058900177,1,green,0,LOSS,red,0.58,0
2058900178,9,green,0,LOSS,red,0.5433,0
2058900179,6,red,0,LOSS,green,0.78,1
2058900180,2,red,0,WIN,red,0.72,1
2058900181,0,red,1,WIN,red,0.72,1
2058900182,5,green,1,LOSS,red,0.62,0
2058900183,8,red,0,LOSS,green,0.6809,1
2058900184,8,red,0,LOSS,green,0.54,0
2058900185,6,red,0,WIN,red,0.65,1
2058900186,2,red,0,WIN,red,0.65,1
2058900187,8,red,0,WIN,red,0.78,1
2058900188,9,green,0,LOSS,red,0.78,1
2058900189,3,green,0,WIN,green,0.72,1
2058900190,2,red,0,LOSS,green,0.72,1
2058900191,9,green,0,LOSS,red,0.51,0
2058900192,5,green,1,LOSS,red,0.6757,1
2058900193,4,red,0,LOSS,green,0.7,1
2058900194,6,red,0,WIN,red,0.5667,0
2058900195,9,green,0,LOSS,red,0.7,1
2058900196,4,red,0,WIN,red,0.61,0
2058900197,1,green,0,WIN,green,0.5667,0
2058900198,2,red,0,LOSS,green,0.7,1
2058900199,7,green,0,LOSS,red,0.7,1
2058900200,7,green,0,WIN,green,0.7,1
2058900201,2,red,0,LOSS,green,0.5667,0
2058900202,2,red,0,LOSS,green,0.5,0
2058900203,4,red,0,WIN,red,0.5545,0
2058900204,2,red,0,WIN,red,0.5614,0
2058900205,7,green,0,LOSS,red,0.78,1
2058900206,5,green,1,WIN,green,0.72,1
2058900207,2,red,0,LOSS,green,0.72,1
2058900208,7,green,0,LOSS,red,0.67,1
2058900209,0,red,1,WIN,red,0.6362,0
2058900210,2,red,0,WIN,red,0.7,1
2058900211,3,green,0,LOSS,red,0.6122,0
2058900212,8,red,0,LOSS,green,0.6333,0
2058900213,5,green,1,WIN,green,0.5,0
2058900214,1,green,0,WIN,green,0.7,1
2058900215,0,red,1,LOSS,green,0.7,1
2058900216,9,green,0,LOSS,red,0.55,0
2058900217,7,green,0,WIN,green,0.5,0
2058900218,0,red,1,LOSS,green,0.71,1
2058900219,7,green,0,LOSS,red,0.53,0
2058900220,0,red,1,LOSS,green,0.6567,1
2058900221,9,green,0,LOSS,red,0.7,1
2058900222,0,red,1,LOSS,green,0.7,1
2058900223,8,red,0,WIN,red,0.7,1
2058900224,5,green,1,WIN,green,0.6429,0
2058900225,1,green,0,WIN,green,0.5545,0
2058900226,1,green,0,WIN,green,0.5857,0
2058900227,8,red,0,WIN,red,0.53,0
2058900228,7,green,0,WIN,green,0.5667,0
2058900229,4,red,0,LOSS,green,0.6567,1
2058900230,1,green,0,LOSS,red,0.7,1
2058900231,6,red,0,LOSS,green,0.7,1
2058900232,1,green,0,LOSS,red,0.7,1
2058900233,4,red,0,LOSS,green,0.7,1
2058900234,2,red,0,WIN,red,0.7,1
2058900235,6,red,0,WIN,red,0.65,1
2058900236,9,green,0,LOSS,red,0.5614,0
2058900237,6,red,0,WIN,red,0.65,1
2058900238,2,red,0,WIN,red,0.6567,1
2058900239,2,red,0,WIN,red,0.5614,0
2058900240,9,green,0,LOSS,red,0.6567,1
2058900241,3,green,0,LOSS,red,0.6567,1
2058900242,4,red,0,WIN,red,0.54,0
2058900243,0,red,1,WIN,red,0.6122,0
2058900244,5,green,1,LOSS,red,0.54,0
2058900245,6,red,0,WIN,red,0.63,0
2058900246,7,green,0,LOSS,red,0.65,1
2058900247,7,green,0,WIN,green,0.7,1
2058900248,8,red,0,LOSS,green,0.63,0
2058900249,2,red,0,WIN,red,0.5222,0
2058900250,4,red,0,WIN,red,0.6567,1
2058900251,0,red,1,WIN,red,0.65,1
2058900252,5,green,1,LOSS,red,0.78,1
2058900253,7,green,0,WIN,green,0.72,1
2058900254,3,green,0,WIN,green,0.72,1
2058900255,1,green,0,WIN,green,0.7,1
2058900256,9,green,0,WIN,green,0.78,1
2058900257,9,green,0,WIN,green,0.78,1
2058900258,1,green,0,WIN,green,0.78,1
2058900259,2,red,0,LOSS,green,0.78,1
2058900260,1,green,0,LOSS,red,0.72,1
2058900261,0,red,1,LOSS,green,0.65,1
2058900262,2,red,0,WIN,red,0.7,1
2058900263,3,green,0,WIN,green,0.54,0
2058900264,3,green,0,WIN,green,0.65,1
2058900265,3,green,0,WIN,green,0.67,1
2058900266,1,green,0,WIN,green,0.5329,0
2058900267,8,red,0,LOSS,green,0.78,1
2058900268,2,red,0,WIN,red,0.72,1
2058900269,6,red,0,WIN,red,0.72,1
2058900270,9,green,0,LOSS,red,0.5667,0
2058900271,8,red,0,LOSS,green,0.6567,1
2058900272,8,red,0,LOSS,green,0.5,0
2058900273,8,red,0,WIN,red,0.65,1
2058900274,3,green,0,LOSS,red,0.6186,0
2058900275,5,green,1,LOSS,red,0.63,0
2058900276,2,red,0,WIN,red,0.5678,0
2058900277,0,red,1,WIN,red,0.63,0
2058900278,4,red,0,WIN,red,0.5233,0
2058900279,9,green,0,LOSS,red,0.5233,0
2058900280,2,red,0,WIN,red,0.54,0
2058900281,3,green,0,LOSS,red,0.5614,0
2058900282,1,green,0,WIN,green,0.7,1
2058900283,2,red,0,WIN,red,0.55,0
2058900284,2,red,0,WIN,red,0.71,1
2058900285,1,green,0,LOSS,red,0.6567,1
2058900286,3,green,0,LOSS,red,0.7,1
2058900287,7,green,0,WIN,green,0.5355,0
2058900288,6,red,0,LOSS,green,0.5043,0
2058900289,8,red,0,LOSS,green,0.665,1
2058900290,3,green,0,LOSS,red,0.7,1
2058900291,6,red,0,WIN,red,0.6111,0
2058900292,1,green,0,WIN,green,0.5857,0
2058900293,7,green,0,WIN,green,0.7,1
2058900294,1,green,0,WIN,green,0.5233,0
2058900295,4,red,0,LOSS,green,0.79,1
2058900296,2,red,0,LOSS,green,0.5667,0
2058900297,3,green,0,WIN,green,0.58,0
2058900298,9,green,0,LOSS,red,0.5529,0
2058900299,9,green,0,WIN,green,0.5233,0
2058900300,1,green,0,LOSS,red,0.51,0
2058900301,5,green,1,WIN,green,0.78,1
2058900302,3,green,0,WIN,green,0.78,1
2058900303,3,green,0,WIN,green,0.78,1
2058900304,7,green,0,WIN,green,0.78,1
2058900305,4,red,0,LOSS,green,0.78,1
2058900306,8,red,0,WIN,red,0.72,1
2058900307,6,red,0,WIN,red,0.72,1
2058900308,6,red,0,LOSS,green,0.5043,0
2058900309,0,red,1,WIN,red,0.78,1
2058900310,6,red,0,WIN,red,0.78,1
2058900311,9,green,0,LOSS,red,0.78,1
2058900312,4,red,0,LOSS,green,0.72,1
2058900313,1,green,0,WIN,green,0.51,0
2058900314,1,green,0,WIN,green,0.7,1
2058900315,2,red,0,WIN,red,0.71,1
2058900316,2,red,0,WIN,red,0.7233,1
2058900317,5,green,1,LOSS,red,0.6186,0
2058900318,6,red,0,WIN,red,0.62,0
2058900319,4,red,0,LOSS,green,0.7,1
2058900320,1,green,0,LOSS,red,0.5614,0
2058900321,1,green,0,LOSS,red,0.5667,0
2058900322,5,green,1,LOSS,red,0.6333,0
2058900323,3,green,0,LOSS,red,0.5444,0
2058900324,6,red,0,LOSS,green,0.78,1
2058900325,2,red,0,WIN,red,0.72,1
2058900326,7,green,0,LOSS,red,0.72,1
2058900327,7,green,0,WIN,green,0.65,1
2058900328,7,green,0,WIN,green,0.5614,0
2058900329,2,red,0,LOSS,green,0.5233,0
2058900330,2,red,0,LOSS,green,0.6488,0
2058900331,4,red,0,WIN,red,0.6333,0
2058900332,0,red,1,WIN,red,0.65,1
2058900333,9,green,0,LOSS,red,0.78,1
2058900334,3,green,0,WIN,green,0.72,1
2058900335,6,red,0,LOSS,green,0.72,1
2058900336,4,red,0,WIN,red,0.64,0
2058900337,9,green,0,LOSS,red,0.5043,0
2058900338,8,red,0,WIN,red,0.6567,1
2058900339,6,red,0,WIN,red,0.5614,0
2058900340,6,red,0,WIN,red,0.54,0
2058900341,0,red,1,WIN,red,0.65,1
2058900342,5,green,1,LOSS,red,0.78,1
2058900343,8,red,0,LOSS,green,0.72,1
2058900344,0,red,1,WIN,red,0.5233,0
2058900345,0,red,1,WIN,red,0.61,0
2058900346,8,red,0,WIN,red,0.65,1
2058900347,5,green,1,LOSS,red,0.78,1
2058900348,2,red,0,LOSS,green,0.72,1
2058900349,1,green,0,LOSS,red,0.5614,0
2058900350,8,red,0,LOSS,green,0.7,1
2058900351,8,red,0,WIN,red,0.7,1
2058900352,3,green,0,WIN,green,0.5433,0
2058900353,1,green,0,WIN,green,0.53,0
2058900354,2,red,0,LOSS,green,0.6333,0
2058900355,8,red,0,WIN,red,0.5667,0
2058900356,3,green,0,LOSS,red,0.63,0
2058900357,9,green,0,WIN,green,0.5545,0
2058900358,4,red,0,WIN,red,0.5286,0
2058900359,7,green,0,LOSS,red,0.5857,0
2058900360,3,green,0,WIN,green,0.5233,0
2058900361,1,green,0,WIN,green,0.7011,1
2058900362,5,green,1,WIN,green,0.6186,0
2058900363,8,red,0,LOSS,green,0.78,1
2058900364,0,red,1,WIN,red,0.72,1
2058900365,3,green,0,LOSS,red,0.72,1
2058900366,4,red,0,LOSS,green,0.65,1
2058900367,2,red,0,LOSS,green,0.5043,0
2058900368,4,red,0,LOSS,green,0.62,0
2058900369,1,green,0,LOSS,red,0.6567,1
2058900370,1,green,0,LOSS,red,0.71,1
2058900371,5,green,1,LOSS,red,0.71,1
2058900372,1,green,0,WIN,green,0.62,0
2058900373,8,red,0,LOSS,green,0.78,1
2058900374,7,green,0,LOSS,red,0.72,1
2058900375,2,red,0,WIN,red,0.53,0
2058900376,7,green,0,LOSS,red,0.7,1
2058900377,8,red,0,LOSS,green,0.7,1
2058900378,4,red,0,WIN,red,0.7,1
2058900379,3,green,0,WIN,green,0.6333,0
2058900380,2,red,0,LOSS,green,0.5286,0
2058900381,6,red,0,WIN,red,0.6186,0
2058900382,2,red,0,WIN,red,0.65,1
2058900383,2,red,0,WIN,red,0.65,1
2058900384,8,red,0,WIN,red,0.78,1
2058900385,4,red,0,WIN,red,0.78,1
2058900386,0,red,1,WIN,red,0.78,1
2058900387,5,green,1,LOSS,red,0.78,1
2058900388,5,green,1,WIN,green,0.72,1
2058900389,0,red,1,LOSS,green,0.72,1
2058900390,2,red,0,WIN,red,0.5233,0
2058900391,7,green,0,LOSS,red,0.5233,0
2058900392,6,red,0,WIN,red,0.69,1
2058900393,2,red,0,WIN,red,0.65,1
2058900394,0,red,1,WIN,red,0.5678,0
2058900395,5,green,1,LOSS,red,0.6186,0
2058900396,4,red,0,WIN,red,0.6567,1
2058900397,9,green,0,LOSS,red,0.6362,0
2058900398,2,red,0,LOSS,green,0.7,1
2058900399,2,red,0,WIN,red,0.7,1
2058900400,7,green,0,WIN,green,0.5529,0
2058900401,4,red,0,LOSS,green,0.5433,0
2058900402,3,green,0,LOSS,red,0.64,0
2058900403,7,green,0,WIN,green,0.7,1
2058900404,8,red,0,LOSS,green,0.62,0
2058900405,3,green,0,LOSS,red,0.5667,0
2058900406,1,green,0,WIN,green,0.5,0
2058900407,0,red,1,LOSS,green,0.6567,1
2058900408,3,green,0,WIN,green,0.5233,0
2058900409,4,red,0,LOSS,green,0.63,0
2058900410,6,red,0,WIN,red,0.7,1
2058900411,2,red,0,LOSS,green,0.5,0
2058900412,6,red,0,WIN,red,0.6186,0
2058900413,4,red,0,WIN,red,0.78,1
2058900414,8,red,0,WIN,red,0.78,1
2058900415,6,red,0,WIN,red,0.78,1
2058900416,3,green,0,LOSS,red,0.78,1
2058900417,0,red,1,LOSS,green,0.72,1
2058900418,8,red,0,LOSS,green,0.5211,0
2058900419,8,red,0,WIN,red,0.6186,0
2058900420,5,green,1,LOSS,red,0.65,1
2058900421,7,green,0,LOSS,red,0.5233,0
2058900422,4,red,0,WIN,red,0.6567,1
2058900423,7,green,0,LOSS,red,0.6445,0
2058900424,8,red,0,WIN,red,0.5444,0
2058900425,4,red,0,WIN,red,0.7,1
2058900426,3,green,0,LOSS,red,0.65,1
2058900427,0,red,1,LOSS,green,0.5857,0
2058900428,6,red,0,LOSS,green,0.62,0
2058900429,3,green,0,LOSS,red,0.6567,1
2058900430,0,red,1,WIN,red,0.615,0
2058900431,7,green,0,LOSS,red,0.6122,0
2058900432,5,green,1,WIN,green,0.7,1
2058900433,0,red,1,LOSS,green,0.5667,0
2058900434,4,red,0,LOSS,green,0.5667,0
2058900435,7,green,0,LOSS,red,0.65,1
2058900436,0,red,1,WIN,red,0.6333,0
2058900437,7,green,0,WIN,green,0.62,0
2058900438,8,red,0,LOSS,green,0.7,1
2058900439,9,green,0,LOSS,red,0.7,1
2058900440,6,red,0,LOSS,green,0.7,1
2058900441,5,green,1,LOSS,red,0.7,1
2058900442,8,red,0,LOSS,green,0.7,1
2058900443,0,red,1,WIN,red,0.7,1
2058900444,5,green,1,LOSS,red,0.6233,0
2058900445,8,red,0,LOSS,green,0.62,0
2058900446,8,red,0,WIN,red,0.71,1
2058900447,0,red,1,WIN,red,0.6186,0
2058900448,2,red,0,WIN,red,0.6186,0
2058900449,4,red,0,WIN,red,0.78,1
2058900450,9,green,0,LOSS,red,0.78,1
2058900451,1,green,0,WIN,green,0.72,1
2058900452,6,red,0,LOSS,green,0.72,1
2058900453,1,green,0,WIN,green,0.53,0
2058900454,8,red,0,WIN,red,0.64,0
2058900455,0,red,1,WIN,red,0.7,1
2058900456,9,green,0,LOSS,red,0.5614,0
2058900457,6,red,0,LOSS,green,0.55,0
2058900458,0,red,1,LOSS,green,0.5667,0
2058900459,8,red,0,WIN,red,0.64,0
2058900460,8,red,0,WIN,red,0.64,0
2058900461,4,red,0,WIN,red,0.78,1
2058900462,7,green,0,LOSS,red,0.78,1
2058900463,9,green,0,WIN,green,0.72,1
2058900464,7,green,0,WIN,green,0.72,1
2058900465,9,green,0,LOSS,red,0.5678,0
2058900466,5,green,1,WIN,green,0.78,1
2058900467,3,green,0,WIN,green,0.78,1
2058900468,9,green,0,WIN,green,0.78,1
2058900469,4,red,0,LOSS,green,0.78,1
2058900470,7,green,0,LOSS,red,0.72,1
2058900471,2,red,0,LOSS,green,0.65,1
2058900472,8,red,0,WIN,red,0.7,1
2058900473,3,green,0,WIN,green,0.5678,0
2058900474,9,green,0,WIN,green,0.65,1
2058900475,7,green,0,WIN,green,0.6186,0
2058900476,2,red,0,LOSS,green,0.55,0
2058900477,6,red,0,LOSS,green,0.6111,0
2058900478,3,green,0,LOSS,red,0.6429,0
2058900479,9,green,0,LOSS,red,0.5909,0
2058900480,9,green,0,WIN,green,0.65,1
2059000001,3,green,0,LOSS,red,0.53,0
2059000002,3,green,0,WIN,green,0.78,1
2059000003,3,green,0,WIN,green,0.78,1
2059000004,2,red,0,LOSS,green,0.78,1
2059000005,9,green,0,LOSS,red,0.72,1
2059000006,3,green,0,WIN,green,0.5614,0
2059000007,9,green,0,WIN,green,0.65,1
2059000008,0,red,1,LOSS,green,0.6567,1
2059000009,7,green,0,WIN,green,0.5355,0
2059000010,4,red,0,LOSS,green,0.65,1
2059000011,8,red,0,WIN,red,0.7,1
2059000012,1,green,0,LOSS,red,0.5286,0
2059000013,0,red,1,LOSS,green,0.65,1
2059000014,8,red,0,LOSS,green,0.5286,0
2059000015,6,red,0,WIN,red,0.6567,1
2059000016,3,green,0,LOSS,red,0.6567,1
2059000017,6,red,0,WIN,red,0.6757,1
2059000018,1,green,0,WIN,green,0.7,1
2059000019,6,red,0,LOSS,green,0.7,1
2059000020,4,red,0,WIN,red,0.7,1
2059000021,4,red,0,LOSS,green,0.56,0
2059000022,4,red,0,WIN,red,0.79,1
2059000023,3,green,0,LOSS,red,0.78,1
2059000024,8,red,0,LOSS,green,0.72,1
2059000025,8,red,0,WIN,red,0.54,0
2059000026,7,green,0,LOSS,red,0.64,0
2059000027,3,green,0,LOSS,red,0.6122,0
2059000028,6,red,0,WIN,red,0.6445,0
2059000029,3,green,0,LOSS,red,0.7329,1
2059000030,5,green,1,LOSS,red,0.5286,0
2059000031,6,red,0,LOSS,green,0.71,1
2059000032,7,green,0,LOSS,red,0.5222,0
2059000033,3,green,0,WIN,green,0.65,1
2059000034,7,green,0,WIN,green,0.5233,0
2059000035,8,red,0,LOSS,green,0.5233,0
2059000036,5,green,1,LOSS,red,0.61,0
2059000037,3,green,0,WIN,green,0.65,1
2059000038,4,red,0,LOSS,green,0.65,1
2059000039,4,red,0,LOSS,green,0.5614,0
2059000040,0,red,1,LOSS,green,0.5233,0
2059000041,9,green,0,WIN,green,0.55,0
2059000042,9,green,0,WIN,green,0.5222,0
2059000043,0,red,1,LOSS,green,0.7,1
2059000044,3,green,0,LOSS,red,0.5667,0
2059000045,1,green,0,LOSS,red,0.56,0
2059000046,1,green,0,WIN,green,0.6429,0
2059000047,9,green,0,WIN,green,0.64,0
2059000048,4,red,0,LOSS,green,0.78,1
2059000049,4,red,0,WIN,red,0.72,1
2059000050,0,red,1,WIN,red,0.72,1
2059000051,0,red,1,WIN,red,0.5333,0
2059000052,7,green,0,LOSS,red,0.78,1
2059000053,5,green,1,WIN,green,0.72,1
2059000054,0,red,1,LOSS,green,0.72,1
2059000055,8,red,0,WIN,red,0.6567,1
2059000056,5,green,1,WIN,green,0.51,0
2059000057,3,green,0,LOSS,red,0.6757,1
2059000058,8,red,0,WIN,red,0.5667,0
2059000059,4,red,0,WIN,red,0.55,0
2059000060,9,green,0,WIN,green,0.62,0
2059000061,4,red,0,LOSS,green,0.5857,0
2059000062,5,green,1,LOSS,red,0.65,1
2059000063,9,green,0,WIN,green,0.7,1
2059000064,1,green,0,WIN,green,0.5614,0
2059000065,0,red,1,LOSS,green,0.7329,1
2059000066,6,red,0,LOSS,green,0.54,0
2059000067,2,red,0,LOSS,green,0.5909,0
2059000068,4,red,0,WIN,red,0.5286,0
2059000069,3,green,0,LOSS,red,0.78,1
2059000070,0,red,1,LOSS,green,0.72,1
2059000071,1,green,0,LOSS,red,0.65,1
2059000072,1,green,0,WIN,green,0.7,1
2059000073,8,red,0,WIN,red,0.7233,1
2059000074,4,red,0,WIN,red,0.71,1
2059000075,8,red,0,WIN,red,0.5678,0
2059000076,7,green,0,LOSS,red,0.6122,0
2059000077,8,red,0,LOSS,green,0.54,0
2059000078,9,green,0,LOSS,red,0.54,0
2059000079,6,red,0,LOSS,green,0.7,1
2059000080,0,red,1,WIN,red,0.7,1
2059000081,9,green,0,WIN,green,0.5211,0
2059000082,5,green,1,LOSS,red,0.5043,0
2059000083,4,red,0,LOSS,green,0.5857,0
2059000084,2,red,0,WIN,red,0.7,1
2059000085,5,green,1,WIN,green,0.61,0
2059000086,9,green,0,WIN,green,0.5462,0
2059000087,9,green,0,LOSS,red,0.55,0
2059000088,7,green,0,WIN,green,0.5355,0
2059000089,8,red,0,LOSS,green,0.78,1
2059000090,6,red,0,WIN,red,0.72,1
2059000091,5,green,1,LOSS,red,0.72,1
2059000092,5,green,1,WIN,green,0.5614,0
2059000093,5,green,1,WIN,green,0.65,1
2059000094,3,green,0,LOSS,red,0.61,0
2059000095,0,red,1,LOSS,green,0.78,1
2059000096,7,green,0,LOSS,red,0.72,1
2059000097,7,green,0,LOSS,red,0.5433,0
2059000098,5,green,1,WIN,green,0.6757,1
2059000099,6,red,0,LOSS,green,0.63,0
2059000100,9,green,0,WIN,green,0.71,1
2059000101,1,green,0,WIN,green,0.6567,1
2059000102,1,green,0,WIN,green,0.5233,0
2059000103,6,red,0,LOSS,green,0.7233,1
2059000104,9,green,0,WIN,green,0.7233,1
2059000105,5,green,1,WIN,green,0.71,1
2059000106,9,green,0,WIN,green,0.5614,0
2059000107,8,red,0,LOSS,green,0.6757,1
2059000108,9,green,0,WIN,green,0.7329,1
2059000109,7,green,0,WIN,green,0.7233,1
2059000110,2,red,0,LOSS,green,0.65,1
2059000111,6,red,0,LOSS,green,0.54,0
2059000112,6,red,0,WIN,red,0.53,0
2059000113,4,red,0,LOSS,green,0.5667,0
2059000114,9,green,0,LOSS,red,0.78,1
2059000115,0,red,1,LOSS,green,0.72,1
2059000116,7,green,0,LOSS,red,0.5614,0
2059000117,9,green,0,WIN,green,0.7,1
2059000118,2,red,0,WIN,red,0.7329,1
2059000119,7,green,0,LOSS,red,0.7233,1
2059000120,8,red,0,LOSS,green,0.62,0
2059000121,3,green,0,LOSS,red,0.7,1
2059000122,0,red,1,LOSS,green,0.7,1
2059000123,9,green,0,LOSS,red,0.7,1
2059000124,8,red,0,LOSS,green,0.7,1
2059000125,7,green,0,LOSS,red,0.7,1
2059000126,9,green,0,WIN,green,0.7,1
2059000127,1,green,0,LOSS,red,0.61,0
2059000128,5,green,1,WIN,green,0.5614,0
2059000129,2,red,0,LOSS,green,0.78,1
2059000130,2,red,0,WIN,red,0.72,1
2059000131,1,green,0,LOSS,red,0.72,1
2059000132,1,green,0,WIN,green,0.65,1
2059000133,4,red,0,LOSS,green,0.6122,0
2059000134,8,red,0,WIN,red,0.5433,0
2059000135,9,green,0,WIN,green,0.5909,0
2059000136,2,red,0,LOSS,green,0.55,0
2059000137,0,red,1,WIN,red,0.65,1
2059000138,1,green,0,LOSS,red,0.6186,0
2059000139,0,red,1,WIN,red,0.54,0
2059000140,0,red,1,WIN,red,0.6567,1
2059000141,2,red,0,WIN,red,0.5614,0
2059000142,9,green,0,LOSS,red,0.63,0
2059000143,9,green,0,LOSS,red,0.69,1
2059000144,2,red,0,WIN,red,0.6757,1
2059000145,5,green,1,LOSS,red,0.65,1
2059000146,9,green,0,LOSS,red,0.5476,0
2059000147,1,green,0,LOSS,red,0.7,1
2059000148,2,red,0,WIN,red,0.7,1
2059000149,3,green,0,WIN,green,0.7,1
2059000150,1,green,0,WIN,green,0.7011,1
2059000151,3,green,0,WIN,green,0.5614,0
2059000152,5,green,1,WIN,green,0.64,0
2059000153,9,green,0,WIN,green,0.78,1
2059000154,4,red,0,LOSS,green,0.78,1
2059000155,5,green,1,LOSS,red,0.72,1
2059000156,0,red,1,LOSS,green,0.65,1
2059000157,4,red,0,WIN,red,0.7,1
2059000158,5,green,1,WIN,green,0.71,1
2059000159,6,red,0,LOSS,green,0.5614,0
2059000160,5,green,1,WIN,green,0.5,0
2059000161,1,green,0,WIN,green,0.7,1
2059000162,2,red,0,LOSS,green,0.5286,0
2059000163,8,red,0,LOSS,green,0.5286,0
2059000164,2,red,0,WIN,red,0.65,1
2059000165,0,red,1,WIN,red,0.65,1
2059000166,0,red,1,WIN,red,0.78,1
2059000167,9,green,0,LOSS,red,0.78,1
2059000168,8,red,0,LOSS,green,0.72,1
2059000169,2,red,0,LOSS,green,0.5433,0
2059000170,0,red,1,WIN,red,0.6122,0
2059000171,4,red,0,WIN,red,0.65,1
2059000172,6,red,0,WIN,red,0.78,1
2059000173,3,green,0,LOSS,red,0.78,1
2059000174,5,green,1,WIN,green,0.72,1
2059000175,5,green,1,WIN,green,0.72,1
2059000176,1,green,0,LOSS,red,0.55,0
2059000177,8,red,0,LOSS,green,0.78,1
2059000178,3,green,0,LOSS,red,0.72,1
2059000179,9,green,0,WIN,green,0.5043,0
2059000180,4,red,0,LOSS,green,0.69,1
2059000181,3,green,0,WIN,green,0.6567,1
2059000182,5,green,1,WIN,green,0.6757,1
2059000183,2,red,0,LOSS,green,0.5614,0
2059000184,5,green,1,WIN,green,0.5614,0
2059000185,3,green,0,WIN,green,0.6362,0
2059000186,8,red,0,LOSS,green,0.54,0
2059000187,7,green,0,WIN,green,0.65,1
2059000188,3,green,0,WIN,green,0.6471,0
2059000189,5,green,1,WIN,green,0.5233,0
2059000190,3,green,0,WIN,green,0.5043,0
2059000191,2,red,0,LOSS,green,0.78,1
2059000192,1,green,0,LOSS,red,0.72,1
2059000193,8,red,0,LOSS,green,0.5678,0
2059000194,6,red,0,WIN,red,0.7,1
2059000195,8,red,0,WIN,red,0.53,0
2059000196,0,red,1,LOSS,green,0.5,0
2059000197,6,red,0,WIN,red,0.78,1
2059000198,3,green,0,LOSS,red,0.78,1
2059000199,5,green,1,WIN,green,0.72,1
2059000200,6,red,0,LOSS,green,0.72,1
2059000201,1,green,0,WIN,green,0.53,0
2059000202,8,red,0,WIN,red,0.6567,1
2059000203,7,green,0,LOSS,red,0.7,1
2059000204,6,red,0,LOSS,green,0.7,1
2059000205,3,green,0,LOSS,red,0.7,1
2059000206,1,green,0,WIN,green,0.7,1
2059000207,2,red,0,LOSS,green,0.5043,0
2059000208,4,red,0,WIN,red,0.5222,0
2059000209,0,red,1,WIN,red,0.5667,0
2059000210,1,green,0,LOSS,red,0.65,1
2059000211,8,red,0,LOSS,green,0.5,0
2059000212,5,green,1,WIN,green,0.53,0
2059000213,4,red,0,LOSS,green,0.7,1
2059000214,4,red,0,WIN,red,0.7,1
2059000215,0,red,1,LOSS,green,0.53,0
2059000216,8,red,0,WIN,red,0.79,1
2059000217,8,red,0,WIN,red,0.78,1
2059000218,0,red,1,WIN,red,0.78,1
2059000219,0,red,1,WIN,red,0.78,1
2059000220,4,red,0,WIN,red,0.78,1
2059000221,0,red,1,WIN,red,0.78,1
2059000222,1,green,0,LOSS,red,0.78,1
2059000223,1,green,0,WIN,green,0.72,1
2059000224,5,green,1,WIN,green,0.72,1
2059000225,3,green,0,LOSS,red,0.5355,0
2059000226,0,red,1,LOSS,green,0.78,1
2059000227,4,red,0,WIN,red,0.72,1
2059000228,8,red,0,WIN,red,0.72,1
2059000229,4,red,0,WIN,red,0.5286,0
2059000230,1,green,0,LOSS,red,0.78,1
2059000231,7,green,0,WIN,green,0.72,1
2059000232,2,red,0,LOSS,green,0.72,1
2059000233,2,red,0,WIN,red,0.67,1
2059000234,0,red,1,LOSS,green,0.5211,0
2059000235,1,green,0,LOSS,red,0.5043,0
2059000236,7,green,0,LOSS,red,0.5678,0
2059000237,7,green,0,WIN,green,0.5909,0
2059000238,0,red,1,LOSS,green,0.65,1
2059000239,9,green,0,LOSS,red,0.5857,0
2059000240,7,green,0,WIN,green,0.5,0
2059000241,7,green,0,WIN,green,0.65,1
2059000242,7,green,0,WIN,green,0.6567,1
2059000243,2,red,0,LOSS,green,0.78,1
2059000244,5,green,1,LOSS,red,0.72,1
2059000245,5,green,1,WIN,green,0.55,0
2059000246,9,green,0,WIN,green,0.6567,1
2059000247,6,red,0,LOSS,green,0.65,1
2059000248,7,green,0,WIN,green,0.71,1
2059000249,4,red,0,LOSS,green,0.7329,1
2059000250,5,green,1,LOSS,red,0.7,1
2059000251,3,green,0,WIN,green,0.7,1
2059000252,7,green,0,WIN,green,0.5614,0
2059000253,6,red,0,LOSS,green,0.67,1
2059000254,5,green,1,WIN,green,0.6186,0
2059000255,4,red,0,LOSS,green,0.5233,0
2059000256,1,green,0,LOSS,red,0.7,1
2059000257,3,green,0,WIN,green,0.7,1
2059000258,3,green,0,WIN,green,0.65,1
2059000259,3,green,0,WIN,green,0.6445,0
2059000260,0,red,1,LOSS,green,0.78,1
2059000261,9,green,0,LOSS,red,0.72,1
2059000262,2,red,0,LOSS,green,0.65,1
2059000263,8,red,0,WIN,red,0.7,1
2059000264,4,red,0,WIN,red,0.5433,0
2059000265,6,red,0,LOSS,green,0.7,1
2059000266,8,red,0,WIN,red,0.78,1
2059000267,3,green,0,LOSS,red,0.78,1
2059000268,2,red,0,LOSS,green,0.72,1
2059000269,9,green,0,LOSS,red,0.5043,0
2059000270,2,red,0,LOSS,green,0.7,1
2059000271,4,red,0,WIN,red,0.7,1
2059000272,0,red,1,LOSS,green,0.53,0
2059000273,9,green,0,LOSS,red,0.79,1
2059000274,2,red,0,WIN,red,0.6233,0
2059000275,6,red,0,WIN,red,0.6757,1
2059000276,5,green,1,LOSS,red,0.65,1
2059000277,4,red,0,WIN,red,0.65,1
2059000278,8,red,0,WIN,red,0.65,1
2059000279,8,red,0,WIN,red,0.65,1
2059000280,1,green,0,LOSS,red,0.65,1
2059000281,8,red,0,WIN,red,0.6567,1
2059000282,2,red,0,WIN,red,0.54,0
2059000283,6,red,0,WIN,red,0.5678,0
2059000284,7,green,0,LOSS,red,0.65,1
2059000285,4,red,0,WIN,red,0.5043,0
2059000286,8,red,0,WIN,red,0.5678,0
2059000287,1,green,0,LOSS,red,0.65,1
2059000288,6,red,0,WIN,red,0.6186,0
2059000289,6,red,0,WIN,red,0.65,1
2059000290,1,green,0,LOSS,red,0.6122,0
2059000291,9,green,0,LOSS,red,0.6186,0
2059000292,2,red,0,WIN,red,0.5857,0
2059000293,4,red,0,WIN,red,0.71,1
2059000294,6,red,0,WIN,red,0.7233,1
2059000295,4,red,0,WIN,red,0.71,1
2059000296,5,green,1,LOSS,red,0.78,1
2059000297,7,green,0,WIN,green,0.72,1
2059000298,8,red,0,LOSS,green,0.72,1
2059000299,5,green,1,LOSS,red,0.6757,1
2059000300,7,green,0,LOSS,red,0.6567,1
2059000301,2,red,0,LOSS,green,0.62,0
2059000302,9,green,0,WIN,green,0.5333,0
2059000303,6,red,0,LOSS,green,0.6186,0
2059000304,1,green,0,LOSS,red,0.7,1
2059000305,3,green,0,WIN,green,0.7,1
2059000306,4,red,0,LOSS,green,0.79,1
2059000307,7,green,0,WIN,green,0.65,1
2059000308,4,red,0,LOSS,green,0.5614,0
2059000309,6,red,0,WIN,red,0.7,1
2059000310,1,green,0,WIN,green,0.5,0
2059000311,7,green,0,WIN,green,0.5222,0
2059000312,5,green,1,WIN,green,0.64,0
2059000313,7,green,0,WIN,green,0.54,0
2059000314,0,red,1,LOSS,green,0.78,1
2059000315,7,green,0,LOSS,red,0.72,1
2059000316,7,green,0,WIN,green,0.54,0
2059000317,8,red,0,LOSS,green,0.67,1
2059000318,6,red,0,LOSS,green,0.6757,1
2059000319,7,green,0,LOSS,red,0.51,0
2059000320,6,red,0,WIN,red,0.57,0
2059000321,2,red,0,LOSS,green,0.5667,0
2059000322,0,red,1,WIN,red,0.65,1
2059000323,6,red,0,WIN,red,0.65,1
2059000324,2,red,0,WIN,red,0.78,1
2059000325,4,red,0,WIN,red,0.78,1
2059000326,6,red,0,WIN,red,0.78,1
2059000327,6,red,0,WIN,red,0.78,1
2059000328,1,green,0,LOSS,red,0.78,1
2059000329,4,red,0,LOSS,green,0.72,1
2059000330,1,green,0,LOSS,red,0.5233,0
2059000331,9,green,0,WIN,green,0.7,1
2059000332,6,red,0,WIN,red,0.71,1
2059000333,6,red,0,WIN,red,0.79,1
2059000334,1,green,0,LOSS,red,0.6186,0
2059000335,0,red,1,WIN,red,0.62,0
2059000336,6,red,0,LOSS,green,0.6333,0
2059000337,1,green,0,LOSS,red,0.65,1
2059000338,1,green,0,LOSS,red,0.5667,0
2059000339,3,green,0,LOSS,red,0.6,0
2059000340,0,red,1,WIN,red,0.5286,0
2059000341,9,green,0,WIN,green,0.5667,0
2059000342,7,green,0,WIN,green,0.65,1
2059000343,1,green,0,WIN,green,0.6122,0
2059000344,4,red,0,LOSS,green,0.71,1
2059000345,5,green,1,WIN,green,0.7456,1
2059000346,9,green,0,WIN,green,0.69,1
2059000347,6,red,0,LOSS,green,0.65,1
2059000348,7,green,0,WIN,green,0.5233,0
2059000349,0,red,1,LOSS,green,0.69,1
2059000350,8,red,0,WIN,red,0.7,1
2059000351,7,green,0,WIN,green,0.5222,0
2059000352,7,green,0,WIN,green,0.54,0
2059000353,2,red,0,LOSS,green,0.6567,1
2059000354,2,red,0,WIN,red,0.6,0
2059000355,6,red,0,LOSS,green,0.5433,0
2059000356,0,red,1,WIN,red,0.7329,1
2059000357,3,green,0,LOSS,red,0.78,1
2059000358,0,red,1,LOSS,green,0.72,1
2059000359,9,green,0,LOSS,red,0.5233,0
2059000360,8,red,0,LOSS,green,0.7,1
2059000361,0,red,1,WIN,red,0.7,1
2059000362,9,green,0,WIN,green,0.53,0
2059000363,5,green,1,WIN,green,0.61,0
2059000364,3,green,0,WIN,green,0.55,0
2059000365,0,red,1,LOSS,green,0.5355,0
2059000366,5,green,1,WIN,green,0.5857,0
2059000367,7,green,0,WIN,green,0.6186,0
2059000368,2,red,0,LOSS,green,0.63,0
2059000369,9,green,0,LOSS,red,0.61,0
2059000370,8,red,0,LOSS,green,0.6567,1
2059000371,1,green,0,LOSS,red,0.7,1
2059000372,1,green,0,WIN,green,0.7,1
2059000373,5,green,1,WIN,green,0.74,1
2059000374,7,green,0,WIN,green,0.6757,1
2059000375,4,red,0,LOSS,green,0.78,1
2059000376,1,green,0,LOSS,red,0.72,1
2059000377,0,red,1,LOSS,green,0.65,1
2059000378,4,red,0,WIN,red,0.7,1
2059000379,3,green,0,LOSS,red,0.5529,0
2059000380,4,red,0,LOSS,green,0.5233,0
2059000381,1,green,0,WIN,green,0.5222,0
2059000382,7,green,0,WIN,green,0.7,1
2059000383,0,red,1,LOSS,green,0.5,0
2059000384,0,red,1,LOSS,green,0.5,0
2059000385,0,red,1,WIN,red,0.65,1
2059000386,4,red,0,WIN,red,0.65,1
2059000387,0,red,1,WIN,red,0.78,1
2059000388,2,red,0,WIN,red,0.78,1
2059000389,9,green,0,LOSS,red,0.78,1
2059000390,4,red,0,LOSS,green,0.72,1
2059000391,5,green,1,LOSS,red,0.5131,0
2059000392,1,green,0,WIN,green,0.7,1
2059000393,6,red,0,WIN,red,0.7233,1
2059000394,6,red,0,WIN,red,0.79,1
2059000395,7,green,0,LOSS,red,0.65,1
2059000396,1,green,0,LOSS,red,0.6333,0
2059000397,8,red,0,LOSS,green,0.55,0
2059000398,1,green,0,LOSS,red,0.5667,0
2059000399,7,green,0,WIN,green,0.65,1
2059000400,5,green,1,WIN,green,0.6757,1
2059000401,1,green,0,WIN,green,0.63,0
2059000402,0,red,1,LOSS,green,0.78,1
2059000403,4,red,0,WIN,red,0.72,1
2059000404,7,green,0,LOSS,red,0.72,1
2059000405,8,red,0,LOSS,green,0.6122,0
2059000406,6,red,0,WIN,red,0.51,0
2059000407,8,red,0,LOSS,green,0.5667,0
2059000408,0,red,1,WIN,red,0.6122,0
2059000409,7,green,0,LOSS,red,0.78,1
2059000410,7,green,0,WIN,green,0.72,1
2059000411,3,green,0,WIN,green,0.72,1
2059000412,9,green,0,WIN,green,0.7,1
2059000413,2,red,0,LOSS,green,0.78,1
2059000414,6,red,0,WIN,red,0.72,1
2059000415,8,red,0,WIN,red,0.72,1
2059000416,8,red,0,WIN,red,0.62,0
2059000417,8,red,0,WIN,red,0.78,1
2059000418,6,red,0,WIN,red,0.78,1
2059000419,9,green,0,LOSS,red,0.78,1
2059000420,9,green,0,WIN,green,0.72,1
2059000421,4,red,0,LOSS,green,0.72,1
2059000422,4,red,0,WIN,red,0.5614,0
2059000423,6,red,0,WIN,red,0.5233,0
2059000424,3,green,0,WIN,green,0.53,0
2059000425,1,green,0,LOSS,red,0.5233,0
2059000426,5,green,1,WIN,green,0.5667,0
2059000427,7,green,0,WIN,green,0.5678,0
2059000428,2,red,0,LOSS,green,0.78,1
2059000429,1,green,0,LOSS,red,0.72,1
2059000430,9,green,0,WIN,green,0.5678,0
2059000431,3,green,0,WIN,green,0.6445,0
2059000432,3,green,0,WIN,green,0.5614,0
2059000433,3,green,0,WIN,green,0.78,1
2059000434,0,red,1,LOSS,green,0.78,1
2059000435,9,green,0,LOSS,red,0.72,1
2059000436,9,green,0,WIN,green,0.65,1
2059000437,5,green,1,WIN,green,0.6122,0
2059000438,1,green,0,WIN,green,0.65,1
2059000439,4,red,0,LOSS,green,0.78,1
2059000440,3,green,0,LOSS,red,0.72,1
2059000441,3,green,0,WIN,green,0.65,1
2059000442,3,green,0,WIN,green,0.71,1
2059000443,6,red,0,LOSS,green,0.65,1
2059000444,7,green,0,WIN,green,0.79,1
2059000445,6,red,0,LOSS,green,0.7011,1
2059000446,1,green,0,LOSS,red,0.7,1
2059000447,9,green,0,WIN,green,0.7,1
2059000448,5,green,1,WIN,green,0.6122,0
2059000449,5,green,1,WIN,green,0.6669,1
2059000450,2,red,0,LOSS,green,0.78,1
2059000451,3,green,0,LOSS,red,0.72,1
2059000452,3,green,0,WIN,green,0.65,1
2059000453,5,green,1,WIN,green,0.69,1
2059000454,2,red,0,LOSS,green,0.5233,0
2059000455,4,red,0,LOSS,green,0.79,1
2059000456,3,green,0,WIN,green,0.7329,1
2059000457,8,red,0,WIN,red,0.5433,0
2059000458,4,red,0,LOSS,green,0.5667,0
2059000459,1,green,0,WIN,green,0.5222,0
2059000460,1,green,0,LOSS,red,0.5333,0
2059000461,3,green,0,LOSS,red,0.5667,0
2059000462,1,green,0,LOSS,red,0.5435,0
2059000463,0,red,1,LOSS,green,0.78,1
2059000464,2,red,0,WIN,red,0.72,1
2059000465,1,green,0,LOSS,red,0.72,1
2059000466,4,red,0,LOSS,green,0.65,1
2059000467,5,green,1,LOSS,red,0.53,0
2059000468,3,green,0,WIN,green,0.7,1
2059000469,0,red,1,LOSS,green,0.65,1
2059000470,4,red,0,WIN,red,0.5222,0
2059000471,3,green,0,LOSS,red,0.65,1
2059000472,2,red,0,WIN,red,0.5857,0
2059000473,7,green,0,WIN,green,0.5857,0
2059000474,1,green,0,WIN,green,0.7,1
2059000475,6,red,0,LOSS,green,0.5678,0
2059000476,7,green,0,LOSS,red,0.54,0
2059000477,5,green,1,WIN,green,0.5667,0
2059000478,7,green,0,WIN,green,0.6186,0
2059000479,7,green,0,WIN,green,0.54,0
2059000480,7,green,0,WIN,green,0.78,1
2059100001,9,green,0,WIN,green,0.78,1
2059100002,8,red,0,LOSS,green,0.78,1
2059100003,4,red,0,WIN,red,0.72,1
2059100004,6,red,0,WIN,red,0.72,1
2059100005,7,green,0,LOSS,red,0.51,0
2059100006,1,green,0,WIN,green,0.5614,0
2059100007,9,green,0,WIN,green,0.65,1
2059100008,6,red,0,LOSS,green,0.5614,0
2059100009,3,green,0,LOSS,red,0.55,0
2059100010,3,green,0,WIN,green,0.5667,0
2059100011,4,red,0,LOSS,green,0.65,1
2059100012,3,green,0,LOSS,red,0.53,0
2059100013,1,green,0,WIN,green,0.63,0
2059100014,6,red,0,LOSS,green,0.5233,0
2059100015,8,red,0,LOSS,green,0.6122,0
2059100016,7,green,0,LOSS,red,0.7,1
2059100017,4,red,0,WIN,red,0.61,0
2059100018,9,green,0,WIN,green,0.5333,0
2059100019,8,red,0,LOSS,green,0.7,1
2059100020,9,green,0,LOSS,red,0.7,1
2059100021,2,red,0,LOSS,green,0.7,1
2059100022,3,green,0,LOSS,red,0.7,1
2059100023,6,red,0,LOSS,green,0.7,1
2059100024,6,red,0,WIN,red,0.7,1
2059100025,6,red,0,WIN,red,0.65,1
2059100026,3,green,0,LOSS,red,0.5614,0
2059100027,1,green,0,LOSS,red,0.6567,1
2059100028,8,red,0,LOSS,green,0.62,0
2059100029,1,green,0,LOSS,red,0.5614,0
2059100030,9,green,0,WIN,green,0.5286,0
2059100031,6,red,0,LOSS,green,0.7,1
2059100032,6,red,0,LOSS,green,0.5286,0
2059100033,1,green,0,LOSS,red,0.5667,0
2059100034,8,red,0,WIN,red,0.61,0
2059100035,6,red,0,LOSS,green,0.5462,0
2059100036,6,red,0,WIN,red,0.65,1
2059100037,3,green,0,LOSS,red,0.63,0
2059100038,9,green,0,LOSS,red,0.67,1
2059100039,1,green,0,LOSS,red,0.69,1
2059100040,5,green,1,WIN,green,0.6333,0
2059100041,5,green,1,WIN,green,0.78,1
2059100042,4,red,0,LOSS,green,0.78,1
2059100043,4,red,0,WIN,red,0.72,1
2059100044,0,red,1,WIN,red,0.72,1
2059100045,5,green,1,WIN,green,0.5043,0
2059100046,8,red,0,LOSS,green,0.65,1
2059100047,1,green,0,WIN,green,0.54,0
2059100048,4,red,0,LOSS,green,0.7,1
2059100049,5,green,1,LOSS,red,0.7,1
2059100050,3,green,0,WIN,green,0.7,1
2059100051,3,green,0,WIN,green,0.7,1
2059100052,6,red,0,LOSS,green,0.65,1
2059100053,9,green,0,WIN,green,0.64,0
2059100054,8,red,0,WIN,red,0.53,0
2059100055,4,red,0,WIN,red,0.7,1
2059100056,5,green,1,WIN,green,0.5,0
2059100057,8,red,0,LOSS,green,0.5233,0
2059100058,3,green,0,WIN,green,0.5667,0
2059100059,5,green,1,WIN,green,0.7,1
2059100060,8,red,0,WIN,red,0.62,0
2059100061,2,red,0,LOSS,green,0.5,0
2059100062,7,green,0,LOSS,red,0.65,1
2059100063,6,red,0,WIN,red,0.6,0
2059100064,0,red,1,LOSS,green,0.5667,0
2059100065,7,green,0,LOSS,red,0.65,1
2059100066,9,green,0,LOSS,red,0.5286,0
2059100067,1,green,0,WIN,green,0.5667,0
2059100068,9,green,0,LOSS,red,0.5333,0
2059100069,2,red,0,LOSS,green,0.78,1
2059100070,7,green,0,LOSS,red,0.72,1
2059100071,1,green,0,WIN,green,0.65,1
2059100072,2,red,0,LOSS,green,0.6757,1
2059100073,3,green,0,WIN,green,0.64,0
2059100074,6,red,0,LOSS,green,0.6445,0
2059100075,7,green,0,LOSS,red,0.7,1
2059100076,1,green,0,WIN,green,0.7,1
2059100077,7,green,0,WIN,green,0.7456,1
2059100078,8,red,0,LOSS,green,0.69,1
2059100079,8,red,0,LOSS,green,0.6567,1
2059100080,6,red,0,LOSS,green,0.5769,0
2059100081,2,red,0,WIN,red,0.54,0
2059100082,7,green,0,LOSS,red,0.78,1
2059100083,0,red,1,LOSS,green,0.72,1
2059100084,2,red,0,WIN,red,0.5043,0
2059100085,4,red,0,WIN,red,0.63,0
2059100086,8,red,0,WIN,red,0.65,1
2059100087,8,red,0,WIN,red,0.78,1
2059100088,3,green,0,LOSS,red,0.78,1
2059100089,8,red,0,LOSS,green,0.72,1
2059100090,6,red,0,LOSS,green,0.53,0
2059100091,3,green,0,LOSS,red,0.6445,0
2059100092,0,red,1,WIN,red,0.6233,0
2059100093,0,red,1,WIN,red,0.6186,0
2059100094,3,green,0,LOSS,red,0.65,1
2059100095,0,red,1,WIN,red,0.65,1
2059100096,6,red,0,WIN,red,0.65,1
2059100097,3,green,0,LOSS,red,0.65,1
2059100098,1,green,0,LOSS,red,0.6567,1
2059100099,0,red,1,WIN,red,0.7,1
2059100100,0,red,1,WIN,red,0.7233,1
2059100101,6,red,0,WIN,red,0.71,1
2059100102,0,red,1,WIN,red,0.7233,1
2059100103,2,red,0,WIN,red,0.78,1
2059100104,1,green,0,LOSS,red,0.78,1
2059100105,3,green,0,WIN,green,0.72,1
2059100106,7,green,0,WIN,green,0.72,1
2059100107,0,red,1,LOSS,green,0.53,0
2059100108,9,green,0,LOSS,red,0.65,1
2059100109,0,red,1,LOSS,green,0.5857,0
2059100110,0,red,1,WIN,red,0.7,1
2059100111,5,green,1,WIN,green,0.5,0
2059100112,8,red,0,LOSS,green,0.51,0
2059100113,7,green,0,WIN,green,0.5857,0
2059100114,6,red,0,LOSS,green,0.7,1
2059100115,3,green,0,LOSS,red,0.7,1
2059100116,1,green,0,WIN,green,0.7,1
2059100117,2,red,0,WIN,red,0.5667,0
2059100118,9,green,0,WIN,green,0.7,1
2059100119,3,green,0,LOSS,red,0.7,1
2059100120,4,red,0,LOSS,green,0.64,0
2059100121,2,red,0,LOSS,green,0.65,1
2059100122,6,red,0,WIN,red,0.62,0
2059100123,4,red,0,LOSS,green,0.54,0
2059100124,8,red,0,WIN,red,0.78,1
2059100125,2,red,0,WIN,red,0.78,1
2059100126,9,green,0,LOSS,red,0.78,1
2059100127,6,red,0,LOSS,green,0.72,1
2059100128,4,red,0,WIN,red,0.5233,0
2059100129,8,red,0,WIN,red,0.6233,0
2059100130,6,red,0,WIN,red,0.6186,0
2059100131,7,green,0,LOSS,red,0.78,1
2059100132,6,red,0,LOSS,green,0.72,1
2059100133,8,red,0,LOSS,green,0.53,0
2059100134,7,green,0,LOSS,red,0.6186,0
2059100135,8,red,0,WIN,red,0.6362,0
2059100136,9,green,0,LOSS,red,0.64,0
2059100137,7,green,0,WIN,green,0.7,1
2059100138,0,red,1,WIN,red,0.54,0
2059100139,1,green,0,LOSS,red,0.5667,0
2059100140,3,green,0,WIN,green,0.62,0
2059100141,8,red,0,LOSS,green,0.6122,0
2059100142,4,red,0,LOSS,green,0.65,1
2059100143,6,red,0,WIN,red,0.6333,0
2059100144,1,green,0,WIN,green,0.5,0
2059100145,9,green,0,WIN,green,0.5667,0
2059100146,9,green,0,WIN,green,0.6333,0
2059100147,2,red,0,LOSS,green,0.65,1
2059100148,0,red,1,WIN,red,0.5222,0
2059100149,4,red,0,WIN,red,0.71,1
2059100150,6,red,0,WIN,red,0.65,1
2059100151,0,red,1,WIN,red,0.78,1
2059100152,2,red,0,WIN,red,0.78,1
2059100153,6,red,0,WIN,red,0.78,1
2059100154,2,red,0,WIN,red,0.78,1
2059100155,2,red,0,WIN,red,0.78,1
2059100156,2,red,0,WIN,red,0.78,1
2059100157,0,red,1,WIN,red,0.78,1
2059100158,6,red,0,WIN,red,0.78,1
2059100159,6,red,0,WIN,red,0.78,1
2059100160,1,green,0,LOSS,red,0.78,1
2059100161,4,red,0,LOSS,green,0.72,1
2059100162,0,red,1,WIN,red,0.5614,0
2059100163,4,red,0,WIN,red,0.6567,1
2059100164,0,red,1,WIN,red,0.64,0
2059100165,3,green,0,LOSS,red,0.78,1
2059100166,3,green,0,WIN,green,0.72,1
2059100167,3,green,0,WIN,green,0.72,1
2059100168,2,red,0,LOSS,green,0.7,1
2059100169,6,red,0,WIN,red,0.65,1
2059100170,1,green,0,LOSS,red,0.69,1
2059100171,3,green,0,LOSS,red,0.5769,0
2059100172,9,green,0,WIN,green,0.65,1
2059100173,3,green,0,WIN,green,0.5614,0
2059100174,3,green,0,WIN,green,0.78,1
2059100175,6,red,0,LOSS,green,0.78,1
2059100176,2,red,0,WIN,red,0.72,1
2059100177,4,red,0,WIN,red,0.72,1
2059100178,9,green,0,WIN,green,0.54,0
2059100179,6,red,0,LOSS,green,0.5678,0
2059100180,3,green,0,WIN,green,0.55,0
2059100181,3,green,0,WIN,green,0.7,1
2059100182,3,green,0,LOSS,red,0.6143,0
2059100183,7,green,0,WIN,green,0.5545,0
2059100184,1,green,0,WIN,green,0.78,1
2059100185,9,green,0,WIN,green,0.78,1
2059100186,0,red,1,LOSS,green,0.78,1
2059100187,8,red,0,WIN,red,0.72,1
2059100188,1,green,0,LOSS,red,0.72,1
2059100189,5,green,1,WIN,green,0.6122,0
2059100190,2,red,0,LOSS,green,0.65,1
2059100191,0,red,1,WIN,red,0.53,0
2059100192,4,red,0,LOSS,green,0.5667,0
2059100193,4,red,0,WIN,red,0.6567,1
2059100194,5,green,1,LOSS,red,0.78,1
2059100195,4,red,0,LOSS,green,0.72,1
2059100196,2,red,0,WIN,red,0.54,0
2059100197,3,green,0,LOSS,red,0.65,1
2059100198,8,red,0,WIN,red,0.6567,1
2059100199,7,green,0,LOSS,red,0.6122,0
2059100200,0,red,1,LOSS,green,0.7,1
2059100201,8,red,0,WIN,red,0.7,1
2059100202,3,green,0,LOSS,red,0.5614,0
2059100203,6,red,0,WIN,red,0.5131,0
2059100204,6,red,0,WIN,red,0.63,0
2059100205,0,red,1,WIN,red,0.6567,1
2059100206,4,red,0,WIN,red,0.6186,0
2059100207,9,green,0,LOSS,red,0.78,1
2059100208,4,red,0,LOSS,green,0.72,1
2059100209,8,red,0,WIN,red,0.5233,0
2059100210,6,red,0,WIN,red,0.5678,0
2059100211,3,green,0,LOSS,red,0.6567,1
2059100212,7,green,0,LOSS,red,0.54,0
2059100213,0,red,1,WIN,red,0.71,1
2059100214,0,red,1,WIN,red,0.54,0
2059100215,5,green,1,LOSS,red,0.5614,0
2059100216,9,green,0,LOSS,red,0.6471,0
2059100217,4,red,0,WIN,red,0.62,0
2059100218,6,red,0,WIN,red,0.5667,0
2059100219,9,green,0,WIN,green,0.6333,0
2059100220,7,green,0,WIN,green,0.5222,0
2059100221,9,green,0,LOSS,red,0.7,1
2059100222,9,green,0,WIN,green,0.65,1
2059100223,9,green,0,WIN,green,0.78,1
2059100224,4,red,0,LOSS,green,0.78,1
2059100225,7,green,0,LOSS,red,0.72,1
2059100226,6,red,0,LOSS,green,0.65,1
2059100227,9,green,0,LOSS,red,0.7,1
2059100228,1,green,0,WIN,green,0.7,1
2059100229,1,green,0,WIN,green,0.63,0
2059100230,8,red,0,LOSS,green,0.6567,1
2059100231,3,green,0,WIN,green,0.63,0
2059100232,0,red,1,WIN,red,0.5433,0
2059100233,5,green,1,LOSS,red,0.7,1
2059100234,0,red,1,LOSS,green,0.7,1
2059100235,7,green,0,LOSS,red,0.7,1
2059100236,8,red,0,LOSS,green,0.7,1
2059100237,3,green,0,LOSS,red,0.7,1
2059100238,6,red,0,LOSS,green,0.7,1
2059100239,2,red,0,WIN,red,0.7,1
2059100240,0,red,1,WIN,red,0.71,1
2059100241,8,red,0,WIN,red,0.54,0
2059100242,1,green,0,LOSS,red,0.78,1
2059100243,0,red,1,LOSS,green,0.72,1
2059100244,6,red,0,WIN,red,0.65,1
2059100245,6,red,0,WIN,red,0.65,1
2059100246,8,red,0,WIN,red,0.63,0
2059100247,7,green,0,LOSS,red,0.78,1
2059100248,1,green,0,WIN,green,0.72,1
2059100249,5,green,1,WIN,green,0.72,1
2059100250,0,red,1,LOSS,green,0.66,1
2059100251,9,green,0,LOSS,red,0.65,1
2059100252,4,red,0,LOSS,green,0.55,0
2059100253,2,red,0,WIN,red,0.7,1
2059100254,3,green,0,WIN,green,0.5286,0
2059100255,9,green,0,LOSS,red,0.5009,0
2059100256,0,red,1,LOSS,green,0.63,0
2059100257,5,green,1,LOSS,red,0.6111,0
2059100258,1,green,0,WIN,green,0.5222,0
2059100259,1,green,0,WIN,green,0.665,1
2059100260,9,green,0,WIN,green,0.6445,0
2059100261,3,green,0,WIN,green,0.78,1
2059100262,2,red,0,LOSS,green,0.78,1
2059100263,7,green,0,LOSS,red,0.72,1
2059100264,9,green,0,WIN,green,0.6186,0
2059100265,8,red,0,LOSS,green,0.63,0
2059100266,5,green,1,WIN,green,0.6567,1
2059100267,3,green,0,WIN,green,0.6233,0
2059100268,4,red,0,LOSS,green,0.5043,0
2059100269,7,green,0,WIN,green,0.5614,0
2059100270,9,green,0,WIN,green,0.65,1
2059100271,5,green,1,WIN,green,0.5233,0
2059100272,9,green,0,WIN,green,0.5678,0
2059100273,1,green,0,WIN,green,0.78,1
2059100274,0,red,1,LOSS,green,0.78,1
2059100275,5,green,1,LOSS,red,0.72,1
2059100276,9,green,0,WIN,green,0.64,0
2059100277,7,green,0,WIN,green,0.5614,0
2059100278,4,red,0,LOSS,green,0.6567,1
2059100279,0,red,1,LOSS,green,0.69,1
2059100280,4,red,0,LOSS,green,0.74,1
2059100281,1,green,0,LOSS,red,0.62,0
2059100282,6,red,0,LOSS,green,0.6333,0
2059100283,9,green,0,WIN,green,0.5286,0
2059100284,1,green,0,WIN,green,0.7,1
2059100285,8,red,0,WIN,red,0.5933,0
2059100286,7,green,0,LOSS,red,0.7173,1
2059100287,6,red,0,LOSS,green,0.6,0
2059100288,5,green,1,LOSS,red,0.7,1
2059100289,0,red,1,LOSS,green,0.7,1
2059100290,0,red,1,WIN,red,0.7,1
2059100291,2,red,0,LOSS,green,0.6556,1
2059100292,7,green,0,LOSS,red,0.55,0
2059100293,8,red,0,WIN,red,0.6186,0
2059100294,8,red,0,WIN,red,0.79,1
2059100295,8,red,0,WIN,red,0.65,1
2059100296,5,green,1,LOSS,red,0.5678,0
2059100297,3,green,0,LOSS,red,0.5233,0
2059100298,3,green,0,LOSS,red,0.7233,1
2059100299,4,red,0,LOSS,green,0.6429,0
2059100300,8,red,0,LOSS,green,0.5,0
2059100301,0,red,1,WIN,red,0.7233,1
2059100302,8,red,0,WIN,red,0.71,1
2059100303,4,red,0,WIN,red,0.78,1
2059100304,9,green,0,LOSS,red,0.78,1
2059100305,9,green,0,WIN,green,0.72,1
2059100306,7,green,0,WIN,green,0.72,1
2059100307,8,red,0,WIN,red,0.5233,0
2059100308,8,red,0,WIN,red,0.5614,0
2059100309,9,green,0,LOSS,red,0.67,1
2059100310,8,red,0,WIN,red,0.5571,0
2059100311,3,green,0,WIN,green,0.5667,0
2059100312,3,green,0,WIN,green,0.7,1
2059100313,8,red,0,LOSS,green,0.55,0
2059100314,1,green,0,WIN,green,0.5,0
2059100315,6,red,0,LOSS,green,0.6333,0
2059100316,9,green,0,LOSS,red,0.7,1
2059100317,4,red,0,LOSS,green,0.7,1
2059100318,5,green,1,LOSS,red,0.7,1
2059100319,8,red,0,LOSS,green,0.7,1
2059100320,3,green,0,LOSS,red,0.7,1
2059100321,1,green,0,WIN,green,0.7,1
2059100322,7,green,0,LOSS,red,0.53,0
2059100323,2,red,0,LOSS,green,0.5678,0
2059100324,2,red,0,LOSS,green,0.6445,0
2059100325,0,red,1,WIN,red,0.5667,0
2059100326,9,green,0,LOSS,red,0.7,1
2059100327,1,green,0,WIN,green,0.5857,0
2059100328,7,green,0,WIN,green,0.6122,0
2059100330,5,green,1,LOSS,red,0.53,0
2059100331,1,green,0,WIN,green,0.78,1
2059100332,7,green,0,WIN,green,0.78,1
2059100333,0,red,1,LOSS,green,0.78,1
2059100334,5,green,1,LOSS,red,0.72,1
2059100335,1,green,0,WIN,green,0.71,1
2059100336,8,red,0,LOSS,green,0.6233,0
2059100337,4,red,0,LOSS,green,0.67,1
2059100338,5,green,1,WIN,green,0.5233,0
2059100339,9,green,0,LOSS,red,0.61,0
2059100340,1,green,0,WIN,green,0.5456,0
2059100341,5,green,1,WIN,green,0.6186,0
2059100342,8,red,0,LOSS,green,0.78,1
2059100343,9,green,0,LOSS,red,0.72,1
2059100344,9,green,0,WIN,green,0.65,1
2059100345,9,green,0,WIN,green,0.6567,1
2059100346,8,red,0,LOSS,green,0.55,0
2059100347,8,red,0,LOSS,green,0.7233,1
2059100348,6,red,0,LOSS,green,0.7011,1
2059100349,3,green,0,LOSS,red,0.5286,0
2059100350,5,green,1,WIN,green,0.6,0
2059100351,2,red,0,LOSS,green,0.6567,1
2059100352,3,green,0,LOSS,red,0.5286,0
2059100353,3,green,0,WIN,green,0.55,0
2059100354,0,red,1,LOSS,green,0.62,0
2059100355,2,red,0,LOSS,green,0.5,0
2059100356,0,red,1,WIN,red,0.5667,0
2059100357,2,red,0,LOSS,green,0.5667,0
2059100358,2,red,0,WIN,red,0.78,1
2059100359,7,green,0,LOSS,red,0.78,1
2059100360,3,green,0,WIN,green,0.72,1
2059100361,9,green,0,WIN,green,0.72,1
2059100362,8,red,0,WIN,red,0.5614,0
2059100363,0,red,1,WIN,red,0.65,1
2059100364,1,green,0,LOSS,red,0.6445,0
2059100365,5,green,1,LOSS,red,0.5667,0
2059100366,9,green,0,WIN,green,0.65,1
2059100367,9,green,0,WIN,green,0.65,1
2059100368,7,green,0,WIN,green,0.78,1
2059100369,9,green,0,WIN,green,0.78,1
2059100370,8,red,0,LOSS,green,0.78,1
2059100371,2,red,0,WIN,red,0.72,1
2059100372,7,green,0,LOSS,red,0.72,1
2059100373,6,red,0,LOSS,green,0.63,0
2059100374,7,green,0,WIN,green,0.51,0
2059100375,2,red,0,LOSS,green,0.7,1
2059100376,5,green,1,LOSS,red,0.7,1
2059100377,4,red,0,LOSS,green,0.7,1
2059100378,1,green,0,LOSS,red,0.7,1
2059100379,5,green,1,WIN,green,0.7,1
2059100380,5,green,1,WIN,green,0.5233,0
2059100381,5,green,1,WIN,green,0.55,0
2059100382,1,green,0,WIN,green,0.78,1
2059100383,9,green,0,WIN,green,0.78,1
2059100384,8,red,0,LOSS,green,0.78,1
2059100385,7,green,0,LOSS,red,0.72,1
2059100386,4,red,0,LOSS,green,0.7233,1
2059100387,5,green,1,LOSS,red,0.7,1
2059100388,5,green,1,WIN,green,0.7,1
2059100389,8,red,0,LOSS,green,0.6445,0
2059100390,4,red,0,LOSS,green,0.71,1
2059100391,8,red,0,WIN,red,0.5857,0
2059100392,6,red,0,WIN,red,0.65,1
2059100393,4,red,0,WIN,red,0.78,1
2059100394,2,red,0,WIN,red,0.78,1
2059100395,0,red,1,WIN,red,0.78,1
2059100396,9,green,0,LOSS,red,0.78,1
2059100397,9,green,0,WIN,green,0.72,1
2059100398,2,red,0,LOSS,green,0.72,1
2059100399,2,red,0,WIN,red,0.65,1
2059100400,0,red,1,WIN,red,0.54,0
2059100401,0,red,1,LOSS,green,0.5433,0
2059100402,3,green,0,LOSS,red,0.78,1
2059100403,5,green,1,WIN,green,0.72,1
2059100404,4,red,0,LOSS,green,0.72,1
2059100405,0,red,1,WIN,red,0.6567,1
2059100406,2,red,0,WIN,red,0.51,0
2059100407,3,green,0,LOSS,red,0.5043,0
2059100408,6,red,0,LOSS,green,0.53,0
2059100409,4,red,0,WIN,red,0.51,0
2059100410,1,green,0,LOSS,red,0.6567,1
2059100411,5,green,1,LOSS,red,0.64,0
2059100412,6,red,0,WIN,red,0.6253,0
2059100413,1,green,0,LOSS,red,0.71,1
2059100414,3,green,0,WIN,green,0.54,0
2059100415,3,green,0,WIN,green,0.6567,1
2059100416,0,red,1,LOSS,green,0.79,1
2059100417,9,green,0,WIN,green,0.5233,0
2059100418,3,green,0,WIN,green,0.6669,1
2059100419,4,red,0,LOSS,green,0.5678,0
2059100420,5,green,1,WIN,green,0.6567,1
2059100421,3,green,0,WIN,green,0.6567,1
2059100422,8,red,0,WIN,red,0.51,0
2059100423,0,red,1,LOSS,green,0.65,1
2059100424,4,red,0,WIN,red,0.6429,0
2059100425,0,red,1,LOSS,green,0.5667,0
2059100426,6,red,0,WIN,red,0.78,1
2059100427,4,red,0,WIN,red,0.78,1
2059100428,1,green,0,LOSS,red,0.78,1
2059100429,6,red,0,LOSS,green,0.72,1
2059100430,7,green,0,LOSS,red,0.65,1
2059100431,4,red,0,LOSS,green,0.7,1
2059100432,4,red,0,WIN,red,0.7,1
2059100433,1,green,0,LOSS,red,0.5043,0
2059100434,8,red,0,LOSS,green,0.61,0
2059100435,6,red,0,WIN,red,0.6445,0
2059100436,4,red,0,WIN,red,0.6757,1
2059100437,1,green,0,LOSS,red,0.71,1
2059100438,9,green,0,LOSS,red,0.6567,1
2059100439,9,green,0,LOSS,red,0.6445,0
2059100440,5,green,1,WIN,green,0.6,0
2059100441,8,red,0,LOSS,green,0.78,1
2059100442,7,green,0,LOSS,red,0.72,1
2059100443,5,green,1,WIN,green,0.6233,0
2059100444,0,red,1,LOSS,green,0.6186,0
2059100445,2,red,0,LOSS,green,0.71,1
2059100446,4,red,0,LOSS,green,0.55,0
2059100447,9,green,0,WIN,green,0.5,0
2059100448,9,green,0,WIN,green,0.5857,0
2059100449,1,green,0,WIN,green,0.62,0
2059100450,5,green,1,WIN,green,0.65,1
2059100451,0,red,1,LOSS,green,0.78,1
2059100452,9,green,0,LOSS,red,0.72,1
2059100453,8,red,0,LOSS,green,0.6186,0
2059100454,0,red,1,WIN,red,0.7,1
2059100455,4,red,0,WIN,red,0.51,0
2059100456,8,red,0,WIN,red,0.5667,0
2059100457,8,red,0,WIN,red,0.78,1
2059100458,9,green,0,LOSS,red,0.78,1
2059100459,5,green,1,WIN,green,0.72,1
2059100460,5,green,1,WIN,green,0.72,1
2059100461,8,red,0,WIN,red,0.65,1
2059100462,8,red,0,WIN,red,0.6186,0
2059100463,4,red,0,LOSS,green,0.53,0
2059100464,7,green,0,LOSS,red,0.6757,1
2059100465,4,red,0,LOSS,green,0.62,0
2059100466,5,green,1,WIN,green,0.55,0
2059100467,1,green,0,WIN,green,0.7,1
2059100468,5,green,1,LOSS,red,0.6,0
2059100469,6,red,0,LOSS,green,0.5667,0
2059100470,7,green,0,WIN,green,0.525,0
2059100471,1,green,0,LOSS,red,0.5211,0
2059100472,1,green,0,WIN,green,0.5567,0
2059100473,2,red,0,LOSS,green,0.6445,0
2059100474,6,red,0,LOSS,green,0.79,1
2059100475,1,green,0,WIN,green,0.67,1
2059100476,8,red,0,WIN,red,0.5529,0
2059100477,4,red,0,LOSS,green,0.5286,0
2059100478,7,green,0,WIN,green,0.54,0
2059100479,9,green,0,WIN,green,0.5,0
2059100480,8,red,0,LOSS,green,0.5857,0
2059200001,8,red,0,WIN,red,0.7329,1
2059200002,4,red,0,WIN,red,0.7233,1
2059200003,6,red,0,WIN,red,0.7329,1
2059200004,9,green,0,LOSS,red,0.78,1
2059200005,0,red,1,LOSS,green,0.72,1
2059200006,0,red,1,WIN,red,0.5678,0
2059200007,1,green,0,LOSS,red,0.65,1
2059200008,8,red,0,WIN,red,0.6757,1
2059200009,0,red,1,LOSS,green,0.53,0
2059200010,8,red,0,WIN,red,0.5567,0
2059200011,9,green,0,LOSS,red,0.65,1
2059200012,1,green,0,LOSS,red,0.6186,0
2059200013,9,green,0,LOSS,red,0.6233,0
2059200014,1,green,0,WIN,green,0.62,0
2059200015,5,green,1,WIN,green,0.78,1
2059200016,1,green,0,WIN,green,0.78,1
2059200017,9,green,0,WIN,green,0.78,1
2059200018,6,red,0,LOSS,green,0.78,1
2059200019,9,green,0,LOSS,red,0.72,1
2059200020,0,red,1,LOSS,green,0.65,1
2059200021,8,red,0,WIN,red,0.7,1
2059200022,2,red,0,LOSS,green,0.7233,1
2059200023,1,green,0,LOSS,red,0.6,0
2059200024,8,red,0,WIN,red,0.5286,0
2059200025,9,green,0,LOSS,red,0.7011,1
2059200026,7,green,0,WIN,green,0.7,1
2059200027,7,green,0,WIN,green,0.5286,0
2059200028,0,red,1,LOSS,green,0.5462,0
2059200029,6,red,0,LOSS,green,0.5353,0
2059200030,1,green,0,LOSS,red,0.5857,0
2059200031,3,green,0,LOSS,red,0.53,0
2059200032,9,green,0,WIN,green,0.6567,1
2059200033,2,red,0,LOSS,green,0.79,1
2059200034,7,green,0,WIN,green,0.5614,0
2059200035,0,red,1,LOSS,green,0.65,1
2059200036,5,green,1,LOSS,red,0.7,1
2059200037,7,green,0,WIN,green,0.7,1
2059200038,9,green,0,WIN,green,0.6186,0
2059200039,6,red,0,LOSS,green,0.6186,0
2059200040,7,green,0,WIN,green,0.6567,1
2059200041,7,green,0,LOSS,red,0.61,0
2059200042,6,red,0,LOSS,green,0.65,1
2059200043,8,red,0,LOSS,green,0.6757,1
2059200044,6,red,0,WIN,red,0.5433,0
2059200045,1,green,0,WIN,green,0.5286,0
2059200046,5,green,1,WIN,green,0.7,1
2059200047,2,red,0,LOSS,green,0.6333,0
2059200048,5,green,1,WIN,green,0.5,0
2059200049,2,red,0,LOSS,green,0.7,1
2059200050,3,green,0,LOSS,red,0.7,1
2059200051,4,red,0,LOSS,green,0.7,1
2059200052,0,red,1,WIN,red,0.7,1
2059200053,7,green,0,WIN,green,0.62,0
2059200054,4,red,0,LOSS,green,0.5,0
2059200055,5,green,1,LOSS,red,0.7233,1
2059200056,0,red,1,LOSS,green,0.7,1
2059200057,2,red,0,WIN,red,0.7,1
2059200058,2,red,0,WIN,red,0.54,0
2059200059,6,red,0,WIN,red,0.7329,1
2059200060,0,red,1,WIN,red,0.78,1
2059200061,6,red,0,WIN,red,0.78,1
2059200062,9,green,0,LOSS,red,0.78,1
2059200063,6,red,0,LOSS,green,0.72,1
2059200064,1,green,0,LOSS,red,0.5233,0
2059200065,6,red,0,LOSS,green,0.7,1
2059200066,1,green,0,LOSS,red,0.7,1
2059200067,9,green,0,WIN,green,0.7,1
2059200068,5,green,1,WIN,green,0.7,1
2059200069,2,red,0,LOSS,green,0.5614,0
2059200070,5,green,1,WIN,green,0.6362,0
2059200071,4,red,0,WIN,red,0.51,0
2059200072,0,red,1,WIN,red,0.7,1
2059200073,6,red,0,LOSS,green,0.55,0
2059200074,4,red,0,WIN,red,0.5333,0
2059200075,0,red,1,WIN,red,0.78,1
2059200076,8,red,0,WIN,red,0.78,1
2059200077,3,green,0,LOSS,red,0.78,1
2059200078,0,red,1,LOSS,green,0.72,1
2059200079,8,red,0,WIN,red,0.5043,0
2059200080,8,red,0,WIN,red,0.6757,1
2059200081,6,red,0,WIN,red,0.6445,0
2059200082,8,red,0,WIN,red,0.78,1
2059200083,0,red,1,WIN,red,0.78,1
2059200084,1,green,0,LOSS,red,0.78,1
2059200085,0,red,1,LOSS,green,0.72,1
2059200086,3,green,0,LOSS,red,0.54,0
2059200087,2,red,0,LOSS,green,0.7,1
2059200088,4,red,0,WIN,red,0.7,1
2059200089,4,red,0,LOSS,green,0.51,0
2059200090,3,green,0,LOSS,red,0.74,1
2059200091,9,green,0,LOSS,red,0.64,0
2059200092,7,green,0,WIN,green,0.5667,0
2059200093,7,green,0,WIN,green,0.62,0
2059200094,8,red,0,LOSS,green,0.78,1
2059200095,7,green,0,LOSS,red,0.72,1
2059200096,8,red,0,LOSS,green,0.65,1
2059200097,0,red,1,WIN,red,0.7,1
2059200098,0,red,1,WIN,red,0.61,0
2059200099,6,red,0,WIN,red,0.5857,0
2059200100,5,green,1,LOSS,red,0.78,1
2059200101,4,red,0,LOSS,green,0.72,1
2059200102,1,green,0,WIN,green,0.7,1
2059200103,4,red,0,LOSS,green,0.7,1
2059200104,9,green,0,LOSS,red,0.7,1
2059200105,1,green,0,WIN,green,0.7,1
2059200106,0,red,1,LOSS,green,0.7,1
2059200107,0,red,1,LOSS,green,0.5,0
2059200108,1,green,0,LOSS,red,0.5667,0
2059200109,2,red,0,WIN,red,0.6273,0
2059200110,1,green,0,WIN,green,0.5667,0
2059200111,9,green,0,WIN,green,0.7,1
2059200112,7,green,0,WIN,green,0.5355,0
2059200113,9,green,0,WIN,green,0.69,1
2059200114,1,green,0,WIN,green,0.78,1
2059200115,2,red,0,LOSS,green,0.78,1
2059200116,1,green,0,LOSS,red,0.72,1
2059200117,3,green,0,WIN,green,0.6567,1
2059200118,9,green,0,WIN,green,0.65,1
2059200119,3,green,0,WIN,green,0.6186,0
2059200120,0,red,1,LOSS,green,0.78,1
2059200121,4,red,0,WIN,red,0.72,1
2059200122,3,green,0,LOSS,red,0.72,1
2059200123,7,green,0,WIN,green,0.65,1
2059200124,0,red,1,LOSS,green,0.65,1
2059200125,6,red,0,WIN,red,0.5433,0
2059200126,0,red,1,LOSS,green,0.5286,0
2059200127,9,green,0,LOSS,red,0.6757,1
2059200128,5,green,1,LOSS,red,0.5567,0
2059200129,9,green,0,WIN,green,0.5857,0
2059200130,4,red,0,LOSS,green,0.65,1
2059200131,3,green,0,LOSS,red,0.54,0
2059200132,0,red,1,LOSS,green,0.7,1
2059200133,4,red,0,WIN,red,0.7,1
2059200134,2,red,0,LOSS,green,0.5222,0
2059200135,7,green,0,LOSS,red,0.5571,0
2059200136,8,red,0,WIN,red,0.55,0
2059200137,1,green,0,LOSS,red,0.67,1
2059200138,6,red,0,LOSS,green,0.7,1
2059200139,9,green,0,LOSS,red,0.7,1
2059200140,5,green,1,WIN,green,0.7,1
2059200141,8,red,0,LOSS,green,0.7,1
2059200142,9,green,0,LOSS,red,0.5333,0
2059200143,7,green,0,WIN,green,0.5678,0
2059200144,6,red,0,LOSS,green,0.65,1
2059200145,6,red,0,LOSS,green,0.5614,0
2059200146,5,green,1,LOSS,red,0.65,1
2059200147,0,red,1,WIN,red,0.5529,0
2059200148,5,green,1,LOSS,red,0.5667,0
2059200149,2,red,0,LOSS,green,0.7,1
2059200150,8,red,0,WIN,red,0.7,1
2059200151,9,green,0,LOSS,red,0.5678,0
2059200152,3,green,0,LOSS,red,0.55,0
2059200153,3,green,0,WIN,green,0.5667,0
2059200154,2,red,0,LOSS,green,0.5233,0
2059200155,4,red,0,LOSS,green,0.6,0
2059200156,0,red,1,WIN,red,0.6,0
2059200157,3,green,0,LOSS,red,0.6186,0
2059200158,9,green,0,WIN,green,0.5667,0
2059200159,6,red,0,LOSS,green,0.6186,0
2059200160,8,red,0,LOSS,green,0.5222,0
2059200161,7,green,0,LOSS,red,0.54,0
2059200162,0,red,1,WIN,red,0.63,0
2059200163,6,red,0,WIN,red,0.6122,0
2059200164,0,red,1,WIN,red,0.71,1
2059200165,3,green,0,LOSS,red,0.5614,0
2059200166,8,red,0,WIN,red,0.65,1
2059200167,8,red,0,WIN,red,0.6186,0
2059200168,2,red,0,WIN,red,0.65,1
2059200169,7,green,0,LOSS,red,0.5233,0
2059200170,3,green,0,LOSS,red,0.5233,0
2059200171,0,red,1,WIN,red,0.6757,1
2059200172,8,red,0,WIN,red,0.6186,0
2059200173,2,red,0,WIN,red,0.5233,0
2059200174,9,green,0,WIN,green,0.5009,0
2059200175,2,red,0,WIN,red,0.54,0
2059200176,0,red,1,WIN,red,0.5355,0
2059200177,5,green,1,LOSS,red,0.6186,0
2059200178,8,red,0,WIN,red,0.6122,0
2059200179,6,red,0,WIN,red,0.71,1
2059200180,7,green,0,LOSS,red,0.65,1
2059200181,6,red,0,WIN,red,0.6186,0
2059200182,3,green,0,LOSS,red,0.6233,0
2059200183,5,green,1,WIN,green,0.7,1
2059200184,9,green,0,LOSS,red,0.5545,0
2059200185,6,red,0,LOSS,green,0.79,1
2059200186,0,red,1,LOSS,green,0.54,0
2059200187,3,green,0,LOSS,red,0.55,0
2059200188,5,green,1,LOSS,red,0.5009,0
2059200189,4,red,0,LOSS,green,0.6757,1
2059200190,2,red,0,WIN,red,0.5656,0
2059200191,3,green,0,WIN,green,0.5,0
2059200192,4,red,0,LOSS,green,0.54,0
2059200193,9,green,0,LOSS,red,0.615,0
2059200194,2,red,0,LOSS,green,0.7,1
2059200195,7,green,0,LOSS,red,0.7,1
2059200196,8,red,0,LOSS,green,0.7,1
2059200197,3,green,0,LOSS,red,0.7,1
2059200198,8,red,0,LOSS,green,0.7,1
2059200199,3,green,0,LOSS,red,0.7,1
2059200200,2,red,0,LOSS,green,0.7,1
2059200201,7,green,0,LOSS,red,0.7,1
2059200202,8,red,0,LOSS,green,0.7,1
2059200203,7,green,0,LOSS,red,0.7,1
2059200204,1,green,0,WIN,green,0.7,1
2059200205,9,green,0,WIN,green,0.5614,0
2059200206,9,green,0,WIN,green,0.5567,0
2059200207,5,green,1,WIN,green,0.78,1
2059200208,2,red,0,LOSS,green,0.78,1
2059200209,4,red,0,WIN,red,0.72,1
2059200210,0,red,1,WIN,red,0.72,1
2059200211,5,green,1,WIN,green,0.5678,0
2059200212,5,green,1,WIN,green,0.55,0
2059200213,7,green,0,WIN,green,0.65,1
2059200214,5,green,1,WIN,green,0.5233,0
2059200215,9,green,0,WIN,green,0.78,1
2059200216,0,red,1,LOSS,green,0.78,1
2059200217,7,green,0,LOSS,red,0.72,1
2059200218,5,green,1,WIN,green,0.5233,0
2059200219,3,green,0,WIN,green,0.6122,0
2059200220,9,green,0,WIN,green,0.71,1
2059200221,8,red,0,LOSS,green,0.78,1
2059200222,2,red,0,WIN,red,0.72,1
2059200223,5,green,1,LOSS,red,0.72,1
2059200224,9,green,0,WIN,green,0.6186,0
2059200225,4,red,0,WIN,red,0.61,0
2059200226,7,green,0,LOSS,red,0.61,0
2059200227,0,red,1,LOSS,green,0.6445,0
2059200228,8,red,0,WIN,red,0.7,1
2059200229,2,red,0,WIN,red,0.5567,0
2059200230,2,red,0,WIN,red,0.64,0
2059200231,9,green,0,LOSS,red,0.78,1
2059200232,3,green,0,WIN,green,0.72,1
2059200233,5,green,1,WIN,green,0.72,1
2059200234,7,green,0,WIN,green,0.6273,0
2059200235,5,green,1,WIN,green,0.78,1
2059200236,6,red,0,LOSS,green,0.78,1
2059200237,6,red,0,WIN,red,0.72,1
2059200238,7,green,0,LOSS,red,0.72,1
2059200239,2,red,0,LOSS,green,0.65,1
2059200240,9,green,0,WIN,green,0.5355,0
2059200241,2,red,0,LOSS,green,0.7,1
2059200242,4,red,0,WIN,red,0.7,1
2059200243,0,red,1,WIN,red,0.55,0
2059200244,9,green,0,LOSS,red,0.79,1
2059200245,3,green,0,LOSS,red,0.6122,0
2059200246,0,red,1,LOSS,green,0.5857,0
2059200247,9,green,0,LOSS,red,0.65,1
2059200248,4,red,0,LOSS,green,0.54,0
2059200249,3,green,0,LOSS,red,0.7,1
2059200250,2,red,0,LOSS,green,0.7,1
2059200251,5,green,1,LOSS,red,0.7,1
2059200252,6,red,0,LOSS,green,0.7,1
2059200253,4,red,0,WIN,red,0.7,1
2059200254,5,green,1,LOSS,red,0.7233,1
2059200255,2,red,0,LOSS,green,0.5667,0
2059200256,7,green,0,LOSS,red,0.6757,1
2059200257,7,green,0,WIN,green,0.7,1
2059200258,0,red,1,WIN,red,0.6333,0
2059200259,4,red,0,WIN,red,0.5286,0
2059200260,9,green,0,LOSS,red,0.5614,0
2059200261,1,green,0,LOSS,red,0.7,1
2059200262,5,green,1,WIN,green,0.5584,0
2059200263,2,red,0,LOSS,green,0.64,0
2059200264,9,green,0,WIN,green,0.65,1
2059200265,2,red,0,LOSS,green,0.65,1
2059200266,0,red,1,WIN,red,0.7,1
2059200267,3,green,0,LOSS,red,0.5286,0
2059200268,7,green,0,WIN,green,0.5233,0
2059200269,8,red,0,LOSS,green,0.65,1
2059200270,7,green,0,LOSS,red,0.58,0
2059200271,9,green,0,WIN,green,0.5667,0
2059200272,2,red,0,LOSS,green,0.6757,1
2059200273,1,green,0,LOSS,red,0.5286,0
2059200274,5,green,1,WIN,green,0.6122,0
2059200275,7,green,0,WIN,green,0.5329,0
2059200276,9,green,0,WIN,green,0.65,1
2059200277,7,green,0,WIN,green,0.78,1
2059200278,8,red,0,LOSS,green,0.78,1
2059200279,0,red,1,WIN,red,0.72,1
2059200280,9,green,0,LOSS,red,0.72,1
2059200281,0,red,1,LOSS,green,0.65,1
2059200282,0,red,1,LOSS,green,0.5567,0
2059200283,6,red,0,LOSS,green,0.5286,0
2059200284,3,green,0,LOSS,red,0.65,1
2059200285,3,green,0,LOSS,red,0.6567,1
2059200286,8,red,0,WIN,red,0.5233,0
2059200287,5,green,1,WIN,green,0.7,1
2059200288,3,green,0,LOSS,red,0.7,1
2059200289,2,red,0,WIN,red,0.7,1
2059200290,6,red,0,LOSS,green,0.5286,0
2059200291,8,red,0,WIN,red,0.5667,0
2059200292,8,red,0,LOSS,green,0.5,0
2059200293,5,green,1,LOSS,red,0.78,1
2059200294,6,red,0,LOSS,green,0.72,1
2059200295,5,green,1,LOSS,red,0.65,1
2059200296,1,green,0,WIN,green,0.7,1
2059200297,9,green,0,LOSS,red,0.75,1
2059200298,7,green,0,LOSS,red,0.5667,0
2059200299,6,red,0,LOSS,green,0.78,1
2059200300,0,red,1,WIN,red,0.72,1
2059200301,2,red,0,WIN,red,0.72,1
2059200302,7,green,0,LOSS,red,0.5667,0
2059200303,3,green,0,WIN,green,0.65,1
2059200304,4,red,0,LOSS,green,0.65,1
2059200305,9,green,0,LOSS,red,0.5667,0
2059200306,5,green,1,WIN,green,0.62,0
2059200307,4,red,0,LOSS,green,0.5286,0
2059200308,1,green,0,LOSS,red,0.62,0
2059200309,7,green,0,WIN,green,0.63,0
2059200310,0,red,1,LOSS,green,0.6567,1
2059200311,3,green,0,WIN,green,0.5678,0
2059200312,5,green,1,WIN,green,0.6445,0
2059200313,7,green,0,WIN,green,0.6186,0
2059200314,9,green,0,WIN,green,0.65,1
2059200315,4,red,0,LOSS,green,0.78,1
2059200316,0,red,1,WIN,red,0.72,1
2059200317,7,green,0,LOSS,red,0.72,1
2059200318,8,red,0,LOSS,green,0.64,0
2059200319,4,red,0,LOSS,green,0.5233,0
2059200320,2,red,0,LOSS,green,0.5,0
2059200321,1,green,0,LOSS,red,0.65,1
2059200322,7,green,0,LOSS,red,0.6186,0
2059200323,6,red,0,WIN,red,0.5614,0
2059200324,0,red,1,LOSS,green,0.7,1
2059200325,8,red,0,WIN,red,0.55,0
2059200326,5,green,1,WIN,green,0.51,0
2059200327,3,green,0,LOSS,red,0.5678,0
2059200328,4,red,0,LOSS,green,0.62,0
2059200329,5,green,1,WIN,green,0.5,0
2059200330,9,green,0,WIN,green,0.6333,0
2059200331,2,red,0,LOSS,green,0.5,0
2059200332,1,green,0,LOSS,red,0.5667,0
2059200333,7,green,0,WIN,green,0.71,1
2059200334,8,red,0,LOSS,green,0.64,0
2059200335,9,green,0,WIN,green,0.65,1
2059200336,0,red,1,LOSS,green,0.71,1
2059200337,6,red,0,WIN,red,0.7,1
2059200338,6,red,0,LOSS,green,0.5286,0
2059200339,1,green,0,LOSS,red,0.6567,1
2059200340,0,red,1,WIN,red,0.5667,0
2059200341,0,red,1,WIN,red,0.5233,0
2059200342,0,red,1,WIN,red,0.6186,0
2059200343,6,red,0,WIN,red,0.5043,0
2059200344,1,green,0,LOSS,red,0.78,1
2059200345,9,green,0,WIN,green,0.72,1
2059200346,4,red,0,LOSS,green,0.72,1
2059200347,5,green,1,LOSS,red,0.6426,0
2059200348,6,red,0,WIN,red,0.6186,0
2059200349,3,green,0,LOSS,red,0.7,1
2059200350,5,green,1,WIN,green,0.7,1
2059200351,4,red,0,LOSS,green,0.79,1
2059200352,2,red,0,LOSS,green,0.6567,1
2059200353,2,red,0,WIN,red,0.5667,0
2059200354,9,green,0,LOSS,red,0.6186,0
2059200355,5,green,1,LOSS,red,0.5667,0
2059200356,7,green,0,WIN,green,0.6111,0
2059200357,6,red,0,LOSS,green,0.6186,0
2059200358,1,green,0,WIN,green,0.5286,0
2059200359,8,red,0,LOSS,green,0.62,0
2059200360,1,green,0,LOSS,red,0.7,1
2059200361,1,green,0,WIN,green,0.7,1
2059200362,6,red,0,LOSS,green,0.64,0
2059200363,1,green,0,WIN,green,0.6186,0
2059200364,1,green,0,WIN,green,0.65,1
2059200365,5,green,1,WIN,green,0.65,1
2059200366,0,red,1,LOSS,green,0.6233,0
2059200367,7,green,0,LOSS,red,0.53,0
2059200368,1,green,0,WIN,green,0.6757,1
2059200369,3,green,0,WIN,green,0.55,0
2059200370,2,red,0,LOSS,green,0.6233,0
2059200371,7,green,0,WIN,green,0.71,1
2059200372,1,green,0,WIN,green,0.79,1
2059200373,9,green,0,WIN,green,0.5614,0
2059200374,0,red,1,LOSS,green,0.5614,0
2059200375,2,red,0,LOSS,green,0.7233,1
2059200376,4,red,0,LOSS,green,0.6809,1
2059200377,9,green,0,WIN,green,0.5,0
2059200378,1,green,0,WIN,green,0.5909,0
2059200379,2,red,0,LOSS,green,0.65,1
2059200380,3,green,0,LOSS,red,0.5286,0
2059200381,7,green,0,WIN,green,0.6429,0
2059200382,4,red,0,WIN,red,0.5222,0
2059200383,5,green,1,LOSS,red,0.5286,0
2059200384,6,red,0,LOSS,green,0.7233,1
2059200385,0,red,1,WIN,red,0.7,1
2059200386,9,green,0,WIN,green,0.5,0
2059200387,0,red,1,LOSS,green,0.7,1
2059200388,9,green,0,WIN,green,0.5667,0
2059200389,0,red,1,LOSS,green,0.7,1
2059200390,0,red,1,WIN,red,0.7,1
2059200391,7,green,0,LOSS,red,0.65,1
2059200392,0,red,1,WIN,red,0.54,0
2059200393,0,red,1,WIN,red,0.6186,0
2059200394,0,red,1,WIN,red,0.69,1
2059200395,3,green,0,LOSS,red,0.6567,1
2059200396,3,green,0,LOSS,red,0.65,1
2059200397,7,green,0,LOSS,red,0.65,1
2059200398,0,red,1,LOSS,green,0.7,1
2059200399,0,red,1,LOSS,green,0.5,0
2059200400,2,red,0,WIN,red,0.7329,1
2059200401,0,red,1,WIN,red,0.7233,1
2059200402,9,green,0,LOSS,red,0.78,1
2059200403,5,green,1,WIN,green,0.72,1
2059200404,9,green,0,WIN,green,0.72,1
2059200405,8,red,0,LOSS,green,0.7,1
2059200406,3,green,0,LOSS,red,0.63,0
2059200407,3,green,0,WIN,green,0.5,0
2059200408,0,red,1,LOSS,green,0.65,1
2059200409,0,red,1,LOSS,green,0.5233,0
2059200410,9,green,0,LOSS,red,0.5529,0
2059200411,3,green,0,LOSS,red,0.56,0
2059200412,9,green,0,WIN,green,0.57,0
2059200413,7,green,0,WIN,green,0.6122,0
2059200414,2,red,0,LOSS,green,0.78,1
2059200415,9,green,0,LOSS,red,0.72,1
2059200416,9,green,0,WIN,green,0.6567,1
2059200417,0,red,1,LOSS,green,0.65,1
2059200418,8,red,0,LOSS,green,0.6567,1
2059200419,5,green,1,WIN,green,0.5438,0
2059200420,3,green,0,LOSS,red,0.5211,0
2059200421,5,green,1,WIN,green,0.71,1
2059200422,2,red,0,LOSS,green,0.63,0
2059200423,0,red,1,LOSS,green,0.6122,0
2059200424,8,red,0,WIN,red,0.6111,0
2059200425,3,green,0,LOSS,red,0.5614,0
2059200426,6,red,0,LOSS,green,0.5857,0
2059200427,8,red,0,LOSS,green,0.5667,0
2059200428,7,green,0,LOSS,red,0.65,1
2059200429,2,red,0,WIN,red,0.63,0
2059200430,2,red,0,WIN,red,0.7233,1
2059200431,4,red,0,WIN,red,0.5614,0
2059200432,7,green,0,LOSS,red,0.5233,0
2059200433,6,red,0,WIN,red,0.5678,0
2059200434,2,red,0,WIN,red,0.64,0
2059200435,8,red,0,WIN,red,0.6186,0
2059200436,3,green,0,LOSS,red,0.54,0
2059200437,8,red,0,WIN,red,0.5043,0
2059200438,0,red,1,WIN,red,0.6233,0
2059200439,5,green,1,LOSS,red,0.6186,0
2059200440,6,red,0,WIN,red,0.6567,1
2059200441,9,green,0,LOSS,red,0.7329,1
2059200442,1,green,0,WIN,green,0.7,1
2059200443,0,red,1,LOSS,green,0.5667,0
2059200444,5,green,1,LOSS,red,0.55,0
2059200445,7,green,0,WIN,green,0.5857,0
2059200446,9,green,0,WIN,green,0.65,1
2059200447,0,red,1,LOSS,green,0.65,1
2059200448,9,green,0,WIN,green,0.5233,0
2059200449,1,green,0,WIN,green,0.71,1
2059200450,8,red,0,LOSS,green,0.65,1
2059200451,0,red,1,LOSS,green,0.6567,1
2059200452,8,red,0,WIN,red,0.51,0
2059200453,4,red,0,LOSS,green,0.5667,0
2059200454,4,red,0,WIN,red,0.78,1
2059200455,0,red,1,WIN,red,0.78,1
2059200456,1,green,0,LOSS,red,0.78,1
2059200457,6,red,0,LOSS,green,0.72,1
2059200458,5,green,1,LOSS,red,0.5233,0
2059200459,3,green,0,WIN,green,0.7,1
2059200460,9,green,0,LOSS,red,0.7329,1
2059200461,4,red,0,WIN,red,0.5286,0
2059200462,2,red,0,WIN,red,0.5286,0
2059200463,8,red,0,WIN,red,0.5222,0
2059200464,6,red,0,WIN,red,0.62,0
2059200465,1,green,0,LOSS,red,0.78,1
2059200466,6,red,0,LOSS,green,0.72,1
2059200467,3,green,0,LOSS,red,0.65,1
2059200468,4,red,0,LOSS,green,0.7,1
2059200469,3,green,0,LOSS,red,0.7,1
2059200470,3,green,0,WIN,green,0.7,1
2059200471,5,green,1,WIN,green,0.6,0
2059200472,9,green,0,WIN,green,0.5233,0
2059200473,7,green,0,WIN,green,0.78,1
2059200474,4,red,0,LOSS,green,0.78,1
2059200475,7,green,0,LOSS,red,0.72,1
2059200476,2,red,0,LOSS,green,0.71,1
2059200477,5,green,1,LOSS,red,0.7,1
2059200478,9,green,0,WIN,green,0.7,1
2059200479,4,red,0,LOSS,green,0.6186,0
2059200480,0,red,1,LOSS,green,0.6567,1
2059300001,4,red,0,WIN,red,0.58,0
2059300002,9,green,0,LOSS,red,0.5614,0
2059300003,2,red,0,WIN,red,0.5286,0
2059300004,3,green,0,WIN,green,0.5433,0
2059300005,6,red,0,LOSS,green,0.7,1
2059300006,2,red,0,WIN,red,0.7,1
2059300007,1,green,0,WIN,green,0.7,1
2059300008,0,red,1,WIN,red,0.7,1
2059300009,8,red,0,WIN,red,0.6186,0
2059300010,5,green,1,LOSS,red,0.7011,1
2059300011,6,red,0,WIN,red,0.65,1
2059300012,7,green,0,LOSS,red,0.5233,0
2059300013,4,red,0,LOSS,green,0.7,1
2059300014,8,red,0,WIN,red,0.7,1
2059300015,5,green,1,LOSS,red,0.5614,0
2059300016,8,red,0,WIN,red,0.6186,0
2059300017,6,red,0,WIN,red,0.64,0
2059300018,1,green,0,LOSS,red,0.67,1
2059300019,3,green,0,LOSS,red,0.6233,0
2059300020,6,red,0,WIN,red,0.7,1
2059300021,1,green,0,LOSS,red,0.71,1
2059300022,4,red,0,LOSS,green,0.5857,0
2059300023,1,green,0,LOSS,red,0.7,1
2059300024,5,green,1,WIN,green,0.7,1
2059300025,8,red,0,LOSS,green,0.7233,1
2059300026,6,red,0,LOSS,green,0.6122,0
2059300027,6,red,0,WIN,red,0.7,1
2059300028,1,green,0,LOSS,red,0.54,0
2059300029,4,red,0,WIN,red,0.55,0
2059300030,9,green,0,WIN,green,0.53,0
2059300031,5,green,1,WIN,green,0.7,1
2059300032,7,green,0,WIN,green,0.55,0
2059300033,2,red,0,WIN,red,0.55,0
2059300034,3,green,0,LOSS,red,0.55,0
2059300035,7,green,0,WIN,green,0.5233,0
2059300036,7,green,0,WIN,green,0.65,1
2059300037,1,green,0,WIN,green,0.54,0
2059300038,8,red,0,LOSS,green,0.78,1
2059300039,3,green,0,LOSS,red,0.72,1
2059300040,1,green,0,WIN,green,0.6567,1
2059300041,0,red,1,LOSS,green,0.7233,1
2059300042,4,red,0,LOSS,green,0.6186,0
2059300043,2,red,0,LOSS,green,0.6567,1
2059300044,5,green,1,WIN,green,0.5222,0
2059300045,6,red,0,LOSS,green,0.7,1
2059300046,5,green,1,WIN,green,0.56,0
2059300047,8,red,0,LOSS,green,0.7,1
2059300048,7,green,0,LOSS,red,0.7,1
2059300049,5,green,1,WIN,green,0.7,1
2059300050,4,red,0,LOSS,green,0.62,0
2059300051,2,red,0,LOSS,green,0.5286,0
2059300052,5,green,1,LOSS,red,0.5286,0
2059300053,6,red,0,WIN,red,0.6077,0
2059300054,0,red,1,LOSS,green,0.58,0
2059300055,4,red,0,WIN,red,0.5614,0
2059300056,2,red,0,WIN,red,0.54,0
2059300057,5,green,1,LOSS,red,0.78,1
2059300058,2,red,0,LOSS,green,0.72,1
2059300059,6,red,0,WIN,red,0.5614,0
2059300060,2,red,0,WIN,red,0.6186,0
2059300061,3,green,0,LOSS,red,0.6567,1
2059300062,5,green,1,LOSS,red,0.5233,0
2059300063,7,green,0,LOSS,red,0.69,1
2059300064,9,green,0,WIN,green,0.5857,0
2059300065,2,red,0,LOSS,green,0.78,1
2059300066,6,red,0,WIN,red,0.72,1
2059300067,3,green,0,LOSS,red,0.72,1
2059300068,6,red,0,LOSS,green,0.65,1
2059300069,4,red,0,LOSS,green,0.5043,0
2059300070,7,green,0,LOSS,red,0.5222,0
2059300071,4,red,0,LOSS,green,0.5286,0
2059300072,0,red,1,WIN,red,0.6757,1
2059300073,8,red,0,WIN,red,0.5614,0
2059300074,4,red,0,WIN,red,0.5043,0
2059300075,2,red,0,WIN,red,0.78,1
2059300076,7,green,0,LOSS,red,0.78,1
2059300077,7,green,0,WIN,green,0.72,1
2059300078,0,red,1,LOSS,green,0.72,1
2059300079,5,green,1,WIN,green,0.5433,0
2059300080,4,red,0,WIN,red,0.6567,1
2059300081,5,green,1,LOSS,red,0.7,1
2059300082,0,red,1,LOSS,green,0.7,1
2059300083,3,green,0,LOSS,red,0.7,1
2059300084,8,red,0,LOSS,green,0.7,1
2059300085,9,green,0,LOSS,red,0.7,1
2059300086,8,red,0,LOSS,green,0.7,1
2059300087,9,green,0,LOSS,red,0.7,1
2059300088,7,green,0,WIN,green,0.7,1
2059300089,9,green,0,WIN,green,0.65,1
2059300090,3,green,0,WIN,green,0.65,1
2059300091,0,red,1,LOSS,green,0.78,1
2059300092,5,green,1,LOSS,red,0.72,1
2059300093,7,green,0,WIN,green,0.6122,0
2059300094,9,green,0,WIN,green,0.67,1
2059300095,9,green,0,WIN,green,0.5043,0
2059300096,9,green,0,WIN,green,0.78,1
2059300097,9,green,0,WIN,green,0.78,1
2059300098,8,red,0,LOSS,green,0.78,1
2059300099,8,red,0,WIN,red,0.72,1
2059300100,7,green,0,LOSS,red,0.72,1
2059300101,9,green,0,WIN,green,0.65,1
2059300102,9,green,0,WIN,green,0.5438,0
2059300103,1,green,0,LOSS,red,0.53,0
2059300104,2,red,0,LOSS,green,0.78,1
2059300105,3,green,0,LOSS,red,0.72,1
2059300106,8,red,0,LOSS,green,0.6757,1
2059300107,1,green,0,LOSS,red,0.7,1
2059300108,4,red,0,LOSS,green,0.7,1
2059300109,0,red,1,WIN,red,0.7,1
2059300110,6,red,0,LOSS,green,0.6429,0
2059300111,4,red,0,WIN,red,0.5355,0
2059300112,9,green,0,LOSS,red,0.78,1
2059300113,3,green,0,WIN,green,0.72,1
2059300114,6,red,0,LOSS,green,0.72,1
2059300115,9,green,0,LOSS,red,0.63,0
2059300116,5,green,1,LOSS,red,0.64,0
2059300117,2,red,0,LOSS,green,0.5667,0
2059300118,9,green,0,WIN,green,0.5,0
2059300119,6,red,0,LOSS,green,0.6757,1
2059300120,3,green,0,LOSS,red,0.7,1
2059300121,3,green,0,WIN,green,0.7,1
2059300122,2,red,0,LOSS,green,0.71,1
2059300123,2,red,0,LOSS,green,0.65,1
2059300124,9,green,0,LOSS,red,0.7,1
2059300125,9,green,0,LOSS,red,0.7,1
2059300126,4,red,0,LOSS,green,0.7233,1
2059300127,6,red,0,WIN,red,0.5545,0
2059300128,0,red,1,LOSS,green,0.6429,0
2059300129,7,green,0,WIN,green,0.53,0
2059300130,8,red,0,WIN,red,0.55,0
2059300131,0,red,1,WIN,red,0.6567,1
2059300132,0,red,1,LOSS,green,0.53,0
2059300133,2,red,0,WIN,red,0.5438,0
2059300134,4,red,0,WIN,red,0.78,1
2059300135,7,green,0,LOSS,red,0.78,1
2059300136,5,green,1,WIN,green,0.72,1
2059300137,3,green,0,WIN,green,0.72,1
2059300138,0,red,1,WIN,red,0.6122,0
2059300139,7,green,0,LOSS,red,0.71,1
2059300140,3,green,0,WIN,green,0.5,0
2059300141,2,red,0,LOSS,green,0.65,1
2059300142,6,red,0,LOSS,green,0.5043,0
2059300143,2,red,0,WIN,red,0.5211,0
2059300144,6,red,0,LOSS,green,0.5286,0
2059300145,4,red,0,WIN,red,0.78,1
2059300146,6,red,0,WIN,red,0.78,1
2059300147,3,green,0,LOSS,red,0.78,1
2059300148,7,green,0,WIN,green,0.72,1
2059300149,9,green,0,WIN,green,0.72,1
2059300150,8,red,0,WIN,red,0.5614,0
2059300151,4,red,0,WIN,red,0.6122,0
2059300152,2,red,0,WIN,red,0.5233,0
2059300153,5,green,1,LOSS,red,0.6567,1
2059300154,6,red,0,LOSS,green,0.55,0
2059300155,3,green,0,WIN,green,0.54,0
2059300156,9,green,0,WIN,green,0.7,1
2059300157,0,red,1,LOSS,green,0.5667,0
2059300158,2,red,0,WIN,red,0.69,1
2059300159,5,green,1,LOSS,red,0.5678,0
2059300160,7,green,0,LOSS,red,0.58,0
2059300161,5,green,1,WIN,green,0.6757,1
2059300162,8,red,0,LOSS,green,0.65,1
2059300163,7,green,0,WIN,green,0.65,1
2059300164,9,green,0,LOSS,red,0.53,0
2059300165,5,green,1,WIN,green,0.5614,0
2059300166,2,red,0,LOSS,green,0.6567,1
2059300167,3,green,0,WIN,green,0.6757,1
2059300168,0,red,1,LOSS,green,0.79,1
2059300169,9,green,0,LOSS,red,0.7,1
2059300170,3,green,0,WIN,green,0.7,1
2059300171,7,green,0,WIN,green,0.6567,1
2059300172,6,red,0,LOSS,green,0.65,1
2059300173,6,red,0,LOSS,green,0.6757,1
2059300174,1,green,0,LOSS,red,0.62,0
2059300175,9,green,0,WIN,green,0.5233,0
2059300176,7,green,0,WIN,green,0.64,0
2059300177,2,red,0,LOSS,green,0.71,1
2059300178,6,red,0,LOSS,green,0.65,1
2059300179,7,green,0,LOSS,red,0.62,0
2059300180,6,red,0,LOSS,green,0.5286,0
2059300181,7,green,0,WIN,green,0.5545,0
2059300182,3,green,0,WIN,green,0.7,1
2059300183,5,green,1,WIN,green,0.5233,0
2059300184,6,red,0,LOSS,green,0.67,1
2059300185,6,red,0,WIN,red,0.5222,0
2059300186,8,red,0,LOSS,green,0.5,0
2059300187,6,red,0,WIN,red,0.6333,0
2059300188,6,red,0,WIN,red,0.78,1
2059300189,7,green,0,LOSS,red,0.78,1
2059300190,6,red,0,LOSS,green,0.72,1
2059300191,3,green,0,LOSS,red,0.5233,0
2059300192,6,red,0,LOSS,green,0.7,1
2059300193,7,green,0,LOSS,red,0.7,1
2059300194,7,green,0,WIN,green,0.7,1
2059300195,4,red,0,LOSS,green,0.58,0
2059300196,5,green,1,WIN,green,0.5,0
2059300197,4,red,0,LOSS,green,0.6567,1
2059300198,9,green,0,LOSS,red,0.7,1
2059300199,1,green,0,WIN,green,0.7,1
2059300200,4,red,0,LOSS,green,0.6567,1
2059300201,8,red,0,LOSS,green,0.65,1
2059300202,3,green,0,LOSS,red,0.6333,0
2059300203,4,red,0,WIN,red,0.62,0
2059300204,5,green,1,WIN,green,0.5545,0
2059300205,8,red,0,LOSS,green,0.7,1
2059300206,4,red,0,WIN,red,0.7,1
2059300207,3,green,0,LOSS,red,0.5438,0
2059300208,6,red,0,WIN,red,0.64,0
2059300209,7,green,0,LOSS,red,0.6567,1
2059300210,1,green,0,WIN,green,0.7,1
2059300211,5,green,1,LOSS,red,0.6429,0
2059300212,3,green,0,WIN,green,0.71,1
2059300213,5,green,1,WIN,green,0.78,1
2059300214,6,red,0,LOSS,green,0.78,1
2059300215,0,red,1,WIN,red,0.72,1
2059300216,2,red,0,WIN,red,0.72,1
2059300217,8,red,0,LOSS,green,0.65,1
2059300218,2,red,0,WIN,red,0.78,1
2059300219,8,red,0,WIN,red,0.78,1
2059300220,4,red,0,WIN,red,0.78,1
2059300221,1,green,0,LOSS,red,0.78,1
2059300222,3,green,0,WIN,green,0.72,1
2059300223,2,red,0,LOSS,green,0.72,1
2059300224,7,green,0,LOSS,red,0.6122,0
2059300225,3,green,0,LOSS,red,0.6809,1
2059300226,8,red,0,LOSS,green,0.5286,0
2059300227,9,green,0,WIN,green,0.5222,0
2059300228,2,red,0,LOSS,green,0.64,0
2059300229,3,green,0,LOSS,red,0.7,1
2059300230,5,green,1,WIN,green,0.7,1
2059300231,2,red,0,LOSS,green,0.6567,1
2059300232,2,red,0,WIN,red,0.53,0
2059300233,9,green,0,LOSS,red,0.5857,0
2059300234,2,red,0,WIN,red,0.6333,0
2059300235,6,red,0,LOSS,green,0.62,0
2059300236,3,green,0,LOSS,red,0.65,1
2059300237,7,green,0,WIN,green,0.5,0
2059300238,6,red,0,LOSS,green,0.55,0
2059300239,1,green,0,LOSS,red,0.7011,1
2059300240,4,red,0,LOSS,green,0.55,0
2059300241,2,red,0,WIN,red,0.7,1
2059300242,0,red,1,WIN,red,0.65,1
2059300243,3,green,0,LOSS,red,0.6567,1
2059300244,5,green,1,LOSS,red,0.58,0
2059300245,5,green,1,WIN,green,0.55,0
2059300246,9,green,0,WIN,green,0.62,0
2059300247,0,red,1,LOSS,green,0.78,1
2059300248,1,green,0,LOSS,red,0.72,1
2059300249,4,red,0,LOSS,green,0.5233,0
2059300250,2,red,0,WIN,red,0.7,1
2059300251,4,red,0,WIN,red,0.61,0
2059300252,1,green,0,LOSS,red,0.6,0
2059300253,3,green,0,LOSS,red,0.5667,0
2059300254,1,green,0,WIN,green,0.7,1
2059300255,2,red,0,LOSS,green,0.7,1
2059300256,3,green,0,WIN,green,0.5,0
2059300257,3,green,0,WIN,green,0.5286,0
2059300258,7,green,0,WIN,green,0.5614,0
2059300259,3,green,0,WIN,green,0.6186,0
2059300260,2,red,0,LOSS,green,0.78,1
2059300261,6,red,0,WIN,red,0.72,1
2059300262,7,green,0,LOSS,red,0.72,1
2059300263,9,green,0,WIN,green,0.6122,0
2059300264,3,green,0,LOSS,red,0.61,0
2059300265,0,red,1,LOSS,green,0.5233,0
2059300266,5,green,1,WIN,green,0.65,1
2059300267,3,green,0,WIN,green,0.5233,0
2059300268,7,green,0,WIN,green,0.65,1
2059300269,0,red,1,LOSS,green,0.64,0
2059300270,8,red,0,LOSS,green,0.69,1
2059300271,6,red,0,LOSS,green,0.6567,1
2059300272,3,green,0,WIN,green,0.7,1
2059300273,1,green,0,WIN,green,0.62,0
2059300274,3,green,0,WIN,green,0.5678,0
2059300275,0,red,1,LOSS,green,0.5614,0
2059300276,8,red,0,LOSS,green,0.5,0
2059300277,3,green,0,LOSS,red,0.7233,1
2059300278,4,red,0,LOSS,green,0.5,0
2059300279,8,red,0,LOSS,green,0.7,1
2059300280,1,green,0,WIN,green,0.5286,0
2059300281,9,green,0,WIN,green,0.5,0
2059300282,9,green,0,WIN,green,0.5222,0
2059300283,1,green,0,WIN,green,0.5286,0
2059300284,8,red,0,LOSS,green,0.78,1
2059300285,2,red,0,WIN,red,0.72,1
2059300286,5,green,1,LOSS,red,0.72,1
2059300287,1,green,0,WIN,green,0.5233,0
2059300288,9,green,0,WIN,green,0.54,0
2059300289,1,green,0,WIN,green,0.5043,0
2059300290,5,green,1,WIN,green,0.78,1
2059300291,3,green,0,WIN,green,0.78,1
2059300292,6,red,0,LOSS,green,0.78,1
2059300293,3,green,0,LOSS,red,0.72,1
2059300294,9,green,0,WIN,green,0.6757,1
2059300295,5,green,1,WIN,green,0.63,0
2059300296,0,red,1,LOSS,green,0.6567,1
2059300297,9,green,0,WIN,green,0.63,0
2059300298,3,green,0,WIN,green,0.6567,1
2059300299,6,red,0,LOSS,green,0.65,1
2059300300,6,red,0,LOSS,green,0.6186,0
2059300301,8,red,0,WIN,red,0.61,0
2059300302,2,red,0,LOSS,green,0.5,0
2059300303,7,green,0,LOSS,red,0.78,1
2059300304,6,red,0,LOSS,green,0.72,1
2059300305,4,red,0,WIN,red,0.5233,0
2059300306,8,red,0,WIN,red,0.65,1
2059300307,9,green,0,LOSS,red,0.6186,0
2059300308,9,green,0,WIN,green,0.53,0
2059300309,5,green,1,LOSS,red,0.6567,1
2059300310,3,green,0,WIN,green,0.6,0
2059300311,3,green,0,WIN,green,0.78,1
2059300312,2,red,0,LOSS,green,0.78,1
2059300313,0,red,1,WIN,red,0.72,1
2059300314,7,green,0,LOSS,red,0.72,1
2059300315,2,red,0,LOSS,green,0.5614,0
2059300316,6,red,0,LOSS,green,0.5614,0
2059300317,0,red,1,LOSS,green,0.5,0
2059300318,5,green,1,LOSS,red,0.65,1
2059300319,2,red,0,WIN,red,0.65,1
2059300320,4,red,0,WIN,red,0.6567,1
2059300321,8,red,0,WIN,red,0.6567,1
2059300322,0,red,1,LOSS,green,0.61,0
2059300323,4,red,0,WIN,red,0.78,1
2059300324,8,red,0,WIN,red,0.78,1
2059300325,9,green,0,LOSS,red,0.78,1
2059300326,5,green,1,WIN,green,0.72,1
2059300327,8,red,0,LOSS,green,0.72,1
2059300328,9,green,0,LOSS,red,0.65,1
2059300329,6,red,0,WIN,red,0.6567,1
2059300330,7,green,0,LOSS,red,0.7,1
2059300331,8,red,0,LOSS,green,0.7,1
2059300332,4,red,0,WIN,red,0.7,1
2059300333,1,green,0,WIN,green,0.6,0
2059300334,8,red,0,WIN,red,0.5222,0
2059300335,1,green,0,LOSS,red,0.64,0
2059300336,2,red,0,LOSS,green,0.7,1
2059300337,1,green,0,LOSS,red,0.7,1
2059300338,2,red,0,LOSS,green,0.7,1
2059300339,4,red,0,WIN,red,0.7,1
2059300340,8,red,0,WIN,red,0.5678,0
2059300341,4,red,0,WIN,red,0.5678,0
2059300342,5,green,1,LOSS,red,0.78,1
2059300343,6,red,0,LOSS,green,0.72,1
2059300344,5,green,1,LOSS,red,0.6567,1
2059300345,2,red,0,LOSS,green,0.7,1
2059300346,3,green,0,LOSS,red,0.7,1
2059300347,1,green,0,WIN,green,0.7,1
2059300348,7,green,0,WIN,green,0.5545,0
2059300349,4,red,0,WIN,red,0.7,1
2059300350,2,red,0,LOSS,green,0.6186,0
2059300351,3,green,0,LOSS,red,0.5667,0
2059300352,8,red,0,LOSS,green,0.71,1
2059300353,5,green,1,WIN,green,0.5,0
2059300354,2,red,0,LOSS,green,0.7,1
2059300355,7,green,0,LOSS,red,0.7,1
2059300356,9,green,0,WIN,green,0.7,1
2059300357,8,red,0,WIN,red,0.5857,0
2059300358,9,green,0,WIN,green,0.5222,0
2059300359,9,green,0,WIN,green,0.6186,0
2059300360,2,red,0,LOSS,green,0.65,1
2059300361,0,red,1,LOSS,green,0.5233,0
2059300362,9,green,0,LOSS,red,0.6111,0
2059300363,0,red,1,WIN,red,0.61,0
2059300364,3,green,0,LOSS,red,0.5286,0
2059300365,2,red,0,LOSS,green,0.7,1
2059300366,0,red,1,WIN,red,0.7,1
2059300367,0,red,1,WIN,red,0.5233,0
2059300368,6,red,0,WIN,red,0.71,1
2059300369,0,red,1,WIN,red,0.78,1
2059300370,2,red,0,WIN,red,0.78,1
2059300371,9,green,0,LOSS,red,0.78,1
2059300372,4,red,0,LOSS,green,0.72,1
2059300373,7,green,0,LOSS,red,0.51,0
2059300374,2,red,0,LOSS,green,0.7,1
2059300375,0,red,1,WIN,red,0.7,1
2059300376,6,red,0,WIN,red,0.5233,0
2059300377,0,red,1,WIN,red,0.6809,1
2059300378,1,green,0,LOSS,red,0.78,1
2059300379,9,green,0,WIN,green,0.72,1
2059300380,7,green,0,WIN,green,0.72,1
2059300381,2,red,0,LOSS,green,0.5667,0
2059300382,4,red,0,WIN,red,0.65,1
2059300383,4,red,0,WIN,red,0.5614,0
2059300384,9,green,0,LOSS,red,0.63,0
2059300385,4,red,0,LOSS,green,0.5222,0
2059300386,1,green,0,WIN,green,0.62,0
2059300387,4,red,0,LOSS,green,0.7,1
2059300388,4,red,0,WIN,red,0.7,1
2059300389,3,green,0,WIN,green,0.53,0
2059300390,9,green,0,LOSS,red,0.5355,0
2059300391,8,red,0,LOSS,green,0.5286,0
2059300392,0,red,1,WIN,red,0.7,1
2059300393,8,red,0,LOSS,green,0.61,0
2059300394,5,green,1,LOSS,red,0.75,1
2059300395,3,green,0,LOSS,red,0.565,0
2059300396,7,green,0,WIN,green,0.5667,0
2059300397,5,green,1,WIN,green,0.5233,0
2059300398,7,green,0,WIN,green,0.78,1
2059300399,3,green,0,WIN,green,0.78,1
2059300400,6,red,0,LOSS,green,0.78,1
2059300401,7,green,0,LOSS,red,0.72,1
2059300402,7,green,0,WIN,green,0.69,1
2059300403,6,red,0,LOSS,green,0.6567,1
2059300404,5,green,1,WIN,green,0.65,1
2059300405,3,green,0,WIN,green,0.6186,0
2059300406,1,green,0,LOSS,red,0.61,0
2059300407,6,red,0,LOSS,green,0.6186,0
2059300408,6,red,0,LOSS,green,0.5614,0
2059300409,1,green,0,WIN,green,0.7233,1
2059300410,2,red,0,WIN,red,0.53,0
2059300411,8,red,0,WIN,red,0.5286,0
2059300412,0,red,1,LOSS,green,0.7,1
2059300413,8,red,0,LOSS,green,0.7,1
2059300414,9,green,0,LOSS,red,0.78,1
2059300415,1,green,0,WIN,green,0.72,1
2059300416,8,red,0,LOSS,green,0.72,1
2059300417,8,red,0,LOSS,green,0.53,0
2059300418,1,green,0,LOSS,red,0.5233,0
2059300419,7,green,0,LOSS,red,0.64,0
2059300420,7,green,0,LOSS,red,0.6333,0
2059300421,5,green,1,WIN,green,0.6567,1
2059300422,6,red,0,LOSS,green,0.78,1
2059300423,6,red,0,WIN,red,0.72,1
2059300424,3,green,0,LOSS,red,0.72,1
2059300425,2,red,0,WIN,red,0.7,1
2059300426,0,red,1,WIN,red,0.51,0
2059300427,6,red,0,LOSS,green,0.5,0
2059300428,3,green,0,LOSS,red,0.5233,0
2059300429,0,red,1,WIN,red,0.6122,0
2059300430,5,green,1,LOSS,red,0.71,1
2059300431,3,green,0,WIN,green,0.7,1
2059300432,5,green,1,WIN,green,0.54,0
2059300433,2,red,0,WIN,red,0.5667,0
2059300434,7,green,0,WIN,green,0.5667,0
2059300435,0,red,1,LOSS,green,0.5438,0
2059300436,5,green,1,LOSS,red,0.7,1
2059300437,6,red,0,LOSS,green,0.7,1
2059300438,3,green,0,LOSS,red,0.7,1
2059300439,8,red,0,LOSS,green,0.7,1
2059300440,6,red,0,WIN,red,0.7,1
2059300441,4,red,0,WIN,red,0.6757,1
2059300442,2,red,0,WIN,red,0.65,1
2059300443,7,green,0,LOSS,red,0.78,1
2059300444,8,red,0,LOSS,green,0.72,1
2059300445,5,green,1,LOSS,red,0.6186,0
2059300446,3,green,0,WIN,green,0.7,1
2059300447,3,green,0,LOSS,red,0.69,1
2059300448,1,green,0,LOSS,red,0.7,1
2059300449,2,red,0,LOSS,green,0.78,1
2059300450,3,green,0,LOSS,red,0.72,1
2059300451,2,red,0,WIN,red,0.7,1
2059300452,8,red,0,WIN,red,0.7,1
2059300453,7,green,0,WIN,green,0.7,1
2059300454,5,green,1,WIN,green,0.5043,0
2059300455,9,green,0,WIN,green,0.65,1
2059300456,6,red,0,LOSS,green,0.5374,0
2059300457,0,red,1,LOSS,green,0.5667,0
2059300458,6,red,0,WIN,red,0.62,0
2059300459,7,green,0,LOSS,red,0.54,0
2059300460,4,red,0,LOSS,green,0.5,0
2059300461,3,green,0,WIN,green,0.62,0
2059300462,2,red,0,LOSS,green,0.7,1
2059300463,8,red,0,WIN,red,0.7,1
2059300464,0,red,1,LOSS,green,0.5433,0
2059300465,4,red,0,WIN,red,0.6567,1
2059300466,4,red,0,WIN,red,0.78,1
2059300467,1,green,0,LOSS,red,0.78,1
2059300468,3,green,0,WIN,green,0.72,1
2059300469,4,red,0,LOSS,green,0.72,1
2059300470,3,green,0,WIN,green,0.5529,0
2059300471,1,green,0,LOSS,red,0.6757,1
2059300472,6,red,0,LOSS,green,0.5,0
2059300473,8,red,0,LOSS,green,0.54,0
2059300474,4,red,0,WIN,red,0.5571,0
2059300475,6,red,0,WIN,red,0.5222,0
2059300476,9,green,0,LOSS,red,0.78,1
2059300477,2,red,0,LOSS,green,0.72,1
2059300478,6,red,0,WIN,red,0.5614,0
2059300479,8,red,0,WIN,red,0.6186,0
2059300480,7,green,0,LOSS,red,0.65,1
2059400001,7,green,0,WIN,green,0.61,0
2059400002,7,green,0,LOSS,red,0.63,0
2059400003,5,green,1,WIN,green,0.6111,0
2059400004,3,green,0,WIN,green,0.78,1
2059400005,7,green,0,WIN,green,0.78,1
2059400006,5,green,1,WIN,green,0.78,1
2059400007,2,red,0,LOSS,green,0.78,1
2059400008,8,red,0,WIN,red,0.72,1
2059400009,7,green,0,LOSS,red,0.72,1
2059400010,8,red,0,LOSS,green,0.6186,0
2059400011,9,green,0,WIN,green,0.54,0
2059400012,8,red,0,LOSS,green,0.7,1
2059400013,8,red,0,WIN,red,0.7,1
2059400014,7,green,0,LOSS,red,0.5614,0
2059400015,9,green,0,LOSS,red,0.6567,1
2059400016,9,green,0,WIN,green,0.5545,0
2059400017,4,red,0,LOSS,green,0.5614,0
2059400018,8,red,0,LOSS,green,0.5667,0
2059400019,2,red,0,WIN,red,0.62,0
2059400020,4,red,0,WIN,red,0.5233,0
2059400021,7,green,0,LOSS,red,0.78,1
2059400022,8,red,0,LOSS,green,0.72,1
2059400023,2,red,0,WIN,red,0.65,1
2059400024,5,green,1,LOSS,red,0.6186,0
2059400025,0,red,1,WIN,red,0.6567,1
2059400026,6,red,0,WIN,red,0.5233,0
2059400027,5,green,1,LOSS,red,0.65,1
2059400028,1,green,0,LOSS,red,0.64,0
2059400029,9,green,0,LOSS,red,0.7,1
2059400030,6,red,0,LOSS,green,0.5667,0
2059400031,0,red,1,LOSS,green,0.5353,0
2059400032,6,red,0,WIN,red,0.6429,0
2059400033,1,green,0,LOSS,red,0.55,0
2059400034,4,red,0,LOSS,green,0.5,0
2059400035,1,green,0,WIN,green,0.6333,0
2059400036,0,red,1,LOSS,green,0.7,1
2059400037,6,red,0,WIN,red,0.7,1
2059400038,1,green,0,LOSS,red,0.5043,0
2059400039,0,red,1,WIN,red,0.5233,0
2059400040,1,green,0,LOSS,red,0.63,0
2059400041,8,red,0,LOSS,green,0.7,1
2059400042,6,red,0,WIN,red,0.7,1
2059400043,1,green,0,LOSS,red,0.54,0
2059400044,6,red,0,WIN,red,0.71,1
2059400045,4,red,0,WIN,red,0.65,1
2059400046,1,green,0,LOSS,red,0.6445,0
2059400047,8,red,0,WIN,red,0.65,1
2059400048,0,red,1,WIN,red,0.5043,0
2059400049,1,green,0,LOSS,red,0.65,1
2059400050,9,green,0,LOSS,red,0.6122,0
2059400051,5,green,1,LOSS,red,0.6429,0
2059400052,0,red,1,LOSS,green,0.5286,0
2059400053,3,green,0,WIN,green,0.5222,0
2059400054,8,red,0,LOSS,green,0.63,0
2059400055,6,red,0,WIN,red,0.7,1
2059400056,2,red,0,LOSS,green,0.5,0
2059400057,4,red,0,WIN,red,0.525,0
2059400058,3,green,0,LOSS,red,0.78,1
2059400059,8,red,0,LOSS,green,0.72,1
2059400060,3,green,0,LOSS,red,0.65,1
2059400061,1,green,0,WIN,green,0.7,1
2059400062,3,green,0,LOSS,red,0.7,1
2059400063,0,red,1,WIN,red,0.7,1
2059400064,2,red,0,LOSS,green,0.5857,0
2059400065,5,green,1,WIN,green,0.5,0
2059400066,5,green,1,WIN,green,0.6567,1
2059400067,4,red,0,LOSS,green,0.6567,1
2059400068,7,green,0,LOSS,red,0.5373,0
2059400069,2,red,0,LOSS,green,0.65,1
2059400070,7,green,0,LOSS,red,0.7,1
2059400071,7,green,0,WIN,green,0.7,1
2059400072,2,red,0,LOSS,green,0.6757,1
2059400073,5,green,1,LOSS,red,0.5433,0
2059400074,4,red,0,LOSS,green,0.65,1
2059400075,4,red,0,WIN,red,0.7,1
2059400076,6,red,0,LOSS,green,0.5222,0
2059400077,9,green,0,LOSS,red,0.65,1
2059400078,8,red,0,WIN,red,0.5333,0
2059400079,9,green,0,LOSS,red,0.5614,0
2059400080,4,red,0,LOSS,green,0.7,1
2059400081,4,red,0,WIN,red,0.7,1
2059400082,1,green,0,LOSS,red,0.51,0
2059400083,3,green,0,LOSS,red,0.6186,0
2059400084,8,red,0,LOSS,green,0.5,0
2059400085,5,green,1,LOSS,red,0.7,1
2059400086,9,green,0,WIN,green,0.5222,0
2059400087,1,green,0,WIN,green,0.64,0
2059400088,8,red,0,LOSS,green,0.71,1
2059400089,6,red,0,LOSS,green,0.65,1
2059400090,9,green,0,WIN,green,0.7329,1
2059400091,5,green,1,LOSS,red,0.5433,0
2059400092,5,green,1,WIN,green,0.63,0
2059400093,8,red,0,LOSS,green,0.6567,1
2059400094,2,red,0,LOSS,green,0.6186,0
2059400095,8,red,0,WIN,red,0.5667,0
2059400096,6,red,0,WIN,red,0.5355,0
2059400097,1,green,0,LOSS,red,0.78,1
2059400098,1,green,0,WIN,green,0.72,1
2059400099,8,red,0,LOSS,green,0.72,1
2059400100,8,red,0,WIN,red,0.6809,1
2059400101,5,green,1,LOSS,red,0.5355,0
2059400102,5,green,1,LOSS,red,0.6122,0
2059400103,0,red,1,WIN,red,0.5857,0
2059400104,6,red,0,WIN,red,0.62,0
2059400105,9,green,0,WIN,green,0.6429,0
2059400106,6,red,0,LOSS,green,0.5667,0
2059400107,3,green,0,LOSS,red,0.5614,0
2059400108,9,green,0,WIN,green,0.7,1
2059400109,6,red,0,LOSS,green,0.65,1
2059400110,8,red,0,LOSS,green,0.5286,0
2059400111,2,red,0,WIN,red,0.54,0
2059400112,2,red,0,WIN,red,0.6186,0
2059400113,0,red,1,WIN,red,0.78,1
2059400114,0,red,1,WIN,red,0.78,1
2059400115,1,green,0,LOSS,red,0.78,1
2059400116,4,red,0,LOSS,green,0.72,1
2059400117,8,red,0,WIN,red,0.5043,0
2059400118,6,red,0,WIN,red,0.71,1
2059400119,1,green,0,LOSS,red,0.6567,1
2059400120,5,green,1,WIN,green,0.5529,0
2059400121,6,red,0,WIN,red,0.65,1
2059400122,6,red,0,WIN,red,0.6567,1
2059400123,4,red,0,WIN,red,0.65,1
2059400124,2,red,0,LOSS,green,0.53,0
2059400125,6,red,0,WIN,red,0.78,1
2059400126,0,red,1,WIN,red,0.78,1
2059400127,8,red,0,WIN,red,0.78,1
2059400128,6,red,0,WIN,red,0.78,1
2059400129,1,green,0,LOSS,red,0.78,1
2059400130,1,green,0,WIN,green,0.72,1
2059400131,4,red,0,LOSS,green,0.72,1
2059400132,9,green,0,LOSS,red,0.5614,0
2059400133,3,green,0,LOSS,red,0.6567,1
2059400134,9,green,0,LOSS,red,0.5222,0
2059400135,4,red,0,LOSS,green,0.65,1
2059400136,2,red,0,LOSS,green,0.5614,0
2059400137,1,green,0,WIN,green,0.74,1
2059400138,5,green,1,LOSS,red,0.7,1
2059400139,9,green,0,WIN,green,0.6186,0
2059400140,9,green,0,WIN,green,0.6186,0
2059400141,4,red,0,LOSS,green,0.78,1
2059400142,4,red,0,WIN,red,0.72,1
2059400143,5,green,1,LOSS,red,0.72,1
2059400144,4,red,0,LOSS,green,0.54,0
2059400145,1,green,0,LOSS,red,0.5211,0
2059400146,6,red,0,LOSS,green,0.7,1
2059400147,6,red,0,WIN,red,0.7,1
2059400148,2,red,0,WIN,red,0.54,0
2059400149,8,red,0,WIN,red,0.7233,1
2059400150,4,red,0,WIN,red,0.78,1
2059400151,7,green,0,LOSS,red,0.78,1
2059400152,5,green,1,WIN,green,0.72,1
2059400153,4,red,0,LOSS,green,0.72,1
2059400154,0,red,1,LOSS,green,0.56,0
2059400155,0,red,1,WIN,red,0.6567,1
2059400156,0,red,1,LOSS,green,0.51,0
2059400157,0,red,1,WIN,red,0.78,1
2059400158,5,green,1,LOSS,red,0.78,1
2059400159,4,red,0,LOSS,green,0.72,1
2059400160,9,green,0,LOSS,red,0.51,0
2059400161,0,red,1,LOSS,green,0.7,1
2059400162,1,green,0,LOSS,red,0.7,1
2059400163,2,red,0,LOSS,green,0.7,1
2059400164,2,red,0,WIN,red,0.7,1
2059400165,1,green,0,WIN,green,0.53,0
2059400166,9,green,0,WIN,green,0.62,0
2059400167,2,red,0,LOSS,green,0.6,0
2059400168,3,green,0,LOSS,red,0.6429,0
2059400169,4,red,0,LOSS,green,0.62,0
2059400170,1,green,0,LOSS,red,0.7,1
2059400171,5,green,1,WIN,green,0.7,1
2059400172,0,red,1,LOSS,green,0.64,0
2059400173,8,red,0,LOSS,green,0.5043,0
2059400174,9,green,0,LOSS,red,0.55,0
2059400175,4,red,0,WIN,red,0.6429,0
2059400176,0,red,1,LOSS,green,0.5667,0
2059400177,1,green,0,WIN,green,0.53,0
2059400178,3,green,0,WIN,green,0.62,0
2059400179,6,red,0,LOSS,green,0.54,0
2059400180,8,red,0,WIN,red,0.67,1
2059400181,6,red,0,WIN,red,0.7329,1
2059400182,6,red,0,WIN,red,0.74,1
2059400183,8,red,0,WIN,red,0.78,1
2059400184,6,red,0,WIN,red,0.78,1
2059400185,1,green,0,LOSS,red,0.78,1
2059400186,1,green,0,WIN,green,0.72,1
2059400187,7,green,0,WIN,green,0.72,1
2059400188,8,red,0,WIN,red,0.79,1
2059400189,2,red,0,WIN,red,0.63,0
2059400190,4,red,0,WIN,red,0.65,1
2059400191,3,green,0,WIN,green,0.61,0
2059400192,0,red,1,WIN,red,0.5333,0
2059400193,1,green,0,WIN,green,0.6429,0
2059400194,5,green,1,WIN,green,0.7,1
2059400195,5,green,1,LOSS,red,0.5286,0
2059400196,8,red,0,WIN,red,0.5857,0
2059400197,4,red,0,LOSS,green,0.62,0
2059400198,5,green,1,WIN,green,0.5286,0
2059400199,3,green,0,WIN,green,0.79,1
2059400200,9,green,0,WIN,green,0.64,0
2059400201,4,red,0,LOSS,green,0.64,0
2059400202,0,red,1,LOSS,green,0.65,1
2059400203,2,red,0,WIN,red,0.5857,0
2059400204,4,red,0,WIN,red,0.5567,0
2059400205,1,green,0,LOSS,red,0.78,1
2059400206,9,green,0,WIN,green,0.72,1
2059400207,4,red,0,LOSS,green,0.72,1
2059400208,9,green,0,LOSS,red,0.69,1
2059400209,6,red,0,WIN,red,0.6122,0
2059400210,8,red,0,WIN,red,0.7,1
2059400211,2,red,0,WIN,red,0.54,0
2059400212,8,red,0,WIN,red,0.6186,0
2059400213,3,green,0,LOSS,red,0.78,1
2059400214,6,red,0,LOSS,green,0.72,1
2059400215,2,red,0,WIN,red,0.5678,0
2059400216,2,red,0,WIN,red,0.64,0
2059400217,2,red,0,WIN,red,0.5678,0
2059400218,6,red,0,WIN,red,0.78,1
2059400219,2,red,0,WIN,red,0.78,1
2059400220,5,green,1,LOSS,red,0.78,1
2059400221,6,red,0,LOSS,green,0.72,1
2059400222,9,green,0,LOSS,red,0.5233,0
2059400223,9,green,0,WIN,green,0.7,1
2059400224,2,red,0,WIN,red,0.69,1
2059400225,6,red,0,WIN,red,0.79,1
2059400226,6,red,0,WIN,red,0.5614,0
2059400227,0,red,1,WIN,red,0.64,0
2059400228,9,green,0,LOSS,red,0.78,1
2059400229,6,red,0,LOSS,green,0.72,1
2059400230,0,red,1,WIN,red,0.65,1
2059400231,6,red,0,WIN,red,0.65,1
2059400232,9,green,0,LOSS,red,0.65,1
2059400233,3,green,0,WIN,green,0.61,0
2059400234,4,red,0,WIN,red,0.6186,0
2059400235,3,green,0,LOSS,red,0.6757,1
2059400236,9,green,0,LOSS,red,0.5286,0
2059400237,5,green,1,LOSS,red,0.54,0
2059400238,5,green,1,LOSS,red,0.7,1
2059400239,2,red,0,LOSS,green,0.78,1
2059400240,5,green,1,LOSS,red,0.72,1
2059400241,7,green,0,WIN,green,0.5233,0
2059400242,6,red,0,LOSS,green,0.6757,1
2059400243,5,green,1,WIN,green,0.65,1
2059400244,0,red,1,LOSS,green,0.64,0
2059400245,8,red,0,WIN,red,0.7,1
2059400246,2,red,0,LOSS,green,0.5,0
2059400247,6,red,0,WIN,red,0.65,1
2059400248,6,red,0,WIN,red,0.78,1
2059400249,4,red,0,WIN,red,0.78,1
2059400250,1,green,0,LOSS,red,0.78,1
2059400251,0,red,1,LOSS,green,0.72,1
2059400252,9,green,0,WIN,green,0.53,0
2059400253,5,green,1,WIN,green,0.7,1
2059400254,1,green,0,LOSS,red,0.71,1
2059400255,0,red,1,WIN,red,0.5769,0
2059400256,1,green,0,WIN,green,0.5222,0
2059400257,7,green,0,WIN,green,0.5329,0
2059400258,3,green,0,WIN,green,0.65,1
2059400259,5,green,1,WIN,green,0.5678,0
2059400260,8,red,0,LOSS,green,0.78,1
2059400261,5,green,1,LOSS,red,0.72,1
2059400262,9,green,0,WIN,green,0.6757,1
2059400263,5,green,1,WIN,green,0.64,0
2059400264,1,green,0,WIN,green,0.54,0
2059400265,3,green,0,WIN,green,0.78,1
2059400266,0,red,1,LOSS,green,0.78,1
2059400267,7,green,0,LOSS,red,0.72,1
2059400268,1,green,0,WIN,green,0.6445,0
2059400269,8,red,0,LOSS,green,0.6186,0
2059400270,5,green,1,WIN,green,0.6186,0
2059400271,8,red,0,LOSS,green,0.6122,0
2059400272,3,green,0,LOSS,red,0.7,1
2059400273,5,green,1,WIN,green,0.7,1
2059400274,2,red,0,LOSS,green,0.6186,0
2059400275,1,green,0,LOSS,red,0.51,0
2059400276,6,red,0,LOSS,green,0.5233,0
2059400277,8,red,0,WIN,red,0.7,1
2059400278,4,red,0,LOSS,green,0.5,0
2059400279,1,green,0,LOSS,red,0.6186,0
2059400280,2,red,0,WIN,red,0.5667,0
2059400281,1,green,0,LOSS,red,0.54,0
2059400282,4,red,0,LOSS,green,0.7,1
2059400283,0,red,1,WIN,red,0.7,1
2059400284,9,green,0,WIN,green,0.5009,0
2059400285,9,green,0,LOSS,red,0.65,1
2059400286,6,red,0,WIN,red,0.5222,0
2059400287,4,red,0,WIN,red,0.62,0
2059400288,1,green,0,WIN,green,0.5433,0
2059400289,6,red,0,LOSS,green,0.5667,0
2059400290,5,green,1,LOSS,red,0.54,0
2059400291,9,green,0,WIN,green,0.7,1
2059400292,3,green,0,WIN,green,0.5614,0
2059400293,5,green,1,WIN,green,0.6567,1
2059400294,8,red,0,LOSS,green,0.78,1
2059400295,3,green,0,LOSS,red,0.72,1
2059400296,5,green,1,WIN,green,0.6186,0
2059400297,6,red,0,LOSS,green,0.6669,1
2059400298,8,red,0,LOSS,green,0.6122,0
2059400299,0,red,1,LOSS,green,0.6186,0
2059400300,8,red,0,LOSS,green,0.5,0
2059400301,7,green,0,LOSS,red,0.78,1
2059400302,9,green,0,WIN,green,0.72,1
2059400303,1,green,0,WIN,green,0.72,1
2059400304,9,green,0,WIN,green,0.6429,0
2059400305,0,red,1,LOSS,green,0.78,1
2059400306,0,red,1,WIN,red,0.72,1
2059400307,5,green,1,LOSS,red,0.72,1
2059400308,3,green,0,WIN,green,0.5233,0
2059400309,3,green,0,WIN,green,0.5678,0
2059400310,5,green,1,WIN,green,0.54,0
2059400311,4,red,0,LOSS,green,0.78,1
2059400312,2,red,0,WIN,red,0.72,1
2059400313,1,green,0,LOSS,red,0.72,1
2059400314,6,red,0,LOSS,green,0.5614,0
2059400315,4,red,0,LOSS,green,0.51,0
2059400316,8,red,0,WIN,red,0.5286,0
2059400317,7,green,0,LOSS,red,0.5043,0
2059400318,3,green,0,LOSS,red,0.63,0
2059400319,8,red,0,WIN,red,0.5678,0
2059400320,4,red,0,LOSS,green,0.7,1
2059400321,0,red,1,WIN,red,0.6186,0
2059400322,5,green,1,LOSS,red,0.5233,0
2059400323,9,green,0,LOSS,red,0.55,0
2059400324,2,red,0,LOSS,green,0.5667,0
2059400325,8,red,0,LOSS,green,0.62,0
2059400326,9,green,0,LOSS,red,0.65,1
2059400327,7,green,0,LOSS,red,0.6122,0
2059400328,0,red,1,WIN,red,0.6,0
2059400329,7,green,0,LOSS,red,0.6333,0
2059400330,2,red,0,LOSS,green,0.5614,0
2059400331,9,green,0,LOSS,red,0.7,1
2059400332,0,red,1,LOSS,green,0.7,1
2059400333,9,green,0,LOSS,red,0.7,1
2059400334,6,red,0,LOSS,green,0.7,1
2059400335,3,green,0,LOSS,red,0.7,1
2059400336,7,green,0,WIN,green,0.7,1
2059400337,4,red,0,LOSS,green,0.71,1
2059400338,0,red,1,WIN,red,0.5667,0
2059400339,8,red,0,LOSS,green,0.5,0
2059400340,3,green,0,LOSS,red,0.5233,0
2059400341,2,red,0,WIN,red,0.5667,0
2059400342,5,green,1,WIN,green,0.5433,0
2059400343,2,red,0,LOSS,green,0.7,1
2059400344,9,green,0,LOSS,red,0.7,1
2059400345,6,red,0,LOSS,green,0.7,1
2059400346,9,green,0,LOSS,red,0.7,1
2059400347,6,red,0,LOSS,green,0.7,1
2059400348,9,green,0,LOSS,red,0.7,1
2059400349,2,red,0,LOSS,green,0.7,1
2059400350,6,red,0,WIN,red,0.7,1
2059400351,1,green,0,LOSS,red,0.69,1
2059400352,5,green,1,WIN,green,0.55,0
2059400353,9,green,0,WIN,green,0.5667,0
2059400354,4,red,0,WIN,red,0.5433,0
2059400355,4,red,0,LOSS,green,0.54,0
2059400356,4,red,0,WIN,red,0.6333,0
2059400357,9,green,0,LOSS,red,0.5614,0
2059400358,5,green,1,LOSS,red,0.5286,0
2059400359,2,red,0,LOSS,green,0.65,1
2059400360,4,red,0,LOSS,green,0.5,0
2059400361,8,red,0,WIN,red,0.5233,0
2059400362,4,red,0,WIN,red,0.5043,0
2059400363,1,green,0,LOSS,red,0.78,1
2059400364,5,green,1,WIN,green,0.72,1
2059400365,1,green,0,WIN,green,0.72,1
2059400366,2,red,0,LOSS,green,0.65,1
2059400367,6,red,0,WIN,red,0.63,0
2059400368,2,red,0,WIN,red,0.6122,0
2059400369,5,green,1,WIN,green,0.61,0
2059400370,0,red,1,WIN,red,0.5667,0
2059400371,3,green,0,WIN,green,0.65,1
2059400372,0,red,1,LOSS,green,0.7,1
2059400373,4,red,0,WIN,red,0.7,1
2059400374,6,red,0,LOSS,green,0.51,0
2059400375,1,green,0,LOSS,red,0.6757,1
2059400376,8,red,0,WIN,red,0.65,1
2059400377,1,green,0,LOSS,red,0.79,1
2059400378,7,green,0,WIN,green,0.7,1
2059400379,8,red,0,LOSS,green,0.7,1
2059400380,4,red,0,WIN,red,0.7043,1
2059400381,4,red,0,WIN,red,0.65,1
2059400382,1,green,0,LOSS,red,0.6567,1
2059400383,7,green,0,LOSS,red,0.58,0
2059400384,6,red,0,LOSS,green,0.62,0
2059400385,9,green,0,WIN,green,0.5667,0
2059400386,4,red,0,LOSS,green,0.65,1
2059400387,4,red,0,WIN,red,0.7,1
2059400388,8,red,0,WIN,red,0.5678,0
2059400389,2,red,0,WIN,red,0.64,0
2059400390,0,red,1,WIN,red,0.78,1
2059400391,9,green,0,LOSS,red,0.78,1
2059400392,7,green,0,WIN,green,0.72,1
2059400393,8,red,0,LOSS,green,0.72,1
2059400394,5,green,1,WIN,green,0.5211,0
2059400395,4,red,0,WIN,red,0.64,0
2059400396,2,red,0,WIN,red,0.7,1
2059400397,8,red,0,WIN,red,0.6186,0
2059400398,2,red,0,WIN,red,0.6567,1
2059400399,2,red,0,WIN,red,0.78,1
2059400400,7,green,0,LOSS,red,0.78,1
2059400401,3,green,0,WIN,green,0.72,1
2059400402,5,green,1,WIN,green,0.72,1
2059400403,0,red,1,WIN,red,0.63,0
2059400404,0,red,1,WIN,red,0.6567,1
2059400405,3,green,0,LOSS,red,0.6186,0
2059400406,9,green,0,LOSS,red,0.5222,0
2059400407,0,red,1,LOSS,green,0.6669,1
2059400408,4,red,0,WIN,red,0.51,0
2059400409,7,green,0,WIN,green,0.5222,0
2059400410,7,green,0,WIN,green,0.5,0
2059400411,4,red,0,LOSS,green,0.5667,0
2059400412,1,green,0,LOSS,red,0.5667,0
2059400413,2,red,0,LOSS,green,0.54,0
2059400414,5,green,1,LOSS,red,0.7,1
2059400415,7,green,0,WIN,green,0.7,1
2059400416,1,green,0,WIN,green,0.6122,0
2059400417,6,red,0,LOSS,green,0.71,1
2059400418,9,green,0,WIN,green,0.64,0
2059400419,7,green,0,LOSS,red,0.53,0
2059400420,3,green,0,WIN,green,0.6567,1
2059400421,2,red,0,LOSS,green,0.65,1
2059400422,6,red,0,LOSS,green,0.6567,1
2059400423,3,green,0,WIN,green,0.5614,0
2059400424,2,red,0,WIN,red,0.5009,0
2059400425,0,red,1,WIN,red,0.55,0
2059400426,9,green,0,WIN,green,0.5667,0
2059400427,0,red,1,LOSS,green,0.5222,0
2059400428,3,green,0,LOSS,red,0.79,1
2059400429,1,green,0,WIN,green,0.7,1
2059400430,8,red,0,LOSS,green,0.5286,0
2059400431,5,green,1,LOSS,red,0.5222,0
2059400432,8,red,0,LOSS,green,0.7,1
2059400433,8,red,0,WIN,red,0.7,1
2059400434,6,red,0,WIN,red,0.5667,0
2059400435,2,red,0,WIN,red,0.5614,0
2059400436,1,green,0,LOSS,red,0.78,1
2059400437,8,red,0,LOSS,green,0.72,1
2059400438,0,red,1,WIN,red,0.65,1
2059400439,5,green,1,LOSS,red,0.6567,1
2059400440,6,red,0,WIN,red,0.6757,1
2059400441,1,green,0,LOSS,red,0.5614,0
2059400442,8,red,0,LOSS,green,0.7,1
2059400443,2,red,0,WIN,red,0.7,1
2059400444,3,green,0,WIN,green,0.61,0
2059400445,4,red,0,WIN,red,0.7233,1
2059400446,4,red,0,WIN,red,0.6186,0
2059400447,8,red,0,WIN,red,0.5614,0
2059400448,0,red,1,WIN,red,0.6186,0
2059400449,2,red,0,WIN,red,0.78,1
2059400450,8,red,0,WIN,red,0.78,1
2059400451,2,red,0,WIN,red,0.78,1
2059400452,8,red,0,WIN,red,0.78,1
2059400453,6,red,0,WIN,red,0.78,1
2059400454,8,red,0,WIN,red,0.78,1
2059400455,5,green,1,LOSS,red,0.78,1
2059400456,8,red,0,LOSS,green,0.72,1
2059400457,1,green,0,LOSS,red,0.5312,0
2059400458,1,green,0,WIN,green,0.7,1
2059400459,6,red,0,WIN,red,0.6567,1
2059400460,5,green,1,LOSS,red,0.79,1
2059400461,1,green,0,WIN,green,0.5333,0
2059400462,2,red,0,LOSS,green,0.6186,0
2059400463,5,green,1,WIN,green,0.5043,0
2059400464,1,green,0,WIN,green,0.65,1
2059400465,0,red,1,LOSS,green,0.6122,0
2059400466,0,red,1,LOSS,green,0.65,1
2059400467,4,red,0,WIN,red,0.62,0
2059400468,0,red,1,LOSS,green,0.5286,0
2059400469,1,green,0,LOSS,red,0.78,1
2059400470,6,red,0,LOSS,green,0.72,1
2059400471,1,green,0,LOSS,red,0.6122,0
2059400472,1,green,0,WIN,green,0.7,1
2059400473,2,red,0,WIN,red,0.6488,0
2059400474,0,red,1,WIN,red,0.6809,1
2059400475,5,green,1,LOSS,red,0.65,1
2059400476,5,green,1,LOSS,red,0.5545,0
2059400477,2,red,0,LOSS,green,0.69,1
2059400478,5,green,1,LOSS,red,0.54,0
2059400479,8,red,0,LOSS,green,0.5233,0
2059400480,5,green,1,LOSS,red,0.7,1
2059500001,2,red,0,LOSS,green,0.7,1
2059500002,2,red,0,WIN,red,0.7,1
2059500003,8,red,0,LOSS,green,0.62,0
2059500004,4,red,0,WIN,red,0.65,1
2059500005,4,red,0,WIN,red,0.78,1
2059500006,4,red,0,WIN,red,0.78,1
2059500007,9,green,0,LOSS,red,0.78,1
2059500008,0,red,1,LOSS,green,0.72,1
2059500009,1,green,0,WIN,green,0.5433,0
2059500010,2,red,0,LOSS,green,0.7,1
2059500011,7,green,0,LOSS,red,0.7,1
2059500012,2,red,0,LOSS,green,0.7,1
2059500013,6,red,0,WIN,red,0.7,1
2059500014,2,red,0,LOSS,green,0.5433,0
2059500015,4,red,0,WIN,red,0.65,1
2059500016,9,green,0,LOSS,red,0.78,1
2059500017,8,red,0,LOSS,green,0.72,1
2059500018,6,red,0,WIN,red,0.65,1
2059500019,4,red,0,WIN,red,0.63,0
2059500020,5,green,1,LOSS,red,0.65,1
2059500021,8,red,0,LOSS,green,0.61,0
2059500022,9,green,0,LOSS,red,0.63,0
2059500023,9,green,0,WIN,green,0.7,1
2059500024,0,red,1,LOSS,green,0.62,0
2059500025,1,green,0,LOSS,red,0.71,1
2059500026,8,red,0,LOSS,green,0.5462,0
2059500027,6,red,0,WIN,red,0.7,1
2059500028,5,green,1,LOSS,red,0.5857,0
2059500029,8,red,0,LOSS,green,0.62,0
2059500030,8,red,0,LOSS,green,0.5769,0
2059500031,7,green,0,LOSS,red,0.6488,0
2059500032,7,green,0,LOSS,red,0.65,1
2059500033,7,green,0,LOSS,red,0.6,0
2059500034,6,red,0,LOSS,green,0.5,0
2059500035,2,red,0,LOSS,green,0.52,0
2059500036,1,green,0,LOSS,red,0.6556,1
2059500037,5,green,1,WIN,green,0.5,0
2059500038,3,green,0,WIN,green,0.6471,0
2059500039,9,green,0,WIN,green,0.6122,0
2059500040,8,red,0,LOSS,green,0.78,1
2059500041,3,green,0,LOSS,red,0.72,1
2059500042,0,red,1,LOSS,green,0.64,0
2059500043,0,red,1,WIN,red,0.7,1
2059500044,7,green,0,LOSS,red,0.61,0
2059500045,9,green,0,WIN,green,0.54,0
2059500046,3,green,0,WIN,green,0.65,1
2059500047,8,red,0,LOSS,green,0.5614,0
2059500048,8,red,0,LOSS,green,0.5,0
2059500049,8,red,0,WIN,red,0.6429,0
2059500050,2,red,0,WIN,red,0.54,0
2059500051,7,green,0,LOSS,red,0.78,1
2059500052,9,green,0,WIN,green,0.72,1
2059500053,6,red,0,LOSS,green,0.72,1
2059500054,5,green,1,LOSS,red,0.6669,1
2059500055,5,green,1,LOSS,red,0.63,0
2059500056,7,green,0,WIN,green,0.5,0
2059500057,2,red,0,LOSS,green,0.65,1
2059500058,9,green,0,WIN,green,0.5614,0
2059500059,4,red,0,LOSS,green,0.7233,1
2059500060,7,green,0,LOSS,red,0.7,1
2059500061,7,green,0,WIN,green,0.7,1
2059500062,9,green,0,WIN,green,0.6757,1
2059500063,3,green,0,WIN,green,0.5678,0
2059500064,0,red,1,LOSS,green,0.78,1
2059500065,2,red,0,WIN,red,0.72,1
2059500066,0,red,1,WIN,red,0.72,1
2059500067,4,red,0,WIN,red,0.5286,0
2059500068,6,red,0,WIN,red,0.78,1
2059500069,5,green,1,LOSS,red,0.78,1
2059500070,6,red,0,LOSS,green,0.72,1
2059500071,8,red,0,LOSS,green,0.53,0
2059500072,2,red,0,WIN,red,0.7011,1
2059500073,8,red,0,WIN,red,0.6186,0
2059500074,9,green,0,LOSS,red,0.78,1
2059500075,7,green,0,WIN,green,0.72,1
2059500076,1,green,0,WIN,green,0.72,1
2059500077,8,red,0,LOSS,green,0.5286,0
2059500078,5,green,1,LOSS,red,0.6488,0
2059500079,7,green,0,WIN,green,0.5286,0
2059500080,3,green,0,WIN,green,0.65,1
2059500081,2,red,0,LOSS,green,0.79,1
2059500082,5,green,1,WIN,green,0.63,0
2059500083,7,green,0,WIN,green,0.7233,1
2059500084,4,red,0,LOSS,green,0.5678,0
2059500085,6,red,0,LOSS,green,0.65,1
2059500086,8,red,0,WIN,red,0.61,0
2059500087,7,green,0,LOSS,red,0.5222,0
2059500088,0,red,1,LOSS,green,0.6333,0
2059500089,1,green,0,WIN,green,0.7,1
2059500090,9,green,0,WIN,green,0.7,1
2059500091,8,red,0,LOSS,green,0.5,0
2059500092,5,green,1,LOSS,red,0.6567,1
2059500093,6,red,0,LOSS,green,0.5286,0
2059500094,1,green,0,LOSS,red,0.7,1
2059500095,5,green,1,WIN,green,0.7,1
2059500096,5,green,1,WIN,green,0.5678,0
2059500097,0,red,1,LOSS,green,0.63,0
2059500098,9,green,0,WIN,green,0.6567,1
2059500099,8,red,0,LOSS,green,0.5233,0
2059500100,7,green,0,LOSS,red,0.7,1
2059500101,7,green,0,WIN,green,0.7,1
2059500102,0,red,1,LOSS,green,0.69,1
2059500103,1,green,0,WIN,green,0.6186,0
2059500104,3,green,0,WIN,green,0.5043,0
2059500105,6,red,0,LOSS,green,0.5614,0
2059500106,4,red,0,WIN,red,0.61,0
2059500107,7,green,0,LOSS,red,0.5909,0
2059500108,3,green,0,LOSS,red,0.61,0
2059500109,0,red,1,LOSS,green,0.6567,1
2059500110,4,red,0,WIN,red,0.525,0
2059500111,6,red,0,LOSS,green,0.6111,0
2059500112,9,green,0,WIN,green,0.5433,0
2059500113,4,red,0,WIN,red,0.5614,0
2059500114,6,red,0,WIN,red,0.6757,1
2059500115,7,green,0,LOSS,red,0.5233,0
2059500116,4,red,0,WIN,red,0.6567,1
2059500117,3,green,0,LOSS,red,0.69,1
2059500118,6,red,0,LOSS,green,0.7,1
2059500119,5,green,1,LOSS,red,0.7,1
2059500120,3,green,0,WIN,green,0.7,1
2059500121,4,red,0,WIN,red,0.6,0
2059500122,4,red,0,LOSS,green,0.5667,0
2059500123,6,red,0,WIN,red,0.5222,0
2059500124,6,red,0,WIN,red,0.51,0
2059500125,6,red,0,WIN,red,0.78,1
2059500126,2,red,0,WIN,red,0.78,1
2059500127,5,green,1,LOSS,red,0.78,1
2059500128,1,green,0,WIN,green,0.72,1
2059500129,4,red,0,LOSS,green,0.72,1
2059500130,9,green,0,LOSS,red,0.5567,0
2059500131,3,green,0,LOSS,red,0.6186,0
2059500132,1,green,0,WIN,green,0.5,0
2059500133,6,red,0,LOSS,green,0.65,1
2059500134,2,red,0,LOSS,green,0.65,1
2059500135,3,green,0,WIN,green,0.79,1
2059500136,7,green,0,LOSS,red,0.7,1
2059500137,5,green,1,WIN,green,0.6567,1
2059500138,6,red,0,LOSS,green,0.5233,0
2059500139,6,red,0,LOSS,green,0.5678,0
2059500140,6,red,0,WIN,red,0.62,0
2059500141,5,green,1,LOSS,red,0.65,1
2059500142,8,red,0,LOSS,green,0.5,0
2059500143,8,red,0,LOSS,green,0.6556,1
2059500144,4,red,0,WIN,red,0.65,1
2059500145,3,green,0,LOSS,red,0.65,1
2059500146,9,green,0,LOSS,red,0.54,0
2059500147,8,red,0,WIN,red,0.6362,0
2059500148,4,red,0,WIN,red,0.64,0
2059500149,0,red,1,WIN,red,0.64,0
2059500150,5,green,1,WIN,green,0.53,0
2059500151,3,green,0,LOSS,red,0.5355,0
2059500152,0,red,1,LOSS,green,0.5286,0
2059500153,4,red,0,LOSS,green,0.5857,0
2059500154,8,red,0,WIN,red,0.5614,0
2059500155,5,green,1,LOSS,red,0.5233,0
2059500156,7,green,0,LOSS,red,0.5233,0
2059500157,9,green,0,WIN,green,0.5,0
2059500158,8,red,0,LOSS,green,0.5614,0
2059500159,3,green,0,WIN,green,0.55,0
2059500160,6,red,0,LOSS,green,0.5667,0
2059500161,2,red,0,WIN,red,0.7,1
2059500162,6,red,0,WIN,red,0.5222,0
2059500163,2,red,0,WIN,red,0.5353,0
2059500164,4,red,0,WIN,red,0.78,1
2059500165,3,green,0,LOSS,red,0.78,1
2059500166,6,red,0,LOSS,green,0.72,1
2059500167,9,green,0,LOSS,red,0.5233,0
2059500168,4,red,0,LOSS,green,0.7,1
2059500169,8,red,0,WIN,red,0.7,1
2059500170,2,red,0,WIN,red,0.55,0
2059500171,7,green,0,LOSS,red,0.64,0
2059500172,5,green,1,LOSS,red,0.65,1
2059500173,4,red,0,LOSS,green,0.58,0
2059500174,0,red,1,WIN,red,0.65,1
2059500175,3,green,0,LOSS,red,0.6567,1
2059500176,1,green,0,LOSS,red,0.5614,0
2059500177,7,green,0,LOSS,red,0.7,1
2059500178,6,red,0,LOSS,green,0.6757,1
2059500179,3,green,0,WIN,green,0.565,0
2059500180,6,red,0,LOSS,green,0.5614,0
2059500181,3,green,0,LOSS,red,0.7,1
2059500182,1,green,0,WIN,green,0.7,1
2059500183,7,green,0,WIN,green,0.6233,0
2059500184,2,red,0,LOSS,green,0.6186,0
2059500185,5,green,1,WIN,green,0.67,1
2059500186,5,green,1,WIN,green,0.5043,0
2059500187,3,green,0,WIN,green,0.6757,1
2059500188,3,green,0,WIN,green,0.65,1
2059500189,5,green,1,WIN,green,0.78,1
2059500190,9,green,0,WIN,green,0.78,1
2059500191,2,red,0,LOSS,green,0.78,1
2059500192,0,red,1,WIN,red,0.72,1
2059500193,6,red,0,WIN,red,0.72,1
2059500194,0,red,1,LOSS,green,0.65,1
2059500195,9,green,0,LOSS,red,0.78,1
2059500196,8,red,0,LOSS,green,0.72,1
2059500197,6,red,0,WIN,red,0.6186,0
2059500198,4,red,0,WIN,red,0.6122,0
2059500199,0,red,1,WIN,red,0.5567,0
2059500200,7,green,0,LOSS,red,0.78,1
2059500201,0,red,1,LOSS,green,0.72,1
2059500202,3,green,0,LOSS,red,0.65,1
2059500203,2,red,0,LOSS,green,0.7,1
2059500204,8,red,0,WIN,red,0.7,1
2059500205,6,red,0,LOSS,green,0.5433,0
2059500206,6,red,0,WIN,red,0.6122,0
2059500207,4,red,0,WIN,red,0.78,1
2059500208,7,green,0,LOSS,red,0.78,1
2059500209,4,red,0,LOSS,green,0.72,1
2059500210,0,red,1,LOSS,green,0.53,0
2059500211,9,green,0,LOSS,red,0.71,1
2059500212,8,red,0,WIN,red,0.71,1
2059500213,5,green,1,LOSS,red,0.54,0
2059500214,9,green,0,WIN,green,0.7,1
2059500215,2,red,0,LOSS,green,0.5,0
2059500216,2,red,0,LOSS,green,0.5,0
2059500217,4,red,0,WIN,red,0.5678,0
2059500218,9,green,0,LOSS,red,0.79,1
2059500219,0,red,1,WIN,red,0.5545,0
2059500220,4,red,0,LOSS,green,0.5529,0
2059500221,5,green,1,LOSS,red,0.5043,0
2059500222,1,green,0,LOSS,red,0.6567,1
2059500223,7,green,0,LOSS,red,0.7,1
2059500224,9,green,0,LOSS,red,0.7,1
2059500225,6,red,0,LOSS,green,0.78,1
2059500226,9,green,0,LOSS,red,0.72,1
2059500227,0,red,1,LOSS,green,0.6122,0
2059500228,5,green,1,LOSS,red,0.7,1
2059500229,7,green,0,WIN,green,0.7,1
2059500230,6,red,0,LOSS,green,0.6216,0
2059500231,3,green,0,WIN,green,0.64,0
2059500232,4,red,0,LOSS,green,0.54,0
2059500233,6,red,0,WIN,red,0.7,1
2059500234,5,green,1,LOSS,red,0.55,0
2059500235,8,red,0,LOSS,green,0.5667,0
2059500236,1,green,0,WIN,green,0.5571,0
2059500237,2,red,0,LOSS,green,0.7,1
2059500238,1,green,0,LOSS,red,0.7,1
2059500239,3,green,0,WIN,green,0.7,1
2059500240,8,red,0,WIN,red,0.6111,0
2059500241,6,red,0,LOSS,green,0.7,1
2059500242,2,red,0,WIN,red,0.54,0
2059500243,4,red,0,WIN,red,0.5355,0
2059500244,8,red,0,WIN,red,0.78,1
2059500245,4,red,0,WIN,red,0.78,1
2059500246,1,green,0,LOSS,red,0.78,1
2059500247,1,green,0,WIN,green,0.72,1
2059500248,5,green,1,WIN,green,0.72,1
2059500249,8,red,0,WIN,red,0.79,1
2059500250,0,red,1,WIN,red,0.6567,1
2059500251,9,green,0,LOSS,red,0.65,1
2059500252,3,green,0,WIN,green,0.5286,0
2059500253,1,green,0,WIN,green,0.6567,1
2059500254,4,red,0,LOSS,green,0.79,1
2059500255,1,green,0,LOSS,red,0.53,0
2059500256,8,red,0,LOSS,green,0.54,0
2059500257,6,red,0,WIN,red,0.7,1
2059500258,9,green,0,LOSS,red,0.54,0
2059500259,6,red,0,LOSS,green,0.65,1
2059500260,8,red,0,LOSS,green,0.6,0
2059500261,4,red,0,WIN,red,0.6344,0
2059500262,8,red,0,WIN,red,0.65,1
2059500263,8,red,0,WIN,red,0.78,1
2059500264,0,red,1,WIN,red,0.78,1
2059500265,9,green,0,LOSS,red,0.78,1
2059500266,4,red,0,LOSS,green,0.72,1
2059500267,8,red,0,LOSS,green,0.5529,0
2059500268,5,green,1,LOSS,red,0.7233,1
2059500269,5,green,1,LOSS,red,0.7173,1
2059500270,6,red,0,WIN,red,0.6186,0
2059500271,5,green,1,LOSS,red,0.6567,1
2059500272,3,green,0,WIN,green,0.5,0
2059500273,9,green,0,WIN,green,0.6567,1
2059500274,8,red,0,LOSS,green,0.6567,1
2059500275,0,red,1,LOSS,green,0.5678,0
2059500276,6,red,0,LOSS,green,0.79,1
2059500277,0,red,1,LOSS,green,0.7,1
2059500278,4,red,0,WIN,red,0.78,1
2059500279,9,green,0,LOSS,red,0.78,1
2059500280,2,red,0,LOSS,green,0.72,1
2059500281,6,red,0,WIN,red,0.5233,0
2059500282,7,green,0,LOSS,red,0.6567,1
2059500283,3,green,0,LOSS,red,0.69,1
2059500284,2,red,0,WIN,red,0.64,0
2059500285,7,green,0,LOSS,red,0.64,0
2059500286,6,red,0,LOSS,green,0.5333,0
2059500287,9,green,0,LOSS,red,0.7,1
2059500288,9,green,0,WIN,green,0.7,1
2059500289,0,red,1,LOSS,green,0.63,0
2059500290,0,red,1,LOSS,green,0.5233,0
2059500291,2,red,0,LOSS,green,0.5667,0
2059500292,5,green,1,WIN,green,0.53,0
2059500293,0,red,1,WIN,red,0.5857,0
2059500294,4,red,0,LOSS,green,0.51,0
2059500295,3,green,0,WIN,green,0.51,0
2059500296,5,green,1,LOSS,red,0.6186,0
2059500297,3,green,0,LOSS,red,0.7,1
2059500298,8,red,0,WIN,red,0.7,1
2059500299,3,green,0,WIN,green,0.7,1
2059500300,9,green,0,LOSS,red,0.7,1
2059500301,6,red,0,WIN,red,0.7,1
2059500302,8,red,0,LOSS,green,0.7,1
2059500303,5,green,1,WIN,green,0.75,1
2059500304,1,green,0,WIN,green,0.5233,0
2059500305,4,red,0,LOSS,green,0.63,0
2059500306,9,green,0,LOSS,red,0.5353,0
2059500307,4,red,0,LOSS,green,0.5614,0
2059500308,3,green,0,LOSS,red,0.7,1
2059500309,4,red,0,LOSS,green,0.7,1
2059500310,1,green,0,LOSS,red,0.7,1
2059500311,2,red,0,LOSS,green,0.7,1
2059500312,5,green,1,LOSS,red,0.7,1
2059500313,0,red,1,LOSS,green,0.7,1
2059500314,3,green,0,LOSS,red,0.7,1
2059500315,0,red,1,LOSS,green,0.7,1
2059500316,1,green,0,LOSS,red,0.7,1
2059500317,9,green,0,WIN,green,0.7,1
2059500318,5,green,1,WIN,green,0.6567,1
2059500319,5,green,1,WIN,green,0.71,1
2059500320,5,green,1,WIN,green,0.78,1
2059500321,3,green,0,WIN,green,0.78,1
2059500322,1,green,0,WIN,green,0.78,1
2059500323,7,green,0,WIN,green,0.78,1
2059500324,1,green,0,WIN,green,0.78,1
2059500325,1,green,0,WIN,green,0.78,1
2059500326,7,green,0,WIN,green,0.78,1
2059500327,7,green,0,WIN,green,0.78,1
2059500328,3,green,0,WIN,green,0.78,1
2059500329,8,red,0,LOSS,green,0.78,1
2059500330,9,green,0,LOSS,red,0.72,1
2059500331,8,red,0,WIN,red,0.61,0
2059500332,1,green,0,LOSS,red,0.7,1
2059500333,1,green,0,WIN,green,0.7,1
2059500334,5,green,1,WIN,green,0.5614,0
2059500335,1,green,0,WIN,green,0.65,1
2059500336,1,green,0,WIN,green,0.78,1
2059500337,2,red,0,LOSS,green,0.78,1
2059500338,1,green,0,LOSS,red,0.72,1
2059500339,6,red,0,LOSS,green,0.6567,1
2059500340,0,red,1,WIN,red,0.7,1
2059500341,5,green,1,WIN,green,0.6757,1
2059500342,9,green,0,WIN,green,0.5678,0
2059500343,1,green,0,WIN,green,0.79,1
2059500344,3,green,0,WIN,green,0.54,0
2059500345,6,red,0,LOSS,green,0.78,1
2059500346,4,red,0,WIN,red,0.72,1
2059500347,1,green,0,LOSS,red,0.72,1
2059500348,3,green,0,WIN,green,0.54,0
2059500349,5,green,1,WIN,green,0.79,1
2059500350,1,green,0,WIN,green,0.5678,0
2059500351,4,red,0,LOSS,green,0.78,1
2059500352,1,green,0,LOSS,red,0.72,1
2059500353,6,red,0,LOSS,green,0.65,1
2059500354,3,green,0,LOSS,red,0.7,1
2059500355,9,green,0,WIN,green,0.7,1
2059500356,1,green,0,WIN,green,0.65,1
2059500357,1,green,0,WIN,green,0.65,1
2059500358,8,red,0,LOSS,green,0.78,1
2059500359,4,red,0,WIN,red,0.72,1
2059500360,9,green,0,LOSS,red,0.72,1
2059500361,7,green,0,WIN,green,0.63,0
2059500362,9,green,0,LOSS,red,0.5433,0
2059500363,4,red,0,LOSS,green,0.6567,1
2059500364,7,green,0,WIN,green,0.65,1
2059500365,9,green,0,WIN,green,0.5233,0
2059500366,2,red,0,LOSS,green,0.65,1
2059500367,6,red,0,WIN,red,0.53,0
2059500368,1,green,0,WIN,green,0.5614,0
2059500369,4,red,0,LOSS,green,0.6186,0
2059500370,8,red,0,LOSS,green,0.5,0
2059500371,0,red,1,WIN,red,0.55,0
2059500372,9,green,0,LOSS,red,0.5678,0
2059500373,1,green,0,LOSS,red,0.71,1
2059500374,5,green,1,LOSS,red,0.65,1
2059500375,4,red,0,LOSS,green,0.62,0
2059500376,4,red,0,LOSS,green,0.5,0
2059500377,9,green,0,LOSS,red,0.7011,1
2059500378,0,red,1,LOSS,green,0.55,0
2059500379,5,green,1,WIN,green,0.62,0
2059500380,3,green,0,WIN,green,0.7,1
2059500381,2,red,0,LOSS,green,0.5614,0
2059500382,0,red,1,LOSS,green,0.5,0
2059500383,5,green,1,LOSS,red,0.65,1
2059500384,0,red,1,WIN,red,0.62,0
2059500385,7,green,0,WIN,green,0.5286,0
2059500386,6,red,0,LOSS,green,0.7,1
2059500387,5,green,1,LOSS,red,0.7,1
2059500388,1,green,0,WIN,green,0.7,1
2059500389,6,red,0,WIN,red,0.62,0
2059500390,9,green,0,WIN,green,0.5,0
2059500391,7,green,0,WIN,green,0.6567,1
2059500392,9,green,0,WIN,green,0.54,0
2059500393,5,green,1,WIN,green,0.5614,0
2059500394,1,green,0,WIN,green,0.78,1
2059500395,2,red,0,LOSS,green,0.78,1
2059500396,5,green,1,LOSS,red,0.72,1
2059500397,0,red,1,LOSS,green,0.6567,1
2059500398,2,red,0,WIN,red,0.7,1
2059500399,5,green,1,WIN,green,0.71,1
2059500400,3,green,0,WIN,green,0.65,1
2059500401,2,red,0,LOSS,green,0.79,1
2059500402,0,red,1,LOSS,green,0.5667,0
2059500403,0,red,1,WIN,red,0.5233,0
2059500404,0,red,1,WIN,red,0.7233,1
2059500405,0,red,1,WIN,red,0.78,1
2059500406,2,red,0,WIN,red,0.78,1
2059500407,1,green,0,LOSS,red,0.78,1
2059500408,7,green,0,WIN,green,0.72,1
2059500409,2,red,0,LOSS,green,0.72,1
2059500410,3,green,0,LOSS,red,0.5438,0
2059500411,2,red,0,WIN,red,0.65,1
2059500412,2,red,0,WIN,red,0.7,1
2059500413,5,green,1,LOSS,red,0.64,0
2059500414,0,red,1,WIN,red,0.62,0
2059500415,1,green,0,WIN,green,0.5286,0
2059500416,6,red,0,LOSS,green,0.7,1
2059500417,3,green,0,LOSS,red,0.7,1
2059500418,0,red,1,LOSS,green,0.7,1
2059500419,8,red,0,WIN,red,0.7,1
2059500420,0,red,1,WIN,red,0.71,1
2059500421,3,green,0,LOSS,red,0.6567,1
2059500422,3,green,0,LOSS,red,0.6186,0
2059500423,0,red,1,WIN,red,0.5667,0
2059500424,2,red,0,WIN,red,0.6122,0
2059500425,2,red,0,WIN,red,0.63,0
2059500426,6,red,0,LOSS,green,0.5433,0
2059500427,9,green,0,LOSS,red,0.78,1
2059500428,4,red,0,LOSS,green,0.72,1
2059500429,3,green,0,LOSS,red,0.65,1
2059500430,2,red,0,LOSS,green,0.7,1
2059500431,7,green,0,LOSS,red,0.7,1
2059500432,1,green,0,WIN,green,0.7,1
2059500433,7,green,0,WIN,green,0.5667,0
2059500434,7,green,0,WIN,green,0.54,0
2059500435,6,red,0,LOSS,green,0.78,1
2059500436,2,red,0,WIN,red,0.72,1
2059500437,4,red,0,WIN,red,0.72,1
2059500438,5,green,1,LOSS,red,0.55,0
2059500439,5,green,1,WIN,green,0.65,1
2059500440,4,red,0,LOSS,green,0.65,1
2059500441,2,red,0,WIN,red,0.5222,0
2059500442,8,red,0,WIN,red,0.65,1
2059500443,0,red,1,WIN,red,0.5355,0
2059500444,2,red,0,WIN,red,0.78,1
2059500445,4,red,0,WIN,red,0.78,1
2059500446,0,red,1,WIN,red,0.78,1
2059500447,9,green,0,LOSS,red,0.78,1
2059500448,4,red,0,LOSS,green,0.72,1
2059500449,3,green,0,LOSS,red,0.53,0
2059500450,3,green,0,WIN,green,0.7,1
2059500451,5,green,1,LOSS,red,0.6757,1
2059500452,4,red,0,WIN,red,0.5667,0
2059500453,2,red,0,LOSS,green,0.54,0
2059500454,4,red,0,LOSS,green,0.55,0
2059500455,3,green,0,LOSS,red,0.6429,0
2059500456,3,green,0,WIN,green,0.6333,0
2059500457,6,red,0,LOSS,green,0.65,1
2059500458,6,red,0,WIN,red,0.54,0
2059500459,6,red,0,WIN,red,0.6122,0
2059500460,1,green,0,LOSS,red,0.5567,0
2059500461,8,red,0,WIN,red,0.5043,0
2059500462,8,red,0,WIN,red,0.69,1
2059500463,7,green,0,LOSS,red,0.5233,0
2059500464,7,green,0,LOSS,red,0.5614,0
2059500465,6,red,0,WIN,red,0.63,0
2059500466,2,red,0,WIN,red,0.5233,0
2059500467,5,green,1,LOSS,red,0.75,1
2059500468,1,green,0,WIN,green,0.5286,0
2059500469,2,red,0,LOSS,green,0.5,0
2059500470,4,red,0,WIN,red,0.5462,0
2059500471,0,red,1,LOSS,green,0.65,1
2059500472,4,red,0,LOSS,green,0.5529,0
2059500473,6,red,0,WIN,red,0.78,1
2059500474,2,red,0,WIN,red,0.78,1
2059500475,5,green,1,LOSS,red,0.78,1
2059500476,1,green,0,WIN,green,0.72,1
2059500477,7,green,0,WIN,green,0.72,1
2059500478,7,green,0,LOSS,red,0.79,1
2059500479,8,red,0,LOSS,green,0.78,1
2059500480,9,green,0,LOSS,red,0.72,1
2059600001,7,green,0,WIN,green,0.55,0
2059600002,8,red,0,LOSS,green,0.5678,0
2059600003,0,red,1,LOSS,green,0.65,1
2059600004,0,red,1,LOSS,green,0.65,1
2059600005,2,red,0,LOSS,green,0.5,0
2059600006,6,red,0,WIN,red,0.78,1
2059600007,4,red,0,WIN,red,0.78,1
2059600008,0,red,1,WIN,red,0.78,1
2059600009,5,green,1,LOSS,red,0.78,1
2059600010,4,red,0,LOSS,green,0.72,1
2059600011,7,green,0,LOSS,red,0.5233,0
2059600012,1,green,0,WIN,green,0.7,1
2059600013,8,red,0,WIN,red,0.64,0
2059600014,1,green,0,LOSS,red,0.74,1
2059600015,8,red,0,WIN,red,0.5667,0
2059600016,2,red,0,WIN,red,0.7,1
2059600017,2,red,0,WIN,red,0.5222,0
2059600018,8,red,0,WIN,red,0.65,1
2059600019,5,green,1,LOSS,red,0.78,1
2059600020,8,red,0,LOSS,green,0.72,1
2059600021,9,green,0,LOSS,red,0.6233,0
2059600022,0,red,1,LOSS,green,0.7,1
2059600023,5,green,1,LOSS,red,0.7,1
2059600024,4,red,0,LOSS,green,0.7,1
2059600025,5,green,1,LOSS,red,0.7,1
2059600026,3,green,0,WIN,green,0.7,1
2059600027,7,green,0,WIN,green,0.65,1
2059600028,4,red,0,LOSS,green,0.7233,1
2059600029,6,red,0,LOSS,green,0.65,1
2059600030,5,green,1,LOSS,red,0.5286,0
2059600031,7,green,0,WIN,green,0.69,1
2059600032,5,green,1,WIN,green,0.6567,1
2059600033,8,red,0,LOSS,green,0.5043,0
2059600034,7,green,0,WIN,green,0.5233,0
2059600035,8,red,0,LOSS,green,0.55,0
2059600036,7,green,0,LOSS,red,0.7,1
2059600037,7,green,0,WIN,green,0.7,1
2059600038,6,red,0,LOSS,green,0.6362,0
2059600039,0,red,1,LOSS,green,0.71,1
2059600040,3,green,0,LOSS,red,0.54,0
2059600041,8,red,0,WIN,red,0.65,1
2059600042,8,red,0,LOSS,green,0.5286,0
2059600043,3,green,0,WIN,green,0.5433,0
2059600044,7,green,0,WIN,green,0.6333,0
2059600045,8,red,0,LOSS,green,0.5,0
2059600046,1,green,0,LOSS,red,0.71,1
2059600047,2,red,0,WIN,red,0.5286,0
2059600048,6,red,0,WIN,red,0.7,1
2059600049,3,green,0,LOSS,red,0.6567,1
2059600050,1,green,0,LOSS,red,0.55,0
2059600051,4,red,0,LOSS,green,0.6186,0
2059600052,6,red,0,LOSS,green,0.5286,0
2059600053,6,red,0,WIN,red,0.55,0
2059600054,2,red,0,WIN,red,0.7285,1
2059600055,2,red,0,WIN,red,0.78,1
2059600056,3,green,0,LOSS,red,0.78,1
2059600057,5,green,1,WIN,green,0.72,1
2059600058,6,red,0,LOSS,green,0.72,1
2059600059,6,red,0,LOSS,green,0.5373,0
2059600060,3,green,0,LOSS,red,0.6757,1
2059600061,6,red,0,WIN,red,0.6233,0
2059600062,7,green,0,LOSS,red,0.6186,0
2059600063,2,red,0,LOSS,green,0.7,1
2059600064,1,green,0,LOSS,red,0.7,1
2059600065,2,red,0,LOSS,green,0.7,1
2059600066,7,green,0,LOSS,red,0.7,1
2059600067,1,green,0,WIN,green,0.7,1
2059600068,3,green,0,WIN,green,0.6233,0
2059600069,1,green,0,WIN,green,0.6757,1
2059600070,3,green,0,WIN,green,0.78,1
2059600071,7,green,0,WIN,green,0.78,1
2059600072,1,green,0,WIN,green,0.78,1
2059600073,3,green,0,WIN,green,0.78,1
2059600074,0,red,1,LOSS,green,0.78,1
2059600075,6,red,0,WIN,red,0.72,1
2059600076,9,green,0,LOSS,red,0.72,1
2059600077,1,green,0,WIN,green,0.65,1
2059600078,3,green,0,WIN,green,0.6186,0
2059600079,5,green,1,WIN,green,0.65,1
2059600080,2,red,0,LOSS,green,0.78,1
2059600081,0,red,1,WIN,red,0.72,1
2059600082,0,red,1,WIN,red,0.72,1
2059600083,2,red,0,WIN,red,0.5667,0
2059600084,0,red,1,WIN,red,0.78,1
2059600085,3,green,0,LOSS,red,0.78,1
2059600086,9,green,0,WIN,green,0.72,1
2059600087,3,green,0,WIN,green,0.72,1
2059600088,0,red,1,WIN,red,0.6567,1
2059600089,9,green,0,LOSS,red,0.6757,1
2059600090,4,red,0,LOSS,green,0.5286,0
2059600091,8,red,0,WIN,red,0.7,1
2059600092,6,red,0,LOSS,green,0.5,0
2059600093,1,green,0,LOSS,red,0.5286,0
2059600094,6,red,0,WIN,red,0.5286,0
2059600095,9,green,0,LOSS,red,0.5233,0
2059600096,1,green,0,WIN,green,0.7,1
2059600097,6,red,0,LOSS,green,0.5667,0
2059600098,1,green,0,LOSS,red,0.6186,0
2059600099,6,red,0,WIN,red,0.5857,0
2059600100,9,green,0,LOSS,red,0.7,1
2059600101,2,red,0,LOSS,green,0.7,1
2059600102,2,red,0,WIN,red,0.7,1
2059600103,5,green,1,WIN,green,0.5667,0
2059600104,8,red,0,WIN,red,0.7,1
2059600105,2,red,0,LOSS,green,0.7,1
2059600106,4,red,0,WIN,red,0.71,1
2059600107,9,green,0,LOSS,red,0.64,0
2059600108,2,red,0,WIN,red,0.65,1
2059600109,8,red,0,WIN,red,0.6445,0
2059600110,2,red,0,WIN,red,0.6757,1
2059600111,8,red,0,LOSS,green,0.53,0
2059600112,2,red,0,WIN,red,0.78,1
2059600113,4,red,0,WIN,red,0.78,1
2059600114,1,green,0,LOSS,red,0.78,1
2059600115,0,red,1,LOSS,green,0.72,1
2059600116,9,green,0,WIN,green,0.51,0
2059600117,0,red,1,LOSS,green,0.7,1
2059600118,2,red,0,WIN,red,0.7,1
2059600119,1,green,0,LOSS,red,0.71,1
2059600120,0,red,1,LOSS,green,0.5433,0
2059600121,2,red,0,WIN,red,0.6362,0
2059600122,6,red,0,WIN,red,0.65,1
2059600123,0,red,1,WIN,red,0.6122,0
2059600124,9,green,0,LOSS,red,0.78,1
2059600125,8,red,0,LOSS,green,0.72,1
2059600126,2,red,0,WIN,red,0.5678,0
2059600127,9,green,0,LOSS,red,0.6445,0
2059600128,2,red,0,WIN,red,0.69,1
2059600129,1,green,0,LOSS,red,0.5233,0
2059600130,4,red,0,LOSS,green,0.7,1
2059600131,2,red,0,WIN,red,0.7,1
2059600132,3,green,0,WIN,green,0.61,0
2059600133,7,green,0,LOSS,red,0.7329,1
2059600134,4,red,0,LOSS,green,0.7,1
2059600135,6,red,0,WIN,red,0.6333,0
2059600136,9,green,0,WIN,green,0.5529,0
2059600137,9,green,0,WIN,green,0.55,0
2059600138,2,red,0,WIN,red,0.62,0
2059600139,5,green,1,LOSS,red,0.5286,0
2059600140,5,green,1,WIN,green,0.54,0
2059600141,4,red,0,LOSS,green,0.67,1
2059600142,2,red,0,LOSS,green,0.5571,0
2059600143,6,red,0,WIN,red,0.5588,0
2059600144,4,red,0,WIN,red,0.5545,0
2059600145,6,red,0,WIN,red,0.78,1
2059600146,2,red,0,WIN,red,0.78,1
2059600147,2,red,0,WIN,red,0.78,1
2059600148,2,red,0,WIN,red,0.78,1
2059600149,5,green,1,LOSS,red,0.78,1
2059600150,8,red,0,LOSS,green,0.72,1
2059600151,7,green,0,LOSS,red,0.5233,0
2059600152,8,red,0,LOSS,green,0.7,1
2059600153,7,green,0,LOSS,red,0.7,1
2059600154,5,green,1,WIN,green,0.7,1
2059600155,2,red,0,LOSS,green,0.5857,0
2059600156,4,red,0,LOSS,green,0.5,0
2059600157,9,green,0,LOSS,red,0.5667,0
2059600158,2,red,0,WIN,red,0.7,1
2059600159,0,red,1,LOSS,green,0.5,0
2059600160,8,red,0,LOSS,green,0.5529,0
2059600161,7,green,0,LOSS,red,0.55,0
2059600162,9,green,0,LOSS,red,0.6567,1
2059600163,9,green,0,LOSS,red,0.65,1
2059600164,2,red,0,LOSS,green,0.5667,0
2059600165,0,red,1,LOSS,green,0.5,0
2059600166,2,red,0,WIN,red,0.67,1
2059600167,9,green,0,LOSS,red,0.7329,1
2059600168,7,green,0,LOSS,red,0.5857,0
2059600169,4,red,0,LOSS,green,0.5567,0
2059600170,1,green,0,LOSS,red,0.5286,0
2059600171,3,green,0,WIN,green,0.7,1
2059600172,4,red,0,WIN,red,0.5286,0
2059600173,1,green,0,WIN,green,0.5,0
2059600174,3,green,0,WIN,green,0.5233,0
2059600175,0,red,1,LOSS,green,0.65,1
2059600176,1,green,0,WIN,green,0.65,1
2059600177,5,green,1,WIN,green,0.6567,1
2059600178,2,red,0,LOSS,green,0.65,1
2059600179,9,green,0,WIN,green,0.6567,1
2059600180,7,green,0,WIN,green,0.6757,1
2059600181,5,green,1,WIN,green,0.5567,0
2059600182,0,red,1,LOSS,green,0.71,1
2059600183,7,green,0,WIN,green,0.54,0
2059600184,8,red,0,LOSS,green,0.6757,1
2059600185,1,green,0,LOSS,red,0.7,1
2059600186,3,green,0,WIN,green,0.7,1
2059600187,2,red,0,LOSS,green,0.6567,1
2059600188,5,green,1,WIN,green,0.6567,1
2059600189,1,green,0,WIN,green,0.5233,0
2059600190,1,green,0,WIN,green,0.5678,0
2059600191,2,red,0,LOSS,green,0.65,1
2059600192,6,red,0,LOSS,green,0.5678,0
2059600193,9,green,0,WIN,green,0.71,1
2059600194,8,red,0,LOSS,green,0.5678,0
2059600195,6,red,0,WIN,red,0.5667,0
2059600196,4,red,0,LOSS,green,0.7,1
2059600197,7,green,0,WIN,green,0.7,1
2059600198,2,red,0,WIN,red,0.7,1
2059600199,0,red,1,WIN,red,0.6567,1
2059600200,5,green,1,LOSS,red,0.69,1
2059600201,6,red,0,WIN,red,0.79,1
2059600202,6,red,0,WIN,red,0.6567,1
2059600203,7,green,0,LOSS,red,0.5678,0
2059600204,6,red,0,WIN,red,0.65,1
2059600205,0,red,1,WIN,red,0.54,0
2059600206,4,red,0,WIN,red,0.5678,0
2059600207,4,red,0,WIN,red,0.54,0
2059600208,1,green,0,LOSS,red,0.78,1
2059600209,8,red,0,LOSS,green,0.72,1
2059600210,0,red,1,WIN,red,0.6567,1
2059600211,2,red,0,WIN,red,0.6233,0
2059600212,7,green,0,LOSS,red,0.5614,0
2059600213,2,red,0,LOSS,green,0.5529,0
2059600214,5,green,1,LOSS,red,0.6344,0
2059600215,8,red,0,LOSS,green,0.7,1
2059600216,8,red,0,WIN,red,0.7,1
2059600217,8,red,0,WIN,red,0.5131,0
2059600218,9,green,0,LOSS,red,0.63,0
2059600219,8,red,0,WIN,red,0.65,1
2059600220,4,red,0,WIN,red,0.7233,1
2059600221,5,green,1,LOSS,red,0.64,0
2059600222,6,red,0,WIN,red,0.69,1
2059600223,6,red,0,WIN,red,0.6567,1
2059600224,8,red,0,WIN,red,0.5614,0
2059600225,3,green,0,LOSS,red,0.5678,0
2059600226,4,red,0,WIN,red,0.65,1
2059600227,8,red,0,WIN,red,0.6567,1
2059600228,6,red,0,WIN,red,0.6567,1
2059600229,9,green,0,LOSS,red,0.5233,0
2059600230,0,red,1,WIN,red,0.5233,0
2059600231,0,red,1,WIN,red,0.5233,0
2059600232,3,green,0,LOSS,red,0.6233,0
2059600233,4,red,0,WIN,red,0.79,1
2059600234,4,red,0,WIN,red,0.6757,1
2059600235,0,red,1,WIN,red,0.65,1
2059600236,3,green,0,WIN,green,0.53,0
2059600237,0,red,1,WIN,red,0.6567,1
2059600238,5,green,1,LOSS,red,0.6757,1
2059600239,8,red,0,LOSS,green,0.7,1
2059600240,1,green,0,LOSS,red,0.7,1
2059600241,0,red,1,LOSS,green,0.7,1
2059600242,9,green,0,LOSS,red,0.7,1
2059600243,2,red,0,LOSS,green,0.7,1
2059600244,7,green,0,LOSS,red,0.7,1
2059600245,5,green,1,WIN,green,0.7,1
2059600246,6,red,0,LOSS,green,0.6757,1
2059600247,6,red,0,WIN,red,0.5857,0
2059600248,2,red,0,WIN,red,0.5333,0
2059600249,9,green,0,LOSS,red,0.6186,0
2059600250,2,red,0,WIN,red,0.6,0
2059600251,7,green,0,LOSS,red,0.5233,0
2059600252,9,green,0,WIN,green,0.7,1
2059600253,1,green,0,LOSS,red,0.5222,0
2059600254,8,red,0,WIN,red,0.6,0
2059600255,4,red,0,LOSS,green,0.5667,0
2059600256,9,green,0,WIN,green,0.5222,0
2059600257,7,green,0,WIN,green,0.79,1
2059600258,5,green,1,WIN,green,0.6757,1
2059600259,8,red,0,WIN,red,0.51,0
2059600260,2,red,0,LOSS,green,0.5614,0
2059600261,6,red,0,WIN,red,0.6333,0
2059600262,8,red,0,WIN,red,0.5614,0
2059600263,9,green,0,LOSS,red,0.78,1
2059600264,6,red,0,LOSS,green,0.72,1
2059600265,3,green,0,LOSS,red,0.6567,1
2059600266,6,red,0,LOSS,green,0.7,1
2059600267,4,red,0,WIN,red,0.7,1
2059600268,1,green,0,LOSS,red,0.5043,0
2059600269,1,green,0,LOSS,red,0.5043,0
2059600270,3,green,0,LOSS,red,0.54,0
2059600271,1,green,0,WIN,green,0.54,0
2059600272,5,green,1,WIN,green,0.78,1
2059600273,8,red,0,LOSS,green,0.78,1
2059600274,9,green,0,LOSS,red,0.72,1
2059600275,6,red,0,LOSS,green,0.5614,0
2059600276,7,green,0,LOSS,red,0.7,1
2059600277,8,red,0,LOSS,green,0.7,1
2059600278,1,green,0,LOSS,red,0.7,1
2059600279,8,red,0,LOSS,green,0.7,1
2059600280,5,green,1,LOSS,red,0.7,1
2059600281,8,red,0,LOSS,green,0.7,1
2059600282,5,green,1,LOSS,red,0.7,1
2059600283,7,green,0,WIN,green,0.7,1
2059600284,8,red,0,LOSS,green,0.64,0
2059600285,3,green,0,LOSS,red,0.5667,0
2059600286,2,red,0,LOSS,green,0.6567,1
2059600287,0,red,1,WIN,red,0.7,1
2059600288,1,green,0,LOSS,red,0.54,0
2059600289,2,red,0,LOSS,green,0.5286,0
2059600290,9,green,0,WIN,green,0.55,0
2059600291,6,red,0,LOSS,green,0.7,1
2059600292,2,red,0,WIN,red,0.7,1
2059600293,3,green,0,WIN,green,0.5009,0
2059600294,4,red,0,WIN,red,0.69,1
2059600295,7,green,0,LOSS,red,0.64,0
2059600296,2,red,0,LOSS,green,0.7,1
2059600297,4,red,0,WIN,red,0.7,1
2059600298,2,red,0,LOSS,green,0.51,0
2059600299,8,red,0,WIN,red,0.7329,1
2059600300,2,red,0,WIN,red,0.78,1
2059600301,8,red,0,WIN,red,0.78,1
2059600302,8,red,0,WIN,red,0.78,1
2059600303,6,red,0,WIN,red,0.78,1
2059600304,1,green,0,LOSS,red,0.78,1
2059600305,7,green,0,WIN,green,0.72,1
2059600306,1,green,0,WIN,green,0.72,1
2059600307,8,red,0,LOSS,green,0.61,0
2059600308,2,red,0,WIN,red,0.6567,1
2059600309,9,green,0,LOSS,red,0.5678,0
2059600310,5,green,1,WIN,green,0.5667,0
2059600311,7,green,0,WIN,green,0.6757,1
2059600312,5,green,1,WIN,green,0.71,1
2059600313,9,green,0,WIN,green,0.78,1
2059600314,5,green,1,WIN,green,0.78,1
2059600315,2,red,0,LOSS,green,0.78,1
2059600316,1,green,0,LOSS,red,0.72,1
2059600317,9,green,0,WIN,green,0.79,1
2059600318,1,green,0,WIN,green,0.6186,0
2059600319,0,red,1,LOSS,green,0.63,0
2059600320,4,red,0,LOSS,green,0.6445,0
2059600321,4,red,0,LOSS,green,0.65,1
2059600322,3,green,0,WIN,green,0.7,1
2059600323,2,red,0,LOSS,green,0.62,0
2059600324,3,green,0,WIN,green,0.6273,0
2059600325,7,green,0,WIN,green,0.7,1
2059600326,5,green,1,WIN,green,0.5,0
2059600327,7,green,0,LOSS,red,0.62,0
2059600328,8,red,0,LOSS,green,0.78,1
2059600329,2,red,0,WIN,red,0.72,1
2059600330,5,green,1,LOSS,red,0.72,1
2059600331,5,green,1,WIN,green,0.6445,0
2059600332,8,red,0,LOSS,green,0.5043,0
2059600333,2,red,0,WIN,red,0.53,0
2059600334,9,green,0,WIN,green,0.54,0
2059600335,0,red,1,LOSS,green,0.5,0
2059600336,1,green,0,LOSS,red,0.5233,0
2059600337,7,green,0,WIN,green,0.7,1
2059600338,1,green,0,WIN,green,0.65,1
2059600339,4,red,0,LOSS,green,0.6186,0
2059600340,9,green,0,LOSS,red,0.7,1
2059600341,1,green,0,WIN,green,0.6567,1
2059600342,2,red,0,LOSS,green,0.79,1
2059600343,5,green,1,WIN,green,0.65,1
2059600344,2,red,0,LOSS,green,0.71,1
2059600345,1,green,0,LOSS,red,0.7,1
2059600346,0,red,1,LOSS,green,0.7,1
2059600347,7,green,0,LOSS,red,0.7,1
2059600348,5,green,1,WIN,green,0.7,1
2059600349,6,red,0,LOSS,green,0.65,1
2059600350,0,red,1,WIN,red,0.5667,0
2059600351,5,green,1,LOSS,red,0.5667,0
2059600352,8,red,0,WIN,red,0.7,1
2059600353,0,red,1,WIN,red,0.5222,0
2059600354,9,green,0,WIN,green,0.51,0
2059600355,7,green,0,WIN,green,0.6429,0
2059600356,6,red,0,WIN,red,0.5286,0
2059600357,7,green,0,LOSS,red,0.6567,1
2059600358,8,red,0,WIN,red,0.7,1
2059600359,3,green,0,LOSS,red,0.7,1
2059600360,5,green,1,WIN,green,0.7,1
2059600361,6,red,0,WIN,red,0.53,0
2059600362,3,green,0,LOSS,red,0.53,0
2059600363,1,green,0,WIN,green,0.55,0
2059600364,8,red,0,LOSS,green,0.65,1
2059600365,5,green,1,LOSS,red,0.61,0
2059600366,3,green,0,WIN,green,0.6445,0
2059600367,3,green,0,WIN,green,0.6186,0
2059600368,6,red,0,LOSS,green,0.6567,1
2059600369,6,red,0,LOSS,green,0.55,0
2059600370,6,red,0,LOSS,green,0.7233,1
2059600371,9,green,0,WIN,green,0.6429,0
2059600372,0,red,1,LOSS,green,0.5667,0
2059600373,6,red,0,LOSS,green,0.6333,0
2059600374,0,red,1,WIN,red,0.71,1
2059600375,3,green,0,LOSS,red,0.5678,0
2059600376,8,red,0,WIN,red,0.55,0
2059600377,8,red,0,WIN,red,0.5614,0
2059600378,8,red,0,WIN,red,0.65,1
2059600379,5,green,1,LOSS,red,0.5043,0
2059600380,2,red,0,WIN,red,0.6186,0
2059600381,0,red,1,WIN,red,0.71,1
2059600382,2,red,0,WIN,red,0.6186,0
2059600383,3,green,0,WIN,green,0.51,0
2059600384,1,green,0,LOSS,red,0.64,0
2059600385,4,red,0,WIN,red,0.6567,1
2059600386,8,red,0,WIN,red,0.6567,1
2059600387,9,green,0,LOSS,red,0.6567,1
2059600388,4,red,0,WIN,red,0.54,0
2059600389,5,green,1,LOSS,red,0.65,1
2059600390,5,green,1,WIN,green,0.7,1
2059600391,1,green,0,WIN,green,0.6186,0
2059600392,9,green,0,WIN,green,0.65,1
2059600393,3,green,0,WIN,green,0.78,1
2059600394,8,red,0,LOSS,green,0.78,1
2059600395,0,red,1,WIN,red,0.72,1
2059600396,7,green,0,LOSS,red,0.72,1
2059600397,3,green,0,WIN,green,0.54,0
2059600398,6,red,0,LOSS,green,0.64,0
2059600399,5,green,1,LOSS,red,0.5211,0
2059600400,1,green,0,WIN,green,0.5233,0
2059600401,1,green,0,WIN,green,0.6445,0
2059600402,3,green,0,WIN,green,0.6186,0
2059600403,8,red,0,LOSS,green,0.78,1
2059600404,3,green,0,LOSS,red,0.72,1
2059600405,3,green,0,WIN,green,0.5614,0
2059600406,5,green,1,WIN,green,0.6567,1
2059600407,5,green,1,WIN,green,0.5678,0
2059600408,7,green,0,WIN,green,0.78,1
2059600409,5,green,1,WIN,green,0.78,1
2059600410,5,green,1,WIN,green,0.78,1
2059600411,1,green,0,WIN,green,0.78,1
2059600412,7,green,0,WIN,green,0.78,1
2059600413,7,green,0,WIN,green,0.78,1
2059600414,5,green,1,WIN,green,0.78,1
2059600415,3,green,0,WIN,green,0.78,1
2059600416,2,red,0,LOSS,green,0.78,1
2059600417,5,green,1,LOSS,red,0.72,1
2059600418,1,green,0,LOSS,red,0.61,0
2059600419,3,green,0,WIN,green,0.64,0
2059600420,2,red,0,WIN,red,0.53,0
2059600421,2,red,0,LOSS,green,0.6233,0
2059600422,0,red,1,LOSS,green,0.5678,0
2059600423,7,green,0,WIN,green,0.7,1
2059600424,2,red,0,LOSS,green,0.5286,0
2059600425,4,red,0,LOSS,green,0.6077,0
2059600426,6,red,0,WIN,red,0.7233,1
2059600427,4,red,0,WIN,red,0.5614,0
2059600428,3,green,0,LOSS,red,0.78,1
2059600429,6,red,0,LOSS,green,0.72,1
2059600430,6,red,0,WIN,red,0.65,1
2059600431,5,green,1,LOSS,red,0.6567,1
2059600432,6,red,0,WIN,red,0.7011,1
2059600433,1,green,0,LOSS,red,0.5043,0
2059600434,9,green,0,WIN,green,0.7,1
2059600435,2,red,0,WIN,red,0.5222,0
2059600436,2,red,0,LOSS,green,0.5,0
2059600437,2,red,0,WIN,red,0.65,1
2059600438,3,green,0,LOSS,red,0.71,1
2059600439,4,red,0,WIN,red,0.5857,0
2059600440,8,red,0,WIN,red,0.51,0
2059600441,9,green,0,WIN,green,0.53,0
2059600442,7,green,0,LOSS,red,0.54,0
2059600443,7,green,0,LOSS,red,0.7,1
2059600444,7,green,0,LOSS,red,0.7,1
2059600445,8,red,0,LOSS,green,0.78,1
2059600446,6,red,0,WIN,red,0.72,1
2059600447,5,green,1,LOSS,red,0.72,1
2059600448,7,green,0,WIN,green,0.5678,0
2059600449,7,green,0,WIN,green,0.79,1
2059600450,1,green,0,WIN,green,0.6186,0
2059600451,0,red,1,LOSS,green,0.78,1
2059600452,9,green,0,LOSS,red,0.72,1
2059600453,6,red,0,LOSS,green,0.5614,0
2059600454,5,green,1,LOSS,red,0.7,1
2059600455,3,green,0,WIN,green,0.7,1
2059600456,8,red,0,LOSS,green,0.6122,0
2059600457,0,red,1,LOSS,green,0.6445,0
2059600458,7,green,0,WIN,green,0.5,0
2059600459,9,green,0,LOSS,red,0.62,0
2059600460,2,red,0,LOSS,green,0.65,1
2059600461,0,red,1,WIN,red,0.52,0
2059600462,2,red,0,LOSS,green,0.5545,0
2059600463,8,red,0,LOSS,green,0.51,0
2059600464,5,green,1,LOSS,red,0.78,1
2059600465,3,green,0,WIN,green,0.72,1
2059600466,8,red,0,LOSS,green,0.72,1
2059600467,8,red,0,WIN,red,0.6426,0
2059600468,6,red,0,WIN,red,0.5233,0
2059600469,5,green,1,WIN,green,0.61,0
2059600470,5,green,1,LOSS,red,0.5233,0
2059600471,8,red,0,LOSS,green,0.5222,0
2059600472,1,green,0,WIN,green,0.55,0
2059600473,7,green,0,WIN,green,0.62,0
2059600474,7,green,0,LOSS,red,0.55,0
2059600475,5,green,1,WIN,green,0.5567,0
2059600476,4,red,0,LOSS,green,0.78,1
2059600477,5,green,1,LOSS,red,0.72,1
2059600478,1,green,0,WIN,green,0.65,1
2059600479,7,green,0,WIN,green,0.67,1
2059600480,2,red,0,LOSS,green,0.65,1
2059700001,5,green,1,WIN,green,0.6757,1
2059700002,4,red,0,LOSS,green,0.6186,0
2059700003,7,green,0,LOSS,red,0.7,1
2059700004,2,red,0,LOSS,green,0.7,1
2059700005,1,green,0,LOSS,red,0.7,1
2059700006,2,red,0,LOSS,green,0.7,1
2059700007,3,green,0,LOSS,red,0.7,1
2059700008,8,red,0,LOSS,green,0.7,1
2059700009,0,red,1,WIN,red,0.7,1
2059700010,1,green,0,LOSS,red,0.6567,1
2059700011,6,red,0,LOSS,green,0.5667,0
2059700012,1,green,0,LOSS,red,0.63,0
2059700013,3,green,0,WIN,green,0.7,1
2059700014,7,green,0,LOSS,red,0.6,0
2059700015,0,red,1,LOSS,green,0.7233,1
2059700016,8,red,0,WIN,red,0.62,0
2059700017,5,green,1,WIN,green,0.54,0
2059700018,1,green,0,WIN,green,0.79,1
2059700019,0,red,1,LOSS,green,0.69,1
2059700020,2,red,0,WIN,red,0.53,0
2059700021,5,green,1,WIN,green,0.5545,0
2059700022,2,red,0,WIN,red,0.5286,0
2059700023,0,red,1,WIN,red,0.5614,0
2059700024,3,green,0,LOSS,red,0.6122,0
2059700025,3,green,0,WIN,green,0.5667,0
2059700026,6,red,0,WIN,red,0.55,0
2059700027,5,green,1,LOSS,red,0.6186,0
2059700028,3,green,0,LOSS,red,0.7,1
2059700029,6,red,0,LOSS,green,0.6757,1
2059700030,3,green,0,WIN,green,0.55,0
2059700031,1,green,0,WIN,green,0.63,0
2059700032,9,green,0,WIN,green,0.5233,0
2059700033,9,green,0,WIN,green,0.6186,0
2059700034,3,green,0,WIN,green,0.78,1
2059700035,3,green,0,WIN,green,0.78,1
2059700036,4,red,0,LOSS,green,0.78,1
2059700037,0,red,1,WIN,red,0.72,1
2059700038,6,red,0,WIN,red,0.72,1
2059700039,3,green,0,WIN,green,0.5614,0
2059700040,7,green,0,WIN,green,0.65,1
2059700041,8,red,0,LOSS,green,0.5614,0
2059700042,1,green,0,LOSS,red,0.5333,0
2059700043,8,red,0,LOSS,green,0.7,1
2059700044,0,red,1,WIN,red,0.7,1
2059700045,8,red,0,WIN,red,0.65,1
2059700046,7,green,0,LOSS,red,0.6567,1
2059700047,2,red,0,WIN,red,0.5857,0
2059700048,9,green,0,LOSS,red,0.51,0
2059700049,6,red,0,LOSS,green,0.7,1
2059700050,9,green,0,LOSS,red,0.7,1
2059700051,5,green,1,WIN,green,0.7,1
2059700052,8,red,0,LOSS,green,0.5667,0
2059700053,3,green,0,WIN,green,0.5,0
2059700054,0,red,1,LOSS,green,0.6757,1
2059700055,8,red,0,WIN,red,0.7,1
2059700056,6,red,0,LOSS,green,0.5286,0
2059700057,6,red,0,WIN,red,0.6122,0
2059700058,9,green,0,LOSS,red,0.78,1
2059700059,6,red,0,LOSS,green,0.72,1
2059700060,0,red,1,WIN,red,0.65,1
2059700061,0,red,1,WIN,red,0.6186,0
2059700062,9,green,0,LOSS,red,0.54,0
2059700063,8,red,0,LOSS,green,0.51,0
2059700064,0,red,1,WIN,red,0.6122,0
2059700065,2,red,0,WIN,red,0.63,0
2059700066,9,green,0,WIN,green,0.5211,0
2059700067,0,red,1,WIN,red,0.6122,0
2059700068,8,red,0,WIN,red,0.7233,1
2059700069,8,red,0,WIN,red,0.64,0
2059700070,0,red,1,LOSS,green,0.53,0
2059700071,5,green,1,LOSS,red,0.78,1
2059700072,8,red,0,LOSS,green,0.72,1
2059700073,6,red,0,WIN,red,0.6233,0
2059700074,0,red,1,WIN,red,0.6186,0
2059700075,6,red,0,WIN,red,0.5233,0
2059700076,3,green,0,LOSS,red,0.78,1
2059700077,1,green,0,WIN,green,0.72,1
2059700078,1,green,0,WIN,green,0.72,1
2059700079,1,green,0,WIN,green,0.5,0
2059700080,7,green,0,WIN,green,0.78,1
2059700081,6,red,0,LOSS,green,0.78,1
2059700082,4,red,0,WIN,red,0.72,1
2059700083,1,green,0,LOSS,red,0.72,1
2059700084,3,green,0,WIN,green,0.5678,0
2059700085,0,red,1,LOSS,green,0.6122,0
2059700086,1,green,0,WIN,green,0.51,0
2059700087,7,green,0,WIN,green,0.5438,0
2059700088,6,red,0,LOSS,green,0.6362,0
2059700089,8,red,0,LOSS,green,0.62,0
2059700090,7,green,0,LOSS,red,0.5667,0
2059700091,0,red,1,WIN,red,0.5433,0
2059700092,6,red,0,LOSS,green,0.62,0
2059700093,7,green,0,LOSS,red,0.71,1
2059700094,1,green,0,WIN,green,0.65,1
2059700095,3,green,0,LOSS,red,0.5667,0
2059700096,9,green,0,WIN,green,0.5667,0
2059700097,2,red,0,LOSS,green,0.78,1
2059700098,7,green,0,LOSS,red,0.72,1
2059700099,0,red,1,LOSS,green,0.5567,0
2059700100,3,green,0,LOSS,red,0.7,1
2059700101,6,red,0,LOSS,green,0.7,1
2059700102,6,red,0,WIN,red,0.7,1
2059700103,5,green,1,WIN,green,0.6,0
2059700104,7,green,0,LOSS,red,0.5545,0
2059700105,5,green,1,WIN,green,0.7,1
2059700106,4,red,0,WIN,red,0.5529,0
2059700107,3,green,0,WIN,green,0.5,0
2059700108,4,red,0,LOSS,green,0.64,0
2059700109,7,green,0,LOSS,red,0.7,1
2059700110,2,red,0,LOSS,green,0.7,1
2059700111,2,red,0,WIN,red,0.7,1
2059700112,9,green,0,WIN,green,0.6111,0
2059700113,4,red,0,LOSS,green,0.5286,0
2059700114,6,red,0,WIN,red,0.6186,0
2059700115,1,green,0,LOSS,red,0.7233,1
2059700116,0,red,1,WIN,red,0.5614,0
2059700117,1,green,0,LOSS,red,0.5678,0
2059700118,7,green,0,WIN,green,0.7,1
2059700119,9,green,0,LOSS,red,0.54,0
2059700120,1,green,0,WIN,green,0.6757,1
2059700121,1,green,0,WIN,green,0.78,1
2059700122,4,red,0,LOSS,green,0.78,1
2059700123,2,red,0,WIN,red,0.72,1
2059700124,5,green,1,LOSS,red,0.72,1
2059700125,9,green,0,WIN,green,0.65,1
2059700126,6,red,0,WIN,red,0.53,0
2059700127,0,red,1,LOSS,green,0.5355,0
2059700128,9,green,0,WIN,green,0.5286,0
2059700129,4,red,0,WIN,red,0.55,0
2059700130,1,green,0,LOSS,red,0.65,1
2059700131,2,red,0,LOSS,green,0.7,1
2059700132,9,green,0,LOSS,red,0.7,1
2059700133,9,green,0,WIN,green,0.7,1
2059700134,0,red,1,WIN,red,0.6333,0
2059700135,6,red,0,LOSS,green,0.5222,0
2059700136,2,red,0,WIN,red,0.5286,0
2059700137,9,green,0,LOSS,red,0.65,1
2059700138,3,green,0,LOSS,red,0.6111,0
2059700139,9,green,0,WIN,green,0.5909,0
2059700140,3,green,0,WIN,green,0.65,1
2059700141,9,green,0,WIN,green,0.78,1
2059700142,5,green,1,WIN,green,0.78,1
2059700143,6,red,0,LOSS,green,0.78,1
2059700144,8,red,0,WIN,red,0.72,1
2059700145,3,green,0,LOSS,red,0.72,1
2059700146,0,red,1,LOSS,green,0.6122,0
2059700147,2,red,0,LOSS,green,0.5678,0
2059700148,4,red,0,WIN,red,0.5462,0
2059700149,2,red,0,LOSS,green,0.51,0
2059700150,2,red,0,WIN,red,0.78,1
2059700151,3,green,0,LOSS,red,0.78,1
2059700152,8,red,0,LOSS,green,0.72,1
2059700153,0,red,1,WIN,red,0.54,0
2059700154,2,red,0,WIN,red,0.6362,0
2059700155,2,red,0,WIN,red,0.64,0
2059700156,4,red,0,WIN,red,0.78,1
2059700157,4,red,0,WIN,red,0.78,1
2059700158,0,red,1,WIN,red,0.78,1
2059700159,9,green,0,LOSS,red,0.78,1
2059700160,3,green,0,WIN,green,0.72,1
2059700161,1,green,0,WIN,green,0.72,1
2059700162,0,red,1,LOSS,green,0.53,0
2059700163,9,green,0,LOSS,red,0.6757,1
2059700164,6,red,0,LOSS,green,0.5,0
2059700165,8,red,0,WIN,red,0.7,1
2059700166,2,red,0,WIN,red,0.5286,0
2059700167,4,red,0,LOSS,green,0.5286,0
2059700168,8,red,0,WIN,red,0.78,1
2059700169,2,red,0,WIN,red,0.78,1
2059700170,5,green,1,LOSS,red,0.78,1
2059700171,1,green,0,WIN,green,0.72,1
2059700172,7,green,0,WIN,green,0.72,1
2059700173,1,green,0,LOSS,red,0.7329,1
2059700174,8,red,0,LOSS,green,0.78,1
2059700175,6,red,0,WIN,red,0.72,1
2059700176,7,green,0,LOSS,red,0.72,1
2059700177,8,red,0,LOSS,green,0.65,1
2059700178,5,green,1,WIN,green,0.5614,0
2059700179,5,green,1,WIN,green,0.7,1
2059700180,6,red,0,LOSS,green,0.54,0
2059700181,7,green,0,LOSS,red,0.5222,0
2059700182,3,green,0,WIN,green,0.5667,0
2059700183,7,green,0,WIN,green,0.65,1
2059700184,9,green,0,WIN,green,0.5678,0
2059700185,1,green,0,WIN,green,0.78,1
2059700186,6,red,0,LOSS,green,0.78,1
2059700187,2,red,0,WIN,red,0.72,1
2059700188,2,red,0,WIN,red,0.72,1
2059700189,9,green,0,WIN,green,0.65,1
2059700190,2,red,0,LOSS,green,0.6186,0
2059700191,3,green,0,WIN,green,0.56,0
2059700192,9,green,0,WIN,green,0.7,1
2059700193,6,red,0,LOSS,green,0.5667,0
2059700194,3,green,0,LOSS,red,0.65,1
2059700195,0,red,1,WIN,red,0.7,1
2059700196,4,red,0,WIN,red,0.7,1
2059700197,5,green,1,LOSS,red,0.5333,0
2059700198,4,red,0,LOSS,green,0.5,0
2059700199,1,green,0,WIN,green,0.5667,0
2059700200,2,red,0,LOSS,green,0.7,1
2059700201,1,green,0,LOSS,red,0.7,1
2059700202,5,green,1,WIN,green,0.7,1
2059700203,5,green,1,LOSS,red,0.62,0
2059700204,7,green,0,WIN,green,0.65,1
2059700205,9,green,0,WIN,green,0.78,1
2059700206,3,green,0,WIN,green,0.78,1
2059700207,5,green,1,WIN,green,0.78,1
2059700208,8,red,0,LOSS,green,0.78,1
2059700209,6,red,0,WIN,red,0.72,1
2059700210,1,green,0,LOSS,red,0.72,1
2059700211,4,red,0,LOSS,green,0.65,1
2059700212,6,red,0,LOSS,green,0.55,0
2059700213,4,red,0,WIN,red,0.5667,0
2059700214,3,green,0,LOSS,red,0.5233,0
2059700215,4,red,0,WIN,red,0.5614,0
2059700216,3,green,0,LOSS,red,0.6757,1
2059700217,5,green,1,WIN,green,0.7,1
2059700218,3,green,0,WIN,green,0.5286,0
2059700219,3,green,0,LOSS,red,0.58,0
2059700220,2,red,0,LOSS,green,0.78,1
2059700221,0,red,1,WIN,red,0.72,1
2059700222,1,green,0,LOSS,red,0.72,1
2059700223,1,green,0,WIN,green,0.71,1
2059700224,3,green,0,LOSS,red,0.51,0
2059700225,8,red,0,LOSS,green,0.64,0
2059700226,2,red,0,LOSS,green,0.6567,1
2059700227,9,green,0,LOSS,red,0.6429,0
2059700228,7,green,0,WIN,green,0.5286,0
2059700229,3,green,0,WIN,green,0.69,1
2059700230,0,red,1,LOSS,green,0.7233,1
2059700231,0,red,1,LOSS,green,0.54,0
2059700232,7,green,0,LOSS,red,0.6,0
2059700233,4,red,0,LOSS,green,0.54,0
2059700234,7,green,0,WIN,green,0.6333,0
2059700235,0,red,1,LOSS,green,0.7,1
2059700236,1,green,0,LOSS,red,0.7,1
2059700237,4,red,0,LOSS,green,0.7,1
2059700238,6,red,0,WIN,red,0.7,1
2059700239,2,red,0,WIN,red,0.7233,1
2059700240,6,red,0,WIN,red,0.6186,0
2059700241,5,green,1,LOSS,red,0.78,1
2059700242,3,green,0,WIN,green,0.72,1
2059700243,3,green,0,WIN,green,0.72,1
2059700244,1,green,0,WIN,green,0.5222,0
2059700245,4,red,0,LOSS,green,0.78,1
2059700246,0,red,1,WIN,red,0.72,1
2059700247,7,green,0,LOSS,red,0.72,1
2059700248,6,red,0,LOSS,green,0.5614,0
2059700249,0,red,1,LOSS,green,0.65,1
2059700250,4,red,0,WIN,red,0.55,0
2059700251,1,green,0,LOSS,red,0.51,0
2059700252,7,green,0,LOSS,red,0.65,1
2059700253,2,red,0,WIN,red,0.5614,0
2059700254,5,green,1,WIN,green,0.7,1
2059700255,5,green,1,LOSS,red,0.7,1
2059700256,8,red,0,WIN,red,0.7,1
2059700257,1,green,0,WIN,green,0.5286,0
2059700258,5,green,1,WIN,green,0.5614,0
2059700259,5,green,1,WIN,green,0.5614,0
2059700260,9,green,0,WIN,green,0.64,0
2059700261,0,red,1,LOSS,green,0.78,1
2059700262,2,red,0,WIN,red,0.72,1
2059700263,4,red,0,WIN,red,0.72,1
2059700264,4,red,0,WIN,red,0.5222,0
2059700265,5,green,1,LOSS,red,0.78,1
2059700266,4,red,0,LOSS,green,0.72,1
2059700267,1,green,0,LOSS,red,0.6122,0
2059700268,0,red,1,LOSS,green,0.7,1
2059700269,6,red,0,WIN,red,0.7,1
2059700270,4,red,0,LOSS,green,0.51,0
2059700271,9,green,0,LOSS,red,0.65,1
2059700272,4,red,0,WIN,red,0.65,1
2059700273,3,green,0,LOSS,red,0.7329,1
2059700274,6,red,0,LOSS,green,0.7,1
2059700275,1,green,0,LOSS,red,0.7,1
2059700276,9,green,0,WIN,green,0.7,1
2059700277,2,red,0,LOSS,green,0.5286,0
2059700278,8,red,0,LOSS,green,0.5,0
2059700279,6,red,0,WIN,red,0.55,0
2059700280,5,green,1,LOSS,red,0.5678,0
2059700281,0,red,1,WIN,red,0.58,0
2059700282,0,red,1,WIN,red,0.5355,0
2059700283,6,red,0,LOSS,green,0.61,0
2059700284,3,green,0,LOSS,red,0.65,1
2059700285,9,green,0,LOSS,red,0.65,1
2059700286,8,red,0,WIN,red,0.6757,1
2059700287,5,green,1,LOSS,red,0.67,1
2059700288,2,red,0,LOSS,green,0.5667,0
2059700289,2,red,0,WIN,red,0.7,1
2059700290,0,red,1,WIN,red,0.65,1
2059700291,6,red,0,WIN,red,0.6186,0
2059700292,0,red,1,WIN,red,0.78,1
2059700293,6,red,0,WIN,red,0.78,1
2059700294,0,red,1,WIN,red,0.78,1
2059700295,7,green,0,LOSS,red,0.78,1
2059700296,5,green,1,WIN,green,0.72,1
2059700297,8,red,0,LOSS,green,0.72,1
2059700298,7,green,0,LOSS,red,0.54,0
2059700299,3,green,0,LOSS,red,0.6122,0
2059700300,5,green,1,WIN,green,0.5286,0
2059700301,3,green,0,WIN,green,0.5614,0
2059700302,1,green,0,WIN,green,0.78,1
2059700303,8,red,0,LOSS,green,0.78,1
2059700304,2,red,0,WIN,red,0.72,1
2059700305,3,green,0,LOSS,red,0.72,1
2059700306,6,red,0,WIN,red,0.7,1
2059700307,5,green,1,WIN,green,0.7,1
2059700308,6,red,0,LOSS,green,0.7,1
2059700309,5,green,1,LOSS,red,0.7,1
2059700310,8,red,0,LOSS,green,0.7,1
2059700311,5,green,1,LOSS,red,0.7,1
2059700312,3,green,0,WIN,green,0.7,1
2059700313,7,green,0,WIN,green,0.65,1
2059700314,7,green,0,WIN,green,0.69,1
2059700315,7,green,0,WIN,green,0.78,1
2059700316,1,green,0,WIN,green,0.78,1
2059700317,3,green,0,WIN,green,0.78,1
2059700318,9,green,0,WIN,green,0.78,1
2059700319,6,red,0,LOSS,green,0.78,1
2059700320,2,red,0,WIN,red,0.72,1
2059700321,0,red,1,WIN,red,0.72,1
2059700322,7,green,0,WIN,green,0.65,1
2059700323,6,red,0,LOSS,green,0.65,1
2059700324,2,red,0,LOSS,green,0.5286,0
2059700325,9,green,0,LOSS,red,0.7329,1
2059700326,0,red,1,WIN,red,0.55,0
2059700327,4,red,0,WIN,red,0.69,1
2059700328,0,red,1,WIN,red,0.6122,0
2059700329,4,red,0,LOSS,green,0.5433,0
2059700330,0,red,1,WIN,red,0.78,1
2059700331,1,green,0,LOSS,red,0.78,1
2059700332,5,green,1,WIN,green,0.72,1
2059700333,7,green,0,WIN,green,0.72,1
2059700334,1,green,0,LOSS,red,0.6567,1
2059700335,1,green,0,WIN,green,0.78,1
2059700336,2,red,0,LOSS,green,0.78,1
2059700337,5,green,1,LOSS,red,0.72,1
2059700338,3,green,0,WIN,green,0.54,0
2059700339,1,green,0,WIN,green,0.65,1
2059700340,7,green,0,WIN,green,0.7233,1
2059700341,2,red,0,LOSS,green,0.78,1
2059700342,3,green,0,LOSS,red,0.72,1
2059700343,6,red,0,LOSS,green,0.69,1
2059700344,9,green,0,LOSS,red,0.7,1
2059700345,4,red,0,LOSS,green,0.7,1
2059700346,6,red,0,WIN,red,0.7,1
2059700347,3,green,0,WIN,green,0.5667,0
2059700348,0,red,1,LOSS,green,0.5,0
2059700349,8,red,0,WIN,red,0.64,0
2059700350,8,red,0,WIN,red,0.6757,1
2059700351,4,red,0,WIN,red,0.63,0
2059700352,7,green,0,LOSS,red,0.78,1
2059700353,3,green,0,WIN,green,0.72,1
2059700354,0,red,1,LOSS,green,0.72,1
2059700355,9,green,0,LOSS,red,0.5233,0
2059700356,0,red,1,WIN,red,0.65,1
2059700357,9,green,0,LOSS,red,0.7,1
2059700358,4,red,0,LOSS,green,0.7,1
2059700359,5,green,1,LOSS,red,0.7,1
2059700360,1,green,0,WIN,green,0.7,1
2059700361,0,red,1,LOSS,green,0.65,1
2059700362,7,green,0,LOSS,red,0.58,0
2059700363,1,green,0,WIN,green,0.65,1
2059700364,2,red,0,LOSS,green,0.65,1
2059700365,8,red,0,WIN,red,0.5433,0
2059700366,0,red,1,WIN,red,0.5667,0
2059700367,7,green,0,WIN,green,0.5,0
2059700368,7,green,0,WIN,green,0.5545,0
2059700369,9,green,0,WIN,green,0.5857,0
2059700370,8,red,0,LOSS,green,0.6122,0
2059700371,0,red,1,LOSS,green,0.5667,0
2059700372,0,red,1,WIN,red,0.6757,1
2059700373,0,red,1,WIN,red,0.69,1
2059700374,1,green,0,LOSS,red,0.78,1
2059700375,7,green,0,WIN,green,0.72,1
2059700376,9,green,0,WIN,green,0.72,1
2059700377,9,green,0,WIN,green,0.62,0
2059700378,2,red,0,LOSS,green,0.78,1
2059700379,8,red,0,WIN,red,0.72,1
2059700380,0,red,1,WIN,red,0.72,1
2059700381,1,green,0,LOSS,red,0.6333,0
2059700382,0,red,1,LOSS,green,0.6186,0
2059700383,6,red,0,LOSS,green,0.5,0
2059700384,6,red,0,WIN,red,0.69,1
2059700385,2,red,0,WIN,red,0.5678,0
2059700386,6,red,0,WIN,red,0.78,1
2059700387,4,red,0,WIN,red,0.78,1
2059700388,8,red,0,WIN,red,0.78,1
2059700389,6,red,0,WIN,red,0.78,1
2059700390,4,red,0,WIN,red,0.78,1
2059700391,9,green,0,LOSS,red,0.78,1
2059700392,2,red,0,LOSS,green,0.72,1
2059700393,2,red,0,WIN,red,0.5043,0
2059700394,7,green,0,LOSS,red,0.6757,1
2059700395,2,red,0,WIN,red,0.6833,1
2059700396,3,green,0,WIN,green,0.5009,0
2059700397,7,green,0,WIN,green,0.7,1
2059700398,9,green,0,LOSS,red,0.62,0
2059700399,5,green,1,WIN,green,0.71,1
2059700400,3,green,0,WIN,green,0.78,1
2059700401,2,red,0,LOSS,green,0.78,1
2059700402,2,red,0,WIN,red,0.72,1
2059700403,9,green,0,LOSS,red,0.72,1
2059700404,2,red,0,LOSS,green,0.5233,0
2059700405,2,red,0,LOSS,green,0.5233,0
2059700406,7,green,0,LOSS,red,0.5857,0
2059700407,8,red,0,LOSS,green,0.5,0
2059700408,5,green,1,LOSS,red,0.71,1
2059700409,2,red,0,LOSS,green,0.7,1
2059700410,0,red,1,WIN,red,0.7,1
2059700411,5,green,1,WIN,green,0.61,0
2059700412,8,red,0,WIN,red,0.7011,1
2059700413,6,red,0,WIN,red,0.6122,0
2059700414,9,green,0,LOSS,red,0.6122,0
2059700415,1,green,0,LOSS,red,0.65,1
2059700416,9,green,0,LOSS,red,0.5667,0
2059700417,1,green,0,WIN,green,0.5,0
2059700418,4,red,0,LOSS,green,0.78,1
2059700419,0,red,1,WIN,red,0.72,1
2059700420,0,red,1,WIN,red,0.72,1
2059700421,5,green,1,LOSS,red,0.5545,0
2059700422,4,red,0,LOSS,green,0.65,1
2059700423,9,green,0,LOSS,red,0.5222,0
2059700424,0,red,1,LOSS,green,0.7,1
2059700425,1,green,0,LOSS,red,0.7,1
2059700426,8,red,0,LOSS,green,0.7,1
2059700427,5,green,1,LOSS,red,0.7,1
2059700428,1,green,0,WIN,green,0.7,1
2059700429,7,green,0,WIN,green,0.6186,0
2059700430,3,green,0,WIN,green,0.7011,1
2059700431,2,red,0,LOSS,green,0.78,1
2059700432,8,red,0,WIN,red,0.72,1
2059700433,9,green,0,LOSS,red,0.72,1
2059700434,6,red,0,LOSS,green,0.7233,1
2059700435,4,red,0,WIN,red,0.61,0
2059700436,6,red,0,WIN,red,0.5667,0
2059700437,4,red,0,LOSS,green,0.5009,0
2059700438,8,red,0,WIN,red,0.78,1
2059700439,9,green,0,LOSS,red,0.78,1
2059700440,0,red,1,LOSS,green,0.72,1
2059700441,1,green,0,LOSS,red,0.5678,0
2059700442,7,green,0,WIN,green,0.7,1
2059700443,8,red,0,WIN,red,0.6669,1
2059700444,0,red,1,WIN,red,0.7011,1
2059700445,6,red,0,WIN,red,0.5678,0
2059700446,9,green,0,LOSS,red,0.5233,0
2059700447,9,green,0,LOSS,red,0.5667,0
2059700448,7,green,0,WIN,green,0.62,0
2059700449,5,green,1,WIN,green,0.65,1
2059700450,1,green,0,WIN,green,0.78,1
2059700451,7,green,0,WIN,green,0.78,1
2059700452,6,red,0,LOSS,green,0.78,1
2059700453,2,red,0,WIN,red,0.72,1
2059700454,5,green,1,LOSS,red,0.72,1
2059700455,0,red,1,LOSS,green,0.65,1
2059700456,5,green,1,WIN,green,0.5438,0
2059700457,4,red,0,LOSS,green,0.7,1
2059700458,8,red,0,WIN,red,0.7,1
2059700459,3,green,0,LOSS,red,0.5678,0
2059700460,4,red,0,WIN,red,0.6567,1
2059700461,4,red,0,WIN,red,0.63,0
2059700462,8,red,0,WIN,red,0.65,1
2059700463,4,red,0,WIN,red,0.6445,0
2059700464,7,green,0,LOSS,red,0.78,1
2059700465,4,red,0,LOSS,green,0.72,1
2059700466,3,green,0,LOSS,red,0.6757,1
2059700467,5,green,1,WIN,green,0.7,1
2059700468,7,green,0,LOSS,red,0.6186,0
2059700469,2,red,0,WIN,red,0.5857,0
2059700470,7,green,0,WIN,green,0.5,0
2059700471,3,green,0,WIN,green,0.6567,1
2059700472,0,red,1,LOSS,green,0.71,1
2059700473,7,green,0,WIN,green,0.65,1
2059700474,1,green,0,WIN,green,0.6567,1
2059700475,0,red,1,LOSS,green,0.51,0
2059700476,2,red,0,LOSS,green,0.5614,0
2059700477,6,red,0,WIN,red,0.6333,0
2059700478,6,red,0,LOSS,green,0.5222,0
2059700479,7,green,0,LOSS,red,0.78,1
2059700480,0,red,1,LOSS,green,0.72,1
2059800001,5,green,1,LOSS,red,0.65,1
2059800002,1,green,0,WIN,green,0.7,1
2059800003,3,green,0,LOSS,red,0.65,1
2059800004,5,green,1,LOSS,red,0.6,0
2059800005,5,green,1,WIN,green,0.78,1
2059800006,5,green,1,WIN,green,0.78,1
2059800007,1,green,0,WIN,green,0.78,1
2059800008,8,red,0,LOSS,green,0.78,1
2059800009,6,red,0,WIN,red,0.72,1
2059800010,6,red,0,WIN,red,0.72,1
2059800011,8,red,0,LOSS,green,0.65,1
2059800012,2,red,0,WIN,red,0.78,1
2059800013,2,red,0,WIN,red,0.78,1
2059800014,3,green,0,LOSS,red,0.78,1
2059800015,9,green,0,WIN,green,0.72,1
2059800016,9,green,0,WIN,green,0.72,1
2059800017,8,red,0,WIN,red,0.7,1
2059800018,3,green,0,LOSS,red,0.64,0
2059800019,5,green,1,LOSS,red,0.5667,0
2059800020,2,red,0,LOSS,green,0.6122,0
2059800021,5,green,1,LOSS,red,0.53,0
2059800022,5,green,1,WIN,green,0.6567,1
2059800023,5,green,1,WIN,green,0.5233,0
2059800024,5,green,1,WIN,green,0.65,1
2059800025,3,green,0,WIN,green,0.78,1
2059800026,5,green,1,WIN,green,0.78,1
2059800027,9,green,0,WIN,green,0.78,1
2059800028,9,green,0,WIN,green,0.78,1
2059800029,6,red,0,LOSS,green,0.78,1
2059800030,2,red,0,WIN,red,0.72,1
2059800031,6,red,0,WIN,red,0.72,1
2059800032,6,red,0,LOSS,green,0.65,1
2059800033,1,green,0,LOSS,red,0.78,1
2059800034,5,green,1,WIN,green,0.72,1
2059800035,0,red,1,LOSS,green,0.72,1
2059800036,5,green,1,LOSS,red,0.6471,0
2059800037,9,green,0,LOSS,red,0.5614,0
2059800038,1,green,0,WIN,green,0.5462,0
2059800039,8,red,0,LOSS,green,0.65,1
2059800040,7,green,0,WIN,green,0.5614,0
2059800041,4,red,0,LOSS,green,0.64,0
2059800042,6,red,0,WIN,red,0.7,1
2059800043,6,red,0,WIN,red,0.525,0
2059800044,1,green,0,LOSS,red,0.5222,0
2059800045,8,red,0,WIN,red,0.7,1
2059800046,0,red,1,LOSS,green,0.53,0
2059800047,4,red,0,WIN,red,0.6122,0
2059800048,7,green,0,LOSS,red,0.54,0
2059800049,0,red,1,WIN,red,0.63,0
2059800050,4,red,0,WIN,red,0.7329,1
2059800051,6,red,0,WIN,red,0.6186,0
2059800052,2,red,0,LOSS,green,0.5009,0
2059800053,8,red,0,WIN,red,0.78,1
2059800054,4,red,0,WIN,red,0.78,1
2059800055,3,green,0,LOSS,red,0.78,1
2059800056,8,red,0,LOSS,green,0.72,1
2059800057,4,red,0,LOSS,green,0.5211,0
2059800058,2,red,0,WIN,red,0.64,0
2059800059,6,red,0,WIN,red,0.6567,1
2059800060,9,green,0,LOSS,red,0.78,1
2059800061,6,red,0,LOSS,green,0.72,1
2059800062,0,red,1,WIN,red,0.6186,0
2059800063,0,red,1,WIN,red,0.64,0
2059800064,5,green,1,LOSS,red,0.55,0
2059800065,2,red,0,WIN,red,0.5233,0
2059800066,7,green,0,LOSS,red,0.6567,1
2059800067,1,green,0,WIN,green,0.7,1
2059800068,3,green,0,WIN,green,0.55,0
2059800069,0,red,1,WIN,red,0.5545,0
2059800070,1,green,0,WIN,green,0.5286,0
2059800071,1,green,0,WIN,green,0.6757,1
2059800072,9,green,0,WIN,green,0.6567,1
2059800073,0,red,1,LOSS,green,0.6567,1
2059800074,1,green,0,WIN,green,0.6445,0
2059800075,6,red,0,LOSS,green,0.7329,1
2059800076,8,red,0,WIN,red,0.7,1
2059800077,9,green,0,LOSS,red,0.5353,0
2059800078,5,green,1,WIN,green,0.5614,0
2059800079,0,red,1,LOSS,green,0.6122,0
2059800080,1,green,0,WIN,green,0.5,0
2059800081,0,red,1,LOSS,green,0.5667,0
2059800082,0,red,1,WIN,red,0.7,1
2059800083,9,green,0,LOSS,red,0.6186,0
2059800084,3,green,0,LOSS,red,0.5222,0
2059800085,5,green,1,WIN,green,0.65,1
2059800086,3,green,0,WIN,green,0.5678,0
2059800087,6,red,0,LOSS,green,0.78,1
2059800088,5,green,1,LOSS,red,0.72,1
2059800089,6,red,0,LOSS,green,0.5438,0
2059800090,6,red,0,WIN,red,0.7,1
2059800091,2,red,0,WIN,red,0.5529,0
2059800092,7,green,0,LOSS,red,0.5667,0
2059800093,7,green,0,LOSS,red,0.5667,0
2059800094,3,green,0,WIN,green,0.7,1
2059800095,3,green,0,WIN,green,0.62,0
2059800096,6,red,0,LOSS,green,0.78,1
2059800097,8,red,0,WIN,red,0.72,1
2059800098,5,green,1,LOSS,red,0.72,1
2059800099,4,red,0,WIN,red,0.53,0
2059800100,9,green,0,WIN,green,0.5678,0
2059800101,4,red,0,LOSS,green,0.7,1
2059800102,1,green,0,LOSS,red,0.7,1
2059800103,9,green,0,WIN,green,0.7,1
2059800104,2,red,0,WIN,red,0.6429,0
2059800105,9,green,0,WIN,green,0.5,0
2059800106,9,green,0,WIN,green,0.64,0
2059800107,4,red,0,LOSS,green,0.5614,0
2059800108,1,green,0,LOSS,red,0.5529,0
2059800109,6,red,0,LOSS,green,0.6567,1
2059800110,0,red,1,WIN,red,0.7,1
2059800111,8,red,0,LOSS,green,0.5,0
2059800112,0,red,1,WIN,red,0.63,0
2059800113,5,green,1,LOSS,red,0.78,1
2059800114,8,red,0,LOSS,green,0.72,1
2059800115,8,red,0,WIN,red,0.6186,0
2059800116,9,green,0,LOSS,red,0.64,0
2059800117,4,red,0,WIN,red,0.6567,1
2059800118,4,red,0,LOSS,green,0.51,0
2059800119,1,green,0,LOSS,red,0.65,1
2059800120,2,red,0,WIN,red,0.6567,1
2059800121,4,red,0,WIN,red,0.55,0
2059800122,7,green,0,LOSS,red,0.65,1
2059800123,3,green,0,LOSS,red,0.6233,0
2059800124,4,red,0,WIN,red,0.54,0
2059800125,1,green,0,LOSS,red,0.6567,1
2059800126,4,red,0,WIN,red,0.6333,0
2059800127,6,red,0,WIN,red,0.7,1
2059800128,3,green,0,LOSS,red,0.65,1
2059800129,6,red,0,LOSS,green,0.7,1
2059800130,2,red,0,LOSS,green,0.58,0
2059800131,0,red,1,WIN,red,0.6567,1
2059800132,7,green,0,LOSS,red,0.64,0
2059800133,1,green,0,LOSS,red,0.6362,0
2059800134,6,red,0,WIN,red,0.65,1
2059800135,1,green,0,LOSS,red,0.6253,0
2059800136,0,red,1,LOSS,green,0.5286,0
2059800137,9,green,0,LOSS,red,0.7,1
2059800138,0,red,1,LOSS,green,0.7,1
2059800139,8,red,0,WIN,red,0.7,1
2059800140,6,red,0,LOSS,green,0.5857,0
2059800141,1,green,0,LOSS,red,0.6122,0
2059800142,6,red,0,WIN,red,0.65,1
2059800143,6,red,0,WIN,red,0.79,1
2059800144,2,red,0,WIN,red,0.63,0
2059800145,5,green,1,LOSS,red,0.5456,0
2059800146,2,red,0,WIN,red,0.6445,0
2059800147,7,green,0,LOSS,red,0.74,1
2059800148,8,red,0,LOSS,green,0.7,1
2059800149,2,red,0,WIN,red,0.7,1
2059800150,9,green,0,LOSS,red,0.5329,0
2059800151,2,red,0,WIN,red,0.5678,0
2059800152,3,green,0,LOSS,red,0.6567,1
2059800153,8,red,0,LOSS,green,0.7,1
2059800154,4,red,0,WIN,red,0.7,1
2059800155,4,red,0,WIN,red,0.6186,0
2059800156,7,green,0,LOSS,red,0.79,1
2059800157,5,green,1,LOSS,red,0.6186,0
2059800158,9,green,0,LOSS,red,0.5857,0
2059800159,7,green,0,WIN,green,0.6,0
2059800160,6,red,0,LOSS,green,0.78,1
2059800161,7,green,0,LOSS,red,0.72,1
2059800162,9,green,0,WIN,green,0.5043,0
2059800163,3,green,0,WIN,green,0.55,0
2059800164,2,red,0,LOSS,green,0.65,1
2059800165,1,green,0,WIN,green,0.69,1
2059800166,2,red,0,LOSS,green,0.65,1
2059800167,9,green,0,LOSS,red,0.7,1
2059800168,8,red,0,LOSS,green,0.7,1
2059800169,4,red,0,WIN,red,0.7,1
2059800170,3,green,0,WIN,green,0.7,1
2059800171,0,red,1,WIN,red,0.5222,0
2059800172,7,green,0,LOSS,red,0.6567,1
2059800173,1,green,0,WIN,green,0.7,1
2059800174,6,red,0,WIN,red,0.5667,0
2059800175,4,red,0,WIN,red,0.5667,0
2059800176,4,red,0,WIN,red,0.6186,0
2059800177,3,green,0,LOSS,red,0.6567,1
2059800178,7,green,0,LOSS,red,0.5286,0
2059800179,9,green,0,WIN,green,0.6333,0
2059800180,7,green,0,WIN,green,0.65,1
2059800181,7,green,0,WIN,green,0.78,1
2059800182,3,green,0,WIN,green,0.78,1
2059800183,9,green,0,WIN,green,0.78,1
2059800184,1,green,0,WIN,green,0.78,1
2059800185,8,red,0,LOSS,green,0.78,1
2059800186,5,green,1,LOSS,red,0.72,1
2059800187,3,green,0,LOSS,red,0.5433,0
2059800188,1,green,0,WIN,green,0.6567,1
2059800189,7,green,0,LOSS,red,0.5433,0
2059800190,3,green,0,WIN,green,0.78,1
2059800191,1,green,0,WIN,green,0.78,1
2059800192,5,green,1,WIN,green,0.78,1
2059800193,1,green,0,WIN,green,0.78,1
2059800194,2,red,0,LOSS,green,0.78,1
2059800195,8,red,0,WIN,red,0.72,1
2059800196,4,red,0,WIN,red,0.72,1
2059800197,7,green,0,WIN,green,0.5614,0
2059800198,0,red,1,LOSS,green,0.5678,0
2059800199,6,red,0,LOSS,green,0.5,0
2059800200,0,red,1,WIN,red,0.71,1
2059800201,5,green,1,LOSS,red,0.6186,0
2059800202,4,red,0,LOSS,green,0.53,0
2059800203,3,green,0,LOSS,red,0.7011,1
2059800204,6,red,0,LOSS,green,0.7,1
2059800205,5,green,1,LOSS,red,0.7,1
2059800206,2,red,0,LOSS,green,0.7,1
2059800207,8,red,0,WIN,red,0.7,1
2059800208,0,red,1,WIN,red,0.5043,0
2059800209,6,red,0,WIN,red,0.64,0
2059800210,7,green,0,LOSS,red,0.78,1
2059800211,0,red,1,LOSS,green,0.72,1
2059800212,4,red,0,WIN,red,0.6186,0
2059800213,8,red,0,WIN,red,0.6122,0
2059800214,6,red,0,WIN,red,0.5355,0
2059800215,9,green,0,LOSS,red,0.78,1
2059800216,8,red,0,LOSS,green,0.72,1
2059800217,8,red,0,WIN,red,0.6186,0
2059800218,5,green,1,LOSS,red,0.6567,1
2059800219,1,green,0,LOSS,red,0.6757,1
2059800220,8,red,0,WIN,red,0.6233,0
2059800221,2,red,0,WIN,red,0.5614,0
2059800222,4,red,0,WIN,red,0.7173,1
2059800223,3,green,0,LOSS,red,0.7456,1
2059800224,1,green,0,LOSS,red,0.65,1
2059800225,6,red,0,LOSS,green,0.5286,0
2059800226,2,red,0,LOSS,green,0.5667,0
2059800227,7,green,0,LOSS,red,0.63,0
2059800228,7,green,0,LOSS,red,0.5678,0
2059800229,5,green,1,LOSS,red,0.62,0
2059800230,0,red,1,LOSS,green,0.64,0
2059800231,1,green,0,WIN,green,0.6186,0
2059800232,3,green,0,WIN,green,0.5355,0
2059800233,8,red,0,LOSS,green,0.65,1
2059800234,0,red,1,WIN,red,0.5433,0
2059800235,8,red,0,LOSS,green,0.65,1
2059800236,1,green,0,WIN,green,0.7,1
2059800237,5,green,1,LOSS,red,0.7,1
2059800238,5,green,1,WIN,green,0.6,0
2059800239,9,green,0,WIN,green,0.6233,0
2059800240,1,green,0,WIN,green,0.78,1
2059800241,2,red,0,LOSS,green,0.78,1
2059800242,7,green,0,LOSS,red,0.72,1
2059800243,7,green,0,WIN,green,0.6186,0
2059800244,3,green,0,WIN,green,0.6233,0
2059800245,3,green,0,WIN,green,0.7329,1
2059800246,2,red,0,LOSS,green,0.78,1
2059800247,1,green,0,LOSS,red,0.72,1
2059800248,5,green,1,WIN,green,0.6567,1
2059800249,5,green,1,WIN,green,0.6809,1
2059800250,3,green,0,WIN,green,0.65,1
2059800251,4,red,0,LOSS,green,0.78,1
2059800252,7,green,0,LOSS,red,0.72,1
2059800253,8,red,0,LOSS,green,0.67,1
2059800254,3,green,0,LOSS,red,0.7,1
2059800255,8,red,0,LOSS,green,0.7,1
2059800256,0,red,1,WIN,red,0.7,1
2059800257,4,red,0,LOSS,green,0.5857,0
2059800258,1,green,0,LOSS,red,0.61,0
2059800259,2,red,0,WIN,red,0.6122,0
2059800260,8,red,0,WIN,red,0.79,1
2059800261,3,green,0,LOSS,red,0.6186,0
2059800262,3,green,0,LOSS,red,0.71,1
2059800263,2,red,0,WIN,red,0.65,1
2059800264,6,red,0,WIN,red,0.65,1
2059800265,8,red,0,WIN,red,0.7233,1
2059800266,8,red,0,WIN,red,0.71,1
2059800267,4,red,0,WIN,red,0.78,1
2059800268,8,red,0,WIN,red,0.78,1
2059800269,6,red,0,WIN,red,0.78,1
2059800270,3,green,0,LOSS,red,0.78,1
2059800271,3,green,0,WIN,green,0.72,1
2059800272,2,red,0,LOSS,green,0.72,1
2059800273,4,red,0,WIN,red,0.5233,0
2059800274,2,red,0,WIN,red,0.64,0
2059800275,2,red,0,WIN,red,0.51,0
2059800276,0,red,1,WIN,red,0.78,1
2059800277,1,green,0,LOSS,red,0.78,1
2059800278,1,green,0,WIN,green,0.72,1
2059800279,2,red,0,LOSS,green,0.72,1
2059800280,1,green,0,WIN,green,0.51,0
2059800281,3,green,0,LOSS,red,0.6567,1
2059800282,1,green,0,WIN,green,0.55,0
2059800283,0,red,1,LOSS,green,0.5678,0
2059800284,5,green,1,WIN,green,0.65,1
2059800285,2,red,0,LOSS,green,0.6122,0
2059800286,1,green,0,LOSS,red,0.7,1
2059800287,1,green,0,WIN,green,0.7,1
2059800288,7,green,0,WIN,green,0.63,0
2059800289,1,green,0,WIN,green,0.65,1
2059800290,6,red,0,LOSS,green,0.78,1
2059800291,7,green,0,LOSS,red,0.72,1
2059800292,8,red,0,LOSS,green,0.64,0
2059800293,1,green,0,LOSS,red,0.7,1
2059800294,7,green,0,WIN,green,0.7,1
2059800295,8,red,0,LOSS,green,0.65,1
2059800296,0,red,1,LOSS,green,0.6233,0
2059800297,8,red,0,LOSS,green,0.5,0
2059800298,8,red,0,LOSS,green,0.5433,0
2059800299,4,red,0,WIN,red,0.78,1
2059800300,4,red,0,WIN,red,0.78,1
2059800301,5,green,1,LOSS,red,0.78,1
2059800302,1,green,0,WIN,green,0.72,1
2059800303,8,red,0,LOSS,green,0.72,1
2059800304,5,green,1,LOSS,red,0.5233,0
2059800305,1,green,0,LOSS,red,0.65,1
2059800306,3,green,0,WIN,green,0.5667,0
2059800307,2,red,0,LOSS,green,0.55,0
2059800308,4,red,0,LOSS,green,0.6122,0
2059800309,8,red,0,LOSS,green,0.7233,1
2059800310,8,red,0,LOSS,green,0.6556,1
2059800311,1,green,0,LOSS,red,0.78,1
2059800312,7,green,0,WIN,green,0.72,1
2059800313,6,red,0,LOSS,green,0.72,1
2059800314,3,green,0,LOSS,red,0.63,0
2059800315,6,red,0,WIN,red,0.54,0
2059800316,7,green,0,LOSS,red,0.7,1
2059800317,8,red,0,LOSS,green,0.7,1
2059800318,1,green,0,LOSS,red,0.7,1
2059800319,5,green,1,WIN,green,0.7,1
2059800320,8,red,0,WIN,red,0.53,0
2059800321,3,green,0,LOSS,red,0.5545,0
2059800322,8,red,0,LOSS,green,0.6362,0
2059800323,5,green,1,LOSS,red,0.7,1
2059800324,9,green,0,WIN,green,0.7,1
2059800325,9,green,0,WIN,green,0.65,1
2059800326,2,red,0,LOSS,green,0.65,1
2059800327,6,red,0,LOSS,green,0.71,1
2059800328,7,green,0,WIN,green,0.5,0
2059800329,6,red,0,LOSS,green,0.7173,1
2059800330,0,red,1,WIN,red,0.5333,0
2059800331,5,green,1,WIN,green,0.5286,0
2059800332,6,red,0,LOSS,green,0.5,0
2059800333,6,red,0,WIN,red,0.6567,1
2059800334,4,red,0,WIN,red,0.6567,1
2059800335,8,red,0,WIN,red,0.5567,0
2059800336,8,red,0,WIN,red,0.78,1
2059800337,6,red,0,WIN,red,0.78,1
2059800338,6,red,0,WIN,red,0.78,1
2059800339,1,green,0,LOSS,red,0.78,1
2059800340,0,red,1,LOSS,green,0.72,1
2059800341,6,red,0,WIN,red,0.54,0
2059800342,4,red,0,WIN,red,0.6567,1
2059800343,2,red,0,WIN,red,0.6567,1
2059800344,3,green,0,LOSS,red,0.78,1
2059800345,9,green,0,WIN,green,0.72,1
2059800346,5,green,1,WIN,green,0.72,1
2059800347,6,red,0,LOSS,green,0.54,0
2059800348,4,red,0,WIN,red,0.6161,0
2059800349,6,red,0,WIN,red,0.65,1
2059800350,1,green,0,WIN,green,0.61,0
2059800351,1,green,0,LOSS,red,0.55,0
2059800352,7,green,0,WIN,green,0.5614,0
2059800353,1,green,0,LOSS,red,0.53,0
2059800354,0,red,1,LOSS,green,0.78,1
2059800355,1,green,0,LOSS,red,0.72,1
2059800356,4,red,0,LOSS,green,0.54,0
2059800357,9,green,0,LOSS,red,0.7,1
2059800358,3,green,0,WIN,green,0.7,1
2059800359,3,green,0,WIN,green,0.65,1
2059800360,0,red,1,LOSS,green,0.6186,0
2059800361,6,red,0,LOSS,green,0.6567,1
2059800362,4,red,0,LOSS,green,0.5222,0
2059800363,1,green,0,LOSS,red,0.6,0
2059800364,8,red,0,LOSS,green,0.54,0
2059800365,7,green,0,WIN,green,0.5857,0
2059800366,4,red,0,LOSS,green,0.7,1
2059800367,8,red,0,WIN,red,0.7,1
2059800368,8,red,0,WIN,red,0.5233,0
2059800369,2,red,0,WIN,red,0.65,1
2059800370,9,green,0,LOSS,red,0.78,1
2059800371,1,green,0,WIN,green,0.72,1
2059800372,8,red,0,LOSS,green,0.72,1
2059800373,9,green,0,LOSS,red,0.5043,0
2059800374,5,green,1,LOSS,red,0.71,1
2059800375,8,red,0,LOSS,green,0.5667,0
2059800376,9,green,0,WIN,green,0.5462,0
2059800377,0,red,1,LOSS,green,0.65,1
2059800378,0,red,1,WIN,red,0.7,1
2059800379,9,green,0,LOSS,red,0.5286,0
2059800380,5,green,1,LOSS,red,0.5222,0
2059800381,8,red,0,LOSS,green,0.6122,0
2059800382,9,green,0,WIN,green,0.5222,0
2059800383,0,red,1,LOSS,green,0.5286,0
2059800384,9,green,0,LOSS,red,0.7,1
2059800385,0,red,1,LOSS,green,0.7,1
2059800386,9,green,0,LOSS,red,0.7,1
2059800387,7,green,0,WIN,green,0.7,1
2059800388,9,green,0,LOSS,red,0.53,0
2059800389,0,red,1,LOSS,green,0.6809,1
2059800390,2,red,0,LOSS,green,0.5678,0
2059800391,3,green,0,WIN,green,0.5,0
2059800392,0,red,1,LOSS,green,0.69,1
2059800393,9,green,0,LOSS,red,0.5462,0
2059800394,7,green,0,WIN,green,0.7,1
2059800395,1,green,0,WIN,green,0.5614,0
2059800396,5,green,1,WIN,green,0.6122,0
2059800397,6,red,0,LOSS,green,0.78,1
2059800398,4,red,0,WIN,red,0.72,1
2059800399,1,green,0,LOSS,red,0.72,1
2059800400,5,green,1,WIN,green,0.6757,1
2059800401,2,red,0,LOSS,green,0.5233,0
2059800402,1,green,0,LOSS,red,0.5433,0
2059800403,3,green,0,WIN,green,0.5614,0
2059800404,4,red,0,LOSS,green,0.6186,0
2059800405,7,green,0,WIN,green,0.5667,0
2059800406,5,green,1,WIN,green,0.79,1
2059800407,8,red,0,LOSS,green,0.65,1
2059800408,5,green,1,WIN,green,0.6757,1
2059800409,1,green,0,WIN,green,0.69,1
2059800410,3,green,0,WIN,green,0.64,0
2059800411,7,green,0,WIN,green,0.6567,1
2059800412,9,green,0,WIN,green,0.78,1
2059800413,9,green,0,WIN,green,0.78,1
2059800414,8,red,0,LOSS,green,0.78,1
2059800415,8,red,0,WIN,red,0.72,1
2059800416,9,green,0,LOSS,red,0.72,1
2059800417,4,red,0,LOSS,green,0.5614,0
2059800418,2,red,0,LOSS,green,0.6186,0
2059800419,9,green,0,LOSS,red,0.55,0
2059800420,8,red,0,WIN,red,0.5667,0
2059800421,6,red,0,WIN,red,0.6757,1
2059800422,5,green,1,LOSS,red,0.6757,1
2059800423,3,green,0,LOSS,red,0.5233,0
2059800424,6,red,0,WIN,red,0.5667,0
2059800425,8,red,0,WIN,red,0.6186,0
2059800426,7,green,0,LOSS,red,0.74,1
2059800427,4,red,0,LOSS,green,0.5667,0
2059800428,0,red,1,WIN,red,0.5233,0
2059800429,5,green,1,WIN,green,0.61,0
2059800430,4,red,0,LOSS,green,0.5857,0
2059800431,1,green,0,LOSS,red,0.6567,1
2059800432,3,green,0,WIN,green,0.7,1
2059800433,1,green,0,WIN,green,0.5667,0
2059800434,1,green,0,WIN,green,0.7233,1
2059800435,8,red,0,LOSS,green,0.78,1
2059800436,1,green,0,LOSS,red,0.72,1
2059800437,8,red,0,LOSS,green,0.6122,0
2059800438,0,red,1,WIN,red,0.7,1
2059800439,8,red,0,LOSS,green,0.7,1
2059800440,5,green,1,WIN,green,0.7,1
2059800441,4,red,0,LOSS,green,0.62,0
2059800442,4,red,0,WIN,red,0.5233,0
2059800443,0,red,1,WIN,red,0.6233,0
2059800444,1,green,0,LOSS,red,0.5614,0
2059800445,6,red,0,WIN,red,0.6567,1
2059800446,4,red,0,WIN,red,0.67,1
2059800447,0,red,1,WIN,red,0.64,0
2059800448,0,red,1,WIN,red,0.5233,0
2059800449,6,red,0,WIN,red,0.78,1
2059800450,6,red,0,WIN,red,0.78,1
2059800451,3,green,0,LOSS,red,0.78,1
2059800452,2,red,0,LOSS,green,0.72,1
2059800453,2,red,0,WIN,red,0.51,0
2059800454,5,green,1,LOSS,red,0.6567,1
2059800455,3,green,0,LOSS,red,0.6567,1
2059800456,3,green,0,LOSS,red,0.71,1
2059800457,8,red,0,LOSS,green,0.525,0
2059800458,9,green,0,WIN,green,0.5286,0
2059800459,0,red,1,LOSS,green,0.65,1
2059800460,6,red,0,WIN,red,0.7,1
2059800461,7,green,0,LOSS,red,0.5462,0
2059800462,6,red,0,LOSS,green,0.65,1
2059800463,0,red,1,LOSS,green,0.5667,0
2059800464,6,red,0,WIN,red,0.6757,1
2059800465,1,green,0,LOSS,red,0.6253,0
2059800466,6,red,0,WIN,red,0.5614,0
2059800467,9,green,0,LOSS,red,0.64,0
2059800468,2,red,0,LOSS,green,0.7,1
2059800469,2,red,0,WIN,red,0.7,1
2059800470,9,green,0,LOSS,red,0.5233,0
2059800471,9,green,0,LOSS,red,0.65,1
2059800472,6,red,0,LOSS,green,0.5,0
2059800473,7,green,0,LOSS,red,0.6429,0
2059800474,6,red,0,LOSS,green,0.5,0
2059800475,5,green,1,LOSS,red,0.7,1
2059800476,1,green,0,WIN,green,0.7,1
2059800477,5,green,1,LOSS,red,0.5433,0
2059800478,6,red,0,LOSS,green,0.6567,1
2059800479,2,red,0,LOSS,green,0.6567,1
2059800480,4,red,0,LOSS,green,0.5,0
2059900001,5,green,1,LOSS,red,0.5667,0
2059900002,2,red,0,LOSS,green,0.5,0
2059900003,3,green,0,WIN,green,0.5933,0
2059900004,7,green,0,WIN,green,0.7,1
2059900005,3,green,0,WIN,green,0.5286,0
2059900006,8,red,0,WIN,red,0.5667,0
2059900007,6,red,0,LOSS,green,0.55,0
2059900008,7,green,0,WIN,green,0.5667,0
2059900009,7,green,0,WIN,green,0.79,1
2059900010,2,red,0,LOSS,green,0.6567,1
2059900011,3,green,0,LOSS,red,0.5433,0
2059900012,3,green,0,WIN,green,0.65,1
2059900013,3,green,0,WIN,green,0.5614,0
2059900014,8,red,0,LOSS,green,0.64,0
2059900015,5,green,1,WIN,green,0.65,1
2059900016,6,red,0,LOSS,green,0.5233,0
2059900017,4,red,0,WIN,red,0.7,1
2059900018,3,green,0,WIN,green,0.5,0
2059900019,2,red,0,LOSS,green,0.5678,0
2059900020,8,red,0,LOSS,green,0.54,0
2059900021,3,green,0,LOSS,red,0.79,1
2059900022,9,green,0,LOSS,red,0.5678,0
2059900023,4,red,0,WIN,red,0.5667,0
2059900024,6,red,0,WIN,red,0.64,0
2059900025,5,green,1,LOSS,red,0.7011,1
2059900026,7,green,0,WIN,green,0.54,0
2059900027,6,red,0,WIN,red,0.6333,0
2059900028,8,red,0,LOSS,green,0.5,0
2059900029,6,red,0,LOSS,green,0.6111,0
2059900030,3,green,0,LOSS,red,0.5233,0
2059900031,1,green,0,LOSS,red,0.5678,0
2059900032,6,red,0,LOSS,green,0.5,0
2059900033,4,red,0,WIN,red,0.5286,0
2059900034,1,green,0,LOSS,red,0.65,1
2059900035,9,green,0,LOSS,red,0.55,0
2059900036,5,green,1,LOSS,red,0.5667,0
2059900037,5,green,1,WIN,green,0.6122,0
2059900038,2,red,0,LOSS,green,0.78,1
2059900039,8,red,0,WIN,red,0.72,1
2059900040,9,green,0,LOSS,red,0.72,1
2059900041,3,green,0,WIN,green,0.65,1
2059900042,6,red,0,LOSS,green,0.79,1
2059900043,1,green,0,WIN,green,0.7,1
2059900044,1,green,0,WIN,green,0.6186,0
2059900045,2,red,0,LOSS,green,0.65,1
2059900046,9,green,0,WIN,green,0.5857,0
2059900047,4,red,0,LOSS,green,0.79,1
2059900048,6,red,0,WIN,red,0.7,1
2059900049,2,red,0,LOSS,green,0.5,0
2059900050,4,red,0,WIN,red,0.6445,0
2059900051,5,green,1,LOSS,red,0.78,1
2059900052,5,green,1,WIN,green,0.72,1
2059900053,0,red,1,LOSS,green,0.72,1
2059900054,4,red,0,LOSS,green,0.61,0
2059900055,5,green,1,LOSS,red,0.5233,0
2059900056,5,green,1,LOSS,red,0.65,1
2059900057,6,red,0,WIN,red,0.5333,0
2059900058,3,green,0,LOSS,red,0.5857,0
2059900059,4,red,0,LOSS,green,0.5678,0
2059900060,3,green,0,LOSS,red,0.7,1
2059900061,2,red,0,LOSS,green,0.7,1
2059900062,9,green,0,LOSS,red,0.7,1
2059900063,0,red,1,LOSS,green,0.7,1
2059900064,2,red,0,WIN,red,0.7,1
2059900065,9,green,0,LOSS,red,0.63,0
2059900066,2,red,0,LOSS,green,0.54,0
2059900067,7,green,0,LOSS,red,0.6186,0
2059900068,7,green,0,WIN,green,0.7,1
2059900069,3,green,0,LOSS,red,0.58,0
2059900070,1,green,0,WIN,green,0.71,1
2059900071,7,green,0,WIN,green,0.78,1
2059900072,3,green,0,WIN,green,0.78,1
2059900073,4,red,0,LOSS,green,0.78,1
2059900074,8,red,0,WIN,red,0.72,1
2059900075,5,green,1,LOSS,red,0.72,1
2059900076,2,red,0,LOSS,green,0.54,0
2059900077,7,green,0,WIN,green,0.65,1
2059900078,6,red,0,LOSS,green,0.7,1
2059900079,7,green,0,LOSS,red,0.7,1
2059900080,9,green,0,WIN,green,0.7,1
2059900081,3,green,0,LOSS,red,0.65,1
2059900082,5,green,1,WIN,green,0.65,1
2059900083,0,red,1,LOSS,green,0.78,1
2059900084,1,green,0,LOSS,red,0.72,1
2059900085,8,red,0,LOSS,green,0.65,1
2059900086,6,red,0,WIN,red,0.7,1
2059900087,6,red,0,LOSS,green,0.5614,0
2059900088,3,green,0,WIN,green,0.7,1
2059900089,1,green,0,WIN,green,0.5667,0
2059900090,1,green,0,WIN,green,0.7,1
2059900091,2,red,0,LOSS,green,0.6333,0
2059900092,8,red,0,WIN,red,0.5667,0
2059900093,1,green,0,LOSS,red,0.69,1
2059900094,2,red,0,LOSS,green,0.54,0
2059900095,4,red,0,LOSS,green,0.6429,0
2059900096,8,red,0,LOSS,green,0.5667,0
2059900097,1,green,0,LOSS,red,0.55,0
2059900098,5,green,1,LOSS,red,0.5678,0
2059900099,6,red,0,WIN,red,0.7,1
2059900100,4,red,0,LOSS,green,0.7,1
2059900101,7,green,0,LOSS,red,0.63,0
2059900102,5,green,1,LOSS,red,0.5355,0
2059900103,5,green,1,LOSS,red,0.5286,0
2059900104,5,green,1,WIN,green,0.63,0
2059900105,6,red,0,LOSS,green,0.78,1
2059900106,0,red,1,WIN,red,0.72,1
2059900107,6,red,0,WIN,red,0.72,1
2059900108,0,red,1,WIN,red,0.5333,0
2059900109,8,red,0,WIN,red,0.78,1
2059900110,4,red,0,WIN,red,0.78,1
2059900111,9,green,0,LOSS,red,0.78,1
2059900112,7,green,0,WIN,green,0.72,1
2059900113,8,red,0,LOSS,green,0.72,1
2059900114,2,red,0,WIN,red,0.5043,0
2059900115,7,green,0,LOSS,red,0.6567,1
2059900116,3,green,0,LOSS,red,0.6186,0
2059900117,3,green,0,LOSS,red,0.5667,0
2059900118,4,red,0,LOSS,green,0.6567,1
2059900119,4,red,0,LOSS,green,0.64,0
2059900120,6,red,0,WIN,red,0.5667,0
2059900121,5,green,1,LOSS,red,0.65,1
2059900122,2,red,0,WIN,red,0.5222,0
2059900123,6,red,0,LOSS,green,0.62,0
2059900124,5,green,1,LOSS,red,0.71,1
2059900125,0,red,1,WIN,red,0.65,1
2059900126,6,red,0,WIN,red,0.71,1
2059900127,0,red,1,WIN,red,0.63,0
2059900128,9,green,0,LOSS,red,0.5043,0
2059900129,9,green,0,LOSS,red,0.6757,1
2059900130,2,red,0,WIN,red,0.65,1
2059900131,1,green,0,LOSS,red,0.65,1
2059900132,1,green,0,WIN,green,0.5,0
2059900133,1,green,0,LOSS,red,0.7,1
2059900134,9,green,0,LOSS,red,0.7,1
2059900135,8,red,0,LOSS,green,0.78,1
2059900136,7,green,0,LOSS,red,0.72,1
2059900137,9,green,0,WIN,green,0.6122,0
2059900138,7,green,0,WIN,green,0.69,1
2059900139,0,red,1,LOSS,green,0.65,1
2059900140,1,green,0,WIN,green,0.7011,1
2059900141,4,red,0,LOSS,green,0.5678,0
2059900142,7,green,0,LOSS,red,0.7,1
2059900143,8,red,0,LOSS,green,0.7,1
2059900144,8,red,0,WIN,red,0.7,1
2059900145,4,red,0,LOSS,green,0.7,1
2059900146,7,green,0,LOSS,red,0.5233,0
2059900147,7,green,0,LOSS,red,0.79,1
2059900148,5,green,1,LOSS,red,0.55,0
2059900149,0,red,1,LOSS,green,0.58,0
2059900150,1,green,0,LOSS,red,0.5857,0
2059900151,8,red,0,LOSS,green,0.5222,0
2059900152,4,red,0,WIN,red,0.7,1
2059900153,0,red,1,WIN,red,0.55,0
2059900154,8,red,0,LOSS,green,0.5,0
2059900155,7,green,0,LOSS,red,0.78,1
2059900156,2,red,0,LOSS,green,0.72,1
2059900157,7,green,0,LOSS,red,0.64,0
2059900158,1,green,0,WIN,green,0.7,1
2059900159,9,green,0,LOSS,red,0.7,1
2059900160,6,red,0,WIN,red,0.7,1
2059900161,6,red,0,LOSS,green,0.5,0
2059900162,6,red,0,LOSS,green,0.5857,0
2059900163,3,green,0,LOSS,red,0.54,0
2059900164,0,red,1,LOSS,green,0.5,0
2059900165,9,green,0,WIN,green,0.5667,0
2059900166,9,green,0,WIN,green,0.7,1
2059900167,9,green,0,WIN,green,0.55,0
2059900168,6,red,0,WIN,red,0.5857,0
2059900169,7,green,0,WIN,green,0.5222,0
2059900170,8,red,0,LOSS,green,0.69,1
2059900171,0,red,1,WIN,red,0.7,1
2059900172,9,green,0,WIN,green,0.5667,0
2059900173,6,red,0,LOSS,green,0.55,0
2059900174,1,green,0,LOSS,red,0.5667,0
2059900175,2,red,0,LOSS,green,0.7,1
2059900176,1,green,0,LOSS,red,0.7,1
2059900177,1,green,0,WIN,green,0.7,1
2059900178,2,red,0,WIN,red,0.5667,0
2059900179,5,green,1,WIN,green,0.7,1
2059900180,1,green,0,LOSS,red,0.7,1
2059900181,0,red,1,LOSS,green,0.54,0
2059900182,6,red,0,WIN,red,0.51,0
2059900183,1,green,0,LOSS,red,0.5286,0
2059900184,3,green,0,LOSS,red,0.5529,0
2059900185,1,green,0,WIN,green,0.65,1
2059900186,4,red,0,LOSS,green,0.5233,0
2059900187,1,green,0,WIN,green,0.6122,0
2059900188,2,red,0,LOSS,green,0.5567,0
2059900189,2,red,0,WIN,red,0.7,1
2059900190,4,red,0,WIN,red,0.54,0
2059900191,9,green,0,LOSS,red,0.5222,0
2059900192,4,red,0,WIN,red,0.7,1
2059900193,1,green,0,LOSS,red,0.5614,0
2059900194,2,red,0,LOSS,green,0.7,1
2059900195,5,green,1,LOSS,red,0.7,1
2059900196,2,red,0,LOSS,green,0.7,1
2059900197,3,green,0,LOSS,red,0.7,1
2059900198,9,green,0,WIN,green,0.7,1
2059900199,4,red,0,LOSS,green,0.64,0
2059900200,0,red,1,WIN,red,0.5286,0
2059900201,0,red,1,WIN,red,0.5286,0
2059900202,3,green,0,LOSS,red,0.55,0
2059900203,1,green,0,LOSS,red,0.5909,0
2059900204,6,red,0,LOSS,green,0.6429,0
2059900205,3,green,0,WIN,green,0.5,0
2059900206,8,red,0,LOSS,green,0.5667,0
2059900207,0,red,1,WIN,red,0.7,1
2059900208,0,red,1,WIN,red,0.6186,0
2059900209,2,red,0,WIN,red,0.64,0
2059900210,8,red,0,WIN,red,0.78,1
2059900211,3,green,0,LOSS,red,0.78,1
2059900212,6,red,0,LOSS,green,0.72,1
2059900213,5,green,1,LOSS,red,0.5233,0
2059900214,7,green,0,WIN,green,0.7,1
2059900215,3,green,0,LOSS,red,0.71,1
2059900216,9,green,0,LOSS,red,0.7,1
2059900217,4,red,0,LOSS,green,0.78,1
2059900218,5,green,1,LOSS,red,0.72,1
2059900219,6,red,0,WIN,red,0.7,1
2059900220,3,green,0,LOSS,red,0.7,1
2059900221,9,green,0,WIN,green,0.7,1
2059900222,1,green,0,WIN,green,0.65,1
2059900223,4,red,0,LOSS,green,0.65,1
2059900224,9,green,0,WIN,green,0.6186,0
2059900225,6,red,0,LOSS,green,0.54,0
2059900226,4,red,0,WIN,red,0.7,1
2059900227,7,green,0,WIN,green,0.5857,0
2059900228,6,red,0,WIN,red,0.53,0
2059900229,2,red,0,WIN,red,0.5286,0
2059900230,6,red,0,WIN,red,0.71,1
2059900231,5,green,1,LOSS,red,0.5233,0
2059900232,5,green,1,LOSS,red,0.65,1
2059900233,8,red,0,WIN,red,0.6186,0
2059900234,6,red,0,WIN,red,0.5678,0
2059900235,9,green,0,LOSS,red,0.65,1
2059900236,4,red,0,WIN,red,0.5233,0
2059900237,4,red,0,WIN,red,0.65,1
2059900238,6,red,0,WIN,red,0.7233,1
2059900239,2,red,0,LOSS,green,0.53,0
2059900240,2,red,0,WIN,red,0.78,1
2059900241,2,red,0,WIN,red,0.78,1
2059900242,8,red,0,WIN,red,0.78,1
2059900243,4,red,0,WIN,red,0.78,1
2059900244,8,red,0,WIN,red,0.78,1
2059900245,2,red,0,WIN,red,0.78,1
2059900246,3,green,0,LOSS,red,0.78,1
2059900247,1,green,0,WIN,green,0.72,1
2059900248,6,red,0,LOSS,green,0.72,1
2059900249,1,green,0,LOSS,red,0.55,0
2059900250,6,red,0,WIN,red,0.65,1
2059900251,9,green,0,LOSS,red,0.7,1
2059900252,4,red,0,LOSS,green,0.7,1
2059900253,8,red,0,WIN,red,0.7,1
2059900254,6,red,0,LOSS,green,0.55,0
2059900255,2,red,0,WIN,red,0.5043,0
2059900256,4,red,0,WIN,red,0.78,1
2059900257,7,green,0,LOSS,red,0.78,1
2059900258,9,green,0,WIN,green,0.72,1
2059900259,1,green,0,WIN,green,0.72,1
2059900260,1,green,0,LOSS,red,0.6362,0
2059900261,3,green,0,WIN,green,0.78,1
2059900262,6,red,0,LOSS,green,0.78,1
2059900263,6,red,0,WIN,red,0.72,1
2059900264,2,red,0,WIN,red,0.72,1
2059900265,7,green,0,WIN,green,0.6186,0
2059900266,5,green,1,WIN,green,0.5233,0
2059900267,7,green,0,WIN,green,0.54,0
2059900268,5,green,1,WIN,green,0.5678,0
2059900269,3,green,0,WIN,green,0.78,1
2059900270,7,green,0,WIN,green,0.78,1
2059900271,9,green,0,WIN,green,0.78,1
2059900272,5,green,1,WIN,green,0.78,1
2059900273,8,red,0,LOSS,green,0.78,1
2059900274,7,green,0,LOSS,red,0.72,1
2059900275,1,green,0,WIN,green,0.5043,0
2059900276,6,red,0,LOSS,green,0.67,1
2059900277,4,red,0,LOSS,green,0.64,0
2059900278,2,red,0,LOSS,green,0.5678,0
2059900279,9,green,0,WIN,green,0.5,0
2059900280,6,red,0,LOSS,green,0.6,0
2059900281,7,green,0,WIN,green,0.61,0
2059900282,5,green,1,WIN,green,0.7,1
2059900283,5,green,1,WIN,green,0.5286,0
2059900284,9,green,0,LOSS,red,0.6,0
2059900285,0,red,1,LOSS,green,0.78,1
2059900286,9,green,0,LOSS,red,0.72,1
2059900287,3,green,0,WIN,green,0.5567,0
2059900288,6,red,0,LOSS,green,0.6789,1
2059900289,4,red,0,LOSS,green,0.65,1
2059900290,3,green,0,WIN,green,0.5233,0
2059900291,1,green,0,WIN,green,0.65,1
2059900292,2,red,0,LOSS,green,0.6567,1
2059900293,5,green,1,LOSS,red,0.5261,0
2059900294,2,red,0,LOSS,green,0.55,0
2059900295,0,red,1,WIN,red,0.7,1
2059900296,6,red,0,WIN,red,0.5678,0
2059900297,8,red,0,WIN,red,0.6669,1
2059900298,1,green,0,LOSS,red,0.78,1
2059900299,8,red,0,LOSS,green,0.72,1
2059900300,3,green,0,LOSS,red,0.6122,0
2059900301,0,red,1,LOSS,green,0.7,1
2059900302,7,green,0,LOSS,red,0.7,1
2059900303,1,green,0,WIN,green,0.7,1
2059900304,2,red,0,LOSS,green,0.55,0
2059900305,5,green,1,LOSS,red,0.5286,0
2059900306,2,red,0,LOSS,green,0.67,1
2059900307,1,green,0,LOSS,red,0.7,1
2059900308,2,red,0,LOSS,green,0.7,1
2059900309,5,green,1,LOSS,red,0.7,1
2059900310,0,red,1,LOSS,green,0.7,1
2059900311,5,green,1,LOSS,red,0.7,1
2059900312,4,red,0,LOSS,green,0.7,1
2059900313,5,green,1,LOSS,red,0.7,1
2059900314,8,red,0,LOSS,green,0.7,1
2059900315,2,red,0,WIN,red,0.7,1
2059900316,1,green,0,LOSS,red,0.65,1
2059900317,7,green,0,LOSS,red,0.62,0
2059900318,1,green,0,WIN,green,0.5909,0
2059900319,2,red,0,WIN,red,0.56,0
2059900320,2,red,0,LOSS,green,0.5333,0
2059900321,0,red,1,WIN,red,0.65,1
2059900322,5,green,1,LOSS,red,0.5678,0
2059900323,6,red,0,WIN,red,0.54,0
2059900324,2,red,0,LOSS,green,0.5909,0
2059900325,6,red,0,WIN,red,0.6809,1
2059900326,6,red,0,WIN,red,0.65,1
2059900327,4,red,0,WIN,red,0.78,1
2059900328,4,red,0,WIN,red,0.78,1
2059900329,0,red,1,WIN,red,0.78,1
2059900330,5,green,1,LOSS,red,0.78,1
2059900331,0,red,1,LOSS,green,0.72,1
2059900332,1,green,0,LOSS,red,0.5678,0
2059900333,2,red,0,LOSS,green,0.7,1
2059900334,4,red,0,WIN,red,0.7,1
2059900335,5,green,1,LOSS,red,0.6567,1
2059900336,0,red,1,LOSS,green,0.51,0
2059900337,0,red,1,WIN,red,0.6186,0
2059900338,0,red,1,WIN,red,0.65,1
2059900339,9,green,0,LOSS,red,0.6567,1
2059900340,1,green,0,LOSS,red,0.5678,0
2059900341,2,red,0,WIN,red,0.64,0
2059900342,0,red,1,WIN,red,0.65,1
2059900343,3,green,0,LOSS,red,0.65,1
2059900344,3,green,0,LOSS,red,0.5614,0
2059900345,8,red,0,LOSS,green,0.5,0
2059900346,2,red,0,WIN,red,0.55,0
2059900347,6,red,0,LOSS,green,0.58,0
2059900348,6,red,0,WIN,red,0.5233,0
2059900349,5,green,1,LOSS,red,0.78,1
2059900350,2,red,0,LOSS,green,0.72,1
2059900351,5,green,1,LOSS,red,0.5567,0
2059900352,4,red,0,LOSS,green,0.7,1
2059900353,7,green,0,LOSS,red,0.7,1
2059900354,0,red,1,LOSS,green,0.7,1
2059900355,8,red,0,WIN,red,0.7,1
2059900356,4,red,0,WIN,red,0.54,0
2059900357,4,red,0,WIN,red,0.6567,1
2059900358,1,green,0,LOSS,red,0.78,1
2059900359,9,green,0,WIN,green,0.72,1
2059900360,5,green,1,WIN,green,0.72,1
2059900361,7,green,0,WIN,green,0.62,0
2059900362,6,red,0,LOSS,green,0.78,1
2059900363,5,green,1,LOSS,red,0.72,1
2059900364,1,green,0,WIN,green,0.65,1
2059900365,2,red,0,LOSS,green,0.65,1
2059900366,1,green,0,WIN,green,0.5233,0
2059900367,1,green,0,WIN,green,0.65,1
2059900368,7,green,0,LOSS,red,0.53,0
2059900369,4,red,0,LOSS,green,0.6186,0
2059900370,5,green,1,WIN,green,0.5233,0
2059900371,2,red,0,LOSS,green,0.65,1
2059900372,9,green,0,LOSS,red,0.7,1
2059900373,9,green,0,WIN,green,0.7,1
2059900374,6,red,0,LOSS,green,0.6445,0
2059900375,0,red,1,LOSS,green,0.6757,1
2059900376,8,red,0,WIN,red,0.5667,0
2059900377,1,green,0,LOSS,red,0.5043,0
2059900378,9,green,0,LOSS,red,0.5667,0
2059900379,2,red,0,LOSS,green,0.6,0
2059900380,2,red,0,LOSS,green,0.7,1
2059900381,2,red,0,WIN,red,0.65,1
2059900382,2,red,0,WIN,red,0.5438,0
2059900383,6,red,0,WIN,red,0.78,1
2059900384,6,red,0,WIN,red,0.78,1
2059900385,6,red,0,WIN,red,0.78,1
2059900386,2,red,0,WIN,red,0.78,1
2059900387,3,green,0,LOSS,red,0.78,1
2059900388,4,red,0,LOSS,green,0.72,1
2059900389,0,red,1,WIN,red,0.55,0
2059900390,4,red,0,WIN,red,0.6445,0
2059900391,7,green,0,LOSS,red,0.6757,1
2059900392,9,green,0,LOSS,red,0.5438,0
2059900393,5,green,1,LOSS,red,0.64,0
2059900394,5,green,1,WIN,green,0.62,0
2059900395,4,red,0,LOSS,green,0.78,1
2059900396,5,green,1,LOSS,red,0.72,1
2059900397,5,green,1,WIN,green,0.5233,0
2059900398,4,red,0,LOSS,green,0.5614,0
2059900399,8,red,0,LOSS,green,0.5614,0
2059900400,8,red,0,LOSS,green,0.5614,0
2059900401,1,green,0,WIN,green,0.5,0
2059900402,3,green,0,WIN,green,0.5667,0
2059900403,7,green,0,WIN,green,0.6111,0
2059900404,4,red,0,LOSS,green,0.6362,0
2059900405,0,red,1,LOSS,green,0.54,0
2059900406,7,green,0,LOSS,red,0.69,1
2059900407,5,green,1,WIN,green,0.5,0
2059900408,1,green,0,WIN,green,0.6567,1
2059900409,3,green,0,WIN,green,0.6757,1
2059900410,1,green,0,WIN,green,0.78,1
2059900411,0,red,1,LOSS,green,0.78,1
2059900412,2,red,0,WIN,red,0.72,1
2059900413,2,red,0,WIN,red,0.72,1
2059900414,3,green,0,WIN,green,0.64,0
2059900415,5,green,1,WIN,green,0.5614,0
2059900416,2,red,0,LOSS,green,0.71,1
2059900417,5,green,1,WIN,green,0.5,0
2059900418,2,red,0,LOSS,green,0.6333,0
2059900419,8,red,0,WIN,red,0.7,1
2059900420,8,red,0,WIN,red,0.6567,1
2059900421,9,green,0,LOSS,red,0.6567,1
2059900422,6,red,0,WIN,red,0.6,0
2059900423,4,red,0,WIN,red,0.5233,0
2059900424,5,green,1,LOSS,red,0.71,1
2059900425,4,red,0,WIN,red,0.6809,1
2059900426,1,green,0,LOSS,red,0.69,1
2059900427,7,green,0,WIN,green,0.7,1
2059900428,3,green,0,LOSS,red,0.5667,0
2059900429,8,red,0,WIN,red,0.7,1
2059900430,2,red,0,LOSS,green,0.7,1
2059900431,7,green,0,WIN,green,0.5462,0
2059900432,5,green,1,WIN,green,0.79,1
2059900433,5,green,1,WIN,green,0.63,0
2059900434,5,green,1,LOSS,red,0.5211,0
2059900435,3,green,0,WIN,green,0.78,1
2059900436,5,green,1,WIN,green,0.78,1
2059900437,1,green,0,WIN,green,0.78,1
2059900438,1,green,0,WIN,green,0.78,1
2059900439,3,green,0,WIN,green,0.78,1
2059900440,8,red,0,LOSS,green,0.78,1
2059900441,6,red,0,WIN,red,0.72,1
2059900442,3,green,0,LOSS,red,0.72,1
2059900443,4,red,0,LOSS,green,0.5329,0
2059900444,6,red,0,LOSS,green,0.6122,0
2059900445,9,green,0,LOSS,red,0.5222,0
2059900446,9,green,0,LOSS,red,0.5857,0
2059900447,6,red,0,LOSS,green,0.5,0
2059900448,5,green,1,LOSS,red,0.65,1
2059900449,2,red,0,WIN,red,0.6429,0
2059900450,1,green,0,LOSS,red,0.7,1
2059900451,7,green,0,WIN,green,0.7,1
2059900452,4,red,0,LOSS,green,0.5043,0
2059900453,7,green,0,WIN,green,0.5233,0
2059900454,5,green,1,WIN,green,0.65,1
2059900455,4,red,0,LOSS,green,0.5329,0
2059900456,7,green,0,LOSS,red,0.5211,0
2059900457,2,red,0,LOSS,green,0.6471,0
2059900458,5,green,1,LOSS,red,0.7,1
2059900459,9,green,0,WIN,green,0.7,1
2059900460,4,red,0,LOSS,green,0.65,1
2059900461,6,red,0,LOSS,green,0.5567,0
2059900462,1,green,0,WIN,green,0.5286,0
2059900463,6,red,0,WIN,red,0.5667,0
2059900464,4,red,0,WIN,red,0.54,0
2059900465,6,red,0,LOSS,green,0.5211,0
2059900466,5,green,1,LOSS,red,0.5567,0
2059900467,7,green,0,LOSS,red,0.6186,0
2059900468,8,red,0,WIN,red,0.6122,0
2059900469,0,red,1,WIN,red,0.65,1
2059900470,4,red,0,WIN,red,0.65,1
2059900471,2,red,0,WIN,red,0.5043,0
2059900472,2,red,0,WIN,red,0.78,1
2059900473,4,red,0,WIN,red,0.78,1
2059900474,5,green,1,LOSS,red,0.78,1
2059900475,1,green,0,WIN,green,0.72,1
2059900476,1,green,0,WIN,green,0.72,1
2059900477,9,green,0,LOSS,red,0.7011,1
2059900478,5,green,1,WIN,green,0.78,1
2059900479,9,green,0,WIN,green,0.78,1
2059900480,2,red,0,LOSS,green,0.78,1
2060000001,7,green,0,LOSS,red,0.72,1
2060000002,0,red,1,LOSS,green,0.79,1
2060000003,4,red,0,WIN,red,0.7,1
2060000004,4,red,0,LOSS,green,0.7011,1
2060000005,7,green,0,WIN,green,0.5,0
2060000006,6,red,0,LOSS,green,0.5857,0
2060000007,8,red,0,WIN,red,0.54,0
2060000008,8,red,0,WIN,red,0.6567,1
2060000009,7,green,0,LOSS,red,0.54,0
2060000010,7,green,0,LOSS,red,0.6669,1
2060000011,2,red,0,WIN,red,0.69,1
2060000012,2,red,0,WIN,red,0.6445,0
2060000013,7,green,0,LOSS,red,0.65,1
2060000014,3,green,0,LOSS,red,0.54,0
2060000015,5,green,1,LOSS,red,0.5222,0
2060000016,2,red,0,LOSS,green,0.6186,0
2060000017,2,red,0,LOSS,green,0.63,0
2060000018,1,green,0,LOSS,red,0.5769,0
2060000019,3,green,0,WIN,green,0.5222,0
2060000020,8,red,0,LOSS,green,0.71,1
2060000021,4,red,0,LOSS,green,0.5043,0
2060000022,9,green,0,WIN,green,0.62,0
2060000023,9,green,0,LOSS,red,0.5667,0
2060000024,1,green,0,WIN,green,0.5286,0
2060000025,2,red,0,LOSS,green,0.65,1
2060000026,6,red,0,LOSS,green,0.65,1
2060000027,7,green,0,LOSS,red,0.5571,0
2060000028,2,red,0,LOSS,green,0.5286,0
2060000029,8,red,0,LOSS,green,0.6,0
2060000030,9,green,0,WIN,green,0.54,0
2060000031,9,green,0,LOSS,red,0.5286,0
2060000032,1,green,0,LOSS,red,0.525,0
2060000033,7,green,0,WIN,green,0.5857,0
2060000034,0,red,1,LOSS,green,0.78,1
2060000035,1,green,0,LOSS,red,0.72,1
2060000036,5,green,1,WIN,green,0.5233,0
2060000037,8,red,0,LOSS,green,0.5438,0
2060000038,0,red,1,LOSS,green,0.54,0
2060000039,4,red,0,LOSS,green,0.54,0
2060000040,8,red,0,LOSS,green,0.5286,0
2060000041,1,green,0,LOSS,red,0.78,1
2060000042,2,red,0,LOSS,green,0.72,1
2060000043,4,red,0,WIN,red,0.5614,0
2060000044,6,red,0,WIN,red,0.63,0
2060000045,8,red,0,WIN,red,0.5678,0
2060000046,6,red,0,WIN,red,0.78,1
2060000047,5,green,1,LOSS,red,0.78,1
2060000048,8,red,0,LOSS,green,0.72,1
2060000049,2,red,0,WIN,red,0.5355,0
2060000050,7,green,0,LOSS,red,0.6186,0
2060000051,6,red,0,WIN,red,0.6186,0
2060000052,8,red,0,WIN,red,0.5131,0
2060000053,7,green,0,LOSS,red,0.65,1
2060000054,4,red,0,WIN,red,0.6757,1
2060000055,0,red,1,WIN,red,0.6186,0
2060000056,1,green,0,WIN,green,0.53,0
2060000057,1,green,0,LOSS,red,0.5043,0
2060000058,5,green,1,LOSS,red,0.5857,0
2060000059,0,red,1,LOSS,green,0.5333,0
2060000060,4,red,0,LOSS,green,0.55,0
2060000061,6,red,0,WIN,red,0.6333,0
2060000062,4,red,0,WIN,red,0.55,0
2060000063,5,green,1,LOSS,red,0.78,1
2060000064,2,red,0,LOSS,green,0.72,1
2060000065,0,red,1,WIN,red,0.6186,0
2060000066,1,green,0,LOSS,red,0.6445,0
2060000067,7,green,0,LOSS,red,0.79,1
2060000068,4,red,0,WIN,red,0.6567,1
2060000069,8,red,0,WIN,red,0.6122,0
2060000070,6,red,0,WIN,red,0.71,1
2060000071,2,red,0,WIN,red,0.7173,1
2060000072,7,green,0,LOSS,red,0.78,1
2060000073,2,red,0,LOSS,green,0.72,1
2060000074,7,green,0,LOSS,red,0.5233,0
2060000075,3,green,0,WIN,green,0.7,1
2060000076,8,red,0,WIN,red,0.55,0
2060000077,6,red,0,WIN,red,0.6757,1
2060000078,7,green,0,LOSS,red,0.65,1
2060000079,6,red,0,LOSS,green,0.5286,0
2060000080,4,red,0,LOSS,green,0.55,0
2060000081,2,red,0,WIN,red,0.51,0
2060000082,2,red,0,WIN,red,0.5614,0
2060000083,1,green,0,LOSS,red,0.78,1
2060000084,6,red,0,LOSS,green,0.72,1
2060000085,0,red,1,WIN,red,0.64,0
2060000086,4,red,0,WIN,red,0.63,0
2060000087,4,red,0,WIN,red,0.5567,0
2060000088,7,green,0,LOSS,red,0.78,1
2060000089,5,green,1,WIN,green,0.72,1
2060000090,4,red,0,LOSS,green,0.72,1
2060000091,5,green,1,LOSS,red,0.5233,0
2060000092,0,red,1,WIN,red,0.6567,1
2060000093,9,green,0,LOSS,red,0.7,1
2060000094,0,red,1,LOSS,green,0.7,1
2060000095,4,red,0,WIN,red,0.7,1
2060000096,7,green,0,WIN,green,0.5222,0
2060000097,6,red,0,WIN,red,0.62,0
2060000098,6,red,0,WIN,red,0.63,0
2060000099,3,green,0,LOSS,red,0.69,1
2060000100,1,green,0,LOSS,red,0.5614,0
2060000101,8,red,0,WIN,red,0.5667,0
2060000102,9,green,0,LOSS,red,0.6567,1
2060000103,3,green,0,LOSS,red,0.65,1
2060000104,6,red,0,LOSS,green,0.64,0
2060000105,4,red,0,LOSS,green,0.6,0
2060000106,4,red,0,WIN,red,0.5286,0
2060000107,1,green,0,LOSS,red,0.7,1
2060000108,6,red,0,LOSS,green,0.5667,0
2060000109,6,red,0,LOSS,green,0.61,0
2060000110,8,red,0,LOSS,green,0.53,0
2060000111,6,red,0,WIN,red,0.65,1
2060000112,0,red,1,WIN,red,0.78,1
2060000113,9,green,0,LOSS,red,0.78,1
2060000114,3,green,0,WIN,green,0.72,1
2060000115,7,green,0,WIN,green,0.72,1
2060000116,7,green,0,LOSS,red,0.5614,0
2060000117,0,red,1,LOSS,green,0.78,1
2060000118,5,green,1,LOSS,red,0.72,1
2060000119,5,green,1,WIN,green,0.71,1
2060000120,5,green,1,WIN,green,0.54,0
2060000121,4,red,0,LOSS,green,0.5678,0
2060000122,3,green,0,WIN,green,0.71,1
2060000123,9,green,0,WIN,green,0.55,0
2060000124,6,red,0,LOSS,green,0.55,0
2060000125,2,red,0,LOSS,green,0.5678,0
2060000126,1,green,0,LOSS,red,0.61,0
2060000127,3,green,0,WIN,green,0.6122,0
2060000128,5,green,1,WIN,green,0.6186,0
2060000129,8,red,0,LOSS,green,0.5043,0
2060000130,4,red,0,LOSS,green,0.65,1
2060000131,7,green,0,LOSS,red,0.54,0
2060000132,4,red,0,WIN,red,0.5667,0
2060000133,2,red,0,LOSS,green,0.5667,0
2060000134,6,red,0,LOSS,green,0.5545,0
2060000135,4,red,0,WIN,red,0.54,0
2060000136,4,red,0,WIN,red,0.78,1
2060000137,6,red,0,WIN,red,0.78,1
2060000138,3,green,0,LOSS,red,0.78,1
2060000139,2,red,0,LOSS,green,0.72,1
2060000140,0,red,1,WIN,red,0.5355,0
2060000141,6,red,0,WIN,red,0.6186,0
2060000142,3,green,0,LOSS,red,0.64,0
2060000143,1,green,0,LOSS,red,0.5329,0
2060000144,9,green,0,LOSS,red,0.6122,0
2060000145,1,green,0,WIN,green,0.6333,0
2060000146,6,red,0,LOSS,green,0.78,1
2060000147,8,red,0,WIN,red,0.72,1
2060000148,2,red,0,WIN,red,0.72,1
2060000149,4,red,0,WIN,red,0.5857,0
2060000150,3,green,0,LOSS,red,0.78,1
2060000151,8,red,0,LOSS,green,0.72,1
2060000152,1,green,0,LOSS,red,0.65,1
2060000153,6,red,0,LOSS,green,0.7,1
2060000154,6,red,0,WIN,red,0.7,1
2060000155,7,green,0,LOSS,red,0.5233,0
2060000156,4,red,0,WIN,red,0.5233,0
2060000157,9,green,0,LOSS,red,0.64,0
2060000158,8,red,0,LOSS,green,0.7,1
2060000159,0,red,1,WIN,red,0.7,1
2060000160,6,red,0,WIN,red,0.64,0
2060000161,1,green,0,LOSS,red,0.71,1
2060000162,7,green,0,LOSS,red,0.65,1
2060000163,1,green,0,LOSS,red,0.5222,0
2060000164,9,green,0,WIN,green,0.5545,0
2060000165,2,red,0,LOSS,green,0.78,1
2060000166,6,red,0,WIN,red,0.72,1
2060000167,3,green,0,LOSS,red,0.72,1
2060000168,0,red,1,WIN,red,0.5433,0
2060000169,3,green,0,WIN,green,0.65,1
2060000170,6,red,0,LOSS,green,0.7,1
2060000171,2,red,0,WIN,red,0.7,1
2060000172,0,red,1,WIN,red,0.5233,0
2060000173,5,green,1,LOSS,red,0.67,1
2060000174,8,red,0,WIN,red,0.5678,0
2060000175,4,red,0,WIN,red,0.71,1
2060000176,8,red,0,WIN,red,0.65,1
2060000177,5,green,1,LOSS,red,0.5233,0
2060000178,5,green,1,LOSS,red,0.6471,0
2060000179,2,red,0,WIN,red,0.7011,1
2060000180,0,red,1,WIN,red,0.6567,1
2060000181,8,red,0,WIN,red,0.65,1
2060000182,5,green,1,LOSS,red,0.54,0
2060000183,4,red,0,WIN,red,0.54,0
2060000184,6,red,0,WIN,red,0.71,1
2060000185,5,green,1,LOSS,red,0.5043,0
2060000186,2,red,0,WIN,red,0.5233,0
2060000187,5,green,1,LOSS,red,0.7233,1
2060000188,6,red,0,LOSS,green,0.7,1
2060000189,7,green,0,LOSS,red,0.7,1
2060000190,6,red,0,LOSS,green,0.7,1
2060000191,6,red,0,WIN,red,0.7,1
2060000192,5,green,1,LOSS,red,0.7329,1
2060000193,7,green,0,WIN,green,0.6333,0
2060000194,3,green,0,WIN,green,0.5286,0
2060000195,2,red,0,WIN,red,0.5656,0
2060000196,8,red,0,LOSS,green,0.5,0
2060000197,8,red,0,WIN,red,0.6556,1
2060000198,3,green,0,LOSS,red,0.65,1
2060000199,7,green,0,LOSS,red,0.5545,0
2060000200,0,red,1,LOSS,green,0.65,1
2060000201,2,red,0,LOSS,green,0.5,0
2060000202,9,green,0,LOSS,red,0.6186,0
2060000203,0,red,1,WIN,red,0.5233,0
2060000204,3,green,0,LOSS,red,0.65,1
2060000205,4,red,0,LOSS,green,0.7,1
2060000206,5,green,1,LOSS,red,0.7,1
2060000207,8,red,0,LOSS,green,0.7,1
2060000208,4,red,0,WIN,red,0.7,1
2060000209,4,red,0,WIN,red,0.69,1
2060000210,7,green,0,LOSS,red,0.67,1
2060000211,4,red,0,WIN,red,0.5233,0
2060000212,9,green,0,LOSS,red,0.79,1
2060000213,4,red,0,LOSS,green,0.7,1
2060000214,9,green,0,LOSS,red,0.7,1
2060000215,3,green,0,WIN,green,0.7,1
2060000216,0,red,1,LOSS,green,0.5,0
2060000217,9,green,0,WIN,green,0.5,0
2060000218,9,green,0,WIN,green,0.6445,0
2060000219,2,red,0,LOSS,green,0.5233,0
2060000220,3,green,0,WIN,green,0.51,0
2060000221,1,green,0,WIN,green,0.5233,0
2060000222,7,green,0,WIN,green,0.6567,1
2060000223,8,red,0,LOSS,green,0.67,1
2060000224,6,red,0,LOSS,green,0.5614,0
2060000225,2,red,0,LOSS,green,0.6757,1
2060000226,8,red,0,LOSS,green,0.62,0
2060000227,1,green,0,LOSS,red,0.78,1
2060000228,5,green,1,WIN,green,0.72,1
2060000229,9,green,0,WIN,green,0.72,1
2060000230,1,green,0,WIN,green,0.6333,0
2060000231,6,red,0,LOSS,green,0.78,1
2060000232,7,green,0,LOSS,red,0.72,1
2060000233,4,red,0,LOSS,green,0.7233,1
2060000234,3,green,0,LOSS,red,0.7,1
2060000235,0,red,1,LOSS,green,0.7,1
2060000236,7,green,0,LOSS,red,0.7,1
2060000237,6,red,0,LOSS,green,0.7,1
2060000238,6,red,0,WIN,red,0.7,1
2060000239,0,red,1,WIN,red,0.65,1
2060000240,0,red,1,WIN,red,0.6253,0
2060000241,5,green,1,LOSS,red,0.78,1
2060000242,0,red,1,LOSS,green,0.72,1
2060000243,0,red,1,WIN,red,0.64,0
2060000244,4,red,0,WIN,red,0.63,0
2060000245,8,red,0,WIN,red,0.65,1
2060000246,0,red,1,WIN,red,0.78,1
2060000247,1,green,0,LOSS,red,0.78,1
2060000248,5,green,1,WIN,green,0.72,1
2060000249,1,green,0,WIN,green,0.72,1
2060000250,1,green,0,LOSS,red,0.54,0
2060000251,7,green,0,WIN,green,0.78,1
2060000252,7,green,0,WIN,green,0.78,1
2060000253,6,red,0,LOSS,green,0.78,1
2060000254,8,red,0,WIN,red,0.72,1
2060000255,2,red,0,WIN,red,0.72,1
2060000256,1,green,0,WIN,green,0.7,1
2060000257,2,red,0,LOSS,green,0.65,1
2060000258,5,green,1,WIN,green,0.5,0
2060000259,3,green,0,WIN,green,0.7,1
2060000260,6,red,0,LOSS,green,0.5667,0
2060000261,3,green,0,LOSS,red,0.5678,0
2060000262,5,green,1,LOSS,red,0.7,1
2060000263,6,red,0,LOSS,green,0.6122,0
2060000264,2,red,0,LOSS,green,0.65,1
2060000265,2,red,0,LOSS,green,0.5,0
2060000266,0,red,1,LOSS,green,0.5,0
2060000267,5,green,1,LOSS,red,0.78,1
2060000268,2,red,0,LOSS,green,0.72,1
2060000269,2,red,0,WIN,red,0.65,1
2060000270,7,green,0,LOSS,red,0.6567,1
2060000271,6,red,0,WIN,red,0.71,1
2060000272,1,green,0,LOSS,red,0.5233,0
2060000273,3,green,0,WIN,green,0.7,1
2060000274,2,red,0,WIN,red,0.5286,0
2060000275,5,green,1,LOSS,red,0.5462,0
2060000276,9,green,0,WIN,green,0.62,0
2060000277,4,red,0,LOSS,green,0.6186,0
2060000278,2,red,0,LOSS,green,0.565,0
2060000279,7,green,0,LOSS,red,0.5222,0
2060000280,5,green,1,LOSS,red,0.51,0
2060000281,6,red,0,LOSS,green,0.64,0
2060000282,1,green,0,WIN,green,0.5286,0
2060000283,8,red,0,LOSS,green,0.5355,0
2060000284,4,red,0,WIN,red,0.7,1
2060000285,8,red,0,WIN,red,0.65,1
2060000286,9,green,0,LOSS,red,0.71,1
2060000287,3,green,0,LOSS,red,0.6111,0
2060000288,4,red,0,LOSS,green,0.7,1
2060000289,8,red,0,WIN,red,0.63,0
2060000290,8,red,0,WIN,red,0.65,1
2060000291,5,green,1,LOSS,red,0.5233,0
2060000292,6,red,0,WIN,red,0.5678,0
2060000293,5,green,1,LOSS,red,0.7233,1
2060000294,8,red,0,LOSS,green,0.7,1
2060000295,4,red,0,WIN,red,0.7,1
2060000296,4,red,0,WIN,red,0.55,0
2060000297,4,red,0,WIN,red,0.6567,1
2060000298,0,red,1,WIN,red,0.78,1
2060000299,6,red,0,WIN,red,0.78,1
2060000300,9,green,0,LOSS,red,0.78,1
2060000301,9,green,0,WIN,green,0.72,1
2060000302,2,red,0,LOSS,green,0.72,1
2060000303,2,red,0,WIN,red,0.54,0
2060000304,2,red,0,WIN,red,0.6186,0
2060000305,7,green,0,LOSS,red,0.6567,1
2060000306,2,red,0,WIN,red,0.5043,0
2060000307,2,red,0,WIN,red,0.6757,1
2060000308,9,green,0,WIN,green,0.51,0
2060000309,7,green,0,LOSS,red,0.55,0
2060000310,7,green,0,LOSS,red,0.5233,0
2060000311,5,green,1,LOSS,red,0.7,1
2060000312,3,green,0,WIN,green,0.78,1
2060000313,7,green,0,WIN,green,0.78,1
2060000314,9,green,0,WIN,green,0.78,1
2060000315,7,green,0,WIN,green,0.78,1
2060000316,3,green,0,WIN,green,0.78,1
2060000317,1,green,0,WIN,green,0.78,1
2060000318,8,red,0,LOSS,green,0.78,1
2060000319,4,red,0,WIN,red,0.72,1
2060000320,1,green,0,LOSS,red,0.72,1
2060000321,9,green,0,WIN,green,0.5233,0
2060000322,0,red,1,LOSS,green,0.71,1
2060000323,9,green,0,WIN,green,0.5614,0
2060000324,6,red,0,LOSS,green,0.6567,1
2060000325,5,green,1,LOSS,red,0.7,1
2060000326,3,green,0,WIN,green,0.7,1
2060000327,4,red,0,WIN,red,0.51,0
2060000328,7,green,0,WIN,green,0.5614,0
2060000329,9,green,0,WIN,green,0.65,1
2060000330,8,red,0,LOSS,green,0.5233,0
2060000331,4,red,0,LOSS,green,0.5355,0
2060000332,0,red,1,LOSS,green,0.5,0
2060000333,0,red,1,LOSS,green,0.5,0
2060000334,4,red,0,WIN,red,0.78,1
2060000335,7,green,0,LOSS,red,0.78,1
2060000336,4,red,0,LOSS,green,0.72,1
2060000337,7,green,0,LOSS,red,0.5614,0
2060000338,9,green,0,WIN,green,0.7,1
2060000339,1,green,0,LOSS,red,0.6567,1
2060000340,1,green,0,LOSS,red,0.62,0
2060000341,4,red,0,LOSS,green,0.78,1
2060000342,7,green,0,LOSS,red,0.72,1
2060000343,9,green,0,LOSS,red,0.7,1
2060000344,3,green,0,WIN,green,0.6637,1
2060000345,0,red,1,LOSS,green,0.65,1
2060000346,2,red,0,LOSS,green,0.7173,1
2060000347,0,red,1,LOSS,green,0.5233,0
2060000348,1,green,0,WIN,green,0.7,1
2060000349,1,green,0,WIN,green,0.5,0
2060000350,5,green,1,WIN,green,0.5233,0
2060000351,1,green,0,WIN,green,0.5233,0
2060000352,6,red,0,LOSS,green,0.78,1
2060000353,7,green,0,LOSS,red,0.72,1
2060000354,6,red,0,LOSS,green,0.55,0
2060000355,7,green,0,LOSS,red,0.7,1
2060000356,2,red,0,LOSS,green,0.7,1
2060000357,9,green,0,LOSS,red,0.7,1
2060000358,4,red,0,LOSS,green,0.7,1
2060000359,0,red,1,WIN,red,0.7,1
2060000360,2,red,0,WIN,red,0.6567,1
2060000361,2,red,0,WIN,red,0.6186,0
2060000362,9,green,0,LOSS,red,0.78,1
2060000363,4,red,0,LOSS,green,0.72,1
2060000364,3,green,0,LOSS,red,0.6567,1
2060000365,3,green,0,WIN,green,0.7,1
2060000366,2,red,0,LOSS,green,0.53,0
2060000367,9,green,0,LOSS,red,0.6833,1
2060000368,9,green,0,LOSS,red,0.58,0
2060000369,4,red,0,LOSS,green,0.65,1
2060000370,8,red,0,LOSS,green,0.5456,0
2060000371,2,red,0,LOSS,green,0.5,0
2060000372,2,red,0,WIN,red,0.5333,0
2060000373,2,red,0,WIN,red,0.78,1
2060000374,0,red,1,WIN,red,0.78,1
2060000375,9,green,0,LOSS,red,0.78,1
2060000376,5,green,1,WIN,green,0.72,1
2060000377,6,red,0,LOSS,green,0.72,1
2060000378,3,green,0,LOSS,red,0.5678,0
2060000379,3,green,0,LOSS,red,0.65,1
2060000380,9,green,0,WIN,green,0.58,0
2060000381,3,green,0,WIN,green,0.5355,0
2060000382,1,green,0,WIN,green,0.78,1
2060000383,0,red,1,LOSS,green,0.78,1
2060000384,8,red,0,WIN,red,0.72,1
2060000385,2,red,0,WIN,red,0.72,1
2060000386,6,red,0,LOSS,green,0.6186,0
2060000387,8,red,0,WIN,red,0.78,1
2060000388,6,red,0,WIN,red,0.78,1
2060000389,8,red,0,WIN,red,0.78,1
2060000390,6,red,0,WIN,red,0.78,1
2060000391,8,red,0,WIN,red,0.78,1
2060000392,1,green,0,LOSS,red,0.78,1
2060000393,2,red,0,LOSS,green,0.72,1
2060000394,2,red,0,WIN,red,0.65,1
2060000395,7,green,0,LOSS,red,0.71,1
2060000396,9,green,0,LOSS,red,0.64,0
2060000397,3,green,0,LOSS,red,0.6757,1
2060000398,8,red,0,LOSS,green,0.5286,0
2060000399,6,red,0,LOSS,green,0.5222,0
2060000400,2,red,0,WIN,red,0.6429,0
2060000401,1,green,0,LOSS,red,0.5567,0
2060000402,1,green,0,LOSS,red,0.5333,0
2060000403,6,red,0,LOSS,green,0.5678,0
2060000404,8,red,0,WIN,red,0.5222,0
2060000405,2,red,0,WIN,red,0.65,1
2060000406,5,green,1,LOSS,red,0.6186,0
2060000407,6,red,0,WIN,red,0.65,1
2060000408,7,green,0,LOSS,red,0.69,1
2060000409,6,red,0,LOSS,green,0.7,1
2060000410,4,red,0,WIN,red,0.7,1
2060000411,2,red,0,WIN,red,0.65,1
2060000412,4,red,0,WIN,red,0.6757,1
2060000413,8,red,0,WIN,red,0.78,1
2060000414,2,red,0,WIN,red,0.78,1
2060000415,4,red,0,WIN,red,0.78,1
2060000416,3,green,0,LOSS,red,0.78,1
2060000417,4,red,0,LOSS,green,0.72,1
2060000418,2,red,0,WIN,red,0.65,1
2060000419,4,red,0,WIN,red,0.6567,1
2060000420,7,green,0,LOSS,red,0.6122,0
2060000421,5,green,1,WIN,green,0.53,0
2060000422,5,green,1,LOSS,red,0.65,1
2060000423,0,red,1,LOSS,green,0.6429,0
2060000424,3,green,0,LOSS,red,0.7,1
2060000425,3,green,0,WIN,green,0.5,0
2060000426,4,red,0,LOSS,green,0.65,1
2060000427,7,green,0,LOSS,red,0.51,0
2060000428,8,red,0,LOSS,green,0.67,1
2060000429,5,green,1,LOSS,red,0.7,1
2060000430,7,green,0,WIN,green,0.7,1
2060000431,9,green,0,WIN,green,0.5678,0
2060000432,5,green,1,WIN,green,0.5233,0
2060000433,5,green,1,WIN,green,0.78,1
2060000434,4,red,0,LOSS,green,0.78,1
2060000435,7,green,0,LOSS,red,0.72,1
2060000436,9,green,0,WIN,green,0.6186,0
2060000437,8,red,0,LOSS,green,0.65,1
2060000438,1,green,0,WIN,green,0.6122,0
2060000439,0,red,1,LOSS,green,0.65,1
2060000440,7,green,0,LOSS,red,0.7,1
2060000441,8,red,0,LOSS,green,0.7,1
2060000442,2,red,0,WIN,red,0.7,1
2060000443,3,green,0,WIN,green,0.54,0
2060000444,0,red,1,WIN,red,0.6333,0
2060000445,5,green,1,WIN,green,0.7,1
2060000446,4,red,0,LOSS,green,0.7,1
2060000447,6,red,0,WIN,red,0.7,1
2060000448,7,green,0,LOSS,red,0.6567,1
2060000449,9,green,0,LOSS,red,0.71,1
2060000450,4,red,0,LOSS,green,0.62,0
2060000451,2,red,0,WIN,red,0.6,0
2060000452,1,green,0,WIN,green,0.56,0
2060000453,6,red,0,LOSS,green,0.5286,0
2060000454,8,red,0,WIN,red,0.5438,0
2060000455,1,green,0,WIN,green,0.61,0
2060000456,5,green,1,LOSS,red,0.5667,0
2060000457,4,red,0,WIN,red,0.54,0
2060000458,3,green,0,LOSS,red,0.5678,0
2060000459,0,red,1,WIN,red,0.6111,0
2060000460,1,green,0,LOSS,red,0.7,1
2060000461,9,green,0,WIN,green,0.7,1
2060000462,0,red,1,WIN,red,0.5211,0
2060000463,0,red,1,LOSS,green,0.65,1
2060000464,6,red,0,LOSS,green,0.55,0
2060000465,1,green,0,WIN,green,0.51,0
2060000466,5,green,1,LOSS,red,0.5462,0
2060000467,0,red,1,LOSS,green,0.5667,0
2060000468,1,green,0,WIN,green,0.62,0
2060000469,3,green,0,WIN,green,0.5286,0
2060000470,2,red,0,WIN,red,0.5222,0
2060000471,5,green,1,WIN,green,0.55,0
2060000472,4,red,0,LOSS,green,0.5678,0
2060000473,2,red,0,WIN,red,0.7,1
2060000474,2,red,0,WIN,red,0.5667,0
2060000475,7,green,0,LOSS,red,0.71,1
2060000476,3,green,0,LOSS,red,0.7,1
2060000477,7,green,0,WIN,green,0.65,1
2060000478,2,red,0,LOSS,green,0.5857,0
2060000479,3,green,0,LOSS,red,0.5222,0
2060000480,4,red,0,LOSS,green,0.5,0
2060100001,4,red,0,WIN,red,0.7,1
2060100002,7,green,0,LOSS,red,0.5667,0
2060100003,5,green,1,WIN,green,0.5233,0
2060100004,4,red,0,WIN,red,0.61,0
2060100005,4,red,0,LOSS,green,0.54,0
2060100006,0,red,1,WIN,red,0.79,1
2060100007,7,green,0,LOSS,red,0.71,1
2060100008,2,red,0,WIN,red,0.55,0
2060100009,6,red,0,WIN,red,0.6669,1
2060100010,8,red,0,LOSS,green,0.5211,0
2060100011,6,red,0,WIN,red,0.65,1
2060100012,2,red,0,WIN,red,0.78,1
2060100013,1,green,0,LOSS,red,0.78,1
2060100014,0,red,1,LOSS,green,0.72,1
2060100015,2,red,0,WIN,red,0.5567,0
2060100016,1,green,0,LOSS,red,0.65,1
2060100017,0,red,1,WIN,red,0.6122,0
2060100018,8,red,0,WIN,red,0.5233,0
2060100019,6,red,0,LOSS,green,0.53,0
2060100020,7,green,0,WIN,green,0.51,0
2060100021,2,red,0,WIN,red,0.64,0
2060100022,4,red,0,WIN,red,0.6122,0
2060100023,3,green,0,LOSS,red,0.67,1
2060100024,4,red,0,WIN,red,0.79,1
2060100025,1,green,0,LOSS,red,0.6567,1
2060100026,2,red,0,LOSS,green,0.7,1
2060100027,2,red,0,WIN,red,0.7,1
2060100028,5,green,1,WIN,green,0.61,0
2060100029,6,red,0,WIN,red,0.6809,1
2060100030,0,red,1,WIN,red,0.6445,0
2060100031,6,red,0,WIN,red,0.6233,0
2060100032,5,green,1,LOSS,red,0.6362,0
2060100033,4,red,0,WIN,red,0.55,0
2060100034,5,green,1,LOSS,red,0.63,0
2060100035,4,red,0,LOSS,green,0.7,1
2060100036,9,green,0,LOSS,red,0.7,1
2060100037,7,green,0,WIN,green,0.7,1
2060100038,0,red,1,WIN,red,0.5222,0
2060100039,4,red,0,LOSS,green,0.5222,0
2060100040,1,green,0,LOSS,red,0.5667,0
2060100041,4,red,0,WIN,red,0.7,1
2060100042,3,green,0,LOSS,red,0.5545,0
2060100043,1,green,0,WIN,green,0.7,1
2060100044,5,green,1,WIN,green,0.63,0
2060100045,1,green,0,WIN,green,0.6567,1
2060100046,3,green,0,WIN,green,0.78,1
2060100047,8,red,0,LOSS,green,0.78,1
2060100048,0,red,1,WIN,red,0.72,1
2060100049,1,green,0,LOSS,red,0.72,1
2060100050,9,green,0,WIN,green,0.5043,0
2060100051,1,green,0,LOSS,red,0.5433,0
2060100052,4,red,0,LOSS,green,0.65,1
2060100053,2,red,0,LOSS,green,0.6186,0
2060100054,8,red,0,WIN,red,0.5667,0
2060100055,4,red,0,WIN,red,0.5678,0
2060100056,6,red,0,WIN,red,0.78,1
2060100057,7,green,0,LOSS,red,0.78,1
2060100058,7,green,0,WIN,green,0.72,1
2060100059,3,green,0,WIN,green,0.72,1
2060100060,7,green,0,LOSS,red,0.6757,1
2060100061,0,red,1,LOSS,green,0.78,1
2060100062,0,red,1,WIN,red,0.72,1
2060100063,3,green,0,LOSS,red,0.72,1
2060100064,9,green,0,LOSS,red,0.5529,0
2060100065,2,red,0,LOSS,green,0.7329,1
2060100066,5,green,1,WIN,green,0.54,0
2060100067,6,red,0,LOSS,green,0.6186,0
2060100068,5,green,1,LOSS,red,0.7,1
2060100069,8,red,0,LOSS,green,0.7,1
2060100070,3,green,0,LOSS,red,0.7,1
2060100071,7,green,0,WIN,green,0.7,1
2060100072,2,red,0,LOSS,green,0.5233,0
2060100073,8,red,0,WIN,red,0.5462,0
2060100074,0,red,1,WIN,red,0.55,0
2060100075,3,green,0,LOSS,red,0.5355,0
2060100076,7,green,0,LOSS,red,0.5286,0
2060100077,5,green,1,WIN,green,0.54,0
2060100078,8,red,0,LOSS,green,0.6186,0
2060100079,5,green,1,WIN,green,0.5,0
2060100080,9,green,0,WIN,green,0.5286,0
2060100081,1,green,0,WIN,green,0.65,1
2060100082,2,red,0,LOSS,green,0.71,1
2060100083,5,green,1,WIN,green,0.71,1
2060100084,3,green,0,WIN,green,0.69,1
2060100085,5,green,1,WIN,green,0.5355,0
2060100086,9,green,0,WIN,green,0.5233,0
2060100087,0,red,1,LOSS,green,0.78,1
2060100088,7,green,0,LOSS,red,0.72,1
2060100089,5,green,1,WIN,green,0.6445,0
2060100090,4,red,0,LOSS,green,0.6977,1
2060100091,7,green,0,WIN,green,0.55,0
2060100092,9,green,0,WIN,green,0.65,1
2060100093,9,green,0,WIN,green,0.5233,0
2060100094,0,red,1,WIN,red,0.53,0
2060100095,5,green,1,WIN,green,0.54,0
2060100096,3,green,0,WIN,green,0.5567,0
2060100097,1,green,0,WIN,green,0.5547,0
2060100098,2,red,0,LOSS,green,0.5614,0
2060100099,3,green,0,WIN,green,0.6186,0
2060100100,2,red,0,LOSS,green,0.7011,1
2060100101,7,green,0,LOSS,red,0.7,1
2060100102,5,green,1,WIN,green,0.7,1
2060100103,7,green,0,WIN,green,0.6233,0
2060100104,9,green,0,WIN,green,0.6122,0
2060100105,3,green,0,WIN,green,0.78,1
2060100106,1,green,0,WIN,green,0.78,1
2060100107,7,green,0,WIN,green,0.78,1
2060100108,8,red,0,LOSS,green,0.78,1
2060100109,6,red,0,WIN,red,0.72,1
2060100110,5,green,1,LOSS,red,0.72,1
2060100111,2,red,0,LOSS,green,0.5614,0
2060100112,6,red,0,LOSS,green,0.65,1
2060100113,6,red,0,LOSS,green,0.5,0
2060100114,2,red,0,WIN,red,0.5233,0
2060100115,7,green,0,LOSS,red,0.78,1
2060100116,7,green,0,WIN,green,0.72,1
2060100117,2,red,0,LOSS,green,0.72,1
2060100118,6,red,0,WIN,red,0.51,0
2060100119,1,green,0,LOSS,red,0.515,0
2060100120,9,green,0,LOSS,red,0.65,1
2060100121,0,red,1,WIN,red,0.5286,0
2060100122,6,red,0,WIN,red,0.5667,0
2060100123,6,red,0,LOSS,green,0.5545,0
2060100124,0,red,1,WIN,red,0.5614,0
2060100125,2,red,0,WIN,red,0.78,1
2060100126,4,red,0,WIN,red,0.78,1
2060100127,7,green,0,LOSS,red,0.78,1
2060100128,8,red,0,LOSS,green,0.72,1
2060100129,3,green,0,LOSS,red,0.54,0
2060100130,2,red,0,LOSS,green,0.7,1
2060100131,4,red,0,WIN,red,0.7,1
2060100132,4,red,0,WIN,red,0.6186,0
2060100133,4,red,0,WIN,red,0.5614,0
2060100134,9,green,0,LOSS,red,0.78,1
2060100135,8,red,0,LOSS,green,0.72,1
2060100136,0,red,1,WIN,red,0.63,0
2060100137,0,red,1,WIN,red,0.6445,0
2060100138,2,red,0,WIN,red,0.65,1
2060100139,1,green,0,LOSS,red,0.78,1
2060100140,0,red,1,LOSS,green,0.72,1
2060100141,1,green,0,LOSS,red,0.64,0
2060100142,1,green,0,WIN,green,0.7,1
2060100143,8,red,0,WIN,red,0.5233,0
2060100144,0,red,1,WIN,red,0.665,1
2060100145,5,green,1,LOSS,red,0.65,1
2060100146,1,green,0,WIN,green,0.5,0
2060100147,3,green,0,WIN,green,0.5614,0
2060100148,4,red,0,WIN,red,0.51,0
2060100149,9,green,0,WIN,green,0.65,1
2060100150,5,green,1,WIN,green,0.5233,0
2060100151,6,red,0,LOSS,green,0.5567,0
2060100152,5,green,1,LOSS,red,0.5529,0
2060100153,7,green,0,WIN,green,0.6445,0
2060100154,3,green,0,WIN,green,0.5614,0
2060100155,0,red,1,WIN,red,0.5433,0
2060100156,4,red,0,LOSS,green,0.5678,0
2060100157,1,green,0,WIN,green,0.64,0
2060100158,7,green,0,WIN,green,0.55,0
2060100159,7,green,0,WIN,green,0.6567,1
2060100160,2,red,0,LOSS,green,0.51,0
2060100161,5,green,1,WIN,green,0.5233,0
2060100162,1,green,0,WIN,green,0.5614,0
2060100163,2,red,0,LOSS,green,0.5233,0
2060100164,9,green,0,LOSS,red,0.51,0
2060100165,0,red,1,LOSS,green,0.6567,1
2060100166,5,green,1,LOSS,red,0.7,1
2060100167,1,green,0,WIN,green,0.7,1
2060100168,4,red,0,LOSS,green,0.65,1
2060100169,1,green,0,WIN,green,0.5233,0
2060100170,8,red,0,LOSS,green,0.65,1
2060100171,2,red,0,WIN,red,0.7,1
2060100172,3,green,0,WIN,green,0.5,0
2060100173,8,red,0,WIN,red,0.5667,0
2060100174,6,red,0,LOSS,green,0.62,0
2060100175,6,red,0,WIN,red,0.67,1
2060100176,7,green,0,LOSS,red,0.5043,0
2060100177,8,red,0,WIN,red,0.65,1
2060100178,6,red,0,WIN,red,0.65,1
2060100179,4,red,0,WIN,red,0.6445,0
2060100180,3,green,0,LOSS,red,0.5438,0
2060100181,8,red,0,WIN,red,0.63,0
2060100182,6,red,0,WIN,red,0.6809,1
2060100183,9,green,0,LOSS,red,0.6567,1
2060100184,2,red,0,WIN,red,0.79,1
2060100185,7,green,0,LOSS,red,0.63,0
2060100186,3,green,0,WIN,green,0.7,1
2060100187,8,red,0,WIN,red,0.55,0
2060100188,4,red,0,LOSS,green,0.5286,0
2060100189,5,green,1,LOSS,red,0.64,0
2060100190,4,red,0,WIN,red,0.6333,0
2060100191,7,green,0,WIN,green,0.5222,0
2060100192,0,red,1,LOSS,green,0.7,1
2060100193,8,red,0,WIN,red,0.7,1
2060100194,7,green,0,LOSS,red,0.65,1
2060100195,1,green,0,LOSS,red,0.6567,1
2060100196,7,green,0,WIN,green,0.5667,0
2060100197,5,green,1,WIN,green,0.5678,0
2060100198,5,green,1,WIN,green,0.78,1
2060100199,5,green,1,WIN,green,0.78,1
2060100200,2,red,0,LOSS,green,0.78,1
2060100201,1,green,0,LOSS,red,0.72,1
2060100202,5,green,1,WIN,green,0.7233,1
2060100203,2,red,0,LOSS,green,0.64,0
2060100204,8,red,0,LOSS,green,0.63,0
2060100205,3,green,0,WIN,green,0.5438,0
2060100206,0,red,1,LOSS,green,0.63,0
2060100207,9,green,0,LOSS,red,0.7,1
2060100208,3,green,0,WIN,green,0.7,1
2060100209,0,red,1,LOSS,green,0.6445,0
2060100210,4,red,0,LOSS,green,0.5,0
2060100211,0,red,1,WIN,red,0.65,1
2060100212,6,red,0,WIN,red,0.6186,0
2060100213,0,red,1,WIN,red,0.78,1
2060100214,6,red,0,WIN,red,0.78,1
2060100215,2,red,0,WIN,red,0.78,1
2060100216,6,red,0,WIN,red,0.78,1
2060100217,5,green,1,LOSS,red,0.78,1
2060100218,2,red,0,LOSS,green,0.72,1
2060100219,3,green,0,LOSS,red,0.6186,0
2060100220,9,green,0,WIN,green,0.7,1
2060100221,8,red,0,WIN,red,0.6567,1
2060100222,4,red,0,WIN,red,0.71,1
2060100223,5,green,1,LOSS,red,0.5567,0
2060100224,8,red,0,LOSS,green,0.5222,0
2060100225,9,green,0,WIN,green,0.54,0
2060100226,1,green,0,WIN,green,0.7,1
2060100227,4,red,0,LOSS,green,0.6233,0
2060100228,5,green,1,WIN,green,0.5,0
2060100229,4,red,0,LOSS,green,0.5909,0
2060100230,9,green,0,LOSS,red,0.7,1
2060100231,8,red,0,LOSS,green,0.7,1
2060100232,2,red,0,WIN,red,0.7,1
2060100233,2,red,0,LOSS,green,0.62,0
2060100234,4,red,0,WIN,red,0.54,0
2060100235,0,red,1,WIN,red,0.78,1
2060100236,2,red,0,WIN,red,0.78,1
2060100237,0,red,1,WIN,red,0.78,1
2060100238,2,red,0,WIN,red,0.78,1
2060100239,4,red,0,WIN,red,0.78,1
2060100240,9,green,0,LOSS,red,0.78,1
2060100241,3,green,0,WIN,green,0.72,1
2060100242,8,red,0,LOSS,green,0.72,1
2060100243,2,red,0,WIN,red,0.5355,0
2060100244,4,red,0,WIN,red,0.64,0
2060100245,3,green,0,LOSS,red,0.6186,0
2060100246,7,green,0,LOSS,red,0.54,0
2060100247,2,red,0,LOSS,green,0.5,0
2060100248,2,red,0,WIN,red,0.55,0
2060100249,8,red,0,WIN,red,0.65,1
2060100250,6,red,0,WIN,red,0.65,1
2060100251,8,red,0,WIN,red,0.78,1
2060100252,0,red,1,WIN,red,0.78,1
2060100253,1,green,0,LOSS,red,0.78,1
2060100254,0,red,1,LOSS,green,0.72,1
2060100255,4,red,0,WIN,red,0.5233,0
2060100256,2,red,0,WIN,red,0.64,0
2060100257,9,green,0,LOSS,red,0.65,1
2060100258,5,green,1,WIN,green,0.5433,0
2060100259,5,green,1,LOSS,red,0.65,1
2060100260,6,red,0,LOSS,green,0.6,0
2060100261,7,green,0,LOSS,red,0.62,0
2060100262,5,green,1,WIN,green,0.5,0
2060100263,5,green,1,WIN,green,0.6186,0
2060100264,8,red,0,LOSS,green,0.6567,1
2060100265,2,red,0,LOSS,green,0.7233,1
2060100266,0,red,1,LOSS,green,0.5355,0
2060100267,5,green,1,WIN,green,0.7,1
2060100268,6,red,0,LOSS,green,0.5222,0
2060100269,4,red,0,LOSS,green,0.5857,0
2060100270,9,green,0,LOSS,red,0.6567,1
2060100271,3,green,0,LOSS,red,0.65,1
2060100272,3,green,0,LOSS,red,0.5043,0
2060100273,8,red,0,LOSS,green,0.5,0
2060100274,8,red,0,LOSS,green,0.7,1
2060100275,5,green,1,LOSS,red,0.62,0
2060100276,2,red,0,WIN,red,0.5222,0
2060100277,7,green,0,WIN,green,0.54,0
2060100278,8,red,0,LOSS,green,0.7,1
2060100279,7,green,0,LOSS,red,0.7,1
2060100280,2,red,0,LOSS,green,0.7,1
2060100281,1,green,0,LOSS,red,0.7,1
2060100282,9,green,0,WIN,green,0.7,1
2060100283,2,red,0,LOSS,green,0.6122,0
2060100284,5,green,1,LOSS,red,0.55,0
2060100285,3,green,0,WIN,green,0.6253,0
2060100286,1,green,0,WIN,green,0.51,0
2060100287,7,green,0,WIN,green,0.65,1
2060100288,1,green,0,WIN,green,0.78,1
2060100289,3,green,0,WIN,green,0.78,1
2060100290,4,red,0,LOSS,green,0.78,1
2060100291,4,red,0,WIN,red,0.72,1
2060100292,6,red,0,WIN,red,0.72,1
2060100293,9,green,0,WIN,green,0.6122,0
2060100294,1,green,0,WIN,green,0.65,1
2060100295,0,red,1,LOSS,green,0.6567,1
2060100296,0,red,1,WIN,red,0.525,0
2060100297,4,red,0,WIN,red,0.6122,0
2060100298,5,green,1,LOSS,red,0.6122,0
2060100299,5,green,1,LOSS,red,0.65,1
2060100300,6,red,0,LOSS,green,0.5,0
2060100301,4,red,0,WIN,red,0.5667,0
2060100302,2,red,0,WIN,red,0.6186,0
2060100303,2,red,0,WIN,red,0.65,1
2060100304,8,red,0,WIN,red,0.78,1
2060100305,3,green,0,LOSS,red,0.78,1
2060100306,2,red,0,LOSS,green,0.72,1
2060100307,9,green,0,WIN,green,0.53,0
2060100308,0,red,1,LOSS,green,0.7,1
2060100309,6,red,0,WIN,red,0.7,1
2060100310,4,red,0,WIN,red,0.64,0
2060100311,9,green,0,LOSS,red,0.65,1
2060100312,7,green,0,LOSS,red,0.6567,1
2060100313,1,green,0,WIN,green,0.5,0
2060100314,6,red,0,LOSS,green,0.5462,0
2060100315,7,green,0,WIN,green,0.62,0
2060100316,6,red,0,LOSS,green,0.5286,0
2060100317,8,red,0,WIN,red,0.7,1
2060100318,9,green,0,LOSS,red,0.54,0
2060100319,2,red,0,LOSS,green,0.6186,0
2060100320,0,red,1,WIN,red,0.55,0
2060100321,5,green,1,LOSS,red,0.7233,1
2060100322,9,green,0,LOSS,red,0.5355,0
2060100323,6,red,0,WIN,red,0.5857,0
2060100324,3,green,0,LOSS,red,0.63,0
2060100325,2,red,0,WIN,red,0.62,0
2060100326,9,green,0,LOSS,red,0.7,1
2060100327,4,red,0,LOSS,green,0.7,1
2060100328,1,green,0,LOSS,red,0.7,1
2060100329,4,red,0,LOSS,green,0.7,1
2060100330,1,green,0,LOSS,red,0.7,1
2060100331,7,green,0,WIN,green,0.7,1
2060100332,3,green,0,WIN,green,0.6122,0
2060100333,9,green,0,WIN,green,0.71,1
2060100334,4,red,0,LOSS,green,0.78,1
2060100335,9,green,0,LOSS,red,0.72,1
2060100336,0,red,1,LOSS,green,0.5233,0
2060100337,4,red,0,WIN,red,0.7,1
2060100338,7,green,0,WIN,green,0.54,0
2060100339,2,red,0,LOSS,green,0.65,1
2060100340,3,green,0,WIN,green,0.62,0
2060100341,3,green,0,WIN,green,0.7,1
2060100342,3,green,0,LOSS,red,0.7,1
2060100343,3,green,0,WIN,green,0.69,1
2060100344,1,green,0,WIN,green,0.78,1
2060100345,6,red,0,LOSS,green,0.78,1
2060100346,7,green,0,LOSS,red,0.72,1
2060100347,5,green,1,WIN,green,0.64,0
2060100348,5,green,1,WIN,green,0.5678,0
2060100349,9,green,0,WIN,green,0.74,1
2060100350,2,red,0,LOSS,green,0.78,1
2060100351,2,red,0,WIN,red,0.72,1
2060100352,6,red,0,WIN,red,0.72,1
2060100353,3,green,0,LOSS,red,0.54,0
2060100354,9,green,0,WIN,green,0.5678,0
2060100355,1,green,0,LOSS,red,0.61,0
2060100356,0,red,1,LOSS,green,0.65,1
2060100357,2,red,0,WIN,red,0.62,0
2060100358,0,red,1,WIN,red,0.6567,1
2060100359,1,green,0,LOSS,red,0.7011,1
2060100360,2,red,0,WIN,red,0.5222,0
2060100361,4,red,0,LOSS,green,0.5667,0
2060100362,6,red,0,WIN,red,0.6186,0
2060100363,3,green,0,LOSS,red,0.6122,0
2060100364,2,red,0,WIN,red,0.5233,0
2060100365,6,red,0,WIN,red,0.69,1
2060100366,5,green,1,LOSS,red,0.63,0
2060100367,1,green,0,LOSS,red,0.79,1
2060100368,7,green,0,LOSS,red,0.65,1
2060100369,7,green,0,LOSS,red,0.5222,0
2060100370,6,red,0,LOSS,green,0.78,1
2060100371,2,red,0,WIN,red,0.72,1
2060100372,1,green,0,LOSS,red,0.72,1
2060100373,1,green,0,WIN,green,0.65,1
2060100374,4,red,0,LOSS,green,0.69,1
2060100375,2,red,0,LOSS,green,0.5678,0
2060100376,9,green,0,WIN,green,0.55,0
2060100377,2,red,0,WIN,red,0.54,0
2060100378,1,green,0,LOSS,red,0.5678,0
2060100379,3,green,0,WIN,green,0.7,1
2060100380,4,red,0,LOSS,green,0.64,0
2060100381,2,red,0,LOSS,green,0.5,0
2060100382,6,red,0,WIN,red,0.65,1
2060100383,3,green,0,LOSS,red,0.64,0
2060100384,8,red,0,LOSS,green,0.5,0
2060100385,2,red,0,WIN,red,0.5567,0
2060100386,2,red,0,WIN,red,0.5233,0
2060100387,1,green,0,LOSS,red,0.65,1
2060100388,7,green,0,LOSS,red,0.5614,0
2060100389,7,green,0,LOSS,red,0.71,1
2060100390,1,green,0,WIN,green,0.5667,0
2060100391,2,red,0,LOSS,green,0.78,1
2060100392,2,red,0,WIN,red,0.72,1
2060100393,6,red,0,WIN,red,0.72,1
2060100394,3,green,0,LOSS,red,0.6,0
2060100395,3,green,0,LOSS,red,0.53,0
2060100396,6,red,0,WIN,red,0.53,0
2060100397,5,green,1,LOSS,red,0.5286,0
2060100398,6,red,0,LOSS,green,0.5857,0
2060100399,4,red,0,WIN,red,0.7,1
2060100400,3,green,0,LOSS,red,0.6757,1
2060100401,2,red,0,WIN,red,0.6333,0
2060100402,8,red,0,LOSS,green,0.5333,0
2060100403,9,green,0,LOSS,red,0.6567,1
2060100404,0,red,1,WIN,red,0.5233,0
2060100405,1,green,0,LOSS,red,0.65,1
2060100406,7,green,0,WIN,green,0.7,1
2060100407,4,red,0,LOSS,green,0.5857,0
2060100408,8,red,0,LOSS,green,0.5,0
2060100409,3,green,0,LOSS,red,0.6122,0
2060100410,8,red,0,WIN,red,0.6429,0
2060100411,0,red,1,LOSS,green,0.5545,0
2060100412,2,red,0,WIN,red,0.5355,0
2060100413,0,red,1,WIN,red,0.65,1
2060100414,6,red,0,WIN,red,0.78,1
2060100415,2,red,0,WIN,red,0.78,1
2060100416,2,red,0,WIN,red,0.78,1
2060100417,4,red,0,WIN,red,0.78,1
2060100418,5,green,1,LOSS,red,0.78,1
2060100419,0,red,1,LOSS,green,0.72,1
2060100420,8,red,0,WIN,red,0.65,1
2060100421,6,red,0,WIN,red,0.6757,1
2060100422,4,red,0,WIN,red,0.65,1
2060100423,7,green,0,LOSS,red,0.78,1
2060100424,2,red,0,LOSS,green,0.72,1
2060100425,3,green,0,LOSS,red,0.6122,0
2060100426,2,red,0,LOSS,green,0.7,1
2060100427,3,green,0,LOSS,red,0.7,1
2060100428,2,red,0,LOSS,green,0.7,1
2060100429,7,green,0,LOSS,red,0.7,1
2060100430,8,red,0,LOSS,green,0.7,1
2060100431,3,green,0,LOSS,red,0.7,1
2060100432,0,red,1,LOSS,green,0.7,1
2060100433,3,green,0,LOSS,red,0.7,1
2060100434,7,green,0,WIN,green,0.7,1
2060100435,1,green,0,WIN,green,0.63,0
2060100436,6,red,0,LOSS,green,0.7173,1
2060100437,4,red,0,LOSS,green,0.55,0
2060100438,3,green,0,WIN,green,0.5,0
2060100439,7,green,0,WIN,green,0.5233,0
2060100440,3,green,0,WIN,green,0.6445,0
2060100441,3,green,0,LOSS,red,0.5009,0
2060100442,5,green,1,WIN,green,0.78,1
2060100443,5,green,1,WIN,green,0.78,1
2060100444,5,green,1,WIN,green,0.78,1
2060100445,8,red,0,LOSS,green,0.78,1
2060100446,1,green,0,LOSS,red,0.72,1
2060100447,0,red,1,LOSS,green,0.54,0
2060100448,6,red,0,WIN,red,0.7,1
2060100449,7,green,0,WIN,green,0.67,1
2060100450,7,green,0,WIN,green,0.6186,0
2060100451,0,red,1,LOSS,green,0.7233,1
2060100452,6,red,0,LOSS,green,0.5,0
2060100453,0,red,1,WIN,red,0.79,1
2060100454,5,green,1,LOSS,red,0.6567,1
2060100455,3,green,0,LOSS,red,0.65,1
2060100456,2,red,0,WIN,red,0.5222,0
2060100457,4,red,0,WIN,red,0.58,0
2060100458,3,green,0,LOSS,red,0.64,0
2060100459,8,red,0,WIN,red,0.5614,0
2060100460,4,red,0,WIN,red,0.65,1
2060100461,2,red,0,WIN,red,0.7329,1
2060100462,3,green,0,LOSS,red,0.5233,0
2060100463,6,red,0,WIN,red,0.65,1
2060100464,5,green,1,LOSS,red,0.64,0
2060100465,5,green,1,WIN,green,0.7,1
2060100466,8,red,0,LOSS,green,0.62,0
2060100467,7,green,0,LOSS,red,0.55,0
2060100468,1,green,0,LOSS,red,0.6333,0
2060100469,3,green,0,WIN,green,0.5567,0
2060100470,8,red,0,LOSS,green,0.65,1
2060100471,5,green,1,WIN,green,0.7,1
2060100472,4,red,0,WIN,red,0.7,1
2060100473,6,red,0,WIN,red,0.7,1
2060100474,6,red,0,LOSS,green,0.7,1
2060100475,6,red,0,LOSS,green,0.5,0
2060100476,8,red,0,WIN,red,0.78,1
2060100477,0,red,1,WIN,red,0.78,1
2060100478,6,red,0,WIN,red,0.78,1
2060100479,8,red,0,WIN,red,0.78,1
2060100480,1,green,0,LOSS,red,0.78,1
2060200001,2,red,0,LOSS,green,0.72,1
2060200002,1,green,0,LOSS,red,0.6122,0
2060200003,4,red,0,LOSS,green,0.7,1
2060200004,1,green,0,LOSS,red,0.7,1
2060200005,0,red,1,LOSS,green,0.7,1
2060200006,6,red,0,WIN,red,0.7,1
2060200007,1,green,0,LOSS,red,0.5678,0
2060200008,5,green,1,WIN,green,0.6429,0
2060200009,6,red,0,LOSS,green,0.55,0
2060200010,5,green,1,LOSS,red,0.6,0
2060200011,8,red,0,WIN,red,0.5222,0
2060200012,3,green,0,LOSS,red,0.7,1
2060200013,0,red,1,LOSS,green,0.7,1
2060200014,8,red,0,WIN,red,0.7,1
2060200015,9,green,0,WIN,green,0.5333,0
2060200016,3,green,0,LOSS,red,0.6429,0
2060200017,5,green,1,WIN,green,0.7,1
2060200018,7,green,0,LOSS,red,0.57,0
2060200019,8,red,0,LOSS,green,0.78,1
2060200020,7,green,0,LOSS,red,0.72,1
2060200021,2,red,0,LOSS,green,0.5614,0
2060200022,0,red,1,WIN,red,0.7,1
2060200023,9,green,0,LOSS,red,0.56,0
2060200024,7,green,0,WIN,green,0.65,1
2060200025,5,green,1,WIN,green,0.6757,1
2060200026,8,red,0,LOSS,green,0.65,1
2060200027,0,red,1,LOSS,green,0.5,0
2060200028,4,red,0,WIN,red,0.66,1
2060200029,1,green,0,LOSS,red,0.5438,0
2060200030,7,green,0,WIN,green,0.5,0
2060200031,8,red,0,LOSS,green,0.55,0
2060200032,1,green,0,LOSS,red,0.54,0
2060200033,8,red,0,LOSS,green,0.55,0
2060200034,5,green,1,LOSS,red,0.7,1
2060200035,3,green,0,WIN,green,0.7,1
2060200036,5,green,1,WIN,green,0.7233,1
2060200037,0,red,1,LOSS,green,0.6186,0
2060200038,0,red,1,LOSS,green,0.6186,0
2060200039,1,green,0,WIN,green,0.5,0
2060200040,1,green,0,WIN,green,0.5614,0
2060200041,6,red,0,LOSS,green,0.6567,1
2060200042,4,red,0,WIN,red,0.51,0
2060200043,9,green,0,WIN,green,0.6333,0
2060200044,2,red,0,WIN,red,0.5545,0
2060200045,0,red,1,WIN,red,0.55,0
2060200046,8,red,0,LOSS,green,0.61,0
2060200047,0,red,1,WIN,red,0.5043,0
2060200048,6,red,0,WIN,red,0.78,1
2060200049,2,red,0,WIN,red,0.78,1
2060200050,2,red,0,WIN,red,0.78,1
2060200051,8,red,0,WIN,red,0.78,1
2060200052,0,red,1,WIN,red,0.78,1
2060200053,9,green,0,LOSS,red,0.78,1
2060200054,8,red,0,LOSS,green,0.72,1
2060200055,6,red,0,WIN,red,0.65,1
2060200056,1,green,0,LOSS,red,0.69,1
2060200057,4,red,0,WIN,red,0.63,0
2060200058,3,green,0,LOSS,red,0.54,0
2060200059,0,red,1,LOSS,green,0.7,1
2060200060,9,green,0,LOSS,red,0.7,1
2060200061,4,red,0,LOSS,green,0.7,1
2060200062,5,green,1,LOSS,red,0.7,1
2060200063,7,green,0,WIN,green,0.7,1
2060200064,9,green,0,WIN,green,0.65,1
2060200065,2,red,0,LOSS,green,0.69,1
2060200066,4,red,0,WIN,red,0.53,0
2060200067,7,green,0,WIN,green,0.5286,0
2060200068,6,red,0,LOSS,green,0.65,1
2060200069,1,green,0,LOSS,red,0.5286,0
2060200070,4,red,0,LOSS,green,0.7,1
2060200071,9,green,0,LOSS,red,0.7,1
2060200072,2,red,0,LOSS,green,0.7,1
2060200073,1,green,0,LOSS,red,0.7,1
2060200074,0,red,1,LOSS,green,0.7,1
2060200075,4,red,0,WIN,red,0.7,1
2060200076,9,green,0,LOSS,red,0.5614,0
2060200077,4,red,0,WIN,red,0.5667,0
2060200078,6,red,0,WIN,red,0.65,1
2060200079,9,green,0,LOSS,red,0.6567,1
2060200080,0,red,1,WIN,red,0.54,0
2060200081,5,green,1,WIN,green,0.53,0
2060200082,2,red,0,LOSS,green,0.7,1
2060200083,3,green,0,LOSS,red,0.7,1
2060200084,5,green,1,WIN,green,0.7,1
2060200085,1,green,0,LOSS,red,0.5857,0
2060200086,4,red,0,LOSS,green,0.65,1
2060200087,2,red,0,LOSS,green,0.5233,0
2060200088,6,red,0,LOSS,green,0.55,0
2060200089,8,red,0,LOSS,green,0.5,0
2060200090,2,red,0,WIN,red,0.78,1
2060200091,9,green,0,LOSS,red,0.78,1
2060200092,2,red,0,LOSS,green,0.72,1
2060200093,2,red,0,WIN,red,0.5233,0
2060200094,3,green,0,LOSS,red,0.5678,0
2060200095,8,red,0,WIN,red,0.71,1
2060200096,0,red,1,WIN,red,0.5614,0
2060200097,7,green,0,LOSS,red,0.5233,0
2060200098,4,red,0,WIN,red,0.69,1
2060200099,6,red,0,WIN,red,0.64,0
2060200100,0,red,1,LOSS,green,0.5433,0
2060200101,4,red,0,WIN,red,0.6567,1
2060200102,4,red,0,WIN,red,0.78,1
2060200103,4,red,0,WIN,red,0.78,1
2060200104,6,red,0,WIN,red,0.78,1
2060200105,2,red,0,WIN,red,0.78,1
2060200106,2,red,0,WIN,red,0.78,1
2060200107,3,green,0,LOSS,red,0.78,1
2060200108,5,green,1,WIN,green,0.72,1
2060200109,4,red,0,LOSS,green,0.72,1
2060200110,6,red,0,WIN,red,0.5567,0
2060200111,3,green,0,LOSS,red,0.6567,1
2060200112,6,red,0,WIN,red,0.65,1
2060200113,1,green,0,LOSS,red,0.65,1
2060200114,1,green,0,WIN,green,0.7,1
2060200115,1,green,0,WIN,green,0.6122,0
2060200116,2,red,0,LOSS,green,0.6757,1
2060200117,9,green,0,LOSS,red,0.6429,0
2060200118,9,green,0,WIN,green,0.67,1
2060200119,6,red,0,LOSS,green,0.6757,1
2060200120,4,red,0,LOSS,green,0.65,1
2060200121,3,green,0,LOSS,red,0.5529,0
2060200122,4,red,0,LOSS,green,0.65,1
2060200123,3,green,0,LOSS,red,0.62,0
2060200124,9,green,0,WIN,green,0.7,1
2060200125,1,green,0,WIN,green,0.65,1
2060200126,1,green,0,WIN,green,0.64,0
2060200127,5,green,1,WIN,green,0.78,1
2060200128,6,red,0,LOSS,green,0.78,1
2060200129,5,green,1,LOSS,red,0.72,1
2060200130,6,red,0,LOSS,green,0.6567,1
2060200131,0,red,1,WIN,red,0.7,1
2060200132,7,green,0,WIN,green,0.7233,1
2060200133,6,red,0,LOSS,green,0.64,0
2060200134,1,green,0,WIN,green,0.6333,0
2060200135,6,red,0,LOSS,green,0.7,1
2060200136,4,red,0,WIN,red,0.7,1
2060200137,7,green,0,LOSS,red,0.63,0
2060200138,5,green,1,LOSS,red,0.69,1
2060200139,3,green,0,WIN,green,0.5857,0
2060200140,1,green,0,WIN,green,0.65,1
2060200141,4,red,0,LOSS,green,0.78,1
2060200142,5,green,1,LOSS,red,0.72,1
2060200143,8,red,0,LOSS,green,0.54,0
2060200144,0,red,1,WIN,red,0.7,1
2060200145,5,green,1,LOSS,red,0.5211,0
2060200146,4,red,0,LOSS,green,0.65,1
2060200147,3,green,0,WIN,green,0.6429,0
2060200148,4,red,0,LOSS,green,0.7,1
2060200149,8,red,0,WIN,red,0.7,1
2060200150,0,red,1,WIN,red,0.65,1
2060200151,4,red,0,WIN,red,0.6567,1
2060200152,6,red,0,WIN,red,0.78,1
2060200153,8,red,0,WIN,red,0.78,1
2060200154,0,red,1,WIN,red,0.78,1
2060200155,7,green,0,LOSS,red,0.78,1
2060200156,9,green,0,WIN,green,0.72,1
2060200157,0,red,1,LOSS,green,0.72,1
2060200158,9,green,0,LOSS,red,0.65,1
2060200159,3,green,0,LOSS,red,0.65,1
2060200160,2,red,0,LOSS,green,0.5909,0
2060200161,6,red,0,LOSS,green,0.5667,0
2060200162,1,green,0,LOSS,red,0.55,0
2060200163,6,red,0,LOSS,green,0.5233,0
2060200164,6,red,0,LOSS,green,0.5667,0
2060200165,5,green,1,LOSS,red,0.6567,1
2060200166,5,green,1,WIN,green,0.6556,1
2060200167,6,red,0,WIN,red,0.5545,0
2060200168,6,red,0,WIN,red,0.55,0
2060200169,1,green,0,LOSS,red,0.67,1
2060200170,0,red,1,LOSS,green,0.5333,0
2060200171,4,red,0,WIN,red,0.565,0
2060200172,9,green,0,WIN,green,0.5529,0
2060200173,5,green,1,LOSS,red,0.5286,0
2060200174,7,green,0,LOSS,red,0.5667,0
2060200175,7,green,0,WIN,green,0.6,0
2060200176,5,green,1,WIN,green,0.78,1
2060200177,9,green,0,WIN,green,0.78,1
2060200178,8,red,0,LOSS,green,0.78,1
2060200179,2,red,0,WIN,red,0.72,1
2060200180,3,green,0,LOSS,red,0.72,1
2060200181,1,green,0,WIN,green,0.5233,0
2060200182,0,red,1,LOSS,green,0.6567,1
2060200183,6,red,0,LOSS,green,0.6186,0
2060200184,7,green,0,WIN,green,0.5667,0
2060200185,1,green,0,LOSS,red,0.5667,0
2060200186,9,green,0,WIN,green,0.55,0
2060200187,8,red,0,LOSS,green,0.65,1
2060200188,0,red,1,LOSS,green,0.5614,0
2060200189,9,green,0,WIN,green,0.5286,0
2060200190,9,green,0,LOSS,red,0.5857,0
2060200191,1,green,0,WIN,green,0.6809,1
2060200192,0,red,1,LOSS,green,0.69,1
2060200193,5,green,1,WIN,green,0.55,0
2060200194,8,red,0,LOSS,green,0.65,1
2060200195,2,red,0,WIN,red,0.7,1
2060200196,7,green,0,LOSS,red,0.5286,0
2060200197,0,red,1,LOSS,green,0.65,1
2060200198,2,red,0,WIN,red,0.5667,0
2060200199,6,red,0,WIN,red,0.6757,1
2060200200,6,red,0,LOSS,green,0.51,0
2060200201,5,green,1,LOSS,red,0.78,1
2060200202,4,red,0,LOSS,green,0.72,1
2060200203,6,red,0,WIN,red,0.6567,1
2060200204,0,red,1,WIN,red,0.6445,0
2060200205,3,green,0,LOSS,red,0.65,1
2060200206,7,green,0,LOSS,red,0.55,0
2060200207,4,red,0,WIN,red,0.5567,0
2060200208,6,red,0,WIN,red,0.6669,1
2060200209,5,green,1,LOSS,red,0.65,1
2060200210,1,green,0,LOSS,red,0.5233,0
2060200211,9,green,0,WIN,green,0.5,0
2060200212,1,green,0,WIN,green,0.65,1
2060200213,7,green,0,WIN,green,0.78,1
2060200214,5,green,1,WIN,green,0.78,1
2060200215,2,red,0,LOSS,green,0.78,1
2060200216,3,green,0,LOSS,red,0.72,1
2060200217,7,green,0,WIN,green,0.7329,1
2060200218,3,green,0,WIN,green,0.6122,0
2060200219,9,green,0,WIN,green,0.5043,0
2060200220,4,red,0,LOSS,green,0.78,1
2060200221,5,green,1,LOSS,red,0.72,1
2060200222,6,red,0,LOSS,green,0.6567,1
2060200223,8,red,0,WIN,red,0.7,1
2060200224,6,red,0,LOSS,green,0.5678,0
2060200225,7,green,0,WIN,green,0.5,0
2060200226,5,green,1,WIN,green,0.55,0
2060200227,7,green,0,WIN,green,0.7,1
2060200228,5,green,1,WIN,green,0.55,0
2060200229,9,green,0,WIN,green,0.78,1
2060200230,0,red,1,LOSS,green,0.78,1
2060200231,9,green,0,LOSS,red,0.72,1
2060200232,3,green,0,WIN,green,0.64,0
2060200233,9,green,0,WIN,green,0.71,1
2060200234,8,red,0,LOSS,green,0.7456,1
2060200235,3,green,0,WIN,green,0.5233,0
2060200236,3,green,0,WIN,green,0.65,1
2060200237,1,green,0,WIN,green,0.5567,0
2060200238,9,green,0,WIN,green,0.54,0
2060200239,2,red,0,LOSS,green,0.78,1
2060200240,6,red,0,WIN,red,0.72,1
2060200241,3,green,0,LOSS,red,0.72,1
2060200242,3,green,0,WIN,green,0.6186,0
2060200243,7,green,0,WIN,green,0.51,0
2060200244,9,green,0,WIN,green,0.6122,0
2060200245,0,red,1,LOSS,green,0.78,1
2060200246,6,red,0,WIN,red,0.72,1
2060200247,2,red,0,WIN,red,0.72,1
2060200248,3,green,0,LOSS,red,0.54,0
2060200249,6,red,0,LOSS,green,0.5233,0
2060200250,7,green,0,WIN,green,0.5,0
2060200251,0,red,1,LOSS,green,0.7,1
2060200252,6,red,0,WIN,red,0.7,1
2060200253,1,green,0,LOSS,red,0.65,1
2060200254,4,red,0,WIN,red,0.65,1
2060200255,7,green,0,LOSS,red,0.6122,0
2060200256,2,red,0,LOSS,green,0.7,1
2060200257,6,red,0,WIN,red,0.7,1
2060200258,6,red,0,WIN,red,0.6233,0
2060200259,7,green,0,LOSS,red,0.6757,1
2060200260,9,green,0,LOSS,red,0.65,1
2060200261,9,green,0,WIN,green,0.5667,0
2060200262,9,green,0,WIN,green,0.54,0
2060200263,7,green,0,WIN,green,0.78,1
2060200264,0,red,1,LOSS,green,0.78,1
2060200265,8,red,0,WIN,red,0.72,1
2060200266,2,red,0,WIN,red,0.72,1
2060200267,7,green,0,WIN,green,0.6567,1
2060200268,6,red,0,LOSS,green,0.65,1
2060200269,3,green,0,WIN,green,0.5286,0
2060200270,2,red,0,LOSS,green,0.7,1
2060200271,7,green,0,LOSS,red,0.7,1
2060200272,1,green,0,WIN,green,0.7,1
2060200273,4,red,0,WIN,red,0.54,0
2060200274,6,red,0,LOSS,green,0.5,0
2060200275,4,red,0,WIN,red,0.54,0
2060200276,3,green,0,LOSS,red,0.5233,0
2060200277,8,red,0,LOSS,green,0.5,0
2060200278,5,green,1,LOSS,red,0.65,1
2060200279,2,red,0,LOSS,green,0.7,1
2060200280,2,red,0,WIN,red,0.7,1
2060200281,8,red,0,WIN,red,0.65,1
2060200282,9,green,0,LOSS,red,0.69,1
2060200283,6,red,0,WIN,red,0.6186,0
2060200284,1,green,0,LOSS,red,0.69,1
2060200285,3,green,0,WIN,green,0.7,1
2060200286,5,green,1,WIN,green,0.54,0
2060200287,9,green,0,LOSS,red,0.5667,0
2060200288,4,red,0,LOSS,green,0.78,1
2060200289,2,red,0,WIN,red,0.72,1
2060200290,9,green,0,LOSS,red,0.72,1
2060200291,2,red,0,LOSS,green,0.69,1
2060200292,7,green,0,LOSS,red,0.61,0
2060200293,7,green,0,WIN,green,0.7,1
2060200294,9,green,0,WIN,green,0.55,0
2060200295,5,green,1,WIN,green,0.6362,0
2060200296,9,green,0,WIN,green,0.78,1
2060200297,8,red,0,LOSS,green,0.78,1
2060200298,3,green,0,LOSS,red,0.72,1
2060200299,3,green,0,WIN,green,0.63,0
2060200300,8,red,0,LOSS,green,0.65,1
2060200301,2,red,0,LOSS,green,0.6567,1
2060200302,1,green,0,WIN,green,0.5614,0
2060200303,8,red,0,LOSS,green,0.65,1
2060200304,6,red,0,WIN,red,0.5667,0
2060200305,7,green,0,LOSS,red,0.6186,0
2060200306,6,red,0,LOSS,green,0.66,1
2060200307,4,red,0,WIN,red,0.6362,0
2060200308,1,green,0,LOSS,red,0.64,0
2060200309,6,red,0,LOSS,green,0.51,0
2060200310,7,green,0,LOSS,red,0.6567,1
2060200311,3,green,0,WIN,green,0.7,1
2060200312,6,red,0,LOSS,green,0.55,0
2060200313,5,green,1,LOSS,red,0.5222,0
2060200314,9,green,0,WIN,green,0.6333,0
2060200315,7,green,0,WIN,green,0.65,1
2060200316,4,red,0,LOSS,green,0.65,1
2060200317,7,green,0,WIN,green,0.565,0
2060200318,0,red,1,LOSS,green,0.6186,0
2060200319,7,green,0,LOSS,red,0.7,1
2060200320,1,green,0,WIN,green,0.7,1
2060200321,5,green,1,WIN,green,0.6362,0
2060200322,7,green,0,WIN,green,0.63,0
2060200323,5,green,1,WIN,green,0.78,1
2060200324,4,red,0,LOSS,green,0.78,1
2060200325,1,green,0,LOSS,red,0.72,1
2060200326,5,green,1,WIN,green,0.6445,0
2060200327,7,green,0,WIN,green,0.65,1
2060200328,2,red,0,LOSS,green,0.71,1
2060200329,3,green,0,WIN,green,0.5614,0
2060200330,7,green,0,WIN,green,0.65,1
2060200331,8,red,0,LOSS,green,0.65,1
2060200332,8,red,0,LOSS,green,0.55,0
2060200333,0,red,1,WIN,red,0.51,0
2060200334,9,green,0,WIN,green,0.5,0
2060200335,3,green,0,WIN,green,0.58,0
2060200336,5,green,1,WIN,green,0.62,0
2060200337,7,green,0,WIN,green,0.65,1
2060200338,4,red,0,LOSS,green,0.78,1
2060200339,4,red,0,WIN,red,0.72,1
2060200340,7,green,0,LOSS,red,0.72,1
2060200341,4,red,0,WIN,red,0.51,0
2060200342,6,red,0,LOSS,green,0.65,1
2060200343,7,green,0,LOSS,red,0.58,0
2060200344,5,green,1,LOSS,red,0.55,0
2060200345,5,green,1,WIN,green,0.5286,0
2060200346,7,green,0,WIN,green,0.6111,0
2060200347,1,green,0,WIN,green,0.78,1
2060200348,1,green,0,WIN,green,0.78,1
2060200349,7,green,0,WIN,green,0.78,1
2060200350,9,green,0,WIN,green,0.78,1
2060200351,0,red,1,LOSS,green,0.78,1
2060200352,3,green,0,LOSS,red,0.72,1
2060200353,2,red,0,LOSS,green,0.5233,0
2060200354,7,green,0,LOSS,red,0.7,1
2060200355,2,red,0,LOSS,green,0.7,1
2060200356,6,red,0,WIN,red,0.7,1
2060200357,7,green,0,WIN,green,0.55,0
2060200358,0,red,1,WIN,red,0.54,0
2060200359,3,green,0,LOSS,red,0.6233,0
2060200360,0,red,1,LOSS,green,0.7,1
2060200361,7,green,0,LOSS,red,0.7,1
2060200362,3,green,0,WIN,green,0.7,1
2060200363,2,red,0,WIN,red,0.7,1
2060200364,7,green,0,WIN,green,0.7,1
2060200365,4,red,0,WIN,red,0.7,1
2060200366,1,green,0,LOSS,red,0.7,1
2060200367,0,red,1,LOSS,green,0.7,1
2060200368,7,green,0,LOSS,red,0.7,1
2060200369,5,green,1,WIN,green,0.7,1
2060200370,8,red,0,LOSS,green,0.5043,0
2060200371,2,red,0,WIN,red,0.5667,0
2060200372,8,red,0,WIN,red,0.5667,0
2060200373,4,red,0,WIN,red,0.5131,0
2060200374,7,green,0,LOSS,red,0.78,1
2060200375,0,red,1,LOSS,green,0.72,1
2060200376,9,green,0,LOSS,red,0.6122,0
2060200377,7,green,0,WIN,green,0.7,1
2060200378,8,red,0,WIN,red,0.6567,1
2060200379,1,green,0,LOSS,red,0.6186,0
2060200380,8,red,0,WIN,red,0.5333,0
2060200381,7,green,0,LOSS,red,0.7,1
2060200382,6,red,0,LOSS,green,0.7,1
2060200383,4,red,0,WIN,red,0.7,1
2060200384,5,green,1,WIN,green,0.5667,0
2060200385,1,green,0,LOSS,red,0.7,1
2060200386,7,green,0,WIN,green,0.7,1
2060200387,9,green,0,LOSS,red,0.5373,0
2060200388,6,red,0,LOSS,green,0.78,1
2060200389,8,red,0,WIN,red,0.72,1
2060200390,3,green,0,LOSS,red,0.72,1
2060200391,0,red,1,LOSS,green,0.6233,0
2060200392,0,red,1,LOSS,green,0.65,1
2060200393,9,green,0,LOSS,red,0.5545,0
2060200394,6,red,0,WIN,red,0.5222,0
2060200395,4,red,0,WIN,red,0.69,1
2060200396,3,green,0,LOSS,red,0.6122,0
2060200397,8,red,0,WIN,red,0.5233,0
2060200398,2,red,0,WIN,red,0.63,0
2060200399,4,red,0,WIN,red,0.5043,0
2060200400,6,red,0,WIN,red,0.6757,1
2060200401,4,red,0,WIN,red,0.78,1
2060200402,2,red,0,WIN,red,0.78,1
2060200403,6,red,0,WIN,red,0.78,1
2060200404,4,red,0,WIN,red,0.78,1
2060200405,1,green,0,LOSS,red,0.78,1
2060200406,7,green,0,WIN,green,0.72,1
2060200407,1,green,0,WIN,green,0.72,1
2060200408,8,red,0,WIN,red,0.5233,0
2060200409,7,green,0,LOSS,red,0.6122,0
2060200410,6,red,0,WIN,red,0.5286,0
2060200411,5,green,1,LOSS,red,0.7,1
2060200412,8,red,0,LOSS,green,0.7,1
2060200413,8,red,0,WIN,red,0.7,1
2060200414,5,green,1,WIN,green,0.6333,0
2060200415,7,green,0,LOSS,red,0.5545,0
2060200416,3,green,0,WIN,green,0.7,1
2060200417,2,red,0,WIN,red,0.51,0
2060200418,2,red,0,LOSS,green,0.5,0
2060200419,1,green,0,LOSS,red,0.6636,1
2060200420,5,green,1,WIN,green,0.5,0
2060200421,8,red,0,LOSS,green,0.71,1
2060200422,8,red,0,WIN,red,0.5211,0
2060200423,1,green,0,WIN,green,0.6429,0
2060200424,5,green,1,LOSS,red,0.5462,0
2060200425,3,green,0,WIN,green,0.5667,0
2060200426,8,red,0,LOSS,green,0.5614,0
2060200427,6,red,0,LOSS,green,0.54,0
2060200428,9,green,0,WIN,green,0.55,0
2060200429,8,red,0,WIN,red,0.55,0
2060200430,9,green,0,WIN,green,0.5667,0
2060200431,6,red,0,LOSS,green,0.7,1
2060200432,6,red,0,WIN,red,0.7,1
2060200433,9,green,0,LOSS,red,0.5614,0
2060200434,7,green,0,LOSS,red,0.5614,0
2060200435,5,green,1,WIN,green,0.6,0
2060200436,7,green,0,WIN,green,0.65,1
2060200437,5,green,1,WIN,green,0.78,1
2060200438,4,red,0,LOSS,green,0.78,1
2060200439,6,red,0,WIN,red,0.72,1
2060200440,2,red,0,WIN,red,0.72,1
2060200441,5,green,1,WIN,green,0.67,1
2060200442,0,red,1,LOSS,green,0.5678,0
2060200443,4,red,0,LOSS,green,0.55,0
2060200444,8,red,0,WIN,red,0.7233,1
2060200445,9,green,0,LOSS,red,0.65,1
2060200446,8,red,0,WIN,red,0.54,0
2060200447,4,red,0,WIN,red,0.6977,1
2060200448,4,red,0,WIN,red,0.65,1
2060200449,8,red,0,WIN,red,0.5329,0
2060200450,5,green,1,LOSS,red,0.78,1
2060200451,7,green,0,WIN,green,0.72,1
2060200452,0,red,1,LOSS,green,0.72,1
2060200453,7,green,0,LOSS,red,0.5355,0
2060200454,6,red,0,WIN,red,0.6757,1
2060200455,2,red,0,WIN,red,0.7,1
2060200456,7,green,0,LOSS,red,0.6122,0
2060200457,7,green,0,LOSS,red,0.6429,0
2060200458,1,green,0,WIN,green,0.65,1
2060200459,5,green,1,WIN,green,0.65,1
2060200460,6,red,0,LOSS,green,0.78,1
2060200461,6,red,0,WIN,red,0.72,1
2060200462,8,red,0,WIN,red,0.72,1
2060200463,2,red,0,LOSS,green,0.5286,0
2060200464,8,red,0,WIN,red,0.78,1
2060200465,2,red,0,WIN,red,0.78,1
2060200466,0,red,1,WIN,red,0.78,1
2060200467,7,green,0,LOSS,red,0.78,1
2060200468,0,red,1,LOSS,green,0.72,1
2060200469,7,green,0,LOSS,red,0.65,1
2060200470,4,red,0,LOSS,green,0.7,1
2060200471,3,green,0,LOSS,red,0.7,1
2060200472,5,green,1,WIN,green,0.7,1
2060200473,9,green,0,WIN,green,0.5222,0
2060200474,8,red,0,LOSS,green,0.5678,0
2060200475,7,green,0,WIN,green,0.5614,0
2060200476,7,green,0,WIN,green,0.5131,0
2060200477,6,red,0,LOSS,green,0.6233,0
2060200478,7,green,0,WIN,green,0.565,0
2060200479,9,green,0,WIN,green,0.6757,1
2060200480,0,red,1,LOSS,green,0.65,1
2060300001,4,red,0,LOSS,green,0.54,0
2060300002,7,green,0,LOSS,red,0.6429,0
2060300003,1,green,0,WIN,green,0.51,0
2060300004,5,green,1,WIN,green,0.6122,0
2060300005,8,red,0,WIN,red,0.5211,0
2060300006,0,red,1,LOSS,green,0.6186,0
2060300007,8,red,0,LOSS,green,0.5667,0
2060300008,5,green,1,LOSS,red,0.65,1
2060300009,2,red,0,LOSS,green,0.5,0
2060300010,4,red,0,LOSS,green,0.5462,0
2060300011,6,red,0,WIN,red,0.64,0
2060300012,9,green,0,LOSS,red,0.65,1
2060300013,6,red,0,WIN,red,0.5678,0
2060300014,3,green,0,LOSS,red,0.7043,1
2060300015,6,red,0,LOSS,green,0.7,1
2060300016,8,red,0,WIN,red,0.7,1
2060300017,0,red,1,WIN,red,0.5043,0
2060300018,2,red,0,WIN,red,0.6567,1
2060300019,9,green,0,LOSS,red,0.78,1
2060300020,9,green,0,WIN,green,0.72,1
2060300021,9,green,0,WIN,green,0.72,1
2060300022,1,green,0,WIN,green,0.6333,0
2060300023,1,green,0,WIN,green,0.78,1
2060300024,4,red,0,LOSS,green,0.78,1
2060300025,7,green,0,LOSS,red,0.72,1
2060300026,8,red,0,LOSS,green,0.6567,1
2060300027,7,green,0,LOSS,red,0.7,1
2060300028,8,red,0,LOSS,green,0.7,1
2060300029,4,red,0,WIN,red,0.7,1
2060300030,0,red,1,LOSS,green,0.5667,0
2060300031,5,green,1,LOSS,red,0.5678,0
2060300032,4,red,0,WIN,red,0.71,1
2060300033,8,red,0,WIN,red,0.7329,1
2060300034,3,green,0,LOSS,red,0.6122,0
2060300035,7,green,0,LOSS,red,0.6833,1
2060300036,6,red,0,WIN,red,0.5567,0
2060300037,7,green,0,LOSS,red,0.71,1
2060300038,8,red,0,WIN,red,0.5667,0
2060300039,1,green,0,LOSS,red,0.7,1
2060300040,1,green,0,WIN,green,0.7,1
2060300041,5,green,1,LOSS,red,0.53,0
2060300042,0,red,1,LOSS,green,0.65,1
2060300043,9,green,0,WIN,green,0.65,1
2060300044,3,green,0,WIN,green,0.5233,0
2060300045,1,green,0,WIN,green,0.65,1
2060300046,4,red,0,LOSS,green,0.6186,0
2060300047,3,green,0,WIN,green,0.64,0
2060300048,9,green,0,WIN,green,0.67,1
2060300049,2,red,0,LOSS,green,0.5614,0
2060300050,4,red,0,LOSS,green,0.5355,0
2060300051,0,red,1,WIN,red,0.5211,0
2060300052,5,green,1,WIN,green,0.5333,0
2060300053,7,green,0,WIN,green,0.5909,0
2060300054,3,green,0,WIN,green,0.6273,0
2060300055,1,green,0,WIN,green,0.615,0
2060300056,4,red,0,LOSS,green,0.78,1
2060300057,6,red,0,WIN,red,0.72,1
2060300058,7,green,0,LOSS,red,0.72,1
2060300059,0,red,1,WIN,red,0.5211,0
2060300060,9,green,0,WIN,green,0.65,1
2060300061,4,red,0,LOSS,green,0.7,1
2060300062,1,green,0,LOSS,red,0.7,1
2060300063,8,red,0,LOSS,green,0.7,1
2060300064,8,red,0,WIN,red,0.7,1
2060300065,9,green,0,LOSS,red,0.7011,1
2060300066,8,red,0,LOSS,green,0.65,1
2060300067,5,green,1,LOSS,red,0.65,1
2060300068,5,green,1,WIN,green,0.7,1
2060300069,4,red,0,LOSS,green,0.5286,0
2060300070,3,green,0,LOSS,red,0.5857,0
2060300071,8,red,0,LOSS,green,0.6429,0
2060300072,7,green,0,LOSS,red,0.7,1
2060300073,7,green,0,WIN,green,0.7,1
2060300074,6,red,0,LOSS,green,0.65,1
2060300075,7,green,0,WIN,green,0.5614,0
2060300076,1,green,0,WIN,green,0.5614,0
2060300077,1,green,0,WIN,green,0.5043,0
2060300078,5,green,1,WIN,green,0.65,1
2060300079,0,red,1,LOSS,green,0.78,1
2060300080,4,red,0,WIN,red,0.72,1
2060300081,3,green,0,LOSS,red,0.72,1
2060300082,2,red,0,LOSS,green,0.64,0
2060300083,7,green,0,LOSS,red,0.5433,0
2060300084,3,green,0,WIN,green,0.7,1
2060300085,8,red,0,LOSS,green,0.65,1
2060300086,0,red,1,LOSS,green,0.5,0
2060300087,1,green,0,LOSS,red,0.6186,0
2060300088,4,red,0,WIN,red,0.65,1
2060300089,8,red,0,LOSS,green,0.5333,0
2060300090,1,green,0,LOSS,red,0.5567,0
2060300091,9,green,0,WIN,green,0.6273,0
2060300092,8,red,0,WIN,red,0.5462,0
2060300093,6,red,0,WIN,red,0.65,1
2060300094,7,green,0,LOSS,red,0.6445,0
2060300095,3,green,0,WIN,green,0.5,0
2060300096,4,red,0,WIN,red,0.6429,0
2060300097,8,red,0,WIN,red,0.5222,0
2060300098,1,green,0,WIN,green,0.5333,0
2060300099,2,red,0,WIN,red,0.7,1
2060300100,4,red,0,WIN,red,0.65,1
2060300101,0,red,1,LOSS,green,0.56,0
2060300102,0,red,1,WIN,red,0.54,0
2060300103,4,red,0,WIN,red,0.78,1
2060300104,8,red,0,WIN,red,0.78,1
2060300105,1,green,0,LOSS,red,0.78,1
2060300106,6,red,0,LOSS,green,0.72,1
2060300107,0,red,1,WIN,red,0.5567,0
2060300108,3,green,0,LOSS,red,0.6567,1
2060300109,7,green,0,LOSS,red,0.6567,1
2060300110,9,green,0,LOSS,red,0.64,0
2060300111,7,green,0,WIN,green,0.5,0
2060300112,0,red,1,LOSS,green,0.78,1
2060300113,0,red,1,WIN,red,0.72,1
2060300114,1,green,0,LOSS,red,0.72,1
2060300115,1,green,0,WIN,green,0.65,1
2060300116,0,red,1,LOSS,green,0.6567,1
2060300117,9,green,0,WIN,green,0.55,0
2060300118,4,red,0,LOSS,green,0.65,1
2060300119,9,green,0,LOSS,red,0.7,1
2060300120,7,green,0,WIN,green,0.7,1
2060300121,0,red,1,WIN,red,0.5009,0
2060300122,7,green,0,WIN,green,0.5678,0
2060300123,3,green,0,WIN,green,0.65,1
2060300124,6,red,0,LOSS,green,0.54,0
2060300125,2,red,0,LOSS,green,0.5233,0
2060300126,7,green,0,LOSS,red,0.5333,0
2060300127,7,green,0,WIN,green,0.6186,0
2060300128,2,red,0,LOSS,green,0.63,0
2060300129,6,red,0,LOSS,green,0.55,0
2060300130,8,red,0,LOSS,green,0.5,0
2060300131,2,red,0,WIN,red,0.65,1
2060300132,3,green,0,LOSS,red,0.78,1
2060300133,7,green,0,WIN,green,0.72,1
2060300134,0,red,1,LOSS,green,0.72,1
2060300135,3,green,0,LOSS,red,0.6567,1
2060300136,5,green,1,LOSS,red,0.5678,0
2060300137,6,red,0,LOSS,green,0.5286,0
2060300138,7,green,0,WIN,green,0.5286,0
2060300139,2,red,0,LOSS,green,0.55,0
2060300140,2,red,0,WIN,red,0.7,1
2060300141,0,red,1,WIN,red,0.5857,0
2060300142,9,green,0,LOSS,red,0.6567,1
2060300143,4,red,0,WIN,red,0.62,0
2060300144,2,red,0,WIN,red,0.5614,0
2060300145,2,red,0,WIN,red,0.6757,1
2060300146,6,red,0,WIN,red,0.51,0
2060300147,8,red,0,WIN,red,0.78,1
2060300148,2,red,0,WIN,red,0.78,1
2060300149,4,red,0,WIN,red,0.78,1
2060300150,5,green,1,LOSS,red,0.78,1
2060300151,5,green,1,WIN,green,0.72,1
2060300152,5,green,1,WIN,green,0.72,1
2060300153,4,red,0,WIN,red,0.5614,0
2060300154,8,red,0,WIN,red,0.65,1
2060300155,8,red,0,WIN,red,0.55,0
2060300156,3,green,0,WIN,green,0.61,0
2060300157,2,red,0,WIN,red,0.54,0
2060300158,1,green,0,WIN,green,0.5286,0
2060300159,2,red,0,LOSS,green,0.7,1
2060300160,6,red,0,WIN,red,0.7,1
2060300161,0,red,1,WIN,red,0.65,1
2060300162,6,red,0,WIN,red,0.67,1
2060300163,2,red,0,WIN,red,0.78,1
2060300164,4,red,0,WIN,red,0.78,1
2060300165,9,green,0,LOSS,red,0.78,1
2060300166,5,green,1,WIN,green,0.72,1
2060300167,8,red,0,LOSS,green,0.72,1
2060300168,5,green,1,LOSS,red,0.55,0
2060300169,1,green,0,LOSS,red,0.5614,0
2060300170,0,red,1,LOSS,green,0.5667,0
2060300171,8,red,0,LOSS,green,0.55,0
2060300172,1,green,0,LOSS,red,0.5222,0
2060300173,8,red,0,WIN,red,0.61,0
2060300174,1,green,0,WIN,green,0.5286,0
2060300175,1,green,0,WIN,green,0.7,1
2060300176,1,green,0,WIN,green,0.615,0
2060300177,8,red,0,LOSS,green,0.6567,1
2060300178,7,green,0,LOSS,red,0.6,0
2060300179,2,red,0,LOSS,green,0.6809,1
2060300180,2,red,0,WIN,red,0.7,1
2060300181,7,green,0,WIN,green,0.5667,0
2060300182,5,green,1,LOSS,red,0.5433,0
2060300183,2,red,0,WIN,red,0.61,0
2060300184,8,red,0,WIN,red,0.5286,0
2060300185,4,red,0,WIN,red,0.79,1
2060300186,7,green,0,LOSS,red,0.6186,0
2060300187,3,green,0,LOSS,red,0.5567,0
2060300188,1,green,0,LOSS,red,0.5286,0
2060300189,9,green,0,WIN,green,0.54,0
2060300190,2,red,0,LOSS,green,0.78,1
2060300191,1,green,0,LOSS,red,0.72,1
2060300192,6,red,0,LOSS,green,0.5355,0
2060300193,3,green,0,LOSS,red,0.7,1
2060300194,1,green,0,WIN,green,0.7,1
2060300195,5,green,1,WIN,green,0.6186,0
2060300196,1,green,0,WIN,green,0.5614,0
2060300197,1,green,0,WIN,green,0.78,1
2060300198,2,red,0,LOSS,green,0.78,1
2060300199,5,green,1,LOSS,red,0.72,1
2060300200,7,green,0,WIN,green,0.6567,1
2060300201,1,green,0,WIN,green,0.65,1
2060300202,8,red,0,LOSS,green,0.6809,1
2060300203,9,green,0,WIN,green,0.65,1
2060300204,1,green,0,WIN,green,0.65,1
2060300205,8,red,0,LOSS,green,0.55,0
2060300206,5,green,1,WIN,green,0.5233,0
2060300207,5,green,1,WIN,green,0.69,1
2060300208,9,green,0,WIN,green,0.5678,0
2060300209,2,red,0,WIN,red,0.5529,0
2060300210,1,green,0,WIN,green,0.55,0
2060300211,3,green,0,WIN,green,0.65,1
2060300212,5,green,1,WIN,green,0.5536,0
2060300213,3,green,0,WIN,green,0.5678,0
2060300214,0,red,1,LOSS,green,0.78,1
2060300215,5,green,1,LOSS,red,0.72,1
2060300216,5,green,1,WIN,green,0.6362,0
2060300217,4,red,0,LOSS,green,0.6757,1
2060300218,8,red,0,LOSS,green,0.6186,0
2060300219,4,red,0,LOSS,green,0.5233,0
2060300220,0,red,1,LOSS,green,0.5,0
2060300221,3,green,0,LOSS,red,0.78,1
2060300222,3,green,0,WIN,green,0.72,1
2060300223,2,red,0,LOSS,green,0.72,1
2060300224,3,green,0,LOSS,red,0.6186,0
2060300225,1,green,0,LOSS,red,0.55,0
2060300226,8,red,0,LOSS,green,0.5,0
2060300227,4,red,0,LOSS,green,0.5222,0
2060300228,3,green,0,WIN,green,0.5286,0
2060300229,4,red,0,WIN,red,0.61,0
2060300230,8,red,0,LOSS,green,0.55,0
2060300231,3,green,0,LOSS,red,0.65,1
2060300232,7,green,0,WIN,green,0.6333,0
2060300233,9,green,0,LOSS,red,0.5571,0
2060300234,0,red,1,LOSS,green,0.62,0
2060300235,1,green,0,LOSS,red,0.5667,0
2060300236,9,green,0,WIN,green,0.65,1
2060300237,4,red,0,LOSS,green,0.5614,0
2060300238,0,red,1,LOSS,green,0.7,1
2060300239,6,red,0,LOSS,green,0.7,1
2060300240,3,green,0,WIN,green,0.7,1
2060300241,9,green,0,LOSS,red,0.7,1
2060300242,2,red,0,LOSS,green,0.6333,0
2060300243,1,green,0,WIN,green,0.6333,0
2060300244,3,green,0,WIN,green,0.55,0
2060300245,6,red,0,WIN,red,0.54,0
2060300246,8,red,0,LOSS,green,0.5667,0
2060300247,4,red,0,LOSS,green,0.55,0
2060300248,4,red,0,WIN,red,0.62,0
2060300249,0,red,1,WIN,red,0.78,1
2060300250,6,red,0,WIN,red,0.78,1
2060300251,0,red,1,WIN,red,0.78,1
2060300252,4,red,0,WIN,red,0.78,1
2060300253,6,red,0,WIN,red,0.78,1
2060300254,9,green,0,LOSS,red,0.78,1
2060300255,8,red,0,LOSS,green,0.72,1
2060300256,9,green,0,LOSS,red,0.65,1
2060300257,1,green,0,WIN,green,0.7,1
2060300258,5,green,1,LOSS,red,0.67,1
2060300259,6,red,0,WIN,red,0.5667,0
2060300260,5,green,1,LOSS,red,0.5286,0
2060300261,0,red,1,LOSS,green,0.6567,1
2060300262,9,green,0,LOSS,red,0.7,1
2060300263,5,green,1,WIN,green,0.7,1
2060300264,2,red,0,LOSS,green,0.6471,0
2060300265,3,green,0,WIN,green,0.64,0
2060300266,8,red,0,LOSS,green,0.6186,0
2060300267,4,red,0,WIN,red,0.7,1
2060300268,8,red,0,LOSS,green,0.5222,0
2060300269,6,red,0,WIN,red,0.6186,0
2060300270,6,red,0,WIN,red,0.78,1
2060300271,2,red,0,WIN,red,0.78,1
2060300272,9,green,0,LOSS,red,0.78,1
2060300273,2,red,0,LOSS,green,0.72,1
2060300274,5,green,1,LOSS,red,0.65,1
2060300275,6,red,0,LOSS,green,0.7,1
2060300276,5,green,1,LOSS,red,0.7,1
2060300277,1,green,0,WIN,green,0.7,1
2060300278,4,red,0,LOSS,green,0.54,0
2060300279,1,green,0,WIN,green,0.5,0
2060300280,5,green,1,WIN,green,0.6362,0
2060300281,8,red,0,LOSS,green,0.5355,0
2060300282,8,red,0,LOSS,green,0.5131,0
2060300283,2,red,0,LOSS,green,0.5,0
2060300284,2,red,0,WIN,red,0.5462,0
2060300285,5,green,1,LOSS,red,0.78,1
2060300286,9,green,0,WIN,green,0.72,1
2060300287,6,red,0,LOSS,green,0.72,1
2060300288,2,red,0,WIN,red,0.65,1
2060300289,6,red,0,WIN,red,0.5438,0
2060300290,0,red,1,LOSS,green,0.61,0
2060300291,3,green,0,LOSS,red,0.78,1
2060300292,9,green,0,WIN,green,0.72,1
2060300293,0,red,1,LOSS,green,0.72,1
2060300294,7,green,0,LOSS,red,0.6122,0
2060300295,4,red,0,WIN,red,0.5355,0
2060300296,5,green,1,LOSS,red,0.7,1
2060300297,4,red,0,LOSS,green,0.7,1
2060300298,5,green,1,LOSS,red,0.7,1
2060300299,7,green,0,WIN,green,0.7,1
2060300300,0,red,1,WIN,red,0.51,0
2060300301,4,red,0,WIN,red,0.5857,0
2060300302,4,red,0,WIN,red,0.58,0
2060300303,6,red,0,WIN,red,0.5329,0
2060300304,4,red,0,WIN,red,0.78,1
2060300305,8,red,0,WIN,red,0.78,1
2060300306,4,red,0,WIN,red,0.78,1
2060300307,7,green,0,LOSS,red,0.78,1
2060300308,9,green,0,WIN,green,0.72,1
2060300309,9,green,0,WIN,green,0.72,1
2060300310,4,red,0,WIN,red,0.65,1
2060300311,0,red,1,WIN,red,0.65,1
2060300312,3,green,0,LOSS,red,0.65,1
2060300313,5,green,1,WIN,green,0.5857,0
2060300314,8,red,0,LOSS,green,0.6757,1
2060300315,4,red,0,WIN,red,0.61,0
2060300316,4,red,0,LOSS,green,0.65,1
2060300317,7,green,0,LOSS,red,0.65,1
2060300318,8,red,0,WIN,red,0.5614,0
2060300319,1,green,0,LOSS,red,0.71,1
2060300320,4,red,0,LOSS,green,0.7,1
2060300321,5,green,1,LOSS,red,0.7,1
2060300322,1,green,0,WIN,green,0.7,1
2060300323,1,green,0,LOSS,red,0.5545,0
2060300324,3,green,0,WIN,green,0.55,0
2060300325,1,green,0,WIN,green,0.78,1
2060300326,5,green,1,WIN,green,0.78,1
2060300327,3,green,0,WIN,green,0.78,1
2060300328,9,green,0,WIN,green,0.78,1
2060300329,2,red,0,LOSS,green,0.78,1
2060300330,2,red,0,WIN,red,0.72,1
2060300331,8,red,0,WIN,red,0.72,1
2060300332,5,green,1,WIN,green,0.63,0
2060300333,0,red,1,LOSS,green,0.565,0
2060300334,6,red,0,LOSS,green,0.5222,0
2060300335,5,green,1,LOSS,red,0.7329,1
2060300336,1,green,0,LOSS,red,0.65,1
2060300337,8,red,0,LOSS,green,0.51,0
2060300338,0,red,1,WIN,red,0.6567,1
2060300339,8,red,0,WIN,red,0.7233,1
2060300340,9,green,0,LOSS,red,0.7233,1
2060300341,5,green,1,LOSS,red,0.5233,0
2060300342,6,red,0,LOSS,green,0.5,0
2060300343,0,red,1,WIN,red,0.5909,0
2060300344,3,green,0,LOSS,red,0.6122,0
2060300345,3,green,0,LOSS,red,0.65,1
2060300346,5,green,1,WIN,green,0.5,0
2060300347,6,red,0,LOSS,green,0.6122,0
2060300348,8,red,0,LOSS,green,0.5233,0
2060300349,9,green,0,WIN,green,0.54,0
2060300350,1,green,0,LOSS,red,0.5667,0
2060300351,1,green,0,WIN,green,0.6567,1
2060300352,5,green,1,WIN,green,0.6567,1
2060300353,0,red,1,LOSS,green,0.78,1
2060300354,8,red,0,WIN,red,0.72,1
2060300355,9,green,0,LOSS,red,0.72,1
2060300356,1,green,0,WIN,green,0.6186,0
2060300357,9,green,0,WIN,green,0.63,0
2060300358,5,green,1,WIN,green,0.63,0
2060300359,2,red,0,LOSS,green,0.78,1
2060300360,0,red,1,WIN,red,0.72,1
2060300361,7,green,0,LOSS,red,0.72,1
2060300362,3,green,0,WIN,green,0.63,0
2060300363,4,red,0,LOSS,green,0.6445,0
2060300364,3,green,0,WIN,green,0.65,1
2060300365,7,green,0,WIN,green,0.5678,0
2060300366,7,green,0,WIN,green,0.5678,0
2060300367,4,red,0,LOSS,green,0.6122,0
2060300368,4,red,0,LOSS,green,0.65,1
2060300369,1,green,0,WIN,green,0.6757,1
2060300370,0,red,1,LOSS,green,0.65,1
2060300371,0,red,1,LOSS,green,0.7,1
2060300372,9,green,0,WIN,green,0.7,1
2060300373,4,red,0,LOSS,green,0.5286,0
2060300374,1,green,0,LOSS,red,0.7011,1
2060300375,9,green,0,WIN,green,0.7,1
2060300376,3,green,0,WIN,green,0.5222,0
2060300377,4,red,0,LOSS,green,0.69,1
2060300378,3,green,0,LOSS,red,0.5667,0
2060300379,5,green,1,WIN,green,0.6362,0
2060300380,0,red,1,LOSS,green,0.64,0
2060300381,7,green,0,WIN,green,0.6567,1
2060300382,7,green,0,WIN,green,0.7011,1
2060300383,4,red,0,LOSS,green,0.65,1
2060300384,3,green,0,WIN,green,0.5233,0
2060300385,6,red,0,LOSS,green,0.7011,1
2060300386,8,red,0,WIN,red,0.7,1
2060300387,4,red,0,WIN,red,0.6,0
2060300388,7,green,0,LOSS,red,0.6186,0
2060300389,0,red,1,WIN,red,0.6333,0
2060300390,8,red,0,WIN,red,0.65,1
2060300391,2,red,0,WIN,red,0.69,1
2060300392,2,red,0,WIN,red,0.5355,0
2060300393,6,red,0,WIN,red,0.78,1
2060300394,1,green,0,LOSS,red,0.78,1
2060300395,3,green,0,WIN,green,0.72,1
2060300396,0,red,1,LOSS,green,0.72,1
2060300397,4,red,0,LOSS,green,0.53,0
2060300398,7,green,0,LOSS,red,0.6362,0
2060300399,6,red,0,WIN,red,0.71,1
2060300400,3,green,0,LOSS,red,0.5678,0
2060300401,1,green,0,WIN,green,0.7,1
2060300402,7,green,0,WIN,green,0.63,0
2060300403,7,green,0,WIN,green,0.63,0
2060300404,4,red,0,LOSS,green,0.78,1
2060300405,0,red,1,WIN,red,0.72,1
2060300406,6,red,0,WIN,red,0.72,1
2060300407,3,green,0,WIN,green,0.5,0
2060300408,3,green,0,WIN,green,0.71,1
2060300409,0,red,1,WIN,red,0.5433,0
2060300410,6,red,0,LOSS,green,0.5,0
2060300411,4,red,0,WIN,red,0.63,0
2060300412,8,red,0,WIN,red,0.65,1
2060300413,4,red,0,WIN,red,0.78,1
2060300414,7,green,0,LOSS,red,0.78,1
2060300415,4,red,0,LOSS,green,0.72,1
2060300416,2,red,0,LOSS,green,0.5433,0
2060300417,2,red,0,WIN,red,0.55,0
2060300418,5,green,1,LOSS,red,0.615,0
2060300419,2,red,0,LOSS,green,0.5529,0
2060300420,5,green,1,WIN,green,0.53,0
2060300421,2,red,0,LOSS,green,0.7,1
2060300422,2,red,0,WIN,red,0.7,1
2060300423,9,green,0,LOSS,red,0.54,0
2060300424,0,red,1,WIN,red,0.65,1
2060300425,7,green,0,LOSS,red,0.65,1
2060300426,0,red,1,LOSS,green,0.7,1
2060300427,4,red,0,WIN,red,0.7,1
2060300428,4,red,0,WIN,red,0.6362,0
2060300429,0,red,1,WIN,red,0.64,0
2060300430,4,red,0,WIN,red,0.78,1
2060300431,1,green,0,LOSS,red,0.78,1
2060300432,7,green,0,WIN,green,0.72,1
2060300433,4,red,0,LOSS,green,0.72,1
2060300434,7,green,0,WIN,green,0.5009,0
2060300435,3,green,0,LOSS,red,0.63,0
2060300436,4,red,0,LOSS,green,0.5462,0
2060300437,1,green,0,WIN,green,0.5,0
2060300438,4,red,0,LOSS,green,0.5355,0
2060300439,0,red,1,WIN,red,0.7,1
2060300440,4,red,0,WIN,red,0.6111,0
2060300441,6,red,0,WIN,red,0.65,1
2060300442,2,red,0,WIN,red,0.78,1
2060300443,9,green,0,LOSS,red,0.78,1
2060300444,6,red,0,LOSS,green,0.72,1
2060300445,7,green,0,LOSS,red,0.5043,0
2060300446,7,green,0,WIN,green,0.7,1
2060300447,4,red,0,WIN,red,0.6186,0
2060300448,3,green,0,LOSS,red,0.7173,1
2060300449,5,green,1,LOSS,red,0.5462,0
2060300450,6,red,0,LOSS,green,0.65,1
2060300451,3,green,0,WIN,green,0.5614,0
2060300452,1,green,0,WIN,green,0.5614,0
2060300453,1,green,0,WIN,green,0.67,1
2060300454,2,red,0,LOSS,green,0.6445,0
2060300455,0,red,1,LOSS,green,0.65,1
2060300456,2,red,0,LOSS,green,0.6567,1
2060300457,2,red,0,LOSS,green,0.6077,0
2060300458,8,red,0,WIN,red,0.78,1
2060300459,3,green,0,LOSS,red,0.78,1
2060300460,4,red,0,LOSS,green,0.72,1
2060300461,0,red,1,WIN,red,0.65,1
2060300462,2,red,0,WIN,red,0.65,1
2060300463,7,green,0,LOSS,red,0.65,1
2060300464,7,green,0,WIN,green,0.51,0
2060300465,7,green,0,LOSS,red,0.65,1
2060300466,7,green,0,WIN,green,0.58,0
2060300467,1,green,0,WIN,green,0.78,1
2060300468,9,green,0,WIN,green,0.78,1
2060300469,1,green,0,WIN,green,0.78,1
2060300470,3,green,0,WIN,green,0.78,1
2060300471,0,red,1,LOSS,green,0.78,1
2060300472,3,green,0,LOSS,red,0.72,1
2060300473,2,red,0,LOSS,green,0.51,0
2060300474,1,green,0,LOSS,red,0.7,1
2060300475,2,red,0,LOSS,green,0.7,1
2060300476,7,green,0,LOSS,red,0.7,1
2060300477,9,green,0,WIN,green,0.7,1
2060300478,7,green,0,LOSS,red,0.53,0
2060300479,8,red,0,LOSS,green,0.63,0
2060300480,4,red,0,WIN,red,0.5433,0
2060400001,7,green,0,WIN,green,0.5222,0
2060400002,8,red,0,LOSS,green,0.5678,0
2060400003,4,red,0,LOSS,green,0.62,0
2060400004,3,green,0,WIN,green,0.5667,0
2060400005,2,red,0,LOSS,green,0.5,0
2060400006,8,red,0,WIN,red,0.67,1
2060400007,9,green,0,LOSS,red,0.65,1
2060400008,6,red,0,WIN,red,0.55,0
2060400009,5,green,1,LOSS,red,0.6445,0
2060400010,3,green,0,WIN,green,0.7,1
2060400011,0,red,1,LOSS,green,0.54,0
2060400012,0,red,1,LOSS,green,0.5,0
2060400013,2,red,0,WIN,red,0.65,1
2060400014,7,green,0,LOSS,red,0.6122,0
2060400015,4,red,0,WIN,red,0.5222,0
2060400016,7,green,0,LOSS,red,0.5614,0
2060400017,7,green,0,WIN,green,0.7,1
2060400018,9,green,0,WIN,green,0.525,0
2060400019,7,green,0,LOSS,red,0.5667,0
2060400020,2,red,0,LOSS,green,0.78,1
2060400021,7,green,0,LOSS,red,0.72,1
2060400022,4,red,0,LOSS,green,0.64,0
2060400023,8,red,0,WIN,red,0.7,1
2060400024,3,green,0,WIN,green,0.7,1
2060400025,4,red,0,LOSS,green,0.5614,0
2060400026,0,red,1,LOSS,green,0.65,1
2060400027,1,green,0,LOSS,red,0.69,1
2060400028,7,green,0,LOSS,red,0.5614,0
2060400029,4,red,0,WIN,red,0.6,0
2060400030,1,green,0,LOSS,red,0.65,1
2060400031,8,red,0,WIN,red,0.6273,0
2060400032,6,red,0,WIN,red,0.7,1
2060400033,3,green,0,LOSS,red,0.5233,0
2060400034,3,green,0,WIN,green,0.62,0
2060400035,6,red,0,LOSS,green,0.6567,1
2060400036,6,red,0,LOSS,green,0.5,0
2060400037,2,red,0,WIN,red,0.79,1
2060400038,7,green,0,LOSS,red,0.65,1
2060400039,9,green,0,LOSS,red,0.5043,0
2060400040,9,green,0,LOSS,red,0.5222,0
2060400041,0,red,1,LOSS,green,0.5678,0
2060400042,3,green,0,WIN,green,0.5333,0
2060400043,9,green,0,WIN,green,0.55,0
2060400044,7,green,0,WIN,green,0.64,0
2060400045,6,red,0,LOSS,green,0.6186,0
2060400046,5,green,1,WIN,green,0.6757,1
2060400047,4,red,0,LOSS,green,0.6809,1
2060400048,3,green,0,LOSS,red,0.7,1
2060400049,2,red,0,LOSS,green,0.7,1
2060400050,9,green,0,LOSS,red,0.7,1
2060400051,7,green,0,WIN,green,0.7,1
2060400052,2,red,0,WIN,red,0.5009,0
2060400053,6,red,0,WIN,red,0.6,0
2060400054,2,red,0,WIN,red,0.5909,0
2060400055,6,red,0,WIN,red,0.55,0
2060400056,8,red,0,WIN,red,0.78,1
2060400057,1,green,0,LOSS,red,0.78,1
2060400058,5,green,1,WIN,green,0.72,1
2060400059,8,red,0,LOSS,green,0.72,1
2060400060,2,red,0,LOSS,green,0.5033,0
2060400061,9,green,0,LOSS,red,0.6186,0
2060400062,4,red,0,WIN,red,0.7233,1
2060400063,9,green,0,LOSS,red,0.55,0
2060400064,0,red,1,LOSS,green,0.7,1
2060400065,0,red,1,WIN,red,0.7,1
2060400066,7,green,0,LOSS,red,0.5438,0
2060400067,2,red,0,WIN,red,0.54,0
2060400068,1,green,0,LOSS,red,0.6567,1
2060400069,8,red,0,LOSS,green,0.7,1
2060400070,2,red,0,WIN,red,0.7,1
2060400071,9,green,0,LOSS,red,0.6471,0
2060400072,2,red,0,WIN,red,0.6669,1
2060400073,1,green,0,LOSS,red,0.6362,0
2060400074,8,red,0,LOSS,green,0.7,1
2060400075,4,red,0,WIN,red,0.7,1
2060400076,6,red,0,WIN,red,0.63,0
2060400077,8,red,0,WIN,red,0.6567,1
2060400078,6,red,0,WIN,red,0.78,1
2060400079,3,green,0,LOSS,red,0.78,1
2060400080,9,green,0,WIN,green,0.72,1
2060400081,8,red,0,LOSS,green,0.72,1
2060400082,2,red,0,LOSS,green,0.51,0
2060400083,2,red,0,WIN,red,0.65,1
2060400084,8,red,0,WIN,red,0.65,1
2060400085,8,red,0,WIN,red,0.78,1
2060400086,3,green,0,LOSS,red,0.78,1
2060400087,8,red,0,LOSS,green,0.72,1
2060400088,2,red,0,WIN,red,0.5043,0
2060400089,6,red,0,WIN,red,0.6567,1
2060400090,5,green,1,LOSS,red,0.65,1
2060400091,2,red,0,LOSS,green,0.5211,0
2060400092,8,red,0,LOSS,green,0.5433,0
2060400093,7,green,0,LOSS,red,0.6233,0
2060400094,4,red,0,WIN,red,0.7456,1
2060400095,0,red,1,WIN,red,0.65,1
2060400096,8,red,0,WIN,red,0.6445,0
2060400097,0,red,1,LOSS,green,0.5211,0
2060400098,8,red,0,WIN,red,0.78,1
2060400099,7,green,0,LOSS,red,0.78,1
2060400100,7,green,0,WIN,green,0.72,1
2060400101,4,red,0,LOSS,green,0.72,1
2060400102,2,red,0,WIN,red,0.5131,0
2060400103,9,green,0,LOSS,red,0.615,0
2060400104,6,red,0,WIN,red,0.7329,1
2060400105,4,red,0,WIN,red,0.5355,0
2060400106,2,red,0,WIN,red,0.74,1
2060400107,7,green,0,LOSS,red,0.5678,0
2060400108,8,red,0,WIN,red,0.6122,0
2060400109,4,red,0,WIN,red,0.6122,0
2060400110,1,green,0,LOSS,red,0.6567,1
2060400111,2,red,0,WIN,red,0.75,1
2060400112,3,green,0,LOSS,red,0.6233,0
2060400113,4,red,0,LOSS,green,0.7,1
2060400114,1,green,0,LOSS,red,0.7,1
2060400115,5,green,1,WIN,green,0.7,1
2060400116,5,green,1,LOSS,red,0.5667,0
2060400117,0,red,1,LOSS,green,0.65,1
2060400118,7,green,0,WIN,green,0.65,1
2060400119,2,red,0,LOSS,green,0.55,0
2060400120,4,red,0,WIN,red,0.7,1
2060400121,3,green,0,WIN,green,0.62,0
2060400122,3,green,0,WIN,green,0.5043,0
2060400123,1,green,0,LOSS,red,0.61,0
2060400124,6,red,0,LOSS,green,0.5233,0
2060400125,7,green,0,LOSS,red,0.5667,0
2060400126,0,red,1,LOSS,green,0.6122,0
2060400127,4,red,0,WIN,red,0.7,1
2060400128,6,red,0,LOSS,green,0.5,0
2060400129,5,green,1,WIN,green,0.5,0
2060400130,0,red,1,WIN,red,0.7,1
2060400131,5,green,1,LOSS,red,0.5678,0
2060400132,0,red,1,LOSS,green,0.7,1
2060400133,9,green,0,LOSS,red,0.7,1
2060400134,7,green,0,WIN,green,0.7,1
2060400135,4,red,0,WIN,red,0.5333,0
2060400136,2,red,0,LOSS,green,0.5,0
2060400137,4,red,0,WIN,red,0.5545,0
2060400138,3,green,0,LOSS,red,0.565,0
2060400139,9,green,0,LOSS,red,0.525,0
2060400140,0,red,1,LOSS,green,0.5545,0
2060400141,6,red,0,LOSS,green,0.6429,0
2060400142,0,red,1,WIN,red,0.65,1
2060400143,1,green,0,LOSS,red,0.6233,0
2060400144,8,red,0,WIN,red,0.65,1
2060400145,8,red,0,WIN,red,0.6567,1
2060400146,2,red,0,WIN,red,0.51,0
2060400147,5,green,1,LOSS,red,0.5678,0
2060400148,0,red,1,WIN,red,0.65,1
2060400149,2,red,0,WIN,red,0.6833,1
2060400150,9,green,0,LOSS,red,0.65,1
2060400151,9,green,0,LOSS,red,0.7536,1
2060400152,8,red,0,WIN,red,0.71,1
2060400153,1,green,0,LOSS,red,0.6757,1
2060400154,8,red,0,WIN,red,0.5824,0
2060400155,1,green,0,LOSS,red,0.7,1
2060400156,6,red,0,LOSS,green,0.7,1
2060400157,9,green,0,LOSS,red,0.7,1
2060400158,5,green,1,WIN,green,0.7,1
2060400159,6,red,0,WIN,red,0.5211,0
2060400160,6,red,0,WIN,red,0.6111,0
2060400161,2,red,0,WIN,red,0.6,0
2060400162,5,green,1,LOSS,red,0.5547,0
2060400163,1,green,0,WIN,green,0.5,0
2060400164,3,green,0,WIN,green,0.5333,0
2060400165,8,red,0,LOSS,green,0.6253,0
2060400166,0,red,1,LOSS,green,0.5462,0
2060400167,3,green,0,LOSS,red,0.67,1
2060400168,0,red,1,LOSS,green,0.5462,0
2060400169,9,green,0,WIN,green,0.5667,0
2060400170,5,green,1,WIN,green,0.7,1
2060400171,7,green,0,WIN,green,0.65,1
2060400172,2,red,0,LOSS,green,0.64,0
2060400173,3,green,0,LOSS,red,0.54,0
2060400174,4,red,0,LOSS,green,0.6471,0
2060400175,2,red,0,WIN,red,0.7,1
2060400176,4,red,0,LOSS,green,0.6333,0
2060400177,0,red,1,LOSS,green,0.5,0
2060400178,9,green,0,LOSS,red,0.78,1
2060400179,7,green,0,WIN,green,0.72,1
2060400180,0,red,1,LOSS,green,0.72,1
2060400181,7,green,0,WIN,green,0.53,0
2060400182,8,red,0,WIN,red,0.69,1
2060400183,7,green,0,LOSS,red,0.7,1
2060400184,5,green,1,WIN,green,0.7,1
2060400185,9,green,0,WIN,green,0.7329,1
2060400186,9,green,0,WIN,green,0.5678,0
2060400187,3,green,0,WIN,green,0.78,1
2060400188,0,red,1,LOSS,green,0.78,1
2060400189,9,green,0,LOSS,red,0.72,1
2060400190,7,green,0,WIN,green,0.6669,1
2060400191,1,green,0,WIN,green,0.65,1
2060400192,7,green,0,WIN,green,0.6567,1
2060400193,4,red,0,LOSS,green,0.78,1
2060400194,7,green,0,LOSS,red,0.72,1
2060400195,6,red,0,LOSS,green,0.6471,0
2060400196,2,red,0,WIN,red,0.7,1
2060400197,8,red,0,LOSS,green,0.65,1
2060400198,8,red,0,LOSS,green,0.5,0
2060400199,1,green,0,LOSS,red,0.78,1
2060400200,1,green,0,WIN,green,0.72,1
2060400201,7,green,0,WIN,green,0.72,1
2060400202,0,red,1,LOSS,green,0.6429,0
2060400203,3,green,0,LOSS,red,0.6186,0
2060400204,7,green,0,WIN,green,0.5,0
2060400205,3,green,0,WIN,green,0.6186,0
2060400206,7,green,0,WIN,green,0.65,1
2060400207,7,green,0,WIN,green,0.78,1
2060400208,0,red,1,LOSS,green,0.78,1
2060400209,4,red,0,WIN,red,0.72,1
2060400210,1,green,0,LOSS,red,0.72,1
2060400211,3,green,0,WIN,green,0.54,0
2060400212,9,green,0,WIN,green,0.5043,0
2060400213,2,red,0,LOSS,green,0.5233,0
2060400214,2,red,0,LOSS,green,0.65,1
2060400215,7,green,0,LOSS,red,0.58,0
2060400216,1,green,0,LOSS,red,0.54,0
2060400217,4,red,0,LOSS,green,0.6757,1
2060400218,3,green,0,LOSS,red,0.61,0
2060400219,1,green,0,WIN,green,0.65,1
2060400220,4,red,0,LOSS,green,0.65,1
2060400221,4,red,0,LOSS,green,0.5667,0
2060400222,5,green,1,WIN,green,0.5,0
2060400223,5,green,1,LOSS,red,0.61,0
2060400224,5,green,1,WIN,green,0.65,1
2060400225,7,green,0,WIN,green,0.5233,0
2060400226,0,red,1,LOSS,green,0.78,1
2060400227,9,green,0,LOSS,red,0.72,1
2060400228,2,red,0,LOSS,green,0.54,0
2060400229,8,red,0,WIN,red,0.7,1
2060400230,8,red,0,LOSS,green,0.51,0
2060400231,9,green,0,WIN,green,0.5,0
2060400232,5,green,1,WIN,green,0.5667,0
2060400233,0,red,1,LOSS,green,0.7,1
2060400234,2,red,0,WIN,red,0.64,0
2060400235,5,green,1,LOSS,red,0.65,1
2060400236,7,green,0,LOSS,red,0.51,0
2060400237,6,red,0,LOSS,green,0.5333,0
2060400238,5,green,1,LOSS,red,0.58,0
2060400239,0,red,1,LOSS,green,0.5614,0
2060400240,8,red,0,WIN,red,0.7,1
2060400241,0,red,1,WIN,red,0.71,1
2060400242,7,green,0,LOSS,red,0.6567,1
2060400243,8,red,0,WIN,red,0.5769,0
2060400244,6,red,0,WIN,red,0.6122,0
2060400245,9,green,0,LOSS,red,0.7011,1
2060400246,0,red,1,WIN,red,0.5614,0
2060400247,7,green,0,LOSS,red,0.65,1
2060400248,1,green,0,WIN,green,0.7,1
2060400249,1,green,0,LOSS,red,0.5667,0
2060400250,5,green,1,LOSS,red,0.7,1
2060400251,5,green,1,WIN,green,0.78,1
2060400252,3,green,0,WIN,green,0.78,1
2060400253,8,red,0,LOSS,green,0.78,1
2060400254,4,red,0,WIN,red,0.72,1
2060400255,3,green,0,LOSS,red,0.72,1
2060400256,3,green,0,WIN,green,0.55,0
2060400257,2,red,0,LOSS,green,0.6186,0
2060400258,0,red,1,LOSS,green,0.65,1
2060400259,7,green,0,WIN,green,0.58,0
2060400260,0,red,1,WIN,red,0.5286,0
2060400261,6,red,0,WIN,red,0.65,1
2060400262,1,green,0,WIN,green,0.5211,0
2060400263,1,green,0,WIN,green,0.5,0
2060400264,0,red,1,WIN,red,0.54,0
2060400265,2,red,0,WIN,red,0.65,1
2060400266,8,red,0,WIN,red,0.6233,0
2060400267,1,green,0,LOSS,red,0.6977,1
2060400268,8,red,0,LOSS,green,0.51,0
2060400269,4,red,0,WIN,red,0.6567,1
2060400270,4,red,0,WIN,red,0.5355,0
2060400271,7,green,0,LOSS,red,0.5614,0
2060400272,5,green,1,LOSS,red,0.65,1
2060400273,2,red,0,WIN,red,0.6809,1
2060400274,2,red,0,WIN,red,0.6757,1
2060400275,1,green,0,LOSS,red,0.65,1
2060400276,8,red,0,LOSS,green,0.5009,0
2060400277,5,green,1,LOSS,red,0.6186,0
2060400278,5,green,1,WIN,green,0.7,1
2060400279,0,red,1,LOSS,green,0.6445,0
2060400280,1,green,0,LOSS,red,0.5286,0
2060400281,1,green,0,WIN,green,0.5571,0
2060400282,3,green,0,WIN,green,0.6122,0
2060400283,7,green,0,WIN,green,0.5614,0
2060400284,2,red,0,LOSS,green,0.78,1
2060400285,3,green,0,LOSS,red,0.72,1
2060400286,0,red,1,LOSS,green,0.63,0
2060400287,4,red,0,WIN,red,0.7,1
2060400288,3,green,0,WIN,green,0.5567,0
2060400289,9,green,0,WIN,green,0.54,0
2060400290,3,green,0,WIN,green,0.69,1
2060400291,8,red,0,LOSS,green,0.5043,0
2060400292,7,green,0,LOSS,red,0.5286,0
2060400293,1,green,0,WIN,green,0.65,1
2060400294,9,green,0,WIN,green,0.54,0
2060400295,4,red,0,WIN,red,0.53,0
2060400296,4,red,0,LOSS,green,0.69,1
2060400297,1,green,0,WIN,green,0.5233,0
2060400298,3,green,0,LOSS,red,0.61,0
2060400299,2,red,0,LOSS,green,0.71,1
2060400300,8,red,0,LOSS,green,0.5233,0
2060400301,3,green,0,WIN,green,0.6111,0
2060400302,8,red,0,WIN,red,0.54,0
2060400303,5,green,1,LOSS,red,0.65,1
2060400304,7,green,0,WIN,green,0.7,1
2060400305,6,red,0,LOSS,green,0.6233,0
2060400306,1,green,0,WIN,green,0.5,0
2060400307,7,green,0,WIN,green,0.5286,0
2060400308,7,green,0,WIN,green,0.63,0
2060400309,4,red,0,LOSS,green,0.65,1
2060400310,9,green,0,WIN,green,0.6186,0
2060400311,6,red,0,LOSS,green,0.6122,0
2060400312,7,green,0,LOSS,red,0.7,1
2060400313,0,red,1,LOSS,green,0.7,1
2060400314,8,red,0,WIN,red,0.7,1
2060400315,1,green,0,WIN,green,0.6429,0
2060400316,3,green,0,LOSS,red,0.5333,0
2060400317,1,green,0,WIN,green,0.7,1
2060400318,9,green,0,LOSS,red,0.5177,0
2060400319,1,green,0,WIN,green,0.78,1
2060400320,1,green,0,WIN,green,0.78,1
2060400321,9,green,0,WIN,green,0.78,1
2060400322,1,green,0,WIN,green,0.78,1
2060400323,6,red,0,LOSS,green,0.78,1
2060400324,9,green,0,LOSS,red,0.72,1
2060400325,7,green,0,WIN,green,0.5614,0
2060400326,1,green,0,WIN,green,0.6362,0
2060400327,8,red,0,LOSS,green,0.54,0
2060400328,0,red,1,LOSS,green,0.6122,0
2060400329,0,red,1,LOSS,green,0.5043,0
2060400330,4,red,0,LOSS,green,0.7,1
2060400331,6,red,0,WIN,red,0.78,1
2060400332,4,red,0,WIN,red,0.78,1
2060400333,4,red,0,WIN,red,0.78,1
2060400334,4,red,0,WIN,red,0.78,1
2060400335,6,red,0,WIN,red,0.78,1
2060400336,6,red,0,WIN,red,0.78,1
2060400337,9,green,0,LOSS,red,0.78,1
2060400338,3,green,0,WIN,green,0.72,1
2060400339,5,green,1,WIN,green,0.72,1
2060400340,2,red,0,WIN,red,0.6122,0
2060400341,4,red,0,WIN,red,0.6233,0
2060400342,4,red,0,WIN,red,0.5567,0
2060400343,0,red,1,LOSS,green,0.61,0
2060400344,8,red,0,WIN,red,0.78,1
2060400345,3,green,0,LOSS,red,0.78,1
2060400346,8,red,0,LOSS,green,0.72,1
2060400347,0,red,1,WIN,red,0.71,1
2060400348,0,red,1,WIN,red,0.6757,1
2060400349,0,red,1,WIN,red,0.5614,0
2060400350,3,green,0,LOSS,red,0.78,1
2060400351,0,red,1,LOSS,green,0.72,1
2060400352,2,red,0,WIN,red,0.65,1
2060400353,0,red,1,WIN,red,0.6567,1
2060400354,7,green,0,LOSS,red,0.65,1
2060400355,8,red,0,WIN,red,0.5355,0
2060400356,1,green,0,LOSS,red,0.5043,0
2060400357,5,green,1,WIN,green,0.7,1
2060400358,7,green,0,WIN,green,0.5667,0
2060400359,1,green,0,LOSS,red,0.5286,0
2060400360,4,red,0,LOSS,green,0.78,1
2060400361,2,red,0,WIN,red,0.72,1
2060400362,8,red,0,WIN,red,0.72,1
2060400363,0,red,1,LOSS,green,0.5286,0
2060400364,5,green,1,LOSS,red,0.78,1
2060400365,7,green,0,WIN,green,0.72,1
2060400366,8,red,0,LOSS,green,0.72,1
2060400367,8,red,0,WIN,red,0.615,0
2060400368,0,red,1,WIN,red,0.5614,0
2060400369,3,green,0,WIN,green,0.5433,0
2060400370,2,red,0,WIN,red,0.5233,0
2060400371,3,green,0,LOSS,red,0.67,1
2060400372,6,red,0,LOSS,green,0.7,1
2060400373,0,red,1,WIN,red,0.7,1
2060400374,6,red,0,WIN,red,0.65,1
2060400375,9,green,0,LOSS,red,0.6809,1
2060400376,1,green,0,LOSS,red,0.64,0
2060400377,0,red,1,LOSS,green,0.5857,0
2060400378,4,red,0,WIN,red,0.6186,0
2060400379,4,red,0,WIN,red,0.65,1
2060400380,4,red,0,WIN,red,0.51,0
2060400381,0,red,1,WIN,red,0.78,1
2060400382,4,red,0,WIN,red,0.78,1
2060400383,8,red,0,WIN,red,0.78,1
2060400384,0,red,1,WIN,red,0.78,1
2060400385,7,green,0,LOSS,red,0.78,1
2060400386,7,green,0,WIN,green,0.72,1
2060400387,4,red,0,LOSS,green,0.72,1
2060400388,5,green,1,LOSS,red,0.5614,0
2060400389,1,green,0,LOSS,red,0.55,0
2060400390,9,green,0,WIN,green,0.5286,0
2060400391,7,green,0,WIN,green,0.5567,0
2060400392,6,red,0,LOSS,green,0.78,1
2060400393,8,red,0,WIN,red,0.72,1
2060400394,0,red,1,WIN,red,0.72,1
2060400395,3,green,0,WIN,green,0.5,0
2060400396,8,red,0,LOSS,green,0.7233,1
2060400397,3,green,0,WIN,green,0.5,0
2060400398,0,red,1,LOSS,green,0.7,1
2060400399,4,red,0,WIN,red,0.7,1
2060400400,2,red,0,WIN,red,0.615,0
2060400401,4,red,0,WIN,red,0.6567,1
2060400402,3,green,0,LOSS,red,0.78,1
2060400403,7,green,0,WIN,green,0.72,1
2060400404,2,red,0,LOSS,green,0.72,1
2060400405,2,red,0,LOSS,green,0.5433,0
2060400406,6,red,0,LOSS,green,0.61,0
2060400407,4,red,0,LOSS,green,0.5529,0
2060400408,4,red,0,WIN,red,0.78,1
2060400409,0,red,1,WIN,red,0.78,1
2060400410,2,red,0,WIN,red,0.78,1
2060400411,9,green,0,LOSS,red,0.78,1
2060400412,8,red,0,LOSS,green,0.72,1
2060400413,4,red,0,WIN,red,0.5614,0
2060400414,4,red,0,WIN,red,0.6567,1
2060400415,8,red,0,WIN,red,0.65,1
2060400416,8,red,0,WIN,red,0.78,1
2060400417,6,red,0,WIN,red,0.78,1
2060400418,5,green,1,LOSS,red,0.78,1
2060400419,4,red,0,LOSS,green,0.72,1
2060400420,0,red,1,WIN,red,0.5614,0
2060400421,7,green,0,LOSS,red,0.63,0
2060400422,1,green,0,LOSS,red,0.5614,0
2060400423,6,red,0,WIN,red,0.6122,0
2060400424,1,green,0,LOSS,red,0.65,1
2060400425,8,red,0,WIN,red,0.5889,0
2060400426,6,red,0,WIN,red,0.7,1
2060400427,3,green,0,LOSS,red,0.5043,0
2060400428,4,red,0,LOSS,green,0.6333,0
2060400429,6,red,0,WIN,red,0.5286,0
2060400430,0,red,1,WIN,red,0.63,0
2060400431,6,red,0,WIN,red,0.5233,0
2060400432,3,green,0,LOSS,red,0.78,1
2060400433,2,red,0,LOSS,green,0.72,1
2060400434,1,green,0,LOSS,red,0.67,1
2060400435,6,red,0,LOSS,green,0.7,1
2060400436,3,green,0,LOSS,red,0.7,1
2060400437,6,red,0,LOSS,green,0.7,1
2060400438,9,green,0,LOSS,red,0.7,1
2060400439,0,red,1,LOSS,green,0.7,1
2060400440,8,red,0,WIN,red,0.7,1
2060400441,2,red,0,WIN,red,0.54,0
2060400442,8,red,0,WIN,red,0.64,0
2060400443,5,green,1,LOSS,red,0.78,1
2060400444,5,green,1,WIN,green,0.72,1
2060400445,4,red,0,LOSS,green,0.72,1
2060400446,0,red,1,WIN,red,0.5043,0
2060400447,0,red,1,LOSS,green,0.53,0
2060400448,7,green,0,WIN,green,0.51,0
2060400449,9,green,0,LOSS,red,0.55,0
2060400450,6,red,0,WIN,red,0.5333,0
2060400451,3,green,0,LOSS,red,0.6,0
2060400452,7,green,0,WIN,green,0.5667,0
2060400453,9,green,0,LOSS,red,0.5545,0
2060400454,4,red,0,LOSS,green,0.6186,0
2060400455,3,green,0,WIN,green,0.65,1
2060400456,2,red,0,LOSS,green,0.5043,0
2060400457,7,green,0,LOSS,red,0.7,1
2060400458,0,red,1,LOSS,green,0.7,1
2060400459,1,green,0,LOSS,red,0.7,1
2060400460,2,red,0,LOSS,green,0.7,1
2060400461,0,red,1,WIN,red,0.7,1
2060400462,7,green,0,LOSS,red,0.6757,1
2060400463,3,green,0,LOSS,red,0.5857,0
2060400464,6,red,0,LOSS,green,0.5222,0
2060400465,5,green,1,LOSS,red,0.5769,0
2060400466,9,green,0,LOSS,red,0.54,0
2060400467,6,red,0,LOSS,green,0.6122,0
2060400468,3,green,0,WIN,green,0.54,0
2060400469,9,green,0,WIN,green,0.7233,1
2060400470,3,green,0,WIN,green,0.5678,0
2060400471,9,green,0,WIN,green,0.6233,0
2060400472,6,red,0,LOSS,green,0.78,1
2060400473,7,green,0,LOSS,red,0.72,1
2060400474,0,red,1,LOSS,green,0.65,1
2060400475,7,green,0,LOSS,red,0.7,1
2060400476,7,green,0,WIN,green,0.7,1
2060400477,7,green,0,WIN,green,0.64,0
2060400478,3,green,0,WIN,green,0.65,1
2060400479,1,green,0,WIN,green,0.78,1
2060400480,7,green,0,WIN,green,0.78,1
2060500001,8,red,0,LOSS,green,0.78,1
2060500002,7,green,0,LOSS,red,0.72,1
2060500003,0,red,1,LOSS,green,0.6977,1
2060500004,6,red,0,WIN,red,0.7,1
2060500005,3,green,0,WIN,green,0.69,1
2060500006,9,green,0,WIN,green,0.6122,0
2060500007,2,red,0,LOSS,green,0.7011,1
2060500008,2,red,0,WIN,red,0.55,0
2060500009,2,red,0,WIN,red,0.79,1
2060500010,9,green,0,LOSS,red,0.5678,0
2060500011,6,red,0,WIN,red,0.5233,0
2060500012,0,red,1,WIN,red,0.6757,1
2060500013,1,green,0,LOSS,red,0.5567,0
2060500014,0,red,1,WIN,red,0.5355,0
2060500015,0,red,1,WIN,red,0.6757,1
2060500016,0,red,1,WIN,red,0.6567,1
2060500017,7,green,0,LOSS,red,0.51,0
2060500018,3,green,0,LOSS,red,0.6567,1
2060500019,6,red,0,WIN,red,0.6567,1
2060500020,4,red,0,WIN,red,0.6233,0
2060500021,5,green,1,LOSS,red,0.5678,0
2060500022,5,green,1,LOSS,red,0.5233,0
2060500023,4,red,0,LOSS,green,0.5,0
2060500024,4,red,0,WIN,red,0.5545,0
2060500025,5,green,1,WIN,green,0.5462,0
2060500026,9,green,0,WIN,green,0.5,0
2060500027,8,red,0,WIN,red,0.7,1
2060500028,5,green,1,WIN,green,0.7,1
2060500029,1,green,0,WIN,green,0.54,0
2060500030,3,green,0,WIN,green,0.65,1
2060500031,7,green,0,WIN,green,0.65,1
2060500032,7,green,0,WIN,green,0.78,1
2060500033,6,red,0,LOSS,green,0.78,1
2060500034,3,green,0,LOSS,red,0.72,1
2060500035,1,green,0,WIN,green,0.6186,0
2060500036,2,red,0,LOSS,green,0.6186,0
2060500037,8,red,0,LOSS,green,0.6186,0
2060500038,7,green,0,WIN,green,0.6567,1
2060500039,0,red,1,LOSS,green,0.5614,0
2060500040,7,green,0,LOSS,red,0.5857,0
2060500041,1,green,0,WIN,green,0.7,1
2060500042,4,red,0,LOSS,green,0.6186,0
2060500043,5,green,1,WIN,green,0.5222,0
2060500044,1,green,0,WIN,green,0.55,0
2060500045,6,red,0,LOSS,green,0.6445,0
2060500046,7,green,0,WIN,green,0.65,1
2060500047,9,green,0,WIN,green,0.65,1
2060500048,8,red,0,LOSS,green,0.6809,1
2060500049,0,red,1,LOSS,green,0.69,1
2060500050,4,red,0,WIN,red,0.6,0
2060500051,7,green,0,LOSS,red,0.5571,0
2060500052,3,green,0,WIN,green,0.5737,0
2060500053,1,green,0,WIN,green,0.6077,0
2060500054,9,green,0,WIN,green,0.6122,0
2060500055,1,green,0,WIN,green,0.78,1
2060500056,4,red,0,LOSS,green,0.78,1
2060500057,0,red,1,WIN,red,0.72,1
2060500058,0,red,1,WIN,red,0.72,1
2060500059,6,red,0,LOSS,green,0.6809,1
2060500060,2,red,0,WIN,red,0.78,1
2060500061,8,red,0,WIN,red,0.78,1
2060500062,0,red,1,WIN,red,0.78,1
2060500063,4,red,0,WIN,red,0.78,1
2060500064,8,red,0,WIN,red,0.78,1
2060500065,6,red,0,WIN,red,0.78,1
2060500066,9,green,0,LOSS,red,0.78,1
2060500067,4,red,0,LOSS,green,0.72,1
2060500068,2,red,0,WIN,red,0.65,1
2060500069,8,red,0,WIN,red,0.67,1
2060500070,0,red,1,WIN,red,0.65,1
2060500071,1,green,0,LOSS,red,0.78,1
2060500072,2,red,0,LOSS,green,0.72,1
2060500073,8,red,0,WIN,red,0.65,1
2060500074,3,green,0,LOSS,red,0.6669,1
2060500075,6,red,0,WIN,red,0.64,0
2060500076,5,green,1,LOSS,red,0.51,0
2060500077,8,red,0,LOSS,green,0.7,1
2060500078,0,red,1,WIN,red,0.7,1
2060500079,6,red,0,LOSS,green,0.61,0
2060500080,3,green,0,LOSS,red,0.67,1
2060500081,8,red,0,LOSS,green,0.53,0
2060500082,4,red,0,WIN,red,0.6757,1
2060500083,1,green,0,LOSS,red,0.65,1
2060500084,5,green,1,LOSS,red,0.65,1
2060500085,2,red,0,WIN,red,0.7233,1
2060500086,1,green,0,LOSS,red,0.64,0
2060500087,5,green,1,LOSS,red,0.5286,0
2060500088,1,green,0,WIN,green,0.65,1
2060500089,3,green,0,WIN,green,0.65,1
2060500090,0,red,1,LOSS,green,0.78,1
2060500091,8,red,0,WIN,red,0.72,1
2060500092,1,green,0,LOSS,red,0.72,1
2060500093,8,red,0,LOSS,green,0.6122,0
2060500094,4,red,0,LOSS,green,0.5043,0
2060500095,5,green,1,LOSS,red,0.5333,0
2060500096,3,green,0,LOSS,red,0.54,0
2060500097,0,red,1,LOSS,green,0.55,0
2060500098,9,green,0,LOSS,red,0.65,1
2060500099,4,red,0,WIN,red,0.6333,0
2060500100,6,red,0,WIN,red,0.7,1
2060500101,1,green,0,WIN,green,0.51,0
2060500102,4,red,0,LOSS,green,0.5857,0
2060500103,1,green,0,LOSS,red,0.55,0
2060500104,7,green,0,WIN,green,0.7,1
2060500105,4,red,0,WIN,red,0.62,0
2060500106,5,green,1,LOSS,red,0.55,0
2060500107,0,red,1,LOSS,green,0.6,0
2060500108,2,red,0,WIN,red,0.7,1
2060500109,5,green,1,WIN,green,0.5,0
2060500110,7,green,0,LOSS,red,0.5857,0
2060500111,4,red,0,LOSS,green,0.65,1
2060500112,0,red,1,WIN,red,0.54,0
2060500113,2,red,0,WIN,red,0.79,1
2060500114,3,green,0,LOSS,red,0.55,0
2060500115,4,red,0,WIN,red,0.55,0
2060500116,4,red,0,WIN,red,0.69,1
2060500117,8,red,0,WIN,red,0.5438,0
2060500118,3,green,0,LOSS,red,0.54,0
2060500119,4,red,0,WIN,red,0.65,1
2060500120,0,red,1,WIN,red,0.69,1
2060500121,9,green,0,LOSS,red,0.65,1
2060500122,6,red,0,WIN,red,0.7233,1
2060500123,4,red,0,WIN,red,0.65,1
2060500124,1,green,0,LOSS,red,0.6669,1
2060500125,8,red,0,WIN,red,0.7011,1
2060500126,1,green,0,LOSS,red,0.6233,0
2060500127,8,red,0,LOSS,green,0.7,1
2060500128,2,red,0,WIN,red,0.7,1
2060500129,1,green,0,WIN,green,0.5656,0
2060500130,4,red,0,WIN,red,0.6757,1
2060500131,2,red,0,WIN,red,0.6186,0
2060500132,5,green,1,LOSS,red,0.6362,0
2060500133,8,red,0,WIN,red,0.5678,0
2060500134,8,red,0,LOSS,green,0.5433,0
2060500135,6,red,0,WIN,red,0.54,0
2060500136,2,red,0,WIN,red,0.69,1
2060500137,7,green,0,LOSS,red,0.78,1
2060500138,5,green,1,WIN,green,0.72,1
2060500139,7,green,0,WIN,green,0.72,1
2060500140,9,green,0,LOSS,red,0.5667,0
2060500141,2,red,0,LOSS,green,0.78,1
2060500142,5,green,1,LOSS,red,0.72,1
2060500143,3,green,0,WIN,green,0.6757,1
2060500144,0,red,1,LOSS,green,0.5678,0
2060500145,6,red,0,LOSS,green,0.5233,0
2060500146,9,green,0,WIN,green,0.51,0
2060500147,4,red,0,LOSS,green,0.54,0
2060500148,6,red,0,WIN,red,0.55,0
2060500149,2,red,0,WIN,red,0.5678,0
2060500150,0,red,1,WIN,red,0.6122,0
2060500151,1,green,0,LOSS,red,0.78,1
2060500152,2,red,0,LOSS,green,0.72,1
2060500153,0,red,1,WIN,red,0.6445,0
2060500154,0,red,1,WIN,red,0.6471,0
2060500155,0,red,1,WIN,red,0.65,1
2060500156,2,red,0,WIN,red,0.78,1
2060500157,9,green,0,LOSS,red,0.78,1
2060500158,2,red,0,LOSS,green,0.72,1
2060500159,1,green,0,LOSS,red,0.6567,1
2060500160,0,red,1,LOSS,green,0.7,1
2060500161,4,red,0,WIN,red,0.7,1
2060500162,4,red,0,WIN,red,0.6567,1
2060500163,7,green,0,LOSS,red,0.5678,0
2060500164,6,red,0,WIN,red,0.6122,0
2060500165,0,red,1,WIN,red,0.6186,0
2060500166,7,green,0,LOSS,red,0.65,1
2060500167,1,green,0,LOSS,red,0.5678,0
2060500168,0,red,1,WIN,red,0.7329,1
2060500169,4,red,0,WIN,red,0.6122,0
2060500170,1,green,0,LOSS,red,0.7329,1
2060500171,1,green,0,WIN,green,0.5667,0
2060500172,4,red,0,WIN,red,0.65,1
2060500173,3,green,0,WIN,green,0.5,0
2060500174,9,green,0,WIN,green,0.5678,0
2060500175,8,red,0,LOSS,green,0.65,1
2060500176,6,red,0,LOSS,green,0.5545,0
2060500177,7,green,0,WIN,green,0.5,0
2060500178,9,green,0,LOSS,red,0.5529,0
2060500179,1,green,0,WIN,green,0.6233,0
2060500180,9,green,0,WIN,green,0.5614,0
2060500181,8,red,0,LOSS,green,0.78,1
2060500182,9,green,0,LOSS,red,0.72,1
2060500183,7,green,0,WIN,green,0.5233,0
2060500184,1,green,0,WIN,green,0.5233,0
2060500185,4,red,0,LOSS,green,0.5233,0
2060500186,5,green,1,WIN,green,0.69,1
2060500187,4,red,0,LOSS,green,0.6186,0
2060500188,6,red,0,WIN,red,0.7,1
2060500189,2,red,0,LOSS,green,0.5667,0
2060500190,8,red,0,LOSS,green,0.5,0
2060500191,6,red,0,WIN,red,0.78,1
2060500192,7,green,0,LOSS,red,0.78,1
2060500193,4,red,0,LOSS,green,0.72,1
2060500194,8,red,0,LOSS,green,0.51,0
2060500195,2,red,0,WIN,red,0.5233,0
2060500196,5,green,1,LOSS,red,0.65,1
2060500197,6,red,0,WIN,red,0.51,0
2060500198,5,green,1,WIN,green,0.51,0
2060500199,7,green,0,WIN,green,0.7,1
2060500200,7,green,0,WIN,green,0.5857,0
2060500201,3,green,0,WIN,green,0.5,0
2060500202,5,green,1,WIN,green,0.78,1
2060500203,1,green,0,WIN,green,0.78,1
2060500204,2,red,0,LOSS,green,0.78,1
2060500205,3,green,0,LOSS,red,0.72,1
2060500206,6,red,0,LOSS,green,0.6757,1
2060500207,6,red,0,WIN,red,0.7,1
2060500208,2,red,0,LOSS,green,0.6567,1
2060500209,7,green,0,WIN,green,0.7,1
2060500210,4,red,0,LOSS,green,0.58,0
2060500211,9,green,0,LOSS,red,0.55,0
2060500212,2,red,0,LOSS,green,0.7,1
2060500213,3,green,0,LOSS,red,0.7,1
2060500214,4,red,0,LOSS,green,0.7,1
2060500215,3,green,0,LOSS,red,0.7,1
2060500216,2,red,0,LOSS,green,0.7,1
2060500217,7,green,0,LOSS,red,0.7,1
2060500218,9,green,0,WIN,green,0.7,1
2060500219,7,green,0,WIN,green,0.6445,0
2060500220,6,red,0,LOSS,green,0.6669,1
2060500221,1,green,0,LOSS,red,0.5529,0
2060500222,8,red,0,LOSS,green,0.5233,0
2060500223,1,green,0,LOSS,red,0.7,1
2060500224,1,green,0,WIN,green,0.7,1
2060500225,5,green,1,WIN,green,0.63,0
2060500226,9,green,0,WIN,green,0.6445,0
2060500227,1,green,0,WIN,green,0.78,1
2060500228,8,red,0,LOSS,green,0.78,1
2060500229,9,green,0,LOSS,red,0.72,1
2060500230,2,red,0,LOSS,green,0.6757,1
2060500231,1,green,0,LOSS,red,0.7,1
2060500232,8,red,0,LOSS,green,0.7,1
2060500233,8,red,0,WIN,red,0.7,1
2060500234,3,green,0,WIN,green,0.54,0
2060500235,5,green,1,WIN,green,0.5,0
2060500236,1,green,0,WIN,green,0.7,1
2060500237,0,red,1,LOSS,green,0.5043,0
2060500238,6,red,0,LOSS,green,0.5,0
2060500239,3,green,0,LOSS,red,0.6333,0
2060500240,4,red,0,LOSS,green,0.5,0
2060500241,9,green,0,WIN,green,0.5857,0
2060500242,7,green,0,WIN,green,0.7,1
2060500243,3,green,0,WIN,green,0.6122,0
2060500244,2,red,0,LOSS,green,0.6253,0
2060500245,3,green,0,WIN,green,0.5286,0
2060500246,5,green,1,WIN,green,0.63,0
2060500247,4,red,0,LOSS,green,0.6122,0
2060500248,9,green,0,WIN,green,0.6757,1
2060500249,6,red,0,LOSS,green,0.71,1
2060500250,9,green,0,LOSS,red,0.7,1
2060500251,4,red,0,LOSS,green,0.7,1
2060500252,3,green,0,LOSS,red,0.7,1
2060500253,5,green,1,WIN,green,0.7,1
2060500254,4,red,0,WIN,red,0.53,0
2060500255,5,green,1,LOSS,red,0.62,0
2060500256,5,green,1,WIN,green,0.63,0
2060500257,1,green,0,WIN,green,0.5233,0
2060500258,5,green,1,WIN,green,0.6186,0
2060500259,0,red,1,LOSS,green,0.78,1
2060500260,9,green,0,LOSS,red,0.72,1
2060500261,2,red,0,LOSS,green,0.65,1
2060500262,5,green,1,LOSS,red,0.7,1
2060500263,6,red,0,LOSS,green,0.7,1
2060500264,9,green,0,LOSS,red,0.7,1
2060500265,9,green,0,WIN,green,0.7,1
2060500266,2,red,0,WIN,red,0.5243,0
2060500267,0,red,1,WIN,red,0.5909,0
2060500268,6,red,0,WIN,red,0.6077,0
2060500269,3,green,0,LOSS,red,0.5456,0
2060500270,1,green,0,WIN,green,0.5,0
2060500271,8,red,0,LOSS,green,0.5462,0
2060500272,7,green,0,WIN,green,0.6,0
2060500273,4,red,0,LOSS,green,0.58,0
2060500274,6,red,0,WIN,red,0.7,1
2060500275,4,red,0,WIN,red,0.64,0
2060500276,4,red,0,WIN,red,0.63,0
2060500277,4,red,0,WIN,red,0.78,1
2060500278,7,green,0,LOSS,red,0.78,1
2060500279,7,green,0,WIN,green,0.72,1
2060500280,9,green,0,WIN,green,0.72,1
2060500281,6,red,0,WIN,red,0.5233,0
2060500282,9,green,0,LOSS,red,0.64,0
2060500283,8,red,0,WIN,red,0.55,0
2060500284,4,red,0,WIN,red,0.7,1
2060500285,4,red,0,LOSS,green,0.5,0
2060500286,6,red,0,LOSS,green,0.5,0
2060500287,4,red,0,WIN,red,0.78,1
2060500288,2,red,0,WIN,red,0.78,1
2060500289,9,green,0,LOSS,red,0.78,1
2060500290,3,green,0,WIN,green,0.72,1
2060500291,5,green,1,WIN,green,0.72,1
2060500292,7,green,0,LOSS,red,0.67,1
2060500293,8,red,0,LOSS,green,0.78,1
2060500294,6,red,0,WIN,red,0.72,1
2060500295,2,red,0,WIN,red,0.72,1
2060500296,0,red,1,WIN,red,0.5667,0
2060500297,6,red,0,WIN,red,0.78,1
2060500298,0,red,1,WIN,red,0.78,1
2060500299,1,green,0,LOSS,red,0.78,1
2060500300,9,green,0,WIN,green,0.72,1
2060500301,5,green,1,WIN,green,0.72,1
2060500302,6,red,0,WIN,red,0.7,1
2060500303,0,red,1,WIN,red,0.6362,0
2060500304,9,green,0,LOSS,red,0.65,1
2060500305,4,red,0,LOSS,green,0.6,0
2060500306,6,red,0,LOSS,green,0.5667,0
2060500307,8,red,0,LOSS,green,0.5571,0
2060500308,7,green,0,LOSS,red,0.5678,0
2060500309,2,red,0,WIN,red,0.55,0
2060500310,8,red,0,WIN,red,0.63,0
2060500311,5,green,1,LOSS,red,0.6362,0
2060500312,4,red,0,WIN,red,0.7285,1
2060500313,0,red,1,WIN,red,0.65,1
2060500314,4,red,0,WIN,red,0.6471,0
2060500315,5,green,1,WIN,green,0.5009,0
2060500316,9,green,0,LOSS,red,0.63,0
2060500317,5,green,1,LOSS,red,0.67,1
2060500318,0,red,1,LOSS,green,0.5286,0
2060500319,2,red,0,WIN,red,0.5667,0
2060500320,3,green,0,LOSS,red,0.64,0
2060500321,6,red,0,WIN,red,0.5667,0
2060500322,2,red,0,LOSS,green,0.5286,0
2060500323,0,red,1,LOSS,green,0.54,0
2060500324,9,green,0,LOSS,red,0.5584,0
2060500325,1,green,0,LOSS,red,0.65,1
2060500326,3,green,0,LOSS,red,0.7,1
2060500327,5,green,1,WIN,green,0.5,0
2060500328,5,green,1,WIN,green,0.78,1
2060500329,8,red,0,LOSS,green,0.78,1
2060500330,1,green,0,LOSS,red,0.72,1
2060500331,7,green,0,WIN,green,0.63,0
2060500332,1,green,0,WIN,green,0.7233,1
2060500333,9,green,0,WIN,green,0.6669,1
2060500334,4,red,0,LOSS,green,0.78,1
2060500335,9,green,0,LOSS,red,0.72,1
2060500336,1,green,0,WIN,green,0.63,0
2060500337,2,red,0,LOSS,green,0.6567,1
2060500338,2,red,0,LOSS,green,0.65,1
2060500339,9,green,0,WIN,green,0.5355,0
2060500340,4,red,0,LOSS,green,0.5233,0
2060500341,9,green,0,LOSS,red,0.5667,0
2060500342,7,green,0,WIN,green,0.7,1
2060500343,9,green,0,WIN,green,0.65,1
2060500344,1,green,0,WIN,green,0.6445,0
2060500345,9,green,0,WIN,green,0.78,1
2060500346,3,green,0,WIN,green,0.78,1
2060500347,2,red,0,LOSS,green,0.78,1
2060500348,4,red,0,WIN,red,0.72,1
2060500349,0,red,1,WIN,red,0.72,1
2060500350,6,red,0,LOSS,green,0.71,1
2060500351,1,green,0,LOSS,red,0.78,1
2060500352,1,green,0,WIN,green,0.72,1
2060500353,8,red,0,LOSS,green,0.72,1
2060500354,8,red,0,WIN,red,0.6253,0
2060500355,4,red,0,WIN,red,0.65,1
2060500356,8,red,0,LOSS,green,0.5211,0
2060500357,2,red,0,WIN,red,0.78,1
2060500358,6,red,0,WIN,red,0.78,1
2060500359,4,red,0,WIN,red,0.78,1
2060500360,9,green,0,LOSS,red,0.78,1
2060500361,5,green,1,WIN,green,0.72,1
2060500362,2,red,0,LOSS,green,0.72,1
2060500363,0,red,1,WIN,red,0.55,0
2060500364,5,green,1,LOSS,red,0.63,0
2060500365,7,green,0,LOSS,red,0.74,1
2060500366,1,green,0,LOSS,red,0.55,0
2060500367,0,red,1,LOSS,green,0.65,1
2060500368,3,green,0,WIN,green,0.51,0
2060500369,4,red,0,LOSS,green,0.5614,0
2060500370,8,red,0,WIN,red,0.7,1
2060500371,8,red,0,WIN,red,0.5222,0
2060500372,4,red,0,LOSS,green,0.5,0
2060500373,6,red,0,WIN,red,0.78,1
2060500374,3,green,0,LOSS,red,0.78,1
2060500375,0,red,1,LOSS,green,0.72,1
2060500376,6,red,0,WIN,red,0.5233,0
2060500377,7,green,0,LOSS,red,0.5614,0
2060500378,0,red,1,WIN,red,0.7233,1
2060500379,1,green,0,LOSS,red,0.65,1
2060500380,0,red,1,LOSS,green,0.7,1
2060500381,0,red,1,WIN,red,0.7,1
2060500382,5,green,1,WIN,green,0.57,0
2060500383,9,green,0,LOSS,red,0.6833,1
2060500384,5,green,1,WIN,green,0.6111,0
2060500385,6,red,0,LOSS,green,0.6233,0
2060500386,7,green,0,LOSS,red,0.525,0
2060500387,7,green,0,WIN,green,0.65,1
2060500388,3,green,0,WIN,green,0.5678,0
2060500389,9,green,0,LOSS,red,0.5433,0
2060500390,0,red,1,LOSS,green,0.78,1
2060500391,7,green,0,LOSS,red,0.72,1
2060500392,1,green,0,WIN,green,0.64,0
2060500393,1,green,0,WIN,green,0.64,0
2060500394,1,green,0,WIN,green,0.5614,0
2060500395,9,green,0,WIN,green,0.78,1
2060500396,8,red,0,LOSS,green,0.78,1
2060500397,2,red,0,WIN,red,0.72,1
2060500398,0,red,1,WIN,red,0.72,1
2060500399,4,red,0,LOSS,green,0.5233,0
2060500400,6,red,0,WIN,red,0.78,1
2060500401,6,red,0,WIN,red,0.78,1
2060500402,2,red,0,WIN,red,0.78,1
2060500403,3,green,0,LOSS,red,0.78,1
2060500404,6,red,0,LOSS,green,0.72,1
2060500405,8,red,0,WIN,red,0.65,1
2060500406,3,green,0,LOSS,red,0.6809,1
2060500407,1,green,0,LOSS,red,0.54,0
2060500408,2,red,0,WIN,red,0.63,0
2060500409,1,green,0,LOSS,red,0.5233,0
2060500410,1,green,0,WIN,green,0.5,0
2060500411,7,green,0,WIN,green,0.65,1
2060500412,7,green,0,WIN,green,0.6233,0
2060500413,0,red,1,LOSS,green,0.78,1
2060500414,4,red,0,WIN,red,0.72,1
2060500415,4,red,0,WIN,red,0.72,1
2060500416,3,green,0,WIN,green,0.5,0
2060500417,7,green,0,WIN,green,0.6757,1
2060500418,0,red,1,WIN,red,0.5529,0
2060500419,0,red,1,WIN,red,0.5222,0
2060500420,6,red,0,WIN,red,0.6445,0
2060500421,3,green,0,LOSS,red,0.65,1
2060500422,0,red,1,WIN,red,0.65,1
2060500423,4,red,0,WIN,red,0.6445,0
2060500424,5,green,1,LOSS,red,0.5614,0
2060500425,8,red,0,WIN,red,0.5567,0
2060500426,5,green,1,LOSS,red,0.69,1
2060500427,5,green,1,WIN,green,0.7,1
2060500428,9,green,0,LOSS,red,0.54,0
2060500429,5,green,1,WIN,green,0.67,1
2060500430,4,red,0,LOSS,green,0.78,1
2060500431,9,green,0,LOSS,red,0.72,1
2060500432,0,red,1,LOSS,green,0.6122,0
2060500433,7,green,0,LOSS,red,0.7,1
2060500434,6,red,0,LOSS,green,0.7,1
2060500435,3,green,0,LOSS,red,0.7,1
2060500436,9,green,0,WIN,green,0.7,1
2060500437,3,green,0,LOSS,red,0.53,0
2060500438,7,green,0,WIN,green,0.65,1
2060500439,6,red,0,LOSS,green,0.78,1
2060500440,9,green,0,LOSS,red,0.72,1
2060500441,0,red,1,LOSS,green,0.5043,0
2060500442,8,red,0,WIN,red,0.7,1
2060500443,8,red,0,LOSS,green,0.65,1
2060500444,3,green,0,WIN,green,0.7,1
2060500445,1,green,0,WIN,green,0.5545,0
2060500446,3,green,0,WIN,green,0.6429,0
2060500447,6,red,0,LOSS,green,0.5667,0
2060500448,9,green,0,WIN,green,0.6333,0
2060500449,0,red,1,WIN,red,0.5286,0
2060500450,1,green,0,LOSS,red,0.7,1
2060500451,9,green,0,WIN,green,0.7,1
2060500452,0,red,1,LOSS,green,0.6186,0
2060500453,8,red,0,LOSS,green,0.6567,1
2060500454,3,green,0,LOSS,red,0.5857,0
2060500455,7,green,0,LOSS,red,0.5857,0
2060500456,0,red,1,LOSS,green,0.65,1
2060500457,7,green,0,WIN,green,0.5222,0
2060500458,2,red,0,WIN,red,0.53,0
2060500459,0,red,1,WIN,red,0.7,1
2060500460,5,green,1,LOSS,red,0.7233,1
2060500461,6,red,0,LOSS,green,0.55,0
2060500462,4,red,0,WIN,red,0.5222,0
2060500463,2,red,0,WIN,red,0.6186,0
2060500464,9,green,0,LOSS,red,0.55,0
2060500465,0,red,1,WIN,red,0.65,1
2060500466,0,red,1,WIN,red,0.6233,0
2060500467,7,green,0,LOSS,red,0.6186,0
2060500468,7,green,0,LOSS,red,0.7329,1
2060500469,6,red,0,WIN,red,0.74,1
2060500470,2,red,0,WIN,red,0.63,0
2060500471,5,green,1,LOSS,red,0.69,1
2060500472,3,green,0,WIN,green,0.5857,0
2060500473,6,red,0,WIN,red,0.6556,1
2060500474,2,red,0,LOSS,green,0.5,0
2060500475,0,red,1,LOSS,green,0.5571,0
2060500476,2,red,0,WIN,red,0.6122,0
2060500477,6,red,0,WIN,red,0.78,1
2060500478,4,red,0,WIN,red,0.78,1
2060500479,1,green,0,LOSS,red,0.78,1
2060500480,1,green,0,WIN,green,0.72,1
2060600001,1,green,0,WIN,green,0.72,1
2060600002,6,red,0,WIN,red,0.6567,1
2060600003,4,red,0,WIN,red,0.6471,0
2060600004,7,green,0,LOSS,red,0.5614,0
2060600005,0,red,1,LOSS,green,0.5667,0
2060600006,5,green,1,WIN,green,0.5,0
2060600007,5,green,1,WIN,green,0.7,1
2060600008,2,red,0,LOSS,green,0.63,0
2060600009,0,red,1,WIN,red,0.5286,0
2060600010,8,red,0,WIN,red,0.65,1
2060600011,9,green,0,LOSS,red,0.65,1
2060600012,3,green,0,LOSS,red,0.54,0
2060600013,3,green,0,WIN,green,0.5286,0
2060600014,6,red,0,LOSS,green,0.6216,0
2060600015,3,green,0,WIN,green,0.5286,0
2060600016,9,green,0,WIN,green,0.5667,0
2060600017,4,red,0,LOSS,green,0.6567,1
2060600018,0,red,1,LOSS,green,0.54,0
2060600019,6,red,0,LOSS,green,0.55,0
2060600020,4,red,0,LOSS,green,0.5571,0
2060600021,6,red,0,WIN,red,0.78,1
2060600022,5,green,1,LOSS,red,0.78,1
2060600023,1,green,0,WIN,green,0.72,1
2060600024,9,green,0,WIN,green,0.72,1
2060600025,1,green,0,LOSS,red,0.64,0
2060600026,0,red,1,LOSS,green,0.78,1
2060600027,5,green,1,LOSS,red,0.72,1
2060600028,3,green,0,WIN,green,0.69,1
2060600029,0,red,1,LOSS,green,0.55,0
2060600030,1,green,0,WIN,green,0.51,0
2060600031,8,red,0,LOSS,green,0.6186,0
2060600032,8,red,0,WIN,red,0.7,1
2060600033,7,green,0,LOSS,red,0.5769,0
2060600034,0,red,1,LOSS,green,0.5,0
2060600035,7,green,0,WIN,green,0.5667,0
2060600036,6,red,0,LOSS,green,0.7,1
2060600037,2,red,0,WIN,red,0.7,1
2060600038,0,red,1,WIN,red,0.64,0
2060600039,4,red,0,WIN,red,0.6445,0
2060600040,6,red,0,WIN,red,0.78,1
2060600041,9,green,0,LOSS,red,0.78,1
2060600042,0,red,1,LOSS,green,0.72,1
2060600043,0,red,1,WIN,red,0.55,0
2060600044,7,green,0,LOSS,red,0.54,0
2060600045,5,green,1,LOSS,red,0.7329,1
2060600046,1,green,0,LOSS,red,0.6186,0
2060600047,1,green,0,WIN,green,0.5,0
2060600048,4,red,0,LOSS,green,0.78,1
2060600049,7,green,0,LOSS,red,0.72,1
2060600050,8,red,0,LOSS,green,0.5233,0
2060600051,5,green,1,LOSS,red,0.7,1
2060600052,5,green,1,WIN,green,0.7,1
2060600053,9,green,0,WIN,green,0.6567,1
2060600054,9,green,0,WIN,green,0.6122,0
2060600055,0,red,1,LOSS,green,0.78,1
2060600056,4,red,0,WIN,red,0.72,1
2060600057,2,red,0,WIN,red,0.72,1
2060600058,8,red,0,LOSS,green,0.5,0
2060600059,7,green,0,LOSS,red,0.78,1
2060600060,1,green,0,WIN,green,0.72,1
2060600061,7,green,0,WIN,green,0.72,1
2060600062,3,green,0,WIN,green,0.6429,0
2060600063,2,red,0,LOSS,green,0.78,1
2060600064,5,green,1,LOSS,red,0.72,1
2060600065,4,red,0,LOSS,green,0.7011,1
2060600066,2,red,0,WIN,red,0.7,1
2060600067,7,green,0,LOSS,red,0.5009,0
2060600068,7,green,0,WIN,green,0.5678,0
2060600069,3,green,0,WIN,green,0.67,1
2060600070,0,red,1,WIN,red,0.51,0
2060600071,7,green,0,WIN,green,0.5,0
2060600072,9,green,0,WIN,green,0.6233,0
2060600073,6,red,0,LOSS,green,0.65,1
2060600074,6,red,0,LOSS,green,0.51,0
2060600075,1,green,0,WIN,green,0.7,1
2060600076,1,green,0,WIN,green,0.54,0
2060600077,1,green,0,WIN,green,0.6567,1
2060600078,0,red,1,LOSS,green,0.65,1
2060600079,4,red,0,LOSS,green,0.65,1
2060600080,3,green,0,WIN,green,0.5545,0
2060600081,1,green,0,WIN,green,0.5,0
2060600082,4,red,0,LOSS,green,0.64,0
2060600083,0,red,1,WIN,red,0.5433,0
2060600084,5,green,1,WIN,green,0.62,0
2060600085,1,green,0,LOSS,red,0.55,0
2060600086,1,green,0,WIN,green,0.5545,0
2060600087,4,red,0,LOSS,green,0.54,0
2060600088,1,green,0,WIN,green,0.5355,0
2060600089,7,green,0,WIN,green,0.54,0
2060600090,6,red,0,LOSS,green,0.5043,0
2060600091,7,green,0,LOSS,red,0.5009,0
2060600092,5,green,1,WIN,green,0.6488,0
2060600093,5,green,1,WIN,green,0.65,1
2060600094,2,red,0,WIN,red,0.56,0
2060600095,0,red,1,LOSS,green,0.5567,0
2060600096,5,green,1,WIN,green,0.63,0
2060600097,4,red,0,LOSS,green,0.5567,0
2060600098,4,red,0,WIN,red,0.5909,0
2060600099,1,green,0,WIN,green,0.7,1
2060600100,3,green,0,LOSS,red,0.5222,0
2060600101,5,green,1,WIN,green,0.5222,0
2060600102,2,red,0,LOSS,green,0.5909,0
2060600103,3,green,0,LOSS,red,0.5286,0
2060600104,3,green,0,WIN,green,0.6216,0
2060600105,3,green,0,WIN,green,0.65,1
2060600106,5,green,1,WIN,green,0.5043,0
2060600107,4,red,0,LOSS,green,0.78,1
2060600108,9,green,0,LOSS,red,0.72,1
2060600109,7,green,0,WIN,green,0.6488,0
2060600110,3,green,0,WIN,green,0.6488,0
2060600111,1,green,0,WIN,green,0.65,1
2060600112,1,green,0,WIN,green,0.78,1
2060600113,5,green,1,WIN,green,0.78,1
2060600114,6,red,0,LOSS,green,0.78,1
2060600115,9,green,0,LOSS,red,0.72,1
2060600116,0,red,1,LOSS,green,0.5614,0
2060600117,4,red,0,WIN,red,0.7,1
2060600118,4,red,0,LOSS,green,0.6186,0
2060600119,0,red,1,LOSS,green,0.54,0
2060600120,8,red,0,WIN,red,0.78,1
2060600121,4,red,0,WIN,red,0.78,1
2060600122,1,green,0,LOSS,red,0.78,1
2060600123,4,red,0,LOSS,green,0.72,1
2060600124,3,green,0,WIN,green,0.7,1
2060600125,7,green,0,WIN,green,0.7,1
2060600126,2,red,0,WIN,red,0.7,1
2060600127,0,red,1,WIN,red,0.69,1
2060600128,5,green,1,LOSS,red,0.5438,0
2060600129,0,red,1,LOSS,green,0.5,0
2060600130,3,green,0,WIN,green,0.5,0
2060600131,5,green,1,WIN,green,0.7,1
2060600132,9,green,0,WIN,green,0.6122,0
2060600133,7,green,0,WIN,green,0.6567,1
2060600134,5,green,1,WIN,green,0.78,1
2060600135,6,red,0,LOSS,green,0.78,1
2060600136,6,red,0,WIN,red,0.72,1
2060600137,0,red,1,WIN,red,0.72,1
2060600138,3,green,0,WIN,green,0.5043,0
2060600139,9,green,0,WIN,green,0.55,0
2060600140,4,red,0,LOSS,green,0.6186,0
2060600141,1,green,0,LOSS,red,0.54,0
2060600142,1,green,0,WIN,green,0.5222,0
2060600143,7,green,0,LOSS,red,0.5333,0
2060600144,9,green,0,WIN,green,0.65,1
2060600145,9,green,0,WIN,green,0.78,1
2060600146,9,green,0,WIN,green,0.78,1
2060600147,4,red,0,LOSS,green,0.78,1
2060600148,1,green,0,LOSS,red,0.72,1
2060600149,0,red,1,LOSS,green,0.54,0
2060600150,4,red,0,WIN,red,0.7,1
2060600151,3,green,0,WIN,green,0.65,1
2060600152,4,red,0,LOSS,green,0.63,0
2060600153,6,red,0,LOSS,green,0.6111,0
2060600154,9,green,0,LOSS,red,0.6567,1
2060600155,0,red,1,WIN,red,0.5233,0
2060600156,1,green,0,LOSS,red,0.5043,0
2060600157,0,red,1,LOSS,green,0.7,1
2060600158,6,red,0,WIN,red,0.7,1
2060600159,6,red,0,LOSS,green,0.5736,0
2060600160,6,red,0,WIN,red,0.6567,1
2060600161,3,green,0,LOSS,red,0.78,1
2060600162,6,red,0,LOSS,green,0.72,1
2060600163,6,red,0,WIN,red,0.6445,0
2060600164,1,green,0,LOSS,red,0.6567,1
2060600165,6,red,0,WIN,red,0.6567,1
2060600166,4,red,0,LOSS,green,0.5009,0
2060600167,1,green,0,LOSS,red,0.5043,0
2060600168,4,red,0,WIN,red,0.71,1
2060600169,1,green,0,LOSS,red,0.65,1
2060600170,5,green,1,WIN,green,0.7,1
2060600171,0,red,1,LOSS,green,0.5,0
2060600172,0,red,1,LOSS,green,0.5,0
2060600173,9,green,0,LOSS,red,0.65,1
2060600174,2,red,0,WIN,red,0.6556,1
2060600175,4,red,0,LOSS,green,0.5286,0
2060600176,7,green,0,LOSS,red,0.5438,0
2060600177,2,red,0,LOSS,green,0.6385,0
2060600178,7,green,0,LOSS,red,0.6488,0
2060600179,6,red,0,LOSS,green,0.7,1
2060600180,4,red,0,WIN,red,0.7,1
2060600181,0,red,1,LOSS,green,0.5433,0
2060600182,2,red,0,WIN,red,0.6669,1
2060600183,5,green,1,LOSS,red,0.78,1
2060600184,8,red,0,LOSS,green,0.72,1
2060600185,2,red,0,WIN,red,0.6567,1
2060600186,2,red,0,WIN,red,0.6362,0
2060600187,8,red,0,WIN,red,0.65,1
2060600188,4,red,0,WIN,red,0.78,1
2060600189,2,red,0,WIN,red,0.78,1
2060600190,1,green,0,LOSS,red,0.78,1
2060600191,7,green,0,WIN,green,0.72,1
2060600192,1,green,0,WIN,green,0.72,1
2060600193,3,green,0,LOSS,red,0.6669,1
2060600194,4,red,0,LOSS,green,0.78,1
2060600195,9,green,0,LOSS,red,0.72,1
2060600196,8,red,0,LOSS,green,0.67,1
2060600197,2,red,0,WIN,red,0.7,1
2060600198,7,green,0,WIN,green,0.5233,0
2060600199,2,red,0,LOSS,green,0.65,1
2060600200,2,red,0,LOSS,green,0.58,0
2060600201,7,green,0,LOSS,red,0.63,0
2060600202,5,green,1,LOSS,red,0.5614,0
2060600203,4,red,0,WIN,red,0.6111,0
2060600204,3,green,0,LOSS,red,0.65,1
2060600205,5,green,1,LOSS,red,0.6385,0
2060600206,5,green,1,WIN,green,0.6186,0
2060600207,4,red,0,LOSS,green,0.6186,0
2060600208,9,green,0,WIN,green,0.65,1
2060600209,2,red,0,WIN,red,0.51,0
2060600210,0,red,1,WIN,red,0.7,1
2060600211,3,green,0,WIN,green,0.5462,0
2060600212,9,green,0,WIN,green,0.54,0
2060600213,4,red,0,WIN,red,0.5529,0
2060600214,1,green,0,LOSS,red,0.5667,0
2060600215,7,green,0,WIN,green,0.5,0
2060600216,0,red,1,LOSS,green,0.6362,0
2060600217,5,green,1,WIN,green,0.62,0
2060600218,5,green,1,WIN,green,0.7329,1
2060600219,7,green,0,WIN,green,0.65,1
2060600220,0,red,1,WIN,red,0.7,1
2060600221,4,red,0,WIN,red,0.54,0
2060600222,0,red,1,WIN,red,0.65,1
2060600223,5,green,1,LOSS,red,0.65,1
2060600224,3,green,0,LOSS,red,0.65,1
2060600225,8,red,0,WIN,red,0.65,1
2060600226,2,red,0,WIN,red,0.65,1
2060600227,4,red,0,WIN,red,0.65,1
2060600228,9,green,0,LOSS,red,0.65,1
2060600229,9,green,0,LOSS,red,0.65,1
2060600230,5,green,1,WIN,green,0.5,0
2060600231,9,green,0,WIN,green,0.65,1
2060600232,0,red,1,LOSS,green,0.78,1
2060600233,9,green,0,LOSS,red,0.72,1
2060600234,1,green,0,WIN,green,0.65,1
2060600235,0,red,1,LOSS,green,0.65,1
2060600236,8,red,0,LOSS,green,0.65,1
2060600237,3,green,0,WIN,green,0.65,1
2060600238,0,red,1,LOSS,green,0.65,1
2060600239,2,red,0,LOSS,green,0.5,0
2060600240,6,red,0,WIN,red,0.65,1
2060600241,2,red,0,WIN,red,0.65,1
2060600242,0,red,1,WIN,red,0.78,1
2060600243,0,red,1,WIN,red,0.78,1
2060600244,9,green,0,LOSS,red,0.78,1
2060600245,6,red,0,LOSS,green,0.72,1
2060600246,9,green,0,LOSS,red,0.65,1
2060600247,8,red,0,LOSS,green,0.7,1
2060600248,1,green,0,LOSS,red,0.7,1
2060600249,3,green,0,WIN,green,0.7,1
2060600250,9,green,0,WIN,green,0.5,0
2060600251,6,red,0,LOSS,green,0.65,1
2060600252,5,green,1,WIN,green,0.65,1
2060600253,1,green,0,WIN,green,0.6186,0
2060600254,8,red,0,LOSS,green,0.5614,0
2060600255,6,red,0,LOSS,green,0.6186,0
2060600256,0,red,1,LOSS,green,0.55,0
2060600257,3,green,0,LOSS,red,0.54,0
2060600258,5,green,1,WIN,green,0.55,0
2060600259,6,red,0,WIN,red,0.55,0
2060600260,3,green,0,WIN,green,0.5,0
2060600261,5,green,1,WIN,green,0.5667,0
2060600262,1,green,0,LOSS,red,0.5667,0
2060600263,6,red,0,LOSS,green,0.5233,0
2060600264,9,green,0,WIN,green,0.6122,0
2060600265,4,red,0,LOSS,green,0.71,1
2060600266,7,green,0,LOSS,red,0.7,1
2060600267,4,red,0,LOSS,green,0.7,1
2060600268,1,green,0,LOSS,red,0.7,1
2060600269,2,red,0,LOSS,green,0.7,1
2060600270,1,green,0,LOSS,red,0.7,1
2060600271,7,green,0,WIN,green,0.7,1
2060600272,1,green,0,WIN,green,0.5614,0
2060600273,6,red,0,LOSS,green,0.5355,0
2060600274,4,red,0,LOSS,green,0.6186,0
2060600275,4,red,0,WIN,red,0.5333,0
2060600276,3,green,0,WIN,green,0.5286,0
2060600277,0,red,1,LOSS,green,0.5286,0
2060600278,0,red,1,LOSS,green,0.6333,0
2060600279,4,red,0,WIN,red,0.71,1
2060600280,5,green,1,LOSS,red,0.54,0
2060600281,2,red,0,WIN,red,0.65,1
2060600282,7,green,0,LOSS,red,0.5043,0
2060600283,1,green,0,WIN,green,0.7,1
2060600284,7,green,0,WIN,green,0.5,0
2060600285,3,green,0,LOSS,red,0.62,0
2060600286,2,red,0,LOSS,green,0.78,1
2060600287,0,red,1,WIN,red,0.72,1
2060600288,0,red,1,WIN,red,0.72,1
2060600289,7,green,0,WIN,green,0.62,0
2060600290,8,red,0,LOSS,green,0.5614,0
2060600291,4,red,0,LOSS,green,0.6,0
2060600292,7,green,0,LOSS,red,0.7329,1
2060600293,7,green,0,LOSS,red,0.64,0
2060600294,6,red,0,WIN,red,0.5678,0
2060600295,1,green,0,LOSS,red,0.6122,0
2060600296,7,green,0,WIN,green,0.54,0
2060600297,3,green,0,WIN,green,0.6567,1
2060600298,0,red,1,LOSS,green,0.5043,0
2060600299,2,red,0,LOSS,green,0.65,1
2060600300,1,green,0,LOSS,red,0.53,0
2060600301,0,red,1,LOSS,green,0.5678,0
2060600302,3,green,0,WIN,green,0.7,1
2060600303,2,red,0,LOSS,green,0.7,1
2060600304,3,green,0,LOSS,red,0.7,1
2060600305,6,red,0,LOSS,green,0.7,1
2060600306,8,red,0,WIN,red,0.7,1
2060600307,5,green,1,LOSS,red,0.6567,1
2060600308,4,red,0,WIN,red,0.54,0
2060600309,7,green,0,LOSS,red,0.5233,0
2060600310,2,red,0,LOSS,green,0.7,1
2060600311,5,green,1,LOSS,red,0.7,1
2060600312,6,red,0,LOSS,green,0.7,1
2060600313,4,red,0,WIN,red,0.7,1
2060600314,6,red,0,WIN,red,0.63,0
2060600315,6,red,0,LOSS,green,0.5433,0
2060600316,2,red,0,WIN,red,0.78,1
2060600317,5,green,1,LOSS,red,0.78,1
2060600318,2,red,0,LOSS,green,0.72,1
2060600319,3,green,0,LOSS,red,0.5614,0
2060600320,3,green,0,WIN,green,0.7,1
2060600321,4,red,0,WIN,red,0.5043,0
2060600322,9,green,0,LOSS,red,0.65,1
2060600323,3,green,0,WIN,green,0.62,0
2060600324,7,green,0,WIN,green,0.64,0
2060600325,6,red,0,WIN,red,0.53,0
2060600326,8,red,0,LOSS,green,0.65,1
2060600327,4,red,0,LOSS,green,0.5233,0
2060600328,7,green,0,WIN,green,0.7,1
2060600329,2,red,0,WIN,red,0.55,0
2060600330,1,green,0,WIN,green,0.5,0
2060600331,6,red,0,LOSS,green,0.7,1
2060600332,9,green,0,LOSS,red,0.7,1
2060600333,8,red,0,LOSS,green,0.7,1
2060600334,9,green,0,LOSS,red,0.7,1
2060600335,8,red,0,LOSS,green,0.7,1
2060600336,0,red,1,LOSS,green,0.7,1
2060600337,7,green,0,WIN,green,0.5678,0
2060600338,0,red,1,WIN,red,0.55,0
2060600339,1,green,0,LOSS,red,0.54,0
2060600340,1,green,0,WIN,green,0.7,1
2060600341,8,red,0,LOSS,green,0.5,0
2060600342,1,green,0,LOSS,red,0.5222,0
2060600343,5,green,1,WIN,green,0.5667,0
2060600344,4,red,0,LOSS,green,0.6233,0
2060600345,5,green,1,WIN,green,0.6122,0
2060600346,0,red,1,LOSS,green,0.6122,0
2060600347,4,red,0,WIN,red,0.7,1
2060600348,8,red,0,WIN,red,0.62,0
2060600349,6,red,0,WIN,red,0.6122,0
2060600350,5,green,1,LOSS,red,0.78,1
2060600351,1,green,0,WIN,green,0.72,1
2060600352,2,red,0,LOSS,green,0.72,1
2060600353,6,red,0,WIN,red,0.54,0
2060600354,0,red,1,WIN,red,0.5233,0
2060600355,8,red,0,WIN,red,0.51,0
2060600356,7,green,0,LOSS,red,0.78,1
2060600357,1,green,0,WIN,green,0.72,1
2060600358,6,red,0,LOSS,green,0.72,1
2060600359,0,red,1,WIN,red,0.65,1
2060600360,9,green,0,LOSS,red,0.65,1
2060600361,8,red,0,WIN,red,0.5567,0
2060600362,4,red,0,WIN,red,0.5567,0
2060600363,1,green,0,LOSS,red,0.7456,1
2060600364,1,green,0,WIN,green,0.5222,0
2060600365,2,red,0,WIN,red,0.55,0
2060600366,7,green,0,LOSS,red,0.65,1
2060600367,4,red,0,WIN,red,0.6143,0
2060600368,7,green,0,LOSS,red,0.7,1
2060600369,5,green,1,WIN,green,0.7,1
2060600370,2,red,0,WIN,red,0.51,0
2060600371,4,red,0,LOSS,green,0.65,1
2060600372,9,green,0,WIN,green,0.5222,0
2060600373,9,green,0,LOSS,red,0.55,0
2060600374,8,red,0,LOSS,green,0.5678,0
2060600375,4,red,0,LOSS,green,0.54,0
2060600376,0,red,1,WIN,red,0.7,1
2060600377,8,red,0,WIN,red,0.63,0
2060600378,0,red,1,WIN,red,0.78,1
2060600379,6,red,0,WIN,red,0.78,1
2060600380,5,green,1,LOSS,red,0.78,1
2060600381,4,red,0,LOSS,green,0.72,1
2060600382,6,red,0,WIN,red,0.55,0
2060600383,2,red,0,WIN,red,0.65,1
2060600384,9,green,0,LOSS,red,0.6186,0
2060600385,2,red,0,WIN,red,0.5355,0
2060600386,2,red,0,LOSS,green,0.5211,0
2060600387,6,red,0,WIN,red,0.65,1
2060600388,1,green,0,LOSS,red,0.55,0
2060600389,0,red,1,WIN,red,0.64,0
2060600390,4,red,0,WIN,red,0.6789,1
2060600391,1,green,0,LOSS,red,0.65,1
2060600392,5,green,1,LOSS,red,0.71,1
2060600393,7,green,0,LOSS,red,0.7456,1
2060600394,9,green,0,WIN,green,0.5286,0
2060600395,3,green,0,WIN,green,0.78,1
2060600396,5,green,1,WIN,green,0.78,1
2060600397,4,red,0,LOSS,green,0.78,1
2060600398,1,green,0,LOSS,red,0.72,1
2060600399,1,green,0,WIN,green,0.74,1
2060600400,5,green,1,WIN,green,0.63,0
2060600401,5,green,1,WIN,green,0.5233,0
2060600402,9,green,0,WIN,green,0.78,1
2060600403,0,red,1,LOSS,green,0.78,1
2060600404,6,red,0,WIN,red,0.72,1
2060600405,1,green,0,LOSS,red,0.72,1
2060600406,3,green,0,WIN,green,0.5678,0
2060600407,4,red,0,LOSS,green,0.54,0
2060600408,3,green,0,WIN,green,0.5678,0
2060600409,0,red,1,LOSS,green,0.65,1
2060600410,3,green,0,LOSS,red,0.7,1
2060600411,1,green,0,WIN,green,0.7,1
2060600412,7,green,0,LOSS,red,0.5177,0
2060600413,4,red,0,LOSS,green,0.65,1
2060600414,2,red,0,LOSS,green,0.6122,0
2060600415,4,red,0,LOSS,green,0.5286,0
2060600416,0,red,1,LOSS,green,0.5,0
2060600417,5,green,1,WIN,green,0.78,1
2060600418,6,red,0,LOSS,green,0.72,1
2060600419,3,green,0,LOSS,red,0.64,0
2060600420,8,red,0,LOSS,green,0.7,1
2060600421,4,red,0,WIN,red,0.7,1
2060600422,6,red,0,WIN,red,0.51,0
2060600423,1,green,0,LOSS,red,0.65,1
2060600424,2,red,0,WIN,red,0.63,0
2060600425,2,red,0,WIN,red,0.64,0
2060600426,8,red,0,WIN,red,0.5567,0
2060600427,8,red,0,WIN,red,0.65,1
2060600428,1,green,0,LOSS,red,0.78,1
2060600429,4,red,0,LOSS,green,0.72,1
2060600430,4,red,0,WIN,red,0.6233,0
2060600431,7,green,0,LOSS,red,0.6567,1
2060600432,8,red,0,WIN,red,0.67,1
2060600433,5,green,1,LOSS,red,0.5233,0
2060600434,7,green,0,LOSS,red,0.65,1
2060600435,2,red,0,LOSS,green,0.5,0
2060600436,9,green,0,LOSS,red,0.5333,0
2060600437,5,green,1,WIN,green,0.58,0
2060600438,1,green,0,WIN,green,0.65,1
2060600439,0,red,1,LOSS,green,0.65,1
2060600440,2,red,0,LOSS,green,0.6122,0
2060600441,4,red,0,LOSS,green,0.65,1
2060600442,5,green,1,LOSS,red,0.65,1
2060600443,6,red,0,LOSS,green,0.5,0
2060600444,8,red,0,WIN,red,0.54,0
2060600445,8,red,0,WIN,red,0.67,1
2060600446,4,red,0,WIN,red,0.65,1
2060600447,5,green,1,LOSS,red,0.78,1
2060600448,6,red,0,LOSS,green,0.72,1
2060600449,9,green,0,LOSS,red,0.6362,0
2060600450,9,green,0,LOSS,red,0.65,1
2060600451,9,green,0,LOSS,red,0.5614,0
2060600452,5,green,1,LOSS,red,0.65,1
2060600453,9,green,0,LOSS,red,0.78,1
2060600454,1,green,0,LOSS,red,0.78,1
2060600455,1,green,0,LOSS,red,0.78,1
2060600456,6,red,0,WIN,red,0.78,1
2060600457,8,red,0,WIN,red,0.72,1
2060600458,7,green,0,LOSS,red,0.72,1
2060600459,9,green,0,WIN,green,0.54,0
2060600460,6,red,0,LOSS,green,0.65,1
2060600461,6,red,0,LOSS,green,0.65,1
2060600462,7,green,0,WIN,green,0.5909,0
2060600463,0,red,1,WIN,red,0.5353,0
2060600464,9,green,0,LOSS,red,0.65,1
2060600465,9,green,0,LOSS,red,0.65,1
2060600466,6,red,0,LOSS,green,0.65,1
2060600467,7,green,0,WIN,green,0.54,0
2060600468,7,green,0,WIN,green,0.5667,0
2060600469,4,red,0,LOSS,green,0.6186,0
2060600470,3,green,0,WIN,green,0.63,0
2060600471,0,red,1,LOSS,green,0.65,1
2060600472,2,red,0,LOSS,green,0.65,1
2060600473,5,green,1,LOSS,red,0.6273,0
2060600474,6,red,0,LOSS,green,0.5,0
2060600475,5,green,1,WIN,green,0.5857,0
2060600476,4,red,0,WIN,red,0.65,1
2060600477,9,green,0,WIN,green,0.675,1
2060600478,9,green,0,LOSS,red,0.7,1
2060600479,1,green,0,LOSS,red,0.54,0
2060600480,4,red,0,LOSS,green,0.65,1
2060700001,4,red,0,LOSS,green,0.63,0
2060700002,6,red,0,LOSS,green,0.5,0
2060700003,0,red,1,LOSS,green,0.65,1
2060700004,1,green,0,WIN,green,0.78,1
2060700005,7,green,0,WIN,green,0.72,1
2060700006,6,red,0,LOSS,green,0.72,1
2060700007,0,red,1,WIN,red,0.6344,0
2060700008,6,red,0,WIN,red,0.65,1
2060700009,4,red,0,WIN,red,0.65,1
2060700010,1,green,0,LOSS,red,0.78,1
2060700011,9,green,0,WIN,green,0.72,1
2060700012,6,red,0,LOSS,green,0.72,1
2060700013,3,green,0,LOSS,red,0.65,1
2060700014,9,green,0,LOSS,red,0.5567,0
2060700015,7,green,0,LOSS,red,0.5222,0
2060700016,6,red,0,LOSS,green,0.65,1
2060700017,0,red,1,WIN,red,0.627,0
2060700018,9,green,0,LOSS,red,0.653,1
2060700019,2,red,0,LOSS,green,0.64,0
2060700020,6,red,0,LOSS,green,0.7,1
2060700021,6,red,0,LOSS,green,0.7,1
2060700022,7,green,0,LOSS,red,0.65,1
2060700023,3,green,0,LOSS,red,0.627,0
2060700024,9,green,0,LOSS,red,0.653,1
2060700025,5,green,1,LOSS,red,0.65,1
2060700026,5,green,1,LOSS,red,0.78,1
2060700027,2,red,0,WIN,red,0.78,1
2060700028,5,green,1,LOSS,red,0.72,1
2060700029,7,green,0,WIN,green,0.6445,0
2060700030,6,red,0,LOSS,green,0.7329,1
2060700031,8,red,0,WIN,red,0.64,0
2060700032,6,red,0,LOSS,green,0.68,1
2060700033,9,green,0,LOSS,red,0.65,1
2060700034,9,green,0,WIN,green,0.627,0
2060700035,8,red,0,LOSS,green,0.653,1
2060700036,4,red,0,WIN,red,0.64,0
2060700037,0,red,1,LOSS,green,0.68,1
2060700038,6,red,0,WIN,red,0.65,1
2060700039,6,red,0,WIN,red,0.78,1
2060700040,5,green,1,LOSS,red,0.78,1
2060700041,9,green,0,WIN,green,0.72,1
2060700042,9,green,0,WIN,green,0.72,1
2060700043,6,red,0,LOSS,green,0.65,1
2060700044,3,green,0,LOSS,red,0.627,0
2060700045,4,red,0,WIN,red,0.5667,0
2060700046,3,green,0,WIN,green,0.65,1
2060700047,8,red,0,WIN,red,0.675,1
2060700048,4,red,0,LOSS,green,0.7,1
2060700049,7,green,0,WIN,green,0.65,1
2060700050,5,green,1,WIN,green,0.64,0
2060700051,0,red,1,WIN,red,0.68,1
2060700052,3,green,0,LOSS,red,0.64,0
2060700053,0,red,1,LOSS,green,0.5,0
2060700054,1,green,0,WIN,green,0.65,1
2060700055,2,red,0,WIN,red,0.675,1
2060700056,5,green,1,WIN,green,0.7,1
2060700057,8,red,0,WIN,red,0.725,1
2060700058,5,green,1,WIN,green,0.75,1
2060700059,0,red,1,WIN,red,0.75,1
2060700060,5,green,1,WIN,green,0.75,1
2060700061,6,red,0,WIN,red,0.75,1
2060700062,1,green,0,WIN,green,0.75,1
2060700063,3,green,0,LOSS,red,0.75,1
2060700064,9,green,0,WIN,green,0.6669,1
2060700065,9,green,0,WIN,green,0.65,1
2060700066,8,red,0,LOSS,green,0.78,1
2060700067,8,red,0,WIN,red,0.72,1
2060700068,3,green,0,LOSS,red,0.72,1
2060700069,9,green,0,WIN,green,0.64,0
2060700070,2,red,0,WIN,red,0.68,1
2060700071,5,green,1,LOSS,red,0.64,0
2060700072,0,red,1,LOSS,green,0.65,1
2060700073,5,green,1,WIN,green,0.65,1
2060700074,2,red,0,WIN,red,0.675,1
2060700075,1,green,0,WIN,green,0.7,1
2060700076,5,green,1,LOSS,red,0.725,1
2060700077,4,red,0,WIN,red,0.5373,0
2060700078,0,red,1,WIN,red,0.64,0
2060700079,7,green,0,WIN,green,0.68,1
2060700080,5,green,1,WIN,green,0.64,0
2060700081,7,green,0,LOSS,red,0.68,1
2060700082,8,red,0,LOSS,green,0.65,1
2060700083,3,green,0,LOSS,red,0.627,0
2060700084,8,red,0,LOSS,green,0.5678,0
2060700085,5,green,1,WIN,green,0.65,1
2060700086,8,red,0,WIN,red,0.675,1
2060700087,3,green,0,WIN,green,0.7,1
2060700088,8,red,0,WIN,red,0.725,1
2060700089,2,red,0,LOSS,green,0.75,1
2060700090,2,red,0,WIN,red,0.64,0
2060700091,1,green,0,LOSS,red,0.65,1
2060700092,0,red,1,LOSS,green,0.627,0
2060700093,8,red,0,WIN,red,0.74,1
2060700094,7,green,0,LOSS,red,0.65,1
2060700095,9,green,0,WIN,green,0.64,0
2060700096,4,red,0,WIN,red,0.68,1
2060700097,7,green,0,LOSS,red,0.64,0
2060700098,6,red,0,LOSS,green,0.54,0
2060700099,0,red,1,LOSS,green,0.65,1
2060700100,1,green,0,WIN,green,0.5211,0
2060700101,2,red,0,LOSS,green,0.64,0
2060700102,0,red,1,WIN,red,0.54,0
2060700103,9,green,0,LOSS,red,0.64,0
2060700104,5,green,1,WIN,green,0.64,0
2060700105,8,red,0,WIN,red,0.68,1
2060700106,7,green,0,LOSS,red,0.64,0
2060700107,6,red,0,WIN,red,0.62,0
2060700108,2,red,0,LOSS,green,0.65,1
2060700109,1,green,0,WIN,green,0.53,0
2060700110,7,green,0,WIN,green,0.64,0
2060700111,1,green,0,LOSS,red,0.68,1
2060700112,1,green,0,WIN,green,0.65,1
2060700113,1,green,0,WIN,green,0.78,1
2060700114,7,green,0,WIN,green,0.78,1
2060700115,7,green,0,WIN,green,0.78,1
2060700116,7,green,0,WIN,green,0.78,1
2060700117,2,red,0,LOSS,green,0.78,1
2060700118,3,green,0,LOSS,red,0.72,1
2060700119,3,green,0,WIN,green,0.65,1
2060700120,1,green,0,WIN,green,0.6567,1
2060700121,0,red,1,LOSS,green,0.65,1
2060700122,7,green,0,LOSS,red,0.627,0
2060700123,9,green,0,WIN,green,0.65,1
2060700124,8,red,0,LOSS,green,0.54,0
2060700125,8,red,0,WIN,red,0.64,0
2060700126,6,red,0,LOSS,green,0.68,1
2060700127,8,red,0,WIN,red,0.65,1
2060700128,2,red,0,WIN,red,0.78,1
2060700129,4,red,0,WIN,red,0.78,1
2060700130,5,green,1,LOSS,red,0.78,1
2060700131,3,green,0,WIN,green,0.72,1
2060700132,6,red,0,LOSS,green,0.72,1
2060700133,1,green,0,LOSS,red,0.64,0
2060700134,2,red,0,WIN,red,0.54,0
2060700135,1,green,0,WIN,green,0.65,1
2060700136,0,red,1,WIN,red,0.675,1
2060700137,7,green,0,WIN,green,0.7,1
2060700138,7,green,0,LOSS,red,0.725,1
2060700139,0,red,1,WIN,red,0.5433,0
2060700140,6,red,0,WIN,red,0.64,0
2060700141,9,green,0,WIN,green,0.68,1
2060700142,8,red,0,LOSS,green,0.64,0
2060700143,4,red,0,WIN,red,0.5333,0
2060700144,9,green,0,LOSS,red,0.5329,0
2060700145,7,green,0,WIN,green,0.64,0
2060700146,1,green,0,LOSS,red,0.68,1
2060700147,5,green,1,WIN,green,0.65,1
2060700148,4,red,0,LOSS,green,0.78,1
2060700149,3,green,0,LOSS,red,0.72,1
2060700150,9,green,0,WIN,green,0.51,0
2060700151,5,green,1,WIN,green,0.5614,0
2060700152,3,green,0,WIN,green,0.65,1
2060700153,2,red,0,LOSS,green,0.78,1
2060700154,3,green,0,LOSS,red,0.72,1
2060700155,6,red,0,LOSS,green,0.6567,1
2060700156,2,red,0,LOSS,green,0.65,1
2060700157,5,green,1,WIN,green,0.5614,0
2060700158,3,green,0,WIN,green,0.64,0
2060700159,6,red,0,WIN,red,0.68,1
2060700160,4,red,0,WIN,red,0.64,0
2060700161,7,green,0,WIN,green,0.68,1
2060700162,9,green,0,WIN,green,0.64,0
2060700163,0,red,1,WIN,red,0.68,1
2060700164,6,red,0,WIN,red,0.64,0
2060700165,6,red,0,LOSS,green,0.68,1
2060700166,6,red,0,WIN,red,0.65,1
2060700167,6,red,0,WIN,red,0.78,1
2060700168,1,green,0,LOSS,red,0.78,1
2060700169,8,red,0,LOSS,green,0.72,1
2060700170,5,green,1,LOSS,red,0.54,0
2060700171,2,red,0,WIN,red,0.65,1
2060700172,8,red,0,LOSS,green,0.675,1
2060700173,6,red,0,WIN,red,0.67,1
2060700174,6,red,0,WIN,red,0.65,1
2060700175,5,green,1,LOSS,red,0.78,1
2060700176,3,green,0,WIN,green,0.72,1
2060700177,3,green,0,WIN,green,0.72,1
2060700178,6,red,0,LOSS,green,0.65,1
2060700179,5,green,1,LOSS,red,0.627,0
2060700180,2,red,0,WIN,red,0.5286,0
2060700181,0,red,1,LOSS,green,0.65,1
2060700182,8,red,0,WIN,red,0.5333,0
2060700183,7,green,0,LOSS,red,0.65,1
2060700184,4,red,0,LOSS,green,0.627,0
2060700185,7,green,0,LOSS,red,0.5355,0
2060700186,3,green,0,LOSS,red,0.65,1
2060700187,6,red,0,LOSS,green,0.5857,0
2060700188,5,green,1,LOSS,red,0.64,0
2060700189,4,red,0,WIN,red,0.5857,0
2060700190,1,green,0,WIN,green,0.65,1
2060700191,1,green,0,LOSS,red,0.675,1
2060700192,2,red,0,LOSS,green,0.65,1
2060700193,2,red,0,WIN,red,0.64,0
2060700194,8,red,0,LOSS,green,0.68,1
2060700195,8,red,0,WIN,red,0.65,1
2060700196,5,green,1,LOSS,red,0.78,1
2060700197,3,green,0,WIN,green,0.72,1
2060700198,8,red,0,LOSS,green,0.72,1
2060700199,2,red,0,WIN,red,0.64,0
2060700200,0,red,1,LOSS,green,0.68,1
2060700201,7,green,0,LOSS,red,0.65,1
2060700202,2,red,0,LOSS,green,0.627,0
2060700203,1,green,0,LOSS,red,0.6567,1
2060700204,3,green,0,LOSS,red,0.65,1
2060700205,2,red,0,LOSS,green,0.5286,0
2060700206,0,red,1,WIN,red,0.64,0
2060700207,3,green,0,WIN,green,0.68,1
2060700208,5,green,1,WIN,green,0.64,0
2060700209,5,green,1,LOSS,red,0.68,1
2060700210,3,green,0,WIN,green,0.65,1
2060700211,2,red,0,LOSS,green,0.78,1
2060700212,4,red,0,WIN,red,0.72,1
2060700213,7,green,0,LOSS,red,0.72,1
2060700214,2,red,0,LOSS,green,0.64,0
2060700215,5,green,1,WIN,green,0.65,1
2060700216,3,green,0,LOSS,red,0.65,1
2060700217,0,red,1,LOSS,green,0.65,1
2060700218,5,green,1,LOSS,red,0.64,0
2060700219,6,red,0,LOSS,green,0.58,0
2060700220,2,red,0,LOSS,green,0.65,1
2060700221,6,red,0,LOSS,green,0.5,0
2060700222,3,green,0,LOSS,red,0.65,1
2060700223,0,red,1,LOSS,green,0.627,0
2060700224,1,green,0,LOSS,red,0.63,0
2060700225,7,green,0,LOSS,red,0.65,1
2060700226,1,green,0,WIN,green,0.5667,0
2060700227,3,green,0,WIN,green,0.65,1
2060700228,2,red,0,LOSS,green,0.78,1
2060700229,0,red,1,WIN,red,0.72,1
2060700230,3,green,0,LOSS,red,0.72,1
2060700231,1,green,0,WIN,green,0.64,0
2060700232,8,red,0,WIN,red,0.68,1
2060700233,2,red,0,WIN,red,0.64,0
2060700234,3,green,0,WIN,green,0.68,1
2060700235,2,red,0,LOSS,green,0.64,0
2060700236,8,red,0,WIN,red,0.65,1
2060700237,3,green,0,WIN,green,0.53,0
2060700238,5,green,1,WIN,green,0.64,0
2060700239,6,red,0,WIN,red,0.68,1
2060700240,0,red,1,WIN,red,0.64,0
2060700241,3,green,0,WIN,green,0.68,1
2060700242,1,green,0,WIN,green,0.64,0
2060700243,2,red,0,WIN,red,0.68,1
2060700244,9,green,0,LOSS,red,0.64,0
2060700245,7,green,0,WIN,green,0.65,1
2060700246,8,red,0,LOSS,green,0.65,1
2060700247,2,red,0,WIN,red,0.64,0
2060700248,7,green,0,WIN,green,0.68,1
2060700249,0,red,1,LOSS,green,0.64,0
2060700250,3,green,0,WIN,green,0.5222,0
2060700251,7,green,0,LOSS,red,0.65,1
2060700252,9,green,0,WIN,green,0.63,0
2060700253,1,green,0,WIN,green,0.65,1
2060700254,8,red,0,LOSS,green,0.78,1
2060700255,9,green,0,LOSS,red,0.72,1
2060700256,4,red,0,LOSS,green,0.65,1
2060700257,2,red,0,LOSS,green,0.65,1
2060700258,6,red,0,LOSS,green,0.7,1
2060700259,5,green,1,LOSS,red,0.65,1
2060700260,5,green,1,WIN,green,0.627,0
2060700261,4,red,0,LOSS,green,0.653,1
2060700262,8,red,0,WIN,red,0.64,0
2060700263,5,green,1,WIN,green,0.68,1
2060700264,8,red,0,LOSS,green,0.64,0
2060700265,4,red,0,WIN,red,0.65,1
2060700266,3,green,0,LOSS,red,0.71,1
2060700267,8,red,0,LOSS,green,0.64,0
2060700268,3,green,0,LOSS,red,0.5614,0
2060700269,7,green,0,LOSS,red,0.65,1
2060700270,9,green,0,WIN,green,0.5,0
2060700271,4,red,0,LOSS,green,0.65,1
2060700272,2,red,0,WIN,red,0.627,0
2060700273,7,green,0,LOSS,red,0.653,1
2060700274,9,green,0,WIN,green,0.64,0
2060700275,9,green,0,LOSS,red,0.68,1
2060700276,4,red,0,LOSS,green,0.65,1
2060700277,6,red,0,WIN,red,0.627,0
2060700278,2,red,0,WIN,red,0.653,1
2060700279,2,red,0,WIN,red,0.65,1
2060700280,9,green,0,LOSS,red,0.78,1
2060700281,2,red,0,LOSS,green,0.72,1
2060700282,3,green,0,LOSS,red,0.6122,0
2060700283,4,red,0,WIN,red,0.65,1
2060700284,6,red,0,LOSS,green,0.675,1
2060700285,1,green,0,LOSS,red,0.5355,0
2060700286,1,green,0,WIN,green,0.64,0
2060700287,9,green,0,LOSS,red,0.68,1
2060700288,2,red,0,LOSS,green,0.65,1
2060700289,2,red,0,WIN,red,0.627,0
2060700290,2,red,0,WIN,red,0.653,1
2060700291,2,red,0,WIN,red,0.65,1
2060700292,6,red,0,WIN,red,0.78,1
2060700293,3,green,0,LOSS,red,0.78,1
2060700294,5,green,1,WIN,green,0.72,1
2060700295,2,red,0,LOSS,green,0.72,1
2060700296,2,red,0,WIN,red,0.64,0
2060700297,6,red,0,LOSS,green,0.68,1
2060700298,9,green,0,LOSS,red,0.65,1
2060700299,6,red,0,LOSS,green,0.627,0
2060700300,1,green,0,LOSS,red,0.6362,0
2060700301,6,red,0,WIN,red,0.65,1
2060700302,3,green,0,WIN,green,0.675,1
2060700303,6,red,0,WIN,red,0.7,1
2060700304,8,red,0,LOSS,green,0.725,1
2060700305,9,green,0,LOSS,red,0.55,0
2060700306,7,green,0,WIN,green,0.64,0
2060700307,6,red,0,WIN,red,0.68,1
2060700308,2,red,0,WIN,red,0.64,0
2060700309,4,red,0,LOSS,green,0.68,1
2060700310,8,red,0,WIN,red,0.65,1
2060700311,0,red,1,WIN,red,0.78,1
2060700312,1,green,0,LOSS,red,0.78,1
2060700313,7,green,0,WIN,green,0.72,1
2060700314,7,green,0,WIN,green,0.72,1
2060700315,3,green,0,WIN,green,0.65,1
2060700316,6,red,0,LOSS,green,0.78,1
2060700317,4,red,0,WIN,red,0.72,1
2060700318,3,green,0,LOSS,red,0.72,1
2060700319,9,green,0,WIN,green,0.64,0
2060700320,4,red,0,WIN,red,0.68,1
2060700321,6,red,0,WIN,red,0.64,0
2060700322,0,red,1,LOSS,green,0.68,1
2060700323,4,red,0,WIN,red,0.65,1
2060700324,3,green,0,LOSS,red,0.78,1
2060700325,4,red,0,LOSS,green,0.72,1
2060700326,6,red,0,WIN,red,0.5043,0
2060700327,7,green,0,LOSS,red,0.6186,0
2060700328,2,red,0,LOSS,green,0.64,0
2060700329,6,red,0,WIN,red,0.5131,0
2060700330,2,red,0,LOSS,green,0.51,0
2060700331,9,green,0,LOSS,red,0.65,1
2060700332,2,red,0,LOSS,green,0.627,0
2060700333,3,green,0,LOSS,red,0.6362,0
2060700334,8,red,0,WIN,red,0.65,1
2060700335,6,red,0,LOSS,green,0.675,1
2060700336,7,green,0,LOSS,red,0.5233,0
2060700337,5,green,1,WIN,green,0.64,0
2060700338,8,red,0,WIN,red,0.68,1
2060700339,3,green,0,LOSS,red,0.64,0
2060700340,1,green,0,LOSS,red,0.5667,0
2060700341,7,green,0,WIN,green,0.63,0
2060700342,0,red,1,LOSS,green,0.65,1
2060700343,0,red,1,WIN,red,0.627,0
2060700344,7,green,0,LOSS,red,0.653,1
2060700345,3,green,0,WIN,green,0.64,0
2060700346,4,red,0,WIN,red,0.68,1
2060700347,7,green,0,LOSS,red,0.64,0
2060700348,5,green,1,WIN,green,0.65,1
2060700349,1,green,0,WIN,green,0.5614,0
2060700350,7,green,0,WIN,green,0.65,1
2060700351,1,green,0,WIN,green,0.78,1
2060700352,7,green,0,WIN,green,0.78,1
2060700353,5,green,1,WIN,green,0.78,1
2060700354,2,red,0,LOSS,green,0.78,1
2060700355,2,red,0,WIN,red,0.72,1
2060700356,8,red,0,WIN,red,0.72,1
2060700357,8,red,0,WIN,red,0.65,1
2060700358,8,red,0,WIN,red,0.78,1
2060700359,8,red,0,WIN,red,0.78,1
2060700360,8,red,0,WIN,red,0.78,1
2060700361,3,green,0,LOSS,red,0.78,1
2060700362,8,red,0,LOSS,green,0.72,1
2060700363,3,green,0,LOSS,red,0.6122,0
2060700364,3,green,0,LOSS,red,0.65,1
2060700365,2,red,0,WIN,red,0.6567,1
2060700366,8,red,0,WIN,red,0.64,0
2060700367,3,green,0,WIN,green,0.68,1
2060700368,3,green,0,WIN,green,0.64,0
2060700369,1,green,0,LOSS,red,0.68,1
2060700370,0,red,1,LOSS,green,0.65,1
2060700371,8,red,0,WIN,red,0.627,0
2060700372,2,red,0,WIN,red,0.653,1
2060700373,3,green,0,LOSS,red,0.65,1
2060700374,9,green,0,WIN,green,0.627,0
2060700375,2,red,0,LOSS,green,0.653,1
2060700376,1,green,0,LOSS,red,0.64,0
2060700377,9,green,0,WIN,green,0.54,0
2060700378,6,red,0,LOSS,green,0.5,0
2060700379,4,red,0,WIN,red,0.64,0
2060700380,4,red,0,LOSS,green,0.68,1
2060700381,9,green,0,LOSS,red,0.65,1
2060700382,1,green,0,WIN,green,0.627,0
2060700383,9,green,0,WIN,green,0.653,1
2060700384,7,green,0,WIN,green,0.65,1
2060700385,1,green,0,WIN,green,0.78,1
2060700386,6,red,0,LOSS,green,0.78,1
2060700387,5,green,1,LOSS,red,0.72,1
2060700388,1,green,0,WIN,green,0.6567,1
2060700389,0,red,1,LOSS,green,0.69,1
2060700390,3,green,0,LOSS,red,0.64,0
2060700391,7,green,0,WIN,green,0.65,1
2060700392,5,green,1,WIN,green,0.5614,0
2060700393,0,red,1,LOSS,green,0.65,1
2060700394,9,green,0,LOSS,red,0.627,0
2060700395,0,red,1,LOSS,green,0.65,1
2060900092,8,red,0,LOSS,green,0.72,1
2060900093,0,red,1,LOSS,green,0.53,0
2060900094,3,green,0,LOSS,red,0.65,1
2060900095,9,green,0,WIN,green,0.64,0
2060900096,7,green,0,LOSS,red,0.68,1
2060900097,3,green,0,WIN,green,0.65,1
2060900098,4,red,0,LOSS,green,0.78,1
2060900099,3,green,0,LOSS,red,0.72,1
2060900100,9,green,0,WIN,green,0.6186,0
2060900101,6,red,0,LOSS,green,0.5614,0
2060900102,9,green,0,LOSS,red,0.64,0
2060900103,5,green,1,WIN,green,0.64,0
2060900104,0,red,1,LOSS,green,0.65,1
2060900105,3,green,0,LOSS,red,0.64,0
2060900106,3,green,0,WIN,green,0.67,1
2060900107,8,red,0,LOSS,green,0.6567,1
2060900108,2,red,0,WIN,red,0.64,0
2060900109,7,green,0,WIN,green,0.68,1
2060900110,7,green,0,WIN,green,0.64,0
2060900111,1,green,0,LOSS,red,0.68,1
2060900112,1,green,0,WIN,green,0.65,1
2060900113,1,green,0,WIN,green,0.78,1
2060900114,5,green,1,WIN,green,0.78,1
2060900115,4,red,0,LOSS,green,0.78,1
2060900116,0,red,1,WIN,red,0.72,1
2060900117,3,green,0,LOSS,red,0.72,1
2060900118,8,red,0,LOSS,green,0.64,0
2060900119,4,red,0,LOSS,green,0.65,1
2060900120,1,green,0,WIN,green,0.5,0
2060900121,4,red,0,LOSS,green,0.64,0
2060900122,9,green,0,LOSS,red,0.6809,1
2060900123,8,red,0,WIN,red,0.65,1
2060900124,8,red,0,LOSS,green,0.675,1
2060900125,9,green,0,WIN,green,0.5177,0
2060900126,4,red,0,LOSS,green,0.64,0
2060900127,2,red,0,WIN,red,0.63,0
2060900128,1,green,0,LOSS,red,0.6186,0
2060900129,2,red,0,LOSS,green,0.64,0
2060900130,7,green,0,WIN,green,0.51,0
2060900131,0,red,1,WIN,red,0.65,1
2060900132,4,red,0,LOSS,green,0.675,1
2060900133,4,red,0,LOSS,green,0.5243,0
2060900134,0,red,1,WIN,red,0.65,1
2060900135,7,green,0,LOSS,red,0.78,1
2060900136,8,red,0,LOSS,green,0.72,1
2060900137,2,red,0,WIN,red,0.6669,1
2060900138,0,red,1,WIN,red,0.6471,0
2060900139,5,green,1,LOSS,red,0.65,1
2060900140,3,green,0,WIN,green,0.627,0
2060900141,3,green,0,WIN,green,0.653,1
2060900142,6,red,0,LOSS,green,0.65,1
2060900143,0,red,1,WIN,red,0.627,0
2060900144,3,green,0,LOSS,red,0.653,1
2060900145,5,green,1,WIN,green,0.64,0
2060900146,4,red,0,WIN,red,0.68,1
2060900147,5,green,1,LOSS,red,0.64,0
2060900148,5,green,1,WIN,green,0.65,1
2060900149,9,green,0,WIN,green,0.65,1
2060900150,0,red,1,LOSS,green,0.65,1
2060900151,7,green,0,LOSS,red,0.627,0
2060900152,9,green,0,LOSS,red,0.53,0
2060900153,9,green,0,WIN,green,0.6186,0
2060900154,4,red,0,LOSS,green,0.65,1
2060900155,1,green,0,LOSS,red,0.627,0
2060900156,9,green,0,WIN,green,0.6567,1
2060900157,1,green,0,WIN,green,0.5312,0
2060900158,6,red,0,LOSS,green,0.65,1
2060900159,3,green,0,LOSS,red,0.627,0
2060900160,9,green,0,WIN,green,0.6669,1
2060900161,8,red,0,LOSS,green,0.5456,0
2060900162,6,red,0,WIN,red,0.64,0
2060900163,8,red,0,LOSS,green,0.68,1
2060900164,6,red,0,WIN,red,0.65,1
2060900165,8,red,0,WIN,red,0.78,1
2060900166,2,red,0,WIN,red,0.78,1
2060900167,0,red,1,WIN,red,0.78,1
2060900168,6,red,0,WIN,red,0.78,1
2060900169,8,red,0,WIN,red,0.78,1
2060900170,3,green,0,LOSS,red,0.78,1
2060900171,9,green,0,WIN,green,0.72,1
2060900172,8,red,0,LOSS,green,0.72,1
2060900173,8,red,0,WIN,red,0.64,0
2060900174,0,red,1,LOSS,green,0.68,1
2060900175,5,green,1,LOSS,red,0.65,1
2060900176,2,red,0,LOSS,green,0.627,0
2060900177,3,green,0,LOSS,red,0.6186,0
2060900178,2,red,0,WIN,red,0.65,1
2060900179,9,green,0,WIN,green,0.675,1
2060900180,6,red,0,WIN,red,0.7,1
2060900181,6,red,0,LOSS,green,0.725,1
2060900182,2,red,0,WIN,red,0.5355,0
2060900183,9,green,0,LOSS,red,0.65,1
2060900184,8,red,0,LOSS,green,0.627,0
2060900185,6,red,0,WIN,red,0.7456,1
2060900186,2,red,0,WIN,red,0.5614,0
2060900187,0,red,1,WIN,red,0.65,1
2060900188,3,green,0,LOSS,red,0.78,1
2060900189,6,red,0,LOSS,green,0.72,1
2060900190,2,red,0,WIN,red,0.6186,0
2060900191,3,green,0,LOSS,red,0.64,0
2060900192,4,red,0,LOSS,green,0.64,0
2060900193,9,green,0,LOSS,red,0.5329,0
2060900194,4,red,0,WIN,red,0.65,1
2060900195,7,green,0,WIN,green,0.675,1
2060900196,4,red,0,WIN,red,0.7,1
2060900197,6,red,0,LOSS,green,0.725,1
2060900198,2,red,0,WIN,red,0.6567,1
2060900199,7,green,0,LOSS,red,0.65,1
2060900200,7,green,0,WIN,green,0.627,0
2060900201,1,green,0,WIN,green,0.653,1
2060900202,6,red,0,LOSS,green,0.65,1
2060900203,4,red,0,WIN,red,0.627,0
2060900204,1,green,0,LOSS,red,0.653,1
2060900205,7,green,0,WIN,green,0.64,0
2060900206,8,red,0,WIN,red,0.68,1
2060900207,2,red,0,WIN,red,0.64,0
2060900208,0,red,1,LOSS,green,0.68,1
2060900209,6,red,0,WIN,red,0.65,1
2060900210,9,green,0,LOSS,red,0.78,1
2060900211,2,red,0,LOSS,green,0.72,1
2060900212,8,red,0,WIN,red,0.54,0
2060900213,5,green,1,LOSS,red,0.65,1
2060900214,3,green,0,WIN,green,0.64,0
2060900215,2,red,0,WIN,red,0.68,1
2060900216,0,red,1,WIN,red,0.64,0
2060900217,2,red,0,LOSS,green,0.68,1
2060900218,6,red,0,WIN,red,0.65,1
2060900219,2,red,0,WIN,red,0.78,1
2060900220,3,green,0,LOSS,red,0.78,1
2060900221,9,green,0,WIN,green,0.72,1
2060900222,6,red,0,LOSS,green,0.72,1
2060900223,6,red,0,WIN,red,0.64,0
2060900224,7,green,0,WIN,green,0.68,1
2060900225,6,red,0,LOSS,green,0.64,0
2060900226,1,green,0,LOSS,red,0.65,1
2060900227,5,green,1,LOSS,red,0.65,1
2060900228,5,green,1,WIN,green,0.65,1
2060900229,2,red,0,LOSS,green,0.65,1
2060900230,0,red,1,WIN,red,0.627,0
2060900231,5,green,1,LOSS,red,0.653,1
2060900232,2,red,0,LOSS,green,0.64,0
2060900233,6,red,0,LOSS,green,0.5667,0
2060900234,5,green,1,WIN,green,0.5667,0
2060900235,5,green,1,WIN,green,0.64,0
2060900236,1,green,0,LOSS,red,0.68,1
2060900237,8,red,0,LOSS,green,0.65,1
2060900238,9,green,0,LOSS,red,0.627,0
2060900239,1,green,0,WIN,green,0.6186,0
2060900240,7,green,0,WIN,green,0.65,1
2060900241,0,red,1,LOSS,green,0.65,1
2060900242,6,red,0,WIN,red,0.627,0
2060900243,7,green,0,LOSS,red,0.653,1
2060900244,8,red,0,LOSS,green,0.64,0
2060900245,2,red,0,WIN,red,0.5857,0
2060900246,3,green,0,WIN,green,0.5769,0
2060900247,8,red,0,LOSS,green,0.64,0
2060900248,9,green,0,LOSS,red,0.6567,1
2060900249,5,green,1,LOSS,red,0.65,1
2060900250,5,green,1,WIN,green,0.5,0
2060900251,8,red,0,LOSS,green,0.65,1
2060900252,8,red,0,WIN,red,0.627,0
2060900253,8,red,0,WIN,red,0.653,1
2060900254,3,green,0,LOSS,red,0.65,1
2060900255,8,red,0,LOSS,green,0.627,0
2060900256,5,green,1,WIN,green,0.5,0
2060900257,0,red,1,WIN,red,0.65,1
2060900258,7,green,0,WIN,green,0.675,1
2060900259,5,green,1,LOSS,red,0.7,1
2060900260,1,green,0,LOSS,red,0.5462,0
2060900261,2,red,0,LOSS,green,0.65,1
2060900262,7,green,0,LOSS,red,0.627,0
2060900263,5,green,1,WIN,green,0.54,0
2060900264,6,red,0,LOSS,green,0.5614,0
2060900265,4,red,0,WIN,red,0.64,0
2060900266,7,green,0,WIN,green,0.68,1
2060900267,0,red,1,LOSS,green,0.64,0
2060900268,1,green,0,LOSS,red,0.5545,0
2060900269,4,red,0,WIN,red,0.65,1
2060900270,0,red,1,LOSS,green,0.675,1
2060900271,1,green,0,LOSS,red,0.5233,0
2060900272,6,red,0,LOSS,green,0.64,0
2060900273,7,green,0,LOSS,red,0.64,0
2060900274,8,red,0,WIN,red,0.65,1
2060900275,0,red,1,LOSS,green,0.675,1
2060900276,9,green,0,LOSS,red,0.6488,0
2060900277,5,green,1,WIN,green,0.64,0
2060900278,3,green,0,LOSS,red,0.68,1
2060900279,1,green,0,WIN,green,0.65,1
2060900280,3,green,0,WIN,green,0.78,1
2060900281,4,red,0,LOSS,green,0.78,1
2060900282,6,red,0,WIN,red,0.72,1
2060900283,3,green,0,LOSS,red,0.72,1
2060900284,9,green,0,WIN,green,0.64,0
2060900285,4,red,0,WIN,red,0.68,1
2060900286,5,green,1,LOSS,red,0.64,0
2060900287,4,red,0,LOSS,green,0.5567,0
2060900288,2,red,0,LOSS,green,0.65,1
2060900289,8,red,0,WIN,red,0.6757,1
2060900290,3,green,0,LOSS,red,0.65,1
2060900291,1,green,0,WIN,green,0.627,0
2060900292,8,red,0,LOSS,green,0.653,1
2060900293,5,green,1,LOSS,red,0.64,0
2060900294,6,red,0,LOSS,green,0.5,0
2060900295,6,red,0,LOSS,green,0.65,1
2060900296,1,green,0,LOSS,red,0.6567,1
2060900297,4,red,0,LOSS,green,0.64,0
2060900298,7,green,0,LOSS,red,0.5545,0
2060900299,2,red,0,WIN,red,0.65,1
2060900300,4,red,0,LOSS,green,0.675,1
2060900301,2,red,0,WIN,red,0.6344,0
2060900302,6,red,0,WIN,red,0.65,1
2060900303,6,red,0,WIN,red,0.78,1
2060900304,0,red,1,WIN,red,0.78,1
2060900305,9,green,0,LOSS,red,0.78,1
2060900306,3,green,0,WIN,green,0.72,1
2060900307,0,red,1,LOSS,green,0.72,1
2060900308,7,green,0,LOSS,red,0.64,0
2060900309,9,green,0,LOSS,red,0.5547,0
2060900310,0,red,1,LOSS,green,0.54,0
2060900311,5,green,1,LOSS,red,0.64,0
2060900312,5,green,1,WIN,green,0.5233,0
2060900313,6,red,0,LOSS,green,0.65,1
2060900314,4,red,0,WIN,red,0.64,0
2060900315,1,green,0,WIN,green,0.68,1
2060900316,4,red,0,LOSS,green,0.64,0
2060900317,9,green,0,WIN,green,0.54,0
2060900318,9,green,0,LOSS,red,0.65,1
2060900319,6,red,0,LOSS,green,0.6445,0
2060900320,5,green,1,LOSS,red,0.64,0
2060900321,4,red,0,LOSS,green,0.5545,0
2060900322,4,red,0,LOSS,green,0.65,1
2060900323,5,green,1,WIN,green,0.9,1
2060900324,0,red,1,LOSS,green,0.5,0
2060900325,4,red,0,WIN,red,0.68,1
2060900326,3,green,0,WIN,green,0.9,1
2060900327,6,red,0,WIN,red,0.68,1
2060900328,1,green,0,LOSS,red,0.68,1
2060900329,7,green,0,WIN,green,0.5,0
2060900330,6,red,0,WIN,red,0.9,1
2060900331,1,green,0,WIN,green,0.5,0
2060900332,0,red,1,LOSS,green,0.68,1
2060900333,1,green,0,WIN,green,0.5,0
2060900334,5,green,1,WIN,green,0.68,1
2060900335,6,red,0,WIN,red,0.9,1
2060900336,4,red,0,LOSS,green,0.5,0
2060900337,1,green,0,WIN,green,0.9,1
2060900338,3,green,0,WIN,green,0.5,0
2060900339,7,green,0,LOSS,red,0.9,1
2060900340,7,green,0,WIN,green,0.65,1
2060900341,5,green,1,WIN,green,0.78,1
2060900342,4,red,0,LOSS,green,0.78,1
2060900343,3,green,0,LOSS,red,0.72,1
2060900344,3,green,0,WIN,green,0.63,0
2060900345,0,red,1,LOSS,green,0.6567,1
2060900346,8,red,0,WIN,red,0.64,0
2060900347,9,green,0,WIN,green,0.68,1
2060900348,5,green,1,WIN,green,0.64,0
2060900349,8,red,0,WIN,red,0.68,1
2060900350,3,green,0,LOSS,red,0.64,0
2060900351,6,red,0,WIN,red,0.5433,0
2060900352,0,red,1,LOSS,green,0.65,1
2060900353,4,red,0,WIN,red,0.69,1
2060900354,3,green,0,LOSS,red,0.65,1
2060900355,4,red,0,LOSS,green,0.627,0
2060900356,7,green,0,LOSS,red,0.65,1
2060900357,8,red,0,WIN,red,0.65,1
2060900358,9,green,0,WIN,green,0.675,1
2060900359,3,green,0,LOSS,red,0.7,1
2060900360,6,red,0,WIN,red,0.5286,0
2060900361,5,green,1,LOSS,red,0.64,0
2060900362,9,green,0,WIN,green,0.6471,0
2060900363,1,green,0,WIN,green,0.5438,0
2060900364,7,green,0,WIN,green,0.65,1
2060900365,7,green,0,WIN,green,0.78,1
2060900366,3,green,0,WIN,green,0.78,1
2060900367,7,green,0,WIN,green,0.78,1
2060900368,9,green,0,WIN,green,0.78,1
2060900369,8,red,0,LOSS,green,0.78,1
2060900370,3,green,0,LOSS,red,0.72,1
2060900371,1,green,0,WIN,green,0.6122,0
2060900372,7,green,0,WIN,green,0.71,1
2060900373,0,red,1,LOSS,green,0.65,1
2060900374,5,green,1,LOSS,red,0.627,0
2060900375,6,red,0,LOSS,green,0.615,0
2060900376,1,green,0,WIN,green,0.65,1
2060900377,2,red,0,WIN,red,0.675,1
2060900378,0,red,1,LOSS,green,0.7,1
2060900379,1,green,0,WIN,green,0.6556,1
2060900380,1,green,0,WIN,green,0.64,0
2060900381,6,red,0,WIN,red,0.68,1
2060900382,7,green,0,LOSS,red,0.64,0
2060900383,2,red,0,WIN,red,0.5286,0
2060900384,2,red,0,LOSS,green,0.65,1
2060900385,2,red,0,LOSS,green,0.5373,0
2060900386,3,green,0,LOSS,red,0.65,1
2060900387,3,green,0,WIN,green,0.627,0
2060900388,5,green,1,WIN,green,0.653,1
2060900389,7,green,0,WIN,green,0.65,1
2060900390,1,green,0,WIN,green,0.78,1
2060900391,8,red,0,LOSS,green,0.78,1
2060900392,8,red,0,WIN,red,0.72,1
2060900393,4,red,0,WIN,red,0.72,1
2060900394,9,green,0,LOSS,red,0.65,1
2060900395,5,green,1,WIN,green,0.627,0
2060900396,4,red,0,LOSS,green,0.653,1
2060900397,2,red,0,WIN,red,0.64,0
2060900398,0,red,1,LOSS,green,0.68,1
2060900399,2,red,0,WIN,red,0.65,1
2060900400,3,green,0,LOSS,red,0.78,1
2060900401,6,red,0,LOSS,green,0.72,1
2060900402,1,green,0,LOSS,red,0.5678,0
2060900403,5,green,1,LOSS,red,0.65,1
2060900404,3,green,0,LOSS,red,0.6757,1
2060900405,0,red,1,WIN,red,0.65,1
2060900406,7,green,0,LOSS,red,0.627,0
2060900407,6,red,0,LOSS,green,0.63,0
2060900408,1,green,0,WIN,green,0.65,1
2060900409,2,red,0,WIN,red,0.675,1
2060900410,6,red,0,LOSS,green,0.7,1
2060900411,5,green,1,WIN,green,0.66,1
2060900412,0,red,1,LOSS,green,0.64,0
2060900413,9,green,0,LOSS,red,0.65,1
2060900414,3,green,0,LOSS,red,0.65,1
2060900415,0,red,1,WIN,red,0.5222,0
2060900416,0,red,1,WIN,red,0.64,0
2060900417,0,red,1,LOSS,green,0.68,1
2060900418,0,red,1,WIN,red,0.65,1
2060900419,7,green,0,LOSS,red,0.78,1
2060900420,9,green,0,WIN,green,0.72,1
2060900421,3,green,0,WIN,green,0.72,1
2060900422,8,red,0,LOSS,green,0.65,1
2060900423,2,red,0,WIN,red,0.627,0
2060900424,7,green,0,LOSS,red,0.653,1
2060900425,5,green,1,WIN,green,0.64,0
2060900426,4,red,0,WIN,red,0.68,1
2060900427,7,green,0,LOSS,red,0.64,0
2060900428,4,red,0,LOSS,green,0.71,1
2060900429,4,red,0,LOSS,green,0.65,1
2060900430,3,green,0,LOSS,red,0.7011,1
2060900431,5,green,1,WIN,green,0.64,0
2060900432,4,red,0,WIN,red,0.68,1
2060900433,8,red,0,WIN,red,0.64,0
2060900434,4,red,0,LOSS,green,0.68,1
2060900435,1,green,0,LOSS,red,0.65,1
2060900436,2,red,0,LOSS,green,0.627,0
2060900437,9,green,0,LOSS,red,0.7011,1
2060900438,7,green,0,LOSS,red,0.65,1
2060900439,5,green,1,WIN,green,0.5,0
2060900440,8,red,0,LOSS,green,0.65,1
2060900441,5,green,1,LOSS,red,0.627,0
2060900442,3,green,0,WIN,green,0.65,1
2060900443,7,green,0,WIN,green,0.65,1
2060900444,3,green,0,WIN,green,0.65,1
2060900445,3,green,0,WIN,green,0.78,1
2060900446,5,green,1,WIN,green,0.78,1
2060900447,2,red,0,LOSS,green,0.78,1
2060900448,9,green,0,LOSS,red,0.72,1
2060900449,5,green,1,WIN,green,0.5233,0
2060900450,6,red,0,LOSS,green,0.6445,0
2060900451,0,red,1,WIN,red,0.64,0
2060900452,1,green,0,WIN,green,0.68,1
2060900453,0,red,1,LOSS,green,0.64,0
2060900454,6,red,0,WIN,red,0.5333,0
2060900455,6,red,0,WIN,red,0.65,1
2060900456,9,green,0,LOSS,red,0.65,1
2060900457,1,green,0,WIN,green,0.627,0
2060900458,6,red,0,LOSS,green,0.653,1
2060900459,8,red,0,WIN,red,0.64,0
2060900460,6,red,0,LOSS,green,0.68,1
2060900461,6,red,0,WIN,red,0.65,1
2060900462,8,red,0,WIN,red,0.78,1
2060900463,5,green,1,LOSS,red,0.78,1
2060900464,5,green,1,WIN,green,0.72,1
2060900465,8,red,0,LOSS,green,0.72,1
2060900466,5,green,1,LOSS,red,0.64,0
2060900467,6,red,0,WIN,red,0.65,1
2060900468,4,red,0,LOSS,green,0.65,1
2060900469,4,red,0,WIN,red,0.65,1
2060900470,8,red,0,WIN,red,0.65,1
2060900471,2,red,0,WIN,red,0.78,1
2060900472,1,green,0,LOSS,red,0.78,1
2060900473,5,green,1,WIN,green,0.72,1
2060900474,5,green,1,WIN,green,0.72,1
2060900475,3,green,0,WIN,green,0.65,1
2060900476,7,green,0,WIN,green,0.78,1
2060900477,7,green,0,WIN,green,0.78,1
2060900478,0,red,1,LOSS,green,0.78,1
2060900479,8,red,0,WIN,red,0.72,1
2060900480,8,red,0,WIN,red,0.72,1
2061000001,4,red,0,WIN,red,0.65,1
2061000002,8,red,0,WIN,red,0.78,1
2061000003,2,red,0,WIN,red,0.78,1
2061000004,2,red,0,WIN,red,0.78,1
2061000005,7,green,0,LOSS,red,0.78,1
2061000006,5,green,1,WIN,green,0.72,1
2061000007,0,red,1,LOSS,green,0.72,1
2061000008,2,red,0,WIN,red,0.64,0
2061000009,5,green,1,WIN,green,0.68,1
2061000010,3,green,0,WIN,green,0.64,0
2061000011,0,red,1,WIN,red,0.68,1
2061000012,5,green,1,LOSS,red,0.64,0
2061000013,6,red,0,LOSS,green,0.65,1
2061000014,0,red,1,LOSS,green,0.65,1
2061000015,9,green,0,LOSS,red,0.67,1
2061000016,1,green,0,WIN,green,0.64,0
2061000017,2,red,0,WIN,red,0.68,1
2061000018,9,green,0,LOSS,red,0.64,0
2061000019,6,red,0,LOSS,green,0.5286,0
2061000020,3,green,0,WIN,green,0.65,1
2061000021,1,green,0,LOSS,red,0.675,1
2061000022,6,red,0,LOSS,green,0.5043,0
2061000023,7,green,0,WIN,green,0.5,0
2061000024,5,green,1,WIN,green,0.68,1
2061000025,0,red,1,WIN,red,0.9,1
2061000026,9,green,0,WIN,green,0.68,1
2061000027,6,red,0,LOSS,green,0.68,1
2061000028,3,green,0,WIN,green,0.5,0
2061000029,7,green,0,WIN,green,0.68,1
2061000030,6,red,0,WIN,red,0.9,1
2061000031,7,green,0,WIN,green,0.5,0
2061000032,1,green,0,WIN,green,0.68,1
2061000033,4,red,0,WIN,red,0.9,1
2061000034,9,green,0,WIN,green,0.68,1
2061000035,0,red,1,LOSS,green,0.68,1
2061000036,1,green,0,WIN,green,0.5,0
2061000037,0,red,1,LOSS,green,0.68,1
2061000038,0,red,1,LOSS,green,0.5,0
2061000039,9,green,0,WIN,green,0.9,1
2061000040,2,red,0,LOSS,green,0.5,0
2061000041,2,red,0,WIN,red,0.68,1
2061000042,8,red,0,LOSS,green,0.9,1
2061000043,3,green,0,LOSS,red,0.65,1
2061000044,7,green,0,WIN,green,0.627,0
2061000045,9,green,0,WIN,green,0.653,1
2061000046,4,red,0,LOSS,green,0.65,1
2061000047,3,green,0,LOSS,red,0.627,0
2061000048,4,red,0,WIN,red,0.55,0
2061000049,3,green,0,WIN,green,0.65,1
2061000050,3,green,0,LOSS,red,0.675,1
2061000051,7,green,0,WIN,green,0.5233,0
2061000052,7,green,0,WIN,green,0.65,1
2061000053,8,red,0,LOSS,green,0.78,1
2061000054,8,red,0,WIN,red,0.72,1
2061000055,3,green,0,LOSS,red,0.72,1
2061000056,9,green,0,WIN,green,0.64,0
2061000057,5,green,1,LOSS,red,0.68,1
2061000058,4,red,0,LOSS,green,0.65,1
2061000059,6,red,0,WIN,red,0.627,0
2061000060,4,red,0,WIN,red,0.653,1
2061000061,8,red,0,WIN,red,0.65,1
2061000062,3,green,0,LOSS,red,0.78,1
2061000063,0,red,1,LOSS,green,0.72,1
2061000064,2,red,0,WIN,red,0.65,1
2061000065,1,green,0,LOSS,red,0.65,1
2061000066,7,green,0,WIN,green,0.64,0
2061000067,1,green,0,LOSS,red,0.68,1
2061000068,1,green,0,WIN,green,0.65,1
2061000069,3,green,0,WIN,green,0.78,1
2061000070,6,red,0,LOSS,green,0.78,1
2061000071,0,red,1,WIN,red,0.72,1
2061000072,2,red,0,WIN,red,0.72,1
2061000073,0,red,1,WIN,red,0.65,1
2061000074,8,red,0,WIN,red,0.78,1
2061000075,7,green,0,LOSS,red,0.78,1
2061000076,7,green,0,WIN,green,0.72,1
2061000077,9,green,0,WIN,green,0.72,1
2061000078,6,red,0,LOSS,green,0.65,1
2061000079,2,red,0,WIN,red,0.627,0
2061000080,9,green,0,LOSS,red,0.653,1
2061000081,4,red,0,LOSS,green,0.64,0
2061000082,1,green,0,WIN,green,0.5222,0
2061000083,2,red,0,WIN,red,0.65,1
2061000084,3,green,0,WIN,green,0.675,1
2061000085,2,red,0,WIN,red,0.7,1
2061000086,2,red,0,LOSS,green,0.725,1
2061000087,5,green,1,LOSS,red,0.6669,1
2061000088,7,green,0,WIN,green,0.64,0
2061000089,2,red,0,WIN,red,0.68,1
2061000090,0,red,1,WIN,red,0.64,0
2061000091,1,green,0,WIN,green,0.68,1
2061000092,4,red,0,LOSS,green,0.64,0
2061000093,1,green,0,LOSS,red,0.65,1
2061000094,3,green,0,LOSS,red,0.65,1
2061000095,0,red,1,LOSS,green,0.65,1
2061000096,1,green,0,WIN,green,0.5,0
2061000097,2,red,0,LOSS,green,0.68,1
2061000098,1,green,0,WIN,green,0.5,0
2061000099,4,red,0,LOSS,green,0.68,1
2061000100,7,green,0,WIN,green,0.5,0
2061000101,5,green,1,WIN,green,0.5,0
2061000102,9,green,0,LOSS,red,0.9,1
2061000103,1,green,0,WIN,green,0.65,1
2061000104,7,green,0,WIN,green,0.78,1
2061000105,8,red,0,LOSS,green,0.78,1
2061000106,0,red,1,WIN,red,0.72,1
2061000107,4,red,0,WIN,red,0.72,1
2061000108,4,red,0,WIN,red,0.65,1
2061000109,8,red,0,WIN,red,0.78,1
2061000110,0,red,1,WIN,red,0.78,1
2061000111,8,red,0,WIN,red,0.78,1
2061000112,9,green,0,LOSS,red,0.78,1
2061000113,2,red,0,LOSS,green,0.72,1
2061000114,5,green,1,LOSS,red,0.65,1
2061000115,6,red,0,WIN,red,0.65,1
2061000116,3,green,0,WIN,green,0.675,1
2061000117,9,green,0,LOSS,red,0.7,1
2061000118,1,green,0,WIN,green,0.5333,0
2061000119,6,red,0,LOSS,green,0.65,1
2061000120,8,red,0,WIN,red,0.627,0
2061000121,2,red,0,WIN,red,0.653,1
2061000122,3,green,0,LOSS,red,0.65,1
2061000123,3,green,0,WIN,green,0.627,0
2061000124,5,green,1,WIN,green,0.653,1
2061000125,6,red,0,LOSS,green,0.65,1
2061000126,9,green,0,LOSS,red,0.627,0
2061000127,4,red,0,LOSS,green,0.58,0
2061000128,9,green,0,WIN,green,0.65,1
2061000129,6,red,0,WIN,red,0.675,1
2061000130,4,red,0,LOSS,green,0.7,1
2061000131,5,green,1,WIN,green,0.6636,1
2061000132,9,green,0,WIN,green,0.64,0
2061000133,8,red,0,WIN,red,0.68,1
2061000134,3,green,0,LOSS,red,0.64,0
2061000135,6,red,0,WIN,red,0.55,0
2061000136,5,green,1,WIN,green,0.65,1
2061000137,6,red,0,WIN,red,0.675,1
2061000138,6,red,0,LOSS,green,0.7,1
2061000139,6,red,0,LOSS,green,0.5286,0
2061000140,1,green,0,LOSS,red,0.65,1
2061000141,6,red,0,LOSS,green,0.627,0
2061000142,9,green,0,LOSS,red,0.75,1
2061000143,1,green,0,LOSS,red,0.65,1
2061000144,1,green,0,WIN,green,0.5286,0
2061000145,7,green,0,WIN,green,0.65,1
2061000146,5,green,1,WIN,green,0.78,1
2061000147,3,green,0,WIN,green,0.78,1
2061000148,6,red,0,LOSS,green,0.78,1
2061000149,7,green,0,LOSS,red,0.72,1
2061000150,7,green,0,WIN,green,0.55,0
2061000151,3,green,0,WIN,green,0.6233,0
2061000152,5,green,1,WIN,green,0.65,1
2061000153,4,red,0,LOSS,green,0.78,1
2061000154,4,red,0,WIN,red,0.72,1
2061000155,4,red,0,WIN,red,0.72,1
2061000156,8,red,0,WIN,red,0.65,1
2061000157,0,red,1,WIN,red,0.78,1
2061000158,8,red,0,WIN,red,0.78,1
2061000159,9,green,0,LOSS,red,0.78,1
2061000160,3,green,0,WIN,green,0.72,1
2061000161,3,green,0,WIN,green,0.72,1
2061000162,1,green,0,WIN,green,0.65,1
2061000163,3,green,0,WIN,green,0.78,1
2061000164,1,green,0,WIN,green,0.78,1
2061000165,4,red,0,LOSS,green,0.78,1
2061000166,1,green,0,LOSS,red,0.72,1
2061000167,4,red,0,LOSS,green,0.7456,1
2061000168,1,green,0,WIN,green,0.65,1
2061000169,8,red,0,WIN,red,0.675,1
2061000170,4,red,0,LOSS,green,0.7,1
2061000171,9,green,0,WIN,green,0.5545,0
2061000172,1,green,0,WIN,green,0.64,0
2061000173,3,green,0,LOSS,red,0.68,1
2061000174,5,green,1,WIN,green,0.65,1
2061000175,2,red,0,LOSS,green,0.78,1
2061000176,0,red,1,WIN,red,0.72,1
2061000177,0,red,1,WIN,red,0.72,1
2061000178,4,red,0,WIN,red,0.65,1
2061000179,8,red,0,WIN,red,0.78,1
2061000180,3,green,0,LOSS,red,0.78,1
2061000181,0,red,1,LOSS,green,0.72,1
2061000182,4,red,0,WIN,red,0.7233,1
2061000183,3,green,0,LOSS,red,0.69,1
2061000184,5,green,1,WIN,green,0.64,0
2061000185,6,red,0,WIN,red,0.68,1
2061000186,0,red,1,WIN,red,0.64,0
2061000187,1,green,0,WIN,green,0.68,1
2061000188,7,green,0,WIN,green,0.64,0
2061000189,3,green,0,LOSS,red,0.68,1
2061000190,5,green,1,WIN,green,0.65,1
2061000191,1,green,0,WIN,green,0.78,1
2061000192,6,red,0,LOSS,green,0.78,1
2061000193,5,green,1,LOSS,red,0.72,1
2061000194,4,red,0,LOSS,green,0.64,0
2061000195,3,green,0,WIN,green,0.65,1
2061000196,6,red,0,WIN,red,0.675,1
2061000197,3,green,0,WIN,green,0.7,1
2061000198,2,red,0,WIN,red,0.725,1
2061000199,9,green,0,WIN,green,0.75,1
2061000200,6,red,0,WIN,red,0.75,1
2061000201,9,green,0,WIN,green,0.75,1
2061000202,6,red,0,WIN,red,0.75,1
2061000203,5,green,1,WIN,green,0.75,1
2061000204,0,red,1,WIN,red,0.75,1
2061000205,2,red,0,LOSS,green,0.75,1
2061000206,3,green,0,LOSS,red,0.55,0
2061000207,1,green,0,WIN,green,0.64,0
2061000208,3,green,0,LOSS,red,0.68,1
2061000209,5,green,1,WIN,green,0.65,1
2061000210,1,green,0,WIN,green,0.78,1
2061000211,6,red,0,LOSS,green,0.78,1
2061000212,5,green,1,LOSS,red,0.72,1
2061000213,6,red,0,LOSS,green,0.6253,0
2061000214,1,green,0,WIN,green,0.65,1
2061000215,9,green,0,LOSS,red,0.675,1
2061000216,7,green,0,WIN,green,0.64,0
2061000217,3,green,0,WIN,green,0.65,1
2061000218,8,red,0,LOSS,green,0.78,1
2061000219,8,red,0,WIN,red,0.72,1
2061000220,1,green,0,LOSS,red,0.72,1
2061000221,6,red,0,LOSS,green,0.64,0
2061000222,0,red,1,WIN,red,0.51,0
2061000223,7,green,0,WIN,green,0.5,0
2061000224,5,green,1,WIN,green,0.64,0
2061000225,9,green,0,LOSS,red,0.68,1
2061000226,4,red,0,LOSS,green,0.65,1
2061000227,1,green,0,LOSS,red,0.627,0
2061000228,4,red,0,LOSS,green,0.64,0
2061000229,0,red,1,LOSS,green,0.65,1
2061000230,0,red,1,WIN,red,0.54,0
2061000231,3,green,0,LOSS,red,0.65,1
2061000232,8,red,0,LOSS,green,0.627,0
2061000233,6,red,0,WIN,red,0.5233,0
2061000234,5,green,1,LOSS,red,0.67,1
2061000235,8,red,0,LOSS,green,0.64,0
2061000236,7,green,0,LOSS,red,0.615,0
2061000237,8,red,0,WIN,red,0.65,1
2061000238,8,red,0,LOSS,green,0.675,1
2061000239,1,green,0,WIN,green,0.5033,0
2061000240,7,green,0,WIN,green,0.64,0
2061000241,5,green,1,LOSS,red,0.68,1
2061000242,0,red,1,LOSS,green,0.65,1
2061000243,4,red,0,WIN,red,0.627,0
2061000244,0,red,1,WIN,red,0.653,1
2061000245,0,red,1,WIN,red,0.65,1
2061000246,5,green,1,LOSS,red,0.78,1
2061000247,6,red,0,LOSS,green,0.72,1
2061000248,2,red,0,WIN,red,0.65,1
2061000249,2,red,0,WIN,red,0.5614,0
2061000250,0,red,1,WIN,red,0.65,1
2061000251,1,green,0,LOSS,red,0.78,1
2061000252,3,green,0,WIN,green,0.72,1
2061000253,8,red,0,LOSS,green,0.72,1
2061000254,3,green,0,LOSS,red,0.64,0
2061000255,3,green,0,LOSS,red,0.7011,1
2061000256,9,green,0,WIN,green,0.5,0
2061000257,5,green,1,WIN,green,0.65,1
2061000258,0,red,1,LOSS,green,0.78,1
2061000259,0,red,1,WIN,red,0.72,1
2061000260,5,green,1,LOSS,red,0.72,1
2061000261,4,red,0,LOSS,green,0.64,0
2061000262,5,green,1,LOSS,red,0.5211,0
2061000263,8,red,0,WIN,red,0.65,1
2061000264,2,red,0,LOSS,green,0.675,1
2061000265,8,red,0,WIN,red,0.54,0
2061000266,2,red,0,WIN,red,0.65,1
2061000267,9,green,0,LOSS,red,0.78,1
2061000268,6,red,0,LOSS,green,0.72,1
2061000269,8,red,0,WIN,red,0.6757,1
2061000270,4,red,0,WIN,red,0.6567,1
2061000271,5,green,1,LOSS,red,0.65,1
2061000272,1,green,0,WIN,green,0.627,0
2061000273,2,red,0,LOSS,green,0.653,1
2061000274,0,red,1,WIN,red,0.64,0
2061000275,5,green,1,WIN,green,0.68,1
2061000276,4,red,0,LOSS,green,0.64,0
2061000277,2,red,0,WIN,red,0.6122,0
2061000278,7,green,0,LOSS,red,0.6809,1
2061000279,1,green,0,WIN,green,0.64,0
2061000280,5,green,1,LOSS,red,0.68,1
2061000281,3,green,0,WIN,green,0.65,1
2061000282,6,red,0,LOSS,green,0.78,1
2061000283,3,green,0,LOSS,red,0.72,1
2061000284,7,green,0,WIN,green,0.5355,0
2061000285,7,green,0,WIN,green,0.65,1
2061000286,2,red,0,LOSS,green,0.65,1
2061000287,5,green,1,LOSS,red,0.627,0
2061000288,8,red,0,LOSS,green,0.65,1
2061000289,2,red,0,LOSS,green,0.65,1
2061000290,6,red,0,LOSS,green,0.5,0
2061000291,0,red,1,WIN,red,0.65,1
2061000292,8,red,0,WIN,red,0.78,1
2061000293,4,red,0,WIN,red,0.78,1
2061000294,9,green,0,LOSS,red,0.78,1
2061000295,8,red,0,LOSS,green,0.72,1
2061000296,3,green,0,LOSS,red,0.5547,0
2061000297,1,green,0,LOSS,red,0.65,1
2061000298,1,green,0,LOSS,red,0.6669,1
2061000299,0,red,1,LOSS,green,0.65,1
2061000300,5,green,1,WIN,green,0.627,0
2061000301,7,green,0,WIN,green,0.6233,0
2061000302,3,green,0,WIN,green,0.65,1
2061000303,9,green,0,WIN,green,0.65,1
2061000304,1,green,0,WIN,green,0.78,1
2061000305,1,green,0,WIN,green,0.78,1
2061000306,9,green,0,WIN,green,0.78,1
2061000307,8,red,0,LOSS,green,0.78,1
2061000308,5,green,1,LOSS,red,0.72,1
2061000309,6,red,0,WIN,red,0.61,0
2061000310,3,green,0,WIN,green,0.65,1
2061000311,0,red,1,WIN,red,0.675,1
2061000312,5,green,1,WIN,green,0.7,1
2061000313,6,red,0,WIN,red,0.725,1
2061000314,7,green,0,WIN,green,0.75,1
2061000315,2,red,0,WIN,red,0.75,1
2061000316,7,green,0,WIN,green,0.75,1
2061000317,8,red,0,WIN,red,0.75,1
2061000318,9,green,0,WIN,green,0.75,1
2061000319,6,red,0,WIN,red,0.75,1
2061000320,4,red,0,LOSS,green,0.75,1
2061000321,6,red,0,WIN,red,0.5355,0
2061000322,3,green,0,LOSS,red,0.65,1
2061000323,4,red,0,LOSS,green,0.627,0
2061000324,4,red,0,WIN,red,0.7173,1
2061000325,1,green,0,LOSS,red,0.65,1
2061000326,1,green,0,WIN,green,0.64,0
2061000327,7,green,0,LOSS,red,0.68,1
2061000328,2,red,0,LOSS,green,0.65,1
2061000329,9,green,0,LOSS,red,0.627,0
2061000330,2,red,0,WIN,red,0.7,1
2061000331,0,red,1,LOSS,green,0.65,1
2061000332,0,red,1,WIN,red,0.5545,0
2061000333,1,green,0,LOSS,red,0.65,1
2061000334,4,red,0,LOSS,green,0.627,0
2061000335,4,red,0,WIN,red,0.5438,0
2061000336,4,red,0,WIN,red,0.6445,0
2061000337,7,green,0,LOSS,red,0.65,1
2061000338,0,red,1,LOSS,green,0.627,0
2061000339,5,green,1,LOSS,red,0.6847,1
2061000340,2,red,0,WIN,red,0.65,1
2061000341,0,red,1,LOSS,green,0.675,1
2061000342,7,green,0,LOSS,red,0.51,0
2061000343,9,green,0,WIN,green,0.64,0
2061000344,8,red,0,WIN,red,0.68,1
2061000345,1,green,0,LOSS,red,0.64,0
2061000346,2,red,0,WIN,red,0.5667,0
2061000347,2,red,0,LOSS,green,0.65,1
2061000348,4,red,0,LOSS,green,0.51,0
2061000349,1,green,0,LOSS,red,0.65,1
2061000350,0,red,1,LOSS,green,0.627,0
2061000351,7,green,0,LOSS,red,0.65,1
2061000352,5,green,1,LOSS,red,0.65,1
2061000353,1,green,0,LOSS,red,0.55,0
2061000354,3,green,0,WIN,green,0.65,1
2061000355,5,green,1,WIN,green,0.78,1
2061000356,0,red,1,LOSS,green,0.78,1
2061000357,4,red,0,WIN,red,0.72,1
2061000358,3,green,0,LOSS,red,0.72,1
2061000359,0,red,1,LOSS,green,0.64,0
2061000360,4,red,0,LOSS,green,0.5043,0
2061000361,2,red,0,LOSS,green,0.5,0
2061000362,2,red,0,WIN,red,0.65,1
2061000363,3,green,0,LOSS,red,0.78,1
2061000364,9,green,0,WIN,green,0.72,1
2061000365,7,green,0,WIN,green,0.72,1
2061000366,7,green,0,WIN,green,0.65,1
2061000367,9,green,0,WIN,green,0.78,1
2061000368,4,red,0,LOSS,green,0.78,1
2061000369,7,green,0,LOSS,red,0.72,1
2061000370,5,green,1,WIN,green,0.6669,1
2061000371,3,green,0,WIN,green,0.63,0
